t,T,x,xdot,idx
0.0,338.15,0.001,0.00010877348659608937,65
2.0,338.15,0.0012175469731921787,0.00010877348659608937,65
4.0,338.15,0.0014350465723247526,0.00010874979956628703,65
6.0,338.15,0.0016524988077141218,0.00010872611769468453,65
8.0,338.15,0.0018699036896744389,0.00010870244098015859,65
10.0,338.15,0.002087261228517611,0.00010867876942158617,65
11.999999999999998,338.15,0.0023045714345533,0.00010865510301784451,65
13.999999999999998,338.15,0.002521834318088922,0.00010863144176781106,65
16.0,338.15,0.002739049889429649,0.00010860778567036352,65
18.0,338.15,0.0029562181588784087,0.00010858413472437986,65
20.0,338.15,0.003173339136735885,0.00010856048892873824,65
22.0,338.15,0.003390412833300519,0.0001085368482823171,65
23.999999999999996,338.15,0.003607439258868509,0.00010851321278399513,65
25.999999999999996,338.15,0.0038244184237338115,0.00010848958243265127,65
27.999999999999996,338.15,0.004041350338188141,0.00010846595722716469,65
29.999999999999996,338.15,0.00425823501252097,0.00010844233716641479,65
32.0,338.15,0.0044750724570195325,0.0001084187222492812,65
34.0,338.15,0.004691862681968821,0.00010839511247464388,65
36.0,338.15,0.004908605697651587,0.00010837150784138292,65
38.0,338.15,0.005125301514348344,0.00010834790834837876,65
40.0,338.15,0.005341950142337368,0.00010832431399451199,65
42.0,338.15,0.005558551591894696,0.00010830072477866352,65
44.0,338.15,0.0057751058732941245,0.00010827714069971446,65
46.0,338.15,0.005991612996807217,0.00010825356175654617,65
47.99999999999999,338.15,0.0062080729727032975,0.00010822998794804025,65
49.99999999999999,338.15,0.0064244858112494545,0.00010820641927307856,65
51.99999999999999,338.15,0.006640851522710541,0.0001081828557305432,65
53.99999999999999,338.15,0.006857170117349174,0.00010815929731931651,65
55.99999999999999,338.15,0.007073441605425736,0.00010813574403828107,65
57.99999999999999,338.15,0.007289665997198376,0.00010811219588631968,65
59.99999999999999,338.15,0.007505843302923007,0.00010808865286231546,65
61.99999999999999,338.15,0.00772197353285331,0.00010806511496515167,65
64.0,338.15,0.007938056697240735,0.0001080415821937119,65
66.0,338.15,0.008154092806334494,0.00010801805454687995,65
68.00000000000001,338.15,0.008370081870381574,0.00010799453202353982,65
70.00000000000001,338.15,0.008586023899626725,0.00010797101462257583,65
72.00000000000003,338.15,0.008801918904312471,0.00010794750234287249,65
74.00000000000003,338.15,0.0090177668946791,0.00010792399518331458,65
76.00000000000004,338.15,0.009233567880964674,0.00010790049314278711,65
78.00000000000004,338.15,0.009449321873405025,0.00010787699622017536,65
80.00000000000004,338.15,0.009665028882233756,0.00010785350441436477,65
82.00000000000006,338.15,0.009880688917682238,0.00010783001772424114,65
84.00000000000006,338.15,0.01009630198997962,0.00010780653614869042,65
86.00000000000007,338.15,0.010311868109352817,0.00010778305968659885,65
88.00000000000007,338.15,0.010527387286026523,0.00010775958833685289,65
90.00000000000009,338.15,0.0107428595302232,0.00010773612209833927,65
92.00000000000009,338.15,0.01095828485216309,0.0001077126609699449,65
94.00000000000009,338.15,0.011173663262064204,0.00010768920495055703,65
96.0000000000001,338.15,0.01138899477014233,0.00010766575403906308,65
98.0000000000001,338.15,0.011604279386611032,0.0001076423082343507,65
100.00000000000011,338.15,0.011819517121681647,0.00010761886753530787,65
102.00000000000011,338.15,0.012034707985563293,0.00010759543194082271,65
104.00000000000013,338.15,0.01224985198846286,0.00010757200144978363,65
106.00000000000013,338.15,0.012464949140585017,0.00010754857606107931,65
108.00000000000014,338.15,0.012679999452132214,0.00010752515577359861,65
110.00000000000014,338.15,0.012895002933304676,0.00010750174058623069,65
112.00000000000014,338.15,0.013109959594300405,0.00010747833049786488,65
114.00000000000016,338.15,0.013324869445315187,0.00010745492550739085,65
116.00000000000016,338.15,0.013539732496542584,0.00010743152561369843,65
118.00000000000017,338.15,0.013754548758173939,0.00010740813081567773,65
120.00000000000016,338.15,0.013969318240398376,0.00010738474111221909,65
122.00000000000016,338.15,0.014184040953402803,0.0001073613565022131,65
124.00000000000014,338.15,0.014398716907371904,0.00010733797698455058,65
126.00000000000014,338.15,0.014613346112488148,0.00010731460255812259,65
128.00000000000014,338.15,0.014827928578931789,0.00010729123322182045,65
130.0000000000001,338.15,0.01504246431688086,0.0001072678689745357,65
132.0000000000001,338.15,0.01525695333651118,0.00010724450981516015,65
134.0000000000001,338.15,0.015471395647996352,0.00010722115574258579,65
136.0000000000001,338.15,0.01568579126150776,0.00010719780675570495,65
138.00000000000009,338.15,0.01590014018721458,0.00010717446285341011,65
140.00000000000009,338.15,0.01611444243528377,0.00010715112403459404,65
142.00000000000009,338.15,0.01632869801588007,0.00010712779029814972,65
144.00000000000009,338.15,0.016542906939166012,0.00010710446164297042,65
146.00000000000006,338.15,0.01675706921530191,0.00010708113806794958,65
148.00000000000006,338.15,0.016971184854445872,0.00010705781957198096,65
150.00000000000006,338.15,0.017185253866753788,0.00010703450615395851,65
152.00000000000006,338.15,0.017399276262379342,0.00010701119781277641,65
154.00000000000003,338.15,0.017613252051474,0.00010698789454732913,65
156.00000000000003,338.15,0.017827181244187026,0.00010696459635651133,65
158.00000000000003,338.15,0.01804106385066546,0.00010694130323921795,65
160.00000000000003,338.15,0.018254899881054148,0.00010691801519434415,65
162.0,338.15,0.01846868934549572,0.00010689473222078536,65
164.0,338.15,0.018682432254130594,0.00010687145431743719,65
166.0,338.15,0.018896128617096986,0.00010684818148319554,65
168.0,338.15,0.0191097784445309,0.00010682491371695654,65
169.99999999999997,338.15,0.019323381746566132,0.00010680165101761657,65
171.99999999999997,338.15,0.019536938533334276,0.00010677839338407221,65
173.99999999999997,338.15,0.019750448814964718,0.00010675514081522033,65
175.99999999999997,338.15,0.019963912601584633,0.00010673189330995802,65
177.99999999999994,338.15,0.020177329903318997,0.00010670865086718259,65
179.99999999999994,338.15,0.02039070073029058,0.00010668541348579163,65
181.99999999999994,338.15,0.020604025092619944,0.00010666218116468292,65
183.99999999999994,338.15,0.020817303000425454,0.00010663895390275455,65
185.99999999999991,338.15,0.021030534463823265,0.00010661573169890476,65
187.99999999999991,338.15,0.02124371949292733,0.00010659251455203213,65
189.99999999999991,338.15,0.0214568580978494,0.00010656930246103539,65
191.99999999999991,338.15,0.021669950288699027,0.00010654609542481358,65
193.9999999999999,338.15,0.02188299607558356,0.00010652289344226591,65
195.9999999999999,338.15,0.022095995468608142,0.0001064996965122919,65
197.9999999999999,338.15,0.022308948477875724,0.00010647650463379126,65
199.9999999999999,338.15,0.02252185511348705,0.00010645331780566398,65
201.99999999999986,338.15,0.02273471538554067,0.00010643013602681023,65
203.99999999999986,338.15,0.022947529304132932,0.00010640695929613048,65
205.99999999999986,338.15,0.023160296879357983,0.00010638378761252543,65
207.99999999999986,338.15,0.023373018121307775,0.00010636062097489598,65
209.99999999999983,338.15,0.02358569304007206,0.00010633745938214328,65
211.99999999999983,338.15,0.023798321645738398,0.00010631430283316878,65
213.99999999999983,338.15,0.024010903948392146,0.0001062911513268741,65
215.99999999999983,338.15,0.024223439958116467,0.00010626800486216111,65
217.9999999999998,338.15,0.024435929684992332,0.00010624486343793195,65
219.9999999999998,338.15,0.02464837313909851,0.00010622172705308897,65
221.9999999999998,338.15,0.02486077033051158,0.00010619859570653476,65
223.9999999999998,338.15,0.025073121269305925,0.00010617546939717218,65
225.99999999999977,338.15,0.025285425965553734,0.0001061523481239043,65
227.99999999999977,338.15,0.025497684429325002,0.00010612923188563443,65
229.99999999999977,338.15,0.025709896670687536,0.00010610612068126613,65
231.99999999999977,338.15,0.02592206269970694,0.00010608301450970319,65
233.99999999999974,338.15,0.02613418252644664,0.00010605991336984965,65
235.99999999999974,338.15,0.02634625616096786,0.00010603681726060979,65
237.99999999999974,338.15,0.026558283613329636,0.00010601372618088809,65
239.99999999999974,338.15,0.026770264893588813,0.0001059906401295893,65
241.99999999999972,338.15,0.02698220001180005,0.00010596755910561845,65
243.99999999999972,338.15,0.02719408897801581,0.00010594448310788071,65
245.99999999999972,338.15,0.02740593180228637,0.0001059214121352816,65
247.99999999999972,338.15,0.027617728494659825,0.00010589834618672677,65
249.9999999999997,338.15,0.02782947906518207,0.00010587528526112218,65
251.9999999999997,338.15,0.028041183523896816,0.00010585222935737401,65
253.9999999999997,338.15,0.02825284188084559,0.00010582917847438869,65
255.9999999999997,338.15,0.028464454146067738,0.00010580613261107285,65
257.99999999999966,338.15,0.028676020329600406,0.00010578309176633341,65
259.99999999999966,338.15,0.028887540441478562,0.00010576005593907747,65
261.99999999999966,338.15,0.029099014491734985,0.00010573702512821243,65
263.99999999999966,338.15,0.02931044249040028,0.00010571399933264586,65
265.99999999999966,338.15,0.02952182444750285,0.00010569097855128566,65
267.99999999999966,338.15,0.029733160373068928,0.00010566796278303986,65
269.9999999999996,338.15,0.029944450277122562,0.00010564495202681679,65
271.9999999999996,338.15,0.030155694169685613,0.00010562194628152505,65
273.9999999999996,338.15,0.03036689206077776,0.00010559894554607337,65
275.9999999999996,338.15,0.030578043960416502,0.00010557594981937084,65
277.9999999999996,338.15,0.030789149878617156,0.0001055529591003267,65
279.9999999999996,338.15,0.03100020982539286,0.00010552997338785048,65
281.9999999999996,338.15,0.031211223810754564,0.0001055069926808519,65
283.9999999999996,338.15,0.031422191844711046,0.00010548401697824095,65
285.99999999999955,338.15,0.0316331139372689,0.00010546104627892787,65
287.99999999999955,338.15,0.03184399009843254,0.0001054380805818231,65
289.99999999999955,338.15,0.03205482033820422,0.00010541511988583735,65
291.99999999999955,338.15,0.032265604666583986,0.00010539216418988155,65
293.99999999999955,338.15,0.03247634309356972,0.00010536921349286685,65
295.99999999999955,338.15,0.032687035629157125,0.00010534626779370467,65
297.99999999999955,338.15,0.03289768228333974,0.00010532332709130666,65
299.99999999999955,338.15,0.033108283066108905,0.00010530039138458469,65
301.9999999999995,338.15,0.03331883798745381,0.00010527746067245089,65
303.9999999999995,338.15,0.03352934705736144,0.0001052545349538176,65
305.9999999999995,338.15,0.033739810285816636,0.00010523161422759744,65
307.9999999999995,338.15,0.033950227682802044,0.0001052086984927032,65
309.9999999999995,338.15,0.03416059925829814,0.00010518578774804796,65
311.9999999999995,338.15,0.03437092502228323,0.00010516288199254503,65
313.9999999999995,338.15,0.034581204984733445,0.00010513998122510796,65
315.9999999999995,338.15,0.034791439155622744,0.00010511708544465049,65
317.99999999999943,338.15,0.03500162754492292,0.00010509419465008666,65
319.99999999999943,338.15,0.03521177016260358,0.00010507130884033071,65
321.99999999999943,338.15,0.035421867018632175,0.00010504842801429713,65
323.99999999999943,338.15,0.03563191812297398,0.00010502555217090063,65
325.99999999999943,338.15,0.03584192348559209,0.00010500268130905616,65
327.99999999999943,338.15,0.03605188311644745,0.00010497981542767894,65
329.99999999999943,338.15,0.03626179702549882,0.00010495695452568438,65
331.99999999999943,338.15,0.036471665222702794,0.00010493409860198816,65
333.9999999999994,338.15,0.03668148771801381,0.00010491124765550615,65
335.9999999999994,338.15,0.036891264521384116,0.00010488840168515453,65
337.9999999999994,338.15,0.03710099564276382,0.00010486556068984966,65
339.9999999999994,338.15,0.03731068109210083,0.00010484272466850814,65
341.9999999999994,338.15,0.03752032087934093,0.00010481989362004683,65
343.9999999999994,338.15,0.0377299150144277,0.0001047970675433828,65
345.9999999999994,338.15,0.03793946350730257,0.00010477424643743336,65
347.9999999999994,338.15,0.0381489663679048,0.00010475143030111608,65
349.9999999999993,338.15,0.0383584236061715,0.00010472861913334876,65
351.9999999999993,338.15,0.0385678352320376,0.0001047058129330494,65
353.9999999999993,338.15,0.03877720125543587,0.00010468301169913629,65
355.9999999999993,338.15,0.038986521686296925,0.00010466021543052789,65
357.9999999999993,338.15,0.03919579653454921,0.00010463742412614295,65
359.9999999999993,338.15,0.03940502581011901,0.00010461463778490044,65
361.9999999999993,338.15,0.039614209522930446,0.00010459185640571955,65
363.9999999999993,338.15,0.039823347682905484,0.00010456907998751974,65
365.99999999999926,338.15,0.040032440299963924,0.00010454630852922066,65
367.99999999999926,338.15,0.04024148738402341,0.00010452354202974225,65
369.99999999999926,338.15,0.04045048894499942,0.0001045007804880046,65
371.99999999999926,338.15,0.04065944499280528,0.00010447802390292814,65
373.99999999999926,338.15,0.040868355537352144,0.00010445527227343347,65
375.99999999999926,338.15,0.04107722058854903,0.00010443252559844143,65
377.99999999999926,338.15,0.04128604015630277,0.0001044097838768731,65
379.99999999999926,338.15,0.04149481425051807,0.00010438704710764981,65
381.9999999999992,338.15,0.041703542881097455,0.00010436431528969312,65
383.9999999999992,338.15,0.0419122260579413,0.0001043415884219248,65
385.9999999999992,338.15,0.042120863790947836,0.00010431886650326688,65
387.9999999999992,338.15,0.042329456090013116,0.00010429614953264165,65
389.9999999999992,338.15,0.04253800296503106,0.00010427343750897154,65
391.9999999999992,338.15,0.04274650442589342,0.00010425073043117933,65
393.9999999999992,338.15,0.0429549604824898,0.00010422802829818796,65
395.9999999999992,338.15,0.04316337114470764,0.00010420533110892063,65
397.99999999999915,338.15,0.04337173642243224,0.00010418263886230078,65
399.99999999999915,338.15,0.04358005632554675,0.00010415995155725208,65
401.99999999999915,338.15,0.04378833086393215,0.00010413726919269839,65
403.99999999999915,338.15,0.04399656004746728,0.00010411459176756388,65
405.99999999999915,338.15,0.044204743886028824,0.00010409191928077291,65
407.99999999999915,338.15,0.04441288238949132,0.0001040692517312501,65
409.99999999999915,338.15,0.044620975567727164,0.00010404658911792026,65
411.99999999999915,338.15,0.04482902343060658,0.00010402393143970847,65
413.9999999999991,338.15,0.045037025987997664,0.00010400127869554004,65
415.9999999999991,338.15,0.04524498324976634,0.00010397863088434052,65
417.9999999999991,338.15,0.04545289522577641,0.00010395598800503566,65
419.9999999999991,338.15,0.04566076192588951,0.00010393335005655148,65
421.9999999999991,338.15,0.04586858335996514,0.00010391071703781421,65
423.9999999999991,338.15,0.04607635953786064,0.00010388808894775035,65
425.9999999999991,338.15,0.046284090469431216,0.00010386546578528658,65
427.9999999999991,338.15,0.046491776164529916,0.00010384284754934985,65
429.99999999999903,338.15,0.046699416633007654,0.00010382023423886735,65
431.99999999999903,338.15,0.04690701188471319,0.00010379762585276648,65
433.99999999999903,338.15,0.04711456192949314,0.00010377502238997489,65
435.99999999999903,338.15,0.04732206677719198,0.00010375242384942045,65
437.99999999999903,338.15,0.04752952643765204,0.00010372983023003126,65
439.99999999999903,338.15,0.04773694092071351,0.00010370724153073568,65
441.99999999999903,338.15,0.047944310236214434,0.00010368465775046228,65
443.99999999999903,338.15,0.048151634393990714,0.00010366207888813989,65
445.999999999999,338.15,0.04835891340387611,0.00010363950494269752,65
447.999999999999,338.15,0.048566147275702236,0.00010361693591306447,65
449.999999999999,338.15,0.04877333601929858,0.00010359437179817025,65
451.999999999999,338.15,0.04898047964449247,0.00010357181259694458,65
453.999999999999,338.15,0.0491875781611091,0.00010354925830831745,65
455.999999999999,338.15,0.04939463157897154,0.00010352670893121909,65
457.999999999999,338.15,0.0496016399079007,0.00010350416446457993,65
459.999999999999,338.15,0.04980860315771536,0.00010348162490733061,65
461.9999999999989,338.15,0.050015521338232165,0.00010345909025840208,65
463.9999999999989,338.15,0.050222394459265615,0.00010343656051672547,65
465.9999999999989,338.15,0.05042922253062808,0.00010341403568123216,65
467.9999999999989,338.15,0.050636005562129785,0.00010339151575085374,65
469.9999999999989,338.15,0.05084274356357883,0.00010336900072452207,65
471.9999999999989,338.15,0.05104943654478117,0.00010334649060116918,65
473.9999999999989,338.15,0.051256084515540624,0.00010332398537972744,65
475.9999999999989,338.15,0.05146268748565888,0.00010330148505912932,65
477.99999999999886,338.15,0.051669245464935495,0.00010327898963830763,65
479.99999999999886,338.15,0.05187575846316789,0.00010325649911619536,65
481.9999999999989,338.15,0.05208222649015134,0.00010323401349172573,65
483.9999999999989,338.15,0.052288649555679,0.00010321153276383224,65
485.9999999999989,338.15,0.0524950276695419,0.00010318905693144855,65
487.9999999999989,338.15,0.05270136084152892,0.00010316658599350862,65
489.9999999999989,338.15,0.05290764908142681,0.00010314411994894661,65
491.99999999999886,338.15,0.0531138923990202,0.00010312165879669689,65
493.99999999999886,338.15,0.05332009080409159,0.0001030992025356941,65
495.99999999999886,338.15,0.05352624430642134,0.00010307675116487311,65
497.99999999999886,338.15,0.05373235291578768,0.000103054304683169,65
499.99999999999886,338.15,0.05393841664196671,0.0001030318630895171,65
501.99999999999886,338.15,0.05414443549473242,0.00010300942638285296,65
503.99999999999886,338.15,0.054350409483856645,0.00010298699456211237,65
505.99999999999886,338.15,0.05455633861910911,0.00010296456762623135,65
507.99999999999886,338.15,0.054762222910257397,0.00010294214557414614,65
509.9999999999988,338.15,0.054968062367066986,0.00010291972840479322,65
511.9999999999988,338.15,0.055173856999301205,0.00010289731611710931,65
513.9999999999989,338.15,0.055379606816721265,0.00010287490871003135,65
515.9999999999989,338.15,0.055585311829086256,0.00010285250618249654,65
517.9999999999987,338.15,0.05579097204615314,0.00010283010853344226,65
519.9999999999987,338.15,0.05599658747767675,0.00010280771576180614,65
521.9999999999987,338.15,0.056202158133409806,0.00010278532786652607,65
523.9999999999987,338.15,0.05640768402310289,0.00010276294484654016,65
525.9999999999987,338.15,0.05661316515650446,0.00010274056670078673,65
527.9999999999987,338.15,0.056818601543360873,0.00010271819342820434,65
529.9999999999987,338.15,0.05702399319341634,0.0001026958250277318,65
531.9999999999987,338.15,0.05722934011641296,0.00010267346149830811,65
533.9999999999987,338.15,0.0574346423220907,0.00010265110283887255,65
535.9999999999987,338.15,0.05763989982018743,0.00010262874904836462,65
537.9999999999987,338.15,0.05784511262043888,0.000102606400125724,65
539.9999999999987,338.15,0.05805028073257866,0.00010258405606989067,65
541.9999999999987,338.15,0.05825540416633827,0.00010256171687980481,65
543.9999999999987,338.15,0.05846048293144709,0.00010253938255440682,65
545.9999999999987,338.15,0.05866551703763236,0.00010251705309263734,65
547.9999999999986,338.15,0.05887050649461924,0.00010249472849343726,65
549.9999999999986,338.15,0.05907545131213073,0.00010247240875574766,65
551.9999999999986,338.15,0.05928035149988775,0.00010245009387850989,65
553.9999999999986,338.15,0.05948520706760908,0.00010242778386066553,65
555.9999999999986,338.15,0.05969001802501139,0.00010240547870115634,65
557.9999999999986,338.15,0.05989478438180924,0.00010238317839892439,65
559.9999999999986,338.15,0.060099506147715066,0.00010236088295291189,65
561.9999999999986,338.15,0.06030418333243919,0.00010233859236206135,65
563.9999999999986,338.15,0.060508815945689826,0.0001023163066253155,65
565.9999999999986,338.15,0.06071340399717306,0.00010229402574161726,65
567.9999999999986,338.15,0.06091794749659288,0.00010227174970990982,65
569.9999999999986,338.15,0.06112244645365115,0.0001022494785291366,65
571.9999999999986,338.15,0.06132690087804763,0.00010222721219824119,65
573.9999999999986,338.15,0.061531310779479965,0.00010220495071616752,65
575.9999999999986,338.15,0.06173567616764369,0.00010218269408185966,65
577.9999999999986,338.15,0.06193999705223221,0.00010216044229426194,65
579.9999999999986,338.15,0.06214427344293685,0.00010213819535231889,65
581.9999999999985,338.15,0.062348505349446796,0.00010211595325497534,65
583.9999999999985,338.15,0.06255269278144915,0.00010209371600117629,65
585.9999999999985,338.15,0.06275683574862888,0.00010207148358986698,65
587.9999999999985,338.15,0.06296093426066886,0.0001020492560199929,65
589.9999999999985,338.15,0.06316498832724986,0.00010202703329049974,65
591.9999999999985,338.15,0.06336899795805052,0.00010200481540033346,65
593.9999999999985,338.15,0.06357296316274741,0.00010198260234844018,65
595.9999999999985,338.15,0.06377688395101494,0.00010196039413376635,65
597.9999999999985,338.15,0.06398076033252546,0.00010193819075525857,65
599.9999999999985,338.15,0.06418459231694919,0.00010191599221186367,65
601.9999999999985,338.15,0.06438837991395424,0.00010189379850252877,65
603.9999999999985,338.15,0.06459212313320664,0.00010187160962620116,65
605.9999999999985,338.15,0.0647958219843703,0.0001018494255818284,65
607.9999999999985,338.15,0.06499947647710701,0.00010182724636835824,65
609.9999999999985,338.15,0.06520308662107649,0.00010180507198473868,65
611.9999999999984,338.15,0.06540665242593632,0.00010178290242991798,65
613.9999999999984,338.15,0.06561017390134201,0.00010176073770284455,65
615.9999999999984,338.15,0.06581365105694695,0.00010173857780246712,65
617.9999999999984,338.15,0.06601708390240242,0.00010171642272773458,65
619.9999999999984,338.15,0.06622047244735761,0.00010169427247759609,65
621.9999999999984,338.15,0.06642381670145961,0.00010167212705100101,65
623.9999999999984,338.15,0.0666271166743534,0.00010164998644689895,65
625.9999999999984,338.15,0.06683037237568189,0.00010162785066423975,65
627.9999999999984,338.15,0.06703358381508584,0.00010160571970197345,65
629.9999999999984,338.15,0.06723675100220394,0.00010158359355905035,65
631.9999999999984,338.15,0.06743987394667278,0.00010156147223442096,65
633.9999999999984,338.15,0.06764295265812685,0.00010153935572703604,65
635.9999999999984,338.15,0.06784598714619855,0.00010151724403584655,65
637.9999999999984,338.15,0.06804897742051816,0.0001014951371598037,65
639.9999999999984,338.15,0.06825192349071388,0.0001014730350978589,65
641.9999999999984,338.15,0.0684548253664118,0.00010145093784896385,65
643.9999999999984,338.15,0.06865768305723594,0.0001014288454120704,65
645.9999999999983,338.15,0.0688604965728082,0.00010140675778613069,65
647.9999999999983,338.15,0.06906326592274839,0.00010138467497009706,65
649.9999999999983,338.15,0.06926599111667424,0.00010136259696292207,65
651.9999999999983,338.15,0.06946867216420136,0.00010134052376355853,65
653.9999999999983,338.15,0.06967130907494327,0.00010131845537095944,65
655.9999999999983,338.15,0.06987390185851143,0.00010129639178407811,65
657.9999999999983,338.15,0.07007645052451517,0.00010127433300186799,65
659.9999999999983,338.15,0.07027895508256173,0.00010125227902328278,65
661.9999999999983,338.15,0.07048141554225627,0.00010123022984727644,65
663.9999999999983,338.15,0.07068383191320188,0.00010120818547280316,65
665.9999999999983,338.15,0.07088620420499951,0.00010118614589881728,65
667.9999999999983,338.15,0.07108853242724805,0.00010116411112427348,65
669.9999999999983,338.15,0.07129081658954431,0.00010114208114812656,65
671.9999999999983,338.15,0.07149305670148297,0.00010112005596933163,65
673.9999999999983,338.15,0.07169525277265666,0.00010109803558684399,65
675.9999999999982,338.15,0.0718974048126559,0.00010107601999961918,65
677.9999999999982,338.15,0.07209951283106912,0.00010105400920661294,65
679.9999999999982,338.15,0.07230157683748269,0.00010103200320678128,65
681.9999999999982,338.15,0.07250359684148085,0.0001010100019990804,65
683.9999999999982,338.15,0.07270557285264578,0.00010098800558246674,65
685.9999999999982,338.15,0.07290750488055758,0.00010096601395589701,65
687.9999999999982,338.15,0.07310939293479424,0.00010094402711832804,65
689.9999999999982,338.15,0.07331123702493167,0.00010092204506871701,65
691.9999999999982,338.15,0.0735130371605437,0.00010090006780602125,65
693.9999999999982,338.15,0.07371479335120211,0.00010087809532919834,65
695.9999999999982,338.15,0.07391650560647652,0.0001008561276372061,65
697.9999999999982,338.15,0.07411817393593452,0.00010083416472900252,65
699.9999999999982,338.15,0.07431979834914161,0.00010081220660354591,65
701.9999999999982,338.15,0.0745213788556612,0.00010079025325979474,65
703.9999999999982,338.15,0.0747229154650546,0.0001007683046967077,65
705.9999999999982,338.15,0.07492440818688109,0.00010074636091324378,65
707.9999999999982,338.15,0.07512585703069781,0.0001007244219083621,65
709.9999999999981,338.15,0.07532726200605985,0.00010070248768102206,65
711.9999999999981,338.15,0.07552862312252022,0.00010068055823018329,65
713.9999999999981,338.15,0.07572994038962982,0.00010065863355480563,65
715.9999999999981,338.15,0.07593121381693753,0.00010063671365384917,65
717.9999999999981,338.15,0.07613244341399007,0.00010061479852627419,65
719.9999999999981,338.15,0.07633362919033215,0.00010059288817104123,65
721.9999999999981,338.15,0.07653477115550637,0.00010057098258711104,65
723.9999999999981,338.15,0.07673586931905327,0.00010054908177344459,65
725.9999999999981,338.15,0.07693692369051128,0.00010052718572900307,65
727.9999999999981,338.15,0.07713793427941677,0.00010050529445274794,65
729.9999999999981,338.15,0.07733890109530406,0.00010048340794364086,65
731.9999999999981,338.15,0.07753982414770534,0.00010046152620064367,65
733.9999999999981,338.15,0.07774070344615078,0.00010043964922271853,65
735.9999999999981,338.15,0.07794153900016844,0.00010041777700882776,65
737.9999999999981,338.15,0.0781423308192843,0.00010039590955793391,65
739.999999999998,338.15,0.07834307891302231,0.00010037404686899977,65
741.999999999998,338.15,0.07854378329090428,0.00010035218894098836,65
743.999999999998,338.15,0.07874444396245,0.0001003303357728629,65
745.999999999998,338.15,0.07894506093717718,0.00010030848736358688,65
747.999999999998,338.15,0.07914563422460143,0.000100286643712124,65
749.999999999998,338.15,0.0793461638342363,0.00010026480481743813,65
751.999999999998,338.15,0.0795466497755933,0.00010024297067849344,65
753.999999999998,338.15,0.0797470920581818,0.0001002211412942543,65
755.999999999998,338.15,0.07994749069150917,0.00010019931666368531,65
757.999999999998,338.15,0.08014784568508067,0.00010017749678575126,65
759.999999999998,338.15,0.0803481570483995,0.00010015568165941722,65
761.999999999998,338.15,0.0805484247909668,0.00010013387128364846,65
763.999999999998,338.15,0.08074864892228162,0.00010011206565741044,65
765.999999999998,338.15,0.08094882945184095,0.0001000902647796689,65
767.999999999998,338.15,0.08114896638913974,0.00010006846864938981,65
769.999999999998,338.15,0.08134905974367082,0.00010004667726553932,65
771.999999999998,338.15,0.08154910952492499,0.0001000248906270838,65
773.9999999999978,338.15,0.08174911574239097,0.00010000310873298991,65
775.9999999999978,338.15,0.08194907840555542,9.998133158222448e-05,65
777.9999999999978,338.15,0.08214899752390292,9.995955917375456e-05,65
779.9999999999978,338.15,0.08234887310691602,9.993779150654748e-05,65
781.9999999999978,338.15,0.08254870516407516,9.991602857957075e-05,65
783.9999999999978,338.15,0.08274849370485875,9.989427039179209e-05,65
785.9999999999978,338.15,0.0829482387387431,9.987251694217951e-05,65
787.9999999999978,338.15,0.0831479402752025,9.985076822970117e-05,65
789.9999999999978,338.15,0.08334759832370915,9.982902425332553e-05,65
791.9999999999978,338.15,0.0835472128937332,9.980728501202117e-05,65
793.9999999999978,338.15,0.08374678399474271,9.978555050475701e-05,65
795.9999999999978,338.15,0.08394631163620371,9.976382073050214e-05,65
797.9999999999978,338.15,0.08414579582758017,9.974209568822585e-05,65
799.9999999999978,338.15,0.08434523657833397,9.97203753768977e-05,65
801.9999999999978,338.15,0.08454463389792494,9.969865979548747e-05,65
803.9999999999977,338.15,0.08474398779581087,9.967694894296511e-05,65
805.9999999999977,338.15,0.08494329828144748,9.965524281830087e-05,65
807.9999999999977,338.15,0.08514256536428841,9.963354142046518e-05,65
809.9999999999977,338.15,0.08534178905378527,9.961184474842871e-05,65
811.9999999999977,338.15,0.0855409693593876,9.959015280116233e-05,65
813.9999999999977,338.15,0.08574010629054288,9.956846557763717e-05,65
815.9999999999977,338.15,0.08593919985669653,9.954678307682455e-05,65
817.9999999999977,338.15,0.08613825006729192,9.952510529769604e-05,65
819.9999999999977,338.15,0.08633725693177037,9.950343223922342e-05,65
821.9999999999977,338.15,0.08653622045957113,9.94817639003787e-05,65
823.9999999999977,338.15,0.0867351406601314,9.946010028013412e-05,65
825.9999999999977,338.15,0.08693401754288632,9.94384413774621e-05,65
827.9999999999977,338.15,0.087132851117269,9.941678719133536e-05,65
829.9999999999977,338.15,0.08733164139271045,9.939513772072678e-05,65
831.9999999999977,338.15,0.08753038837863966,9.937349296460951e-05,65
833.9999999999977,338.15,0.08772909208448358,9.935185292195686e-05,65
835.9999999999977,338.15,0.08792775251966707,9.933021759174245e-05,65
837.9999999999976,338.15,0.08812636969361295,9.930858697294004e-05,65
839.9999999999976,338.15,0.088324943615742,9.928696106452367e-05,65
841.9999999999976,338.15,0.08852347429547294,9.926533986546758e-05,65
843.9999999999976,338.15,0.08872196174222244,9.924372337474624e-05,65
845.9999999999976,338.15,0.08892040596540511,9.922211159133431e-05,65
847.9999999999976,338.15,0.08911880697443353,9.920050451420676e-05,65
849.9999999999976,338.15,0.0893171647787182,9.917890214233869e-05,65
851.9999999999976,338.15,0.08951547938766762,9.915730447470547e-05,65
853.9999999999976,338.15,0.08971375081068818,9.913571151028268e-05,65
855.9999999999976,338.15,0.08991197905718427,9.911412324804611e-05,65
857.9999999999976,338.15,0.09011016413655822,9.909253968697184e-05,65
859.9999999999976,338.15,0.09030830605821029,9.907096082603607e-05,65
861.9999999999976,338.15,0.09050640483153873,9.904938666421531e-05,65
863.9999999999976,338.15,0.0907044604659397,9.902781720048625e-05,65
865.9999999999976,338.15,0.09090247297080735,9.900625243382579e-05,65
867.9999999999975,338.15,0.09110044235553377,9.898469236321109e-05,65
869.9999999999975,338.15,0.091298368629509,9.896313698761952e-05,65
871.9999999999975,338.15,0.09149625180212106,9.894158630602867e-05,65
873.9999999999975,338.15,0.0916940918827559,9.892004031741635e-05,65
875.9999999999975,338.15,0.09189188888079743,9.88984990207606e-05,65
877.9999999999975,338.15,0.09208964280562751,9.887696241503965e-05,65
879.9999999999975,338.15,0.09228735366662598,9.885543049923202e-05,65
881.9999999999975,338.15,0.09248502147317061,9.883390327231638e-05,65
883.9999999999975,338.15,0.09268264623463716,9.881238073327168e-05,65
885.9999999999975,338.15,0.09288022796039933,9.879086288107705e-05,65
887.9999999999975,338.15,0.09307776665982875,9.876934971471186e-05,65
889.9999999999975,338.15,0.09327526234229506,9.874784123315571e-05,65
891.9999999999975,338.15,0.09347271501716584,9.87263374353884e-05,65
893.9999999999975,338.15,0.09367012469380662,9.870483832038999e-05,65
895.9999999999975,338.15,0.0938674913815809,9.868334388714072e-05,65
897.9999999999975,338.15,0.09406481508985015,9.866185413462106e-05,65
899.9999999999975,338.15,0.09426209582797378,9.864036906181173e-05,65
901.9999999999974,338.15,0.09445933360530917,9.861888866769367e-05,65
903.9999999999974,338.15,0.09465652843121167,9.859741295124798e-05,65
905.9999999999974,338.15,0.09485368031503458,9.857594191145607e-05,65
907.9999999999974,338.15,0.09505078926612917,9.85544755472995e-05,65
909.9999999999974,338.15,0.09524785529384469,9.853301385776011e-05,65
911.9999999999974,338.15,0.09544487840752833,9.851155684181991e-05,65
913.9999999999974,338.15,0.09564185861652524,9.849010449846117e-05,65
915.9999999999974,338.15,0.09583879593017858,9.846865682666635e-05,65
917.9999999999974,338.15,0.09603569035782941,9.844721382541817e-05,65
919.9999999999974,338.15,0.0962325419088168,9.842577549369952e-05,65
921.9999999999974,338.15,0.09642935059247779,9.840434183049357e-05,65
923.9999999999974,338.15,0.09662611641814735,9.838291283478367e-05,65
925.9999999999974,338.15,0.09682283939515846,9.836148850555341e-05,65
927.9999999999974,338.15,0.09701951953284203,9.834006884178657e-05,65
929.9999999999974,338.15,0.09721615684052697,9.83186538424672e-05,65
931.9999999999973,338.15,0.09741275132754013,9.829724350657956e-05,65
933.9999999999973,338.15,0.09760930300320635,9.827583783310811e-05,65
935.9999999999973,338.15,0.09780581187684842,9.825443682103751e-05,65
937.9999999999973,338.15,0.09800227795778713,9.823304046935272e-05,65
939.9999999999973,338.15,0.0981987012553412,9.821164877703882e-05,65
941.9999999999973,338.15,0.09839508177882737,9.819026174308121e-05,65
943.9999999999973,338.15,0.0985914195375603,9.816887936646544e-05,65
945.9999999999973,338.15,0.09878771454085265,9.814750164617731e-05,65
947.9999999999973,338.15,0.09898396679801506,9.812612858120283e-05,65
949.9999999999973,338.15,0.09918017631835611,9.810476017052826e-05,65
951.9999999999973,338.15,0.09937634311118239,9.808339641314003e-05,65
953.9999999999973,338.15,0.09957246718579844,9.806203730802482e-05,65
955.9999999999973,338.15,0.09976854855150678,9.804068285416953e-05,65
957.9999999999973,338.15,0.09996458721760791,9.801933305056132e-05,65
959.9999999999973,338.15,0.1001605831934003,9.799798789618748e-05,65
961.9999999999973,338.15,0.10035653648818037,9.79766473900356e-05,65
963.9999999999974,338.15,0.10055244711124256,9.795531153109342e-05,65
965.9999999999975,338.15,0.10074831507187926,9.793398031834898e-05,65
967.9999999999976,338.15,0.10094414037938083,9.79126537507905e-05,65
969.9999999999977,338.15,0.10113992304303565,9.789133182740643e-05,65
971.9999999999978,338.15,0.10133566307213002,9.78700145471854e-05,65
973.999999999998,338.15,0.10153136047594825,9.784870190911632e-05,65
975.9999999999981,338.15,0.10172701526377263,9.782739391218828e-05,65
977.9999999999982,338.15,0.10192262744488341,9.780609055539061e-05,65
979.9999999999982,338.15,0.10211819702855883,9.778479183771284e-05,65
981.9999999999983,338.15,0.10231372402407513,9.776349775814475e-05,65
983.9999999999984,338.15,0.10250920844070648,9.774220831567633e-05,65
985.9999999999985,338.15,0.10270465028772507,9.772092350929775e-05,65
987.9999999999986,338.15,0.10290004957440108,9.769964333799945e-05,65
989.9999999999987,338.15,0.10309540631000262,9.767836780077211e-05,65
991.9999999999989,338.15,0.10329072050379584,9.765709689660652e-05,65
993.9999999999989,338.15,0.10348599216504482,9.763583062449381e-05,65
995.999999999999,338.15,0.10368122130301168,9.761456898342528e-05,65
997.9999999999991,338.15,0.10387640792695646,9.759331197239244e-05,65
999.9999999999992,338.15,0.10407155204613723,9.757205959038703e-05,65
1001.9999999999993,338.15,0.10426665366981003,9.755081183640104e-05,65
1003.9999999999994,338.15,0.10446171280722888,9.752956870942662e-05,65
1005.9999999999995,338.15,0.10465672946764579,9.750833020845618e-05,65
1007.9999999999997,338.15,0.10485170366031075,9.748709633248233e-05,65
1009.9999999999998,338.15,0.10504663539447175,9.746586708049793e-05,65
1011.9999999999998,338.15,0.10524152467937474,9.7444642451496e-05,65
1013.9999999999999,338.15,0.10543637152426368,9.742342244446986e-05,65
1016.0,338.15,0.1056311759383805,9.740220705841299e-05,65
1018.0000000000001,338.15,0.10582593793096515,9.738099629231909e-05,65
1020.0000000000002,338.15,0.10602065751125551,9.735979014518213e-05,65
1022.0000000000003,338.15,0.10621533468848751,9.733858861599623e-05,65
1024.0000000000005,338.15,0.10640996947189502,9.731739170375578e-05,65
1026.0000000000005,338.15,0.10660456187070992,9.729619940745538e-05,65
1028.0000000000007,338.15,0.10679911189416211,9.727501172608982e-05,65
1030.0000000000007,338.15,0.10699361955147942,9.725382865865413e-05,65
1032.000000000001,338.15,0.1071880848518877,9.723265020414357e-05,65
1034.000000000001,338.15,0.10738250780461081,9.721147636155363e-05,65
1036.000000000001,338.15,0.10757688841887057,9.719030712987996e-05,65
1038.0000000000011,338.15,0.10777122670388681,9.716914250811847e-05,65
1040.0000000000011,338.15,0.10796552266887734,9.714798249526529e-05,65
1042.0000000000014,338.15,0.10815977632305797,9.712682709031677e-05,65
1044.0000000000014,338.15,0.10835398767564251,9.710567629226947e-05,65
1046.0000000000016,338.15,0.10854815673584275,9.708453010012015e-05,65
1048.0000000000016,338.15,0.10874228351286849,9.706338851286584e-05,65
1050.0000000000018,338.15,0.1089363680159275,9.704225152950372e-05,65
1052.0000000000018,338.15,0.10913041025422557,9.702111914903125e-05,65
1054.0000000000018,338.15,0.10932441023696646,9.699999137044607e-05,65
1056.000000000002,338.15,0.10951836797335195,9.697886819274607e-05,65
1058.000000000002,338.15,0.1097122834725818,9.695774961492932e-05,65
1060.0000000000023,338.15,0.10990615674385379,9.693663563599414e-05,65
1062.0000000000023,338.15,0.11009998779636367,9.691552625493904e-05,65
1064.0000000000025,338.15,0.11029377663930519,9.689442147076276e-05,65
1066.0000000000025,338.15,0.11048752328187011,9.68733212824643e-05,65
1068.0000000000025,338.15,0.1106812277332482,9.685222568904281e-05,65
1070.0000000000027,338.15,0.1108748900026272,9.683113468949768e-05,65
1072.0000000000027,338.15,0.11106851009919286,9.681004828282854e-05,65
1074.000000000003,338.15,0.11126208803212893,9.678896646803524e-05,65
1076.000000000003,338.15,0.11145562381061717,9.67678892441178e-05,65
1078.0000000000032,338.15,0.11164911744383733,9.67468166100765e-05,65
1080.0000000000032,338.15,0.11184256894096715,9.672574856491183e-05,65
1082.0000000000032,338.15,0.11203597831118241,9.670468510762451e-05,65
1084.0000000000034,338.15,0.11222934556365684,9.668362623721543e-05,65
1086.0000000000034,338.15,0.1124226707075622,9.666257195268575e-05,65
1088.0000000000036,338.15,0.11261595375206827,9.664152225303682e-05,65
1090.0000000000036,338.15,0.11280919470634282,9.662047713727023e-05,65
1092.0000000000039,338.15,0.1130023935795516,9.659943660438775e-05,65
1094.0000000000039,338.15,0.11319555038085838,9.65784006533914e-05,65
1096.000000000004,338.15,0.11338866511942494,9.65573692832834e-05,65
1098.000000000004,338.15,0.11358173780441107,9.65363424930662e-05,65
1100.000000000004,338.15,0.11377476844497456,9.651532028174247e-05,65
1102.0000000000043,338.15,0.11396775705027118,9.649430264831507e-05,65
1104.0000000000043,338.15,0.11416070362945475,9.647328959178711e-05,65
1106.0000000000045,338.15,0.11435360819167707,9.64522811111619e-05,65
1108.0000000000045,338.15,0.11454647074608795,9.643127720544297e-05,65
1110.0000000000048,338.15,0.11473929130183522,9.641027787363406e-05,65
1112.0000000000048,338.15,0.1149320698680647,9.638928311473913e-05,65
1114.000000000005,338.15,0.11512480645392023,9.636829292776239e-05,65
1116.000000000005,338.15,0.11531750106854365,9.63473073117082e-05,65
1118.000000000005,338.15,0.1155101537210748,9.63263262655812e-05,65
1120.0000000000052,338.15,0.11570276442065157,9.630534978838621e-05,65
1122.0000000000052,338.15,0.11589533317640982,9.628437787912827e-05,65
1124.0000000000055,338.15,0.11608785999748344,9.626341053681266e-05,65
1126.0000000000055,338.15,0.11628034489300433,9.624244776044484e-05,65
1128.0000000000057,338.15,0.1164727878721024,9.622148954903054e-05,65
1130.0000000000057,338.15,0.11666518894390555,9.620053590157566e-05,65
1132.0000000000057,338.15,0.11685754811753973,9.617958681708631e-05,65
1134.000000000006,338.15,0.11704986540212887,9.615864229456886e-05,65
1136.000000000006,338.15,0.11724214080679493,9.613770233302986e-05,65
1138.0000000000061,338.15,0.11743437434065788,9.611676693147612e-05,65
1140.0000000000061,338.15,0.11762656601283572,9.60958360889146e-05,65
1142.0000000000064,338.15,0.11781871583244442,9.607490980435252e-05,65
1144.0000000000064,338.15,0.11801082380859802,9.605398807679731e-05,65
1146.0000000000064,338.15,0.11820288995040854,9.603307090525662e-05,65
1148.0000000000066,338.15,0.118394914266986,9.601215828873832e-05,65
1150.0000000000066,338.15,0.11858689676743851,9.599125022625047e-05,65
1152.0000000000068,338.15,0.11877883746087212,9.597034671680136e-05,65
1154.0000000000068,338.15,0.11897073635639091,9.594944775939952e-05,65
1156.000000000007,338.15,0.11916259346309702,9.592855335305365e-05,65
1158.000000000007,338.15,0.11935440879009056,9.590766349677272e-05,65
1160.0000000000073,338.15,0.11954618234646969,9.588677818956586e-05,65
1162.0000000000073,338.15,0.11973791414133057,9.586589743044244e-05,65
1164.0000000000073,338.15,0.1199296041837674,9.584502121841205e-05,65
1166.0000000000075,338.15,0.12012125248287236,9.582414955248453e-05,65
1168.0000000000075,338.15,0.1203128590477357,9.580328243166987e-05,65
1170.0000000000077,338.15,0.12050442388744566,9.578241985497828e-05,65
1172.0000000000077,338.15,0.1206959470110885,9.576156182142024e-05,65
1174.000000000008,338.15,0.12088742842774852,9.574070833000643e-05,65
1176.000000000008,338.15,0.12107886814650802,9.57198593797477e-05,65
1178.0000000000082,338.15,0.12127026617644733,9.569901496965516e-05,65
1180.0000000000082,338.15,0.12146162252664482,9.567817509874013e-05,65
1182.0000000000082,338.15,0.12165293720617684,9.565733976601412e-05,65
1184.0000000000084,338.15,0.12184421022411782,9.563650897048887e-05,65
1186.0000000000084,338.15,0.12203544158954018,9.561568271117637e-05,65
1188.0000000000086,338.15,0.12222663131151436,9.559486098708876e-05,65
1190.0000000000086,338.15,0.12241777939910883,9.557404379723845e-05,65
1192.0000000000089,338.15,0.12260888586139011,9.555323114063803e-05,65
1194.0000000000089,338.15,0.12279995070742271,9.553242301630031e-05,65
1196.0000000000089,338.15,0.12299097394626919,9.551161942323833e-05,65
1198.000000000009,338.15,0.12318195558699012,9.549082036046535e-05,65
1200.000000000009,338.15,0.1233728956386441,9.547002582699482e-05,65
1202.0000000000093,338.15,0.12356379411028778,9.544923582184042e-05,65
1204.0000000000093,338.15,0.12375465101097581,9.542845034401605e-05,65
1206.0000000000095,338.15,0.12394546634976088,9.54076693925358e-05,65
1208.0000000000095,338.15,0.1241362401356937,9.538689296641403e-05,65
1210.0000000000095,338.15,0.12432697237782303,9.536612106466523e-05,65
1212.0000000000098,338.15,0.12451766308519564,9.534535368630416e-05,65
1214.0000000000098,338.15,0.12470831226685633,9.532459083034581e-05,65
1216.00000000001,338.15,0.12489891993184794,9.530383249580536e-05,65
1218.00000000001,338.15,0.12508948608921133,9.528307868169816e-05,65
1220.0000000000102,338.15,0.12528001074798542,9.526232938703987e-05,65
1222.0000000000102,338.15,0.1254704939172071,9.524158461084628e-05,65
1224.0000000000105,338.15,0.12566093560591138,9.522084435213346e-05,65
1226.0000000000105,338.15,0.1258513358231312,9.520010860991763e-05,65
1228.0000000000105,338.15,0.12604169457789763,9.517937738321527e-05,65
1230.0000000000107,338.15,0.12623201187923971,9.515865067104307e-05,65
1232.0000000000107,338.15,0.12642228773618455,9.513792847241791e-05,65
1234.000000000011,338.15,0.12661252215775726,9.51172107863569e-05,65
1236.000000000011,338.15,0.126802715152981,9.509649761187738e-05,65
1238.0000000000111,338.15,0.12699286673087698,9.507578894799685e-05,65
1240.0000000000111,338.15,0.12718297690046446,9.50550847937331e-05,65
1242.0000000000114,338.15,0.12737304567076066,9.503438514810407e-05,65
1244.0000000000114,338.15,0.1275630730507809,9.501369001012793e-05,65
1246.0000000000114,338.15,0.12775305904953854,9.49929993788231e-05,65
1248.0000000000116,338.15,0.12794300367604497,9.497231325320817e-05,65
1250.0000000000116,338.15,0.12813290693930957,9.495163163230198e-05,65
1252.0000000000118,338.15,0.12832276884833982,9.493095451512353e-05,65
1254.0000000000118,338.15,0.1285125894121412,9.491028190069209e-05,65
1256.000000000012,338.15,0.12870236863971724,9.488961378802712e-05,65
1258.000000000012,338.15,0.12889210654006952,9.486895017614828e-05,65
1260.000000000012,338.15,0.12908180312219766,9.484829106407547e-05,65
1262.0000000000123,338.15,0.12927145839509932,9.482763645082879e-05,65
1264.0000000000123,338.15,0.12946107236777019,9.480698633542853e-05,65
1266.0000000000125,338.15,0.12965064504920398,9.478634071689526e-05,65
1268.0000000000125,338.15,0.1298401764483925,9.476569959424968e-05,65
1270.0000000000127,338.15,0.13002966657432552,9.474506296651278e-05,65
1272.0000000000127,338.15,0.13021911543599093,9.472443083270572e-05,65
1274.0000000000127,338.15,0.13040852304237463,9.470380319184984e-05,65
1276.000000000013,338.15,0.13059788940246056,9.46831800429668e-05,65
1278.000000000013,338.15,0.1307872145252307,9.466256138507834e-05,65
1280.0000000000132,338.15,0.1309764984196651,9.464194721720653e-05,65
1282.0000000000132,338.15,0.13116574109474186,9.462133753837358e-05,65
1284.0000000000134,338.15,0.13135494255943705,9.460073234760194e-05,65
1286.0000000000134,338.15,0.13154410282272488,9.458013164391427e-05,65
1288.0000000000136,338.15,0.13173322189357756,9.455953542633344e-05,65
1290.0000000000136,338.15,0.1319222997809653,9.453894369388253e-05,65
1292.0000000000136,338.15,0.13211133649385648,9.451835644558485e-05,65
1294.0000000000139,338.15,0.1323003320412174,9.449777368046389e-05,65
1296.0000000000139,338.15,0.1324892864320125,9.447719539754338e-05,65
1298.000000000014,338.15,0.1326781996752042,9.445662159584725e-05,65
1300.000000000014,338.15,0.132867071779753,9.443605227439967e-05,65
1302.0000000000143,338.15,0.13305590275461743,9.441548743222499e-05,65
1304.0000000000143,338.15,0.13324469260875413,9.439492706834777e-05,65
1306.0000000000146,338.15,0.1334334413511177,9.43743711817928e-05,65
1308.0000000000146,338.15,0.13362214899066088,9.435381977158508e-05,65
1310.0000000000146,338.15,0.1338108155363344,9.433327283674982e-05,65
1312.0000000000148,338.15,0.13399944099708702,9.431273037631242e-05,65
1314.0000000000148,338.15,0.1341880253818656,9.429219238929855e-05,65
1316.000000000015,338.15,0.1343765686996151,9.427165887473405e-05,65
1318.000000000015,338.15,0.1345650709592784,9.425112983164495e-05,65
1320.0000000000152,338.15,0.1347535321697965,9.423060525905754e-05,65
1322.0000000000152,338.15,0.1349419523401085,9.421008515599831e-05,65
1324.0000000000152,338.15,0.1351303314791515,9.418956952149393e-05,65
1326.0000000000155,338.15,0.13531866959586064,9.416905835457135e-05,65
1328.0000000000155,338.15,0.13550696669916915,9.414855165425764e-05,65
1330.0000000000157,338.15,0.1356952227980083,9.412804941958014e-05,65
1332.0000000000157,338.15,0.13588343790130744,9.410755164956643e-05,65
1334.000000000016,338.15,0.13607161201799392,9.408705834324421e-05,65
1336.000000000016,338.15,0.1362597451569932,9.406656949964147e-05,65
1338.000000000016,338.15,0.1364478373272288,9.40460851177864e-05,65
1340.0000000000161,338.15,0.1366358885376222,9.402560519670737e-05,65
1342.0000000000161,338.15,0.13682389879709309,9.400512973543299e-05,65
1344.0000000000164,338.15,0.13701186811455907,9.398465873299206e-05,65
1346.0000000000164,338.15,0.1371997964989359,9.396419218841362e-05,65
1348.0000000000166,338.15,0.13738768395913736,9.394373010072691e-05,65
1350.0000000000166,338.15,0.13757553050407528,9.392327246896134e-05,65
1352.0000000000168,338.15,0.13776333614265956,9.390281929214659e-05,65
1354.0000000000168,338.15,0.1379511008837982,9.388237056931255e-05,65
1356.0000000000168,338.15,0.1381388247363972,9.386192629948928e-05,65
1358.000000000017,338.15,0.1383265077093606,9.384148648170704e-05,65
1360.000000000017,338.15,0.1385141498115906,9.382105111499637e-05,65
1362.0000000000173,338.15,0.13870175105198737,9.3800620198388e-05,65
1364.0000000000173,338.15,0.1388893114394492,9.378019373091281e-05,65
1366.0000000000175,338.15,0.13907683098287238,9.375977171160196e-05,65
1368.0000000000175,338.15,0.13926430969115136,9.37393541394868e-05,65
1370.0000000000177,338.15,0.13945174757317855,9.371894101359888e-05,65
1372.0000000000177,338.15,0.1396391446378445,9.369853233296996e-05,65
1374.0000000000177,338.15,0.13982650089403775,9.367812809663205e-05,65
1376.000000000018,338.15,0.140013816350645,9.365772830361729e-05,65
1378.000000000018,338.15,0.14020109101655093,9.363733295295812e-05,65
1380.0000000000182,338.15,0.1403883249006383,9.361694204368714e-05,65
1382.0000000000182,338.15,0.14057551801178797,9.359655557483718e-05,65
1384.0000000000184,338.15,0.14076267035887885,9.357617354544127e-05,65
1386.0000000000184,338.15,0.14094978195078792,9.355579595453264e-05,65
1388.0000000000184,338.15,0.1411368527963902,9.353542280114477e-05,65
1390.0000000000186,338.15,0.14132388290455883,9.351505408431129e-05,65
1392.0000000000186,338.15,0.14151087228416495,9.349468980306609e-05,65
1394.0000000000189,338.15,0.14169782094407785,9.347432995644328e-05,65
1396.0000000000189,338.15,0.1418847288931648,9.345397454347713e-05,65
1398.000000000019,338.15,0.14207159614029122,9.343362356320213e-05,65
1400.000000000019,338.15,0.1422584226943205,9.341327701465303e-05,65
1402.000000000019,338.15,0.14244520856411425,9.339293489686475e-05,65
1404.0000000000193,338.15,0.142631953758532,9.33725972088724e-05,65
1406.0000000000193,338.15,0.14281865828643142,9.335226394971137e-05,65
1408.0000000000196,338.15,0.14300532215666825,9.333193511841717e-05,65
1410.0000000000196,338.15,0.1431919453780963,9.331161071402559e-05,65
1412.0000000000198,338.15,0.14337852795956743,9.329129073557262e-05,65
1414.0000000000198,338.15,0.14356506990993162,9.327097518209444e-05,65
1416.00000000002,338.15,0.14375157123803686,9.325066405262742e-05,65
1418.00000000002,338.15,0.14393803195272928,9.32303573462082e-05,65
1420.00000000002,338.15,0.14412445206285301,9.321005506187357e-05,65
1422.0000000000202,338.15,0.14431083157725033,9.318975719866056e-05,65
1424.0000000000202,338.15,0.14449717050476155,9.316946375560643e-05,65
1426.0000000000205,338.15,0.14468346885422503,9.31491747317486e-05,65
1428.0000000000205,338.15,0.14486972663447728,9.312889012612474e-05,65
1430.0000000000207,338.15,0.14505594385435283,9.31086099377727e-05,65
1432.0000000000207,338.15,0.1452421205226843,9.308833416573056e-05,65
1434.000000000021,338.15,0.14542825664830236,9.306806280903661e-05,65
1436.000000000021,338.15,0.14561435224003583,9.304779586672934e-05,65
1438.000000000021,338.15,0.1458004073067115,9.302753333784744e-05,65
1440.0000000000211,338.15,0.14598642185715438,9.300727522142985e-05,65
1442.0000000000211,338.15,0.1461723959001874,9.298702151651566e-05,65
1444.0000000000214,338.15,0.1463583294446317,9.296677222214421e-05,65
1446.0000000000214,338.15,0.1465442224993064,9.294652733735504e-05,65
1448.0000000000216,338.15,0.1467300750730288,9.29262868611879e-05,65
1450.0000000000216,338.15,0.14691588717461415,9.290605079268277e-05,65
1452.0000000000216,338.15,0.1471016588128759,9.288581913087979e-05,65
1454.0000000000218,338.15,0.14728738999662555,9.286559187481931e-05,65
1456.0000000000218,338.15,0.14747308073467263,9.284536902354197e-05,65
1458.000000000022,338.15,0.1476587310358248,9.282515057608854e-05,65
1460.000000000022,338.15,0.1478443409088878,9.280493653150002e-05,65
1462.0000000000223,338.15,0.1480299103626654,9.278472688881762e-05,65
1464.0000000000223,338.15,0.14821543940595958,9.276452164708276e-05,65
1466.0000000000223,338.15,0.14840092804757024,9.274432080533707e-05,65
1468.0000000000225,338.15,0.14858637629629548,9.272412436262239e-05,65
1470.0000000000225,338.15,0.14877178416093145,9.270393231798076e-05,65
1472.0000000000227,338.15,0.14895715165027237,9.268374467045444e-05,65
1474.0000000000227,338.15,0.14914247877311054,9.266356141908591e-05,65
1476.000000000023,338.15,0.14932776553823637,9.26433825629178e-05,65
1478.000000000023,338.15,0.14951301195443836,9.262320810099303e-05,65
1480.0000000000232,338.15,0.14969821803050307,9.260303803235467e-05,65
1482.0000000000232,338.15,0.14988338377521515,9.258287235604602e-05,65
1484.0000000000232,338.15,0.15006850919735737,9.25627110711106e-05,65
1486.0000000000234,338.15,0.15025359430571056,9.254255417659209e-05,65
1488.0000000000234,338.15,0.15043863910905364,9.252240167153445e-05,65
1490.0000000000236,338.15,0.1506236436161636,9.250225355498178e-05,65
1492.0000000000236,338.15,0.15080860783581554,9.248210982597843e-05,65
1494.0000000000239,338.15,0.15099353177678268,9.246197048356896e-05,65
1496.0000000000239,338.15,0.15117841544783628,9.24418355267981e-05,65
1498.000000000024,338.15,0.1513632588577457,9.242170495471083e-05,65
1500.000000000024,338.15,0.1515480620152784,9.240157876635232e-05,65
1502.000000000024,338.15,0.15173282492919993,9.238145696076794e-05,65
1504.0000000000243,338.15,0.15191754760827395,9.236133953700327e-05,65
1506.0000000000243,338.15,0.15210223006126217,9.234122649410413e-05,65
1508.0000000000246,338.15,0.1522868722969244,9.232111783111647e-05,65
1510.0000000000246,338.15,0.15247147432401856,9.230101354708657e-05,65
1512.0000000000248,338.15,0.1526560361513007,9.228091364106081e-05,65
1514.0000000000248,338.15,0.15284055778752487,9.226081811208581e-05,65
1516.0000000000248,338.15,0.15302503924144328,9.224072695920842e-05,65
1518.000000000025,338.15,0.15320948052180625,9.222064018147567e-05,65
1520.000000000025,338.15,0.15339388163736212,9.220055777793479e-05,65
1522.0000000000252,338.15,0.15357824259685737,9.218047974763328e-05,65
1524.0000000000252,338.15,0.1537625634090366,9.216040608961876e-05,65
1526.0000000000255,338.15,0.15394684408264248,9.214033680293913e-05,65
1528.0000000000255,338.15,0.15413108462641575,9.212027188664244e-05,65
1530.0000000000255,338.15,0.1543152850490953,9.2100211339777e-05,65
1532.0000000000257,338.15,0.1544994453594181,9.208015516139128e-05,65
1534.0000000000257,338.15,0.15468356556611915,9.2060103350534e-05,65
1536.000000000026,338.15,0.15486764567793165,9.204005590625405e-05,65
1538.000000000026,338.15,0.15505168570358685,9.202001282760056e-05,65
1540.0000000000261,338.15,0.1552356856518141,9.199997411362282e-05,65
1542.0000000000261,338.15,0.15541964553134083,9.197993976337039e-05,65
1544.0000000000264,338.15,0.15560356535089262,9.1959909775893e-05,65
1546.0000000000264,338.15,0.1557874451191931,9.193988415024059e-05,65
1548.0000000000264,338.15,0.15597128484496403,9.191986288546328e-05,65
1550.0000000000266,338.15,0.15615508453692525,9.189984598061145e-05,65
1552.0000000000266,338.15,0.15633884420379474,9.187983343473566e-05,65
1554.0000000000268,338.15,0.1565225638542885,9.185982524688668e-05,65
1556.0000000000268,338.15,0.15670624349712073,9.183982141611549e-05,65
1558.000000000027,338.15,0.1568898831410037,9.181982194147327e-05,65
1560.000000000027,338.15,0.15707348279464772,9.179982682201139e-05,65
1562.0000000000273,338.15,0.15725704246676128,9.177983605678147e-05,65
1564.0000000000273,338.15,0.15744056216605096,9.175984964483528e-05,65
1566.0000000000273,338.15,0.1576240419012214,9.173986758522488e-05,65
1568.0000000000275,338.15,0.1578074816809754,9.171988987700244e-05,65
1570.0000000000275,338.15,0.15799088151401383,9.16999165192204e-05,65
1572.0000000000277,338.15,0.1581742414090357,9.167994751093137e-05,65
1574.0000000000277,338.15,0.15835756137473805,9.165998285118821e-05,65
1576.000000000028,338.15,0.15854084141981614,9.164002253904394e-05,65
1578.000000000028,338.15,0.15872408155296325,9.162006657355181e-05,65
1580.000000000028,338.15,0.15890728178287078,9.160011495376529e-05,65
1582.0000000000282,338.15,0.15909044211822826,9.158016767873803e-05,65
1584.0000000000282,338.15,0.15927356256772332,9.156022474752387e-05,65
1586.0000000000284,338.15,0.15945664314004168,9.15402861591769e-05,65
1588.0000000000284,338.15,0.15963968384386718,9.152035191275139e-05,65
1590.0000000000286,338.15,0.15982268468788177,9.150042200730184e-05,65
1592.0000000000286,338.15,0.16000564568076553,9.148049644188293e-05,65
1594.0000000000286,338.15,0.16018856683119662,9.146057521554954e-05,65
1596.0000000000289,338.15,0.16037144814785134,9.144065832735679e-05,65
1598.0000000000289,338.15,0.16055428963940407,9.142074577635998e-05,65
1600.000000000029,338.15,0.1607370913145273,9.140083756161461e-05,65
1602.000000000029,338.15,0.16091985318189164,9.138093368217642e-05,65
1604.0000000000293,338.15,0.16110257525016586,9.136103413710132e-05,65
1606.0000000000293,338.15,0.16128525752801676,9.134113892544543e-05,65
1608.0000000000296,338.15,0.1614679000241093,9.132124804626508e-05,65
1610.0000000000296,338.15,0.16165050274710652,9.130136149861683e-05,65
1612.0000000000296,338.15,0.16183306570566963,9.128147928155743e-05,65
1614.0000000000298,338.15,0.1620155889084579,9.12616013941438e-05,65
1616.0000000000298,338.15,0.16219807236412878,9.124172783543313e-05,65
1618.00000000003,338.15,0.16238051608133774,9.122185860448276e-05,65
1620.00000000003,338.15,0.16256292006873846,9.120199370035026e-05,65
1622.0000000000302,338.15,0.16274528433498264,9.11821331220934e-05,65
1624.0000000000302,338.15,0.16292760888872018,9.116227686877016e-05,65
1626.0000000000305,338.15,0.16310989373859905,9.114242493943871e-05,65
1628.0000000000305,338.15,0.16329213889326535,9.112257733315746e-05,65
1630.0000000000305,338.15,0.16347434436136332,9.110273404898499e-05,65
1632.0000000000307,338.15,0.1636565101515353,9.10828950859801e-05,65
1634.0000000000307,338.15,0.1638386362724217,9.106306044320179e-05,65
1636.000000000031,338.15,0.16402072273266113,9.104323011970926e-05,65
1638.000000000031,338.15,0.16420276954089025,9.102340411456192e-05,65
1640.0000000000312,338.15,0.1643847767057439,9.10035824268194e-05,65
1642.0000000000312,338.15,0.16456674423585496,9.098376505554153e-05,65
1644.0000000000312,338.15,0.16474867213985453,9.096395199978833e-05,65
1646.0000000000314,338.15,0.16493056042637178,9.094414325862e-05,65
1648.0000000000314,338.15,0.16511240910403396,9.092433883109701e-05,65
1650.0000000000316,338.15,0.16529421818146653,9.090453871628e-05,65
1652.0000000000316,338.15,0.165475987667293,9.088474291322979e-05,65
1654.0000000000318,338.15,0.165657717570135,9.086495142100744e-05,65
1656.0000000000318,338.15,0.16583940789861235,9.08451642386742e-05,65
1658.0000000000318,338.15,0.16602105866134292,9.082538136529156e-05,65
1660.000000000032,338.15,0.16620266986694276,9.080560279992114e-05,65
1662.000000000032,338.15,0.166384241524026,9.078582854162483e-05,65
1664.0000000000323,338.15,0.16656577364120492,9.076605858946469e-05,65
1666.0000000000323,338.15,0.16674726622708994,9.074629294250301e-05,65
1668.0000000000325,338.15,0.16692871929028955,9.072653159980226e-05,65
1670.0000000000325,338.15,0.1671101328394104,9.070677456042513e-05,65
1672.0000000000327,338.15,0.16729150688305727,9.068702182343448e-05,65
1674.0000000000327,338.15,0.16747284142983307,9.066727338789344e-05,65
1676.0000000000327,338.15,0.1676541364883388,9.064752925286529e-05,65
1678.000000000033,338.15,0.16783539206717363,9.062778941741352e-05,65
1680.000000000033,338.15,0.16801660817493483,9.060805388060187e-05,65
1682.0000000000332,338.15,0.16819778482021783,9.058832264149419e-05,65
1684.0000000000332,338.15,0.16837892201161614,9.056859569915463e-05,65
1686.0000000000334,338.15,0.16856001975772145,9.054887305264751e-05,65
1688.0000000000334,338.15,0.16874107806712352,9.052915470103733e-05,65
1690.0000000000337,338.15,0.1689220969484103,9.050944064338884e-05,65
1692.0000000000337,338.15,0.16910307641016784,9.048973087876691e-05,65
1694.0000000000337,338.15,0.16928401646098032,9.047002540623673e-05,65
1696.0000000000339,338.15,0.16946491710943004,9.045032422486362e-05,65
1698.0000000000339,338.15,0.16964577836409747,9.043062733371311e-05,65
1700.000000000034,338.15,0.16982660023356116,9.041093473185092e-05,65
1702.000000000034,338.15,0.17000738272639784,9.039124641834303e-05,65
1704.0000000000343,338.15,0.17018812585118234,9.037156239225556e-05,65
1706.0000000000343,338.15,0.17036882961648767,9.035188265265487e-05,65
1708.0000000000343,338.15,0.17054949403088487,9.033220719860752e-05,65
1710.0000000000346,338.15,0.17073011910294322,9.031253602918027e-05,65
1712.0000000000346,338.15,0.1709107048412301,9.029286914344008e-05,65
1714.0000000000348,338.15,0.17109125125431102,9.027320654045409e-05,65
1716.0000000000348,338.15,0.1712717583507496,9.02535482192897e-05,65
1718.000000000035,338.15,0.17145222613910763,9.023389417901447e-05,65
1720.000000000035,338.15,0.17163265462794502,9.021424441869617e-05,65
1722.000000000035,338.15,0.17181304382581983,9.019459893740276e-05,65
1724.0000000000352,338.15,0.17199339374128822,9.017495773420245e-05,65
1726.0000000000352,338.15,0.17217370438290455,9.01553208081636e-05,65
1728.0000000000355,338.15,0.17235397575922126,9.01356881583548e-05,65
1730.0000000000355,338.15,0.17253420787878895,9.011605978384484e-05,65
1732.0000000000357,338.15,0.17271440075015637,9.009643568370272e-05,65
1734.0000000000357,338.15,0.17289455438187037,9.007681585699762e-05,65
1736.000000000036,338.15,0.17307466878247596,9.005720030279895e-05,65
1738.000000000036,338.15,0.17325474396051632,9.003758902017628e-05,65
1740.000000000036,338.15,0.1734347799245327,9.001798200819945e-05,65
1742.0000000000362,338.15,0.17361477668306458,8.999837926593844e-05,65
1744.0000000000362,338.15,0.1737947342446495,8.997878079246346e-05,65
1746.0000000000364,338.15,0.1739746526178232,8.995918658684492e-05,65
1748.0000000000364,338.15,0.1741545318111195,8.993959664815343e-05,65
1750.0000000000366,338.15,0.17433437183307043,8.99200109754598e-05,65
1752.0000000000366,338.15,0.1745141726922061,8.990042956783506e-05,65
1754.0000000000368,338.15,0.1746939343970548,8.988085242435041e-05,65
1756.0000000000368,338.15,0.17487365695614296,8.986127954407728e-05,65
1758.0000000000368,338.15,0.17505334037799514,8.984171092608731e-05,65
1760.000000000037,338.15,0.17523298467113405,8.98221465694523e-05,65
1762.000000000037,338.15,0.17541258984408054,8.980258647324428e-05,65
1764.0000000000373,338.15,0.1755921559053536,8.978303063653548e-05,65
1766.0000000000373,338.15,0.1757716828634704,8.976347905839835e-05,65
1768.0000000000375,338.15,0.17595117072694622,8.974393173790551e-05,65
1770.0000000000375,338.15,0.17613061950429448,8.972438867412978e-05,65
1772.0000000000375,338.15,0.17631002920402677,8.970484986614422e-05,65
1774.0000000000377,338.15,0.1764893998346528,8.968531531302206e-05,65
1776.0000000000377,338.15,0.17666873140468048,8.966578501383673e-05,65
1778.000000000038,338.15,0.1768480239226158,8.964625896766192e-05,65
1780.000000000038,338.15,0.17702727739696295,8.96267371735714e-05,65
1782.0000000000382,338.15,0.17720649183622422,8.960721963063926e-05,65
1784.0000000000382,338.15,0.1773856672489001,8.958770633793977e-05,65
1786.0000000000382,338.15,0.1775648036434892,8.956819729454732e-05,65
1788.0000000000384,338.15,0.17774390102848828,8.95486924995366e-05,65
1790.0000000000384,338.15,0.17792295941239225,8.952919195198246e-05,65
1792.0000000000387,338.15,0.17810197880369416,8.950969565095993e-05,65
1794.0000000000387,338.15,0.17828095921088524,8.94902035955443e-05,65
1796.0000000000389,338.15,0.17845990064245487,8.947071578481099e-05,65
1798.0000000000389,338.15,0.17863880310689054,8.94512322178357e-05,65
1800.000000000039,338.15,0.17881766661267792,8.943175289369427e-05,65
1802.000000000039,338.15,0.17899649116830085,8.941227781146274e-05,65
1804.000000000039,338.15,0.1791752767822413,8.939280697021739e-05,65
1806.0000000000393,338.15,0.17935402346297935,8.937334036903467e-05,65
1808.0000000000393,338.15,0.17953273121899332,8.935387800699127e-05,65
1810.0000000000396,338.15,0.17971140005875966,8.933441988316404e-05,65
1812.0000000000396,338.15,0.17989002999075293,8.931496599663005e-05,65
1814.0000000000398,338.15,0.18006862102344587,8.929551634646656e-05,65
1816.0000000000398,338.15,0.18024717316530936,8.927607093175104e-05,65
1818.00000000004,338.15,0.1804256864248125,8.925662975156115e-05,65
1820.00000000004,338.15,0.18060416081042244,8.923719280497478e-05,65
1822.00000000004,338.15,0.1807825963306046,8.921776009106998e-05,65
1824.0000000000402,338.15,0.18096099299382243,8.919833160892505e-05,65
1826.0000000000402,338.15,0.18113935080853766,8.917890735761842e-05,65
1828.0000000000405,338.15,0.18131766978321012,8.915948733622879e-05,65
1830.0000000000405,338.15,0.1814959499262978,8.914007154383503e-05,65
1832.0000000000407,338.15,0.18167419124625683,8.912065997951623e-05,65
1834.0000000000407,338.15,0.18185239375154152,8.910125264235163e-05,65
1836.0000000000407,338.15,0.18203055745060437,8.908184953142072e-05,65
1838.000000000041,338.15,0.18220868235189597,8.906245064580318e-05,65
1840.000000000041,338.15,0.18238676846386512,8.904305598457888e-05,65
1842.0000000000412,338.15,0.18256481579495878,8.902366554682791e-05,65
1844.0000000000412,338.15,0.18274282435362205,8.900427933163053e-05,65
1846.0000000000414,338.15,0.18292079414829818,8.898489733806721e-05,65
1848.0000000000414,338.15,0.18309872518742862,8.896551956521865e-05,65
1850.0000000000414,338.15,0.18327661747945295,8.894614601216571e-05,65
1852.0000000000416,338.15,0.18345447103280893,8.89267766779895e-05,65
1854.0000000000416,338.15,0.18363228585593247,8.890741156177123e-05,65
1856.0000000000418,338.15,0.18381006195725766,8.888805066259244e-05,65
1858.0000000000418,338.15,0.18398779934521672,8.886869397953478e-05,65
1860.000000000042,338.15,0.1841654980282401,8.884934151168014e-05,65
1862.000000000042,338.15,0.18434315801475631,8.882999325811058e-05,65
1864.0000000000423,338.15,0.18452077931319213,8.88106492179084e-05,65
1866.0000000000423,338.15,0.18469836193197245,8.879130939015606e-05,65
1868.0000000000423,338.15,0.18487590587952032,8.877197377393624e-05,65
1870.0000000000425,338.15,0.185053411164257,8.875264236833182e-05,65
1872.0000000000425,338.15,0.18523087779460184,8.873331517242587e-05,65
1874.0000000000427,338.15,0.18540830577897244,8.871399218530167e-05,65
1876.0000000000427,338.15,0.18558569512578452,8.869467340604272e-05,65
1878.000000000043,338.15,0.185763045843452,8.867535883373265e-05,65
1880.000000000043,338.15,0.1859403579403869,8.865604846745536e-05,65
1882.0000000000432,338.15,0.18611763142499949,8.863674230629493e-05,65
1884.0000000000432,338.15,0.18629486630569816,8.861744034933562e-05,65
1886.0000000000432,338.15,0.1864720625908895,8.859814259566192e-05,65
1888.0000000000434,338.15,0.1866492202889782,8.857884904435847e-05,65
1890.0000000000434,338.15,0.18682633940836724,8.855955969451017e-05,65
1892.0000000000437,338.15,0.18700341995745765,8.85402745452021e-05,65
1894.0000000000437,338.15,0.18718046194464869,8.85209935955195e-05,65
1896.0000000000439,338.15,0.18735746537833778,8.850171684454786e-05,65
1898.0000000000439,338.15,0.18753443026692052,8.848244429137284e-05,65
1900.0000000000439,338.15,0.18771135661879068,8.846317593508032e-05,65
1902.000000000044,338.15,0.1878882444423402,8.844391177475634e-05,65
1904.000000000044,338.15,0.18806509374595917,8.84246518094872e-05,65
1906.0000000000443,338.15,0.18824190453803588,8.840539603835935e-05,65
1908.0000000000443,338.15,0.1884186768269568,8.838614446045944e-05,65
1910.0000000000446,338.15,0.18859541062110655,8.836689707487436e-05,65
1912.0000000000446,338.15,0.18877210592886792,8.834765388069116e-05,65
1914.0000000000446,338.15,0.1889487627586219,8.832841487699708e-05,65
1916.0000000000448,338.15,0.18912538111874766,8.830918006287962e-05,65
1918.0000000000448,338.15,0.1893019610176225,8.82899494374264e-05,65
1920.0000000000448,338.15,0.18947850246362197,8.82707229997253e-05,65
1922.0000000000446,338.15,0.1896550054651197,8.825150074886436e-05,65
1924.0000000000446,338.15,0.18983147003048756,8.823228268393185e-05,65
1926.0000000000443,338.15,0.1900078961680956,8.821306880401621e-05,65
1928.0000000000443,338.15,0.190184283886312,8.81938591082061e-05,65
1930.000000000044,338.15,0.1903606331935032,8.817465359559034e-05,65
1932.000000000044,338.15,0.1905369440980337,8.815545226525803e-05,65
1934.0000000000439,338.15,0.1907132166082663,8.813625511629838e-05,65
1936.0000000000439,338.15,0.1908894507325619,8.811706214780082e-05,65
1938.0000000000437,338.15,0.1910656464792796,8.809787335885504e-05,65
1940.0000000000437,338.15,0.1912418038567767,8.807868874855085e-05,65
1942.0000000000434,338.15,0.19141792287340864,8.805950831597829e-05,65
1944.0000000000434,338.15,0.1915940035375291,8.804033206022761e-05,65
1946.0000000000432,338.15,0.19177004585748986,8.802115998038924e-05,65
1948.0000000000432,338.15,0.19194604984164096,8.800199207555381e-05,65
1950.000000000043,338.15,0.19212201549833058,8.798282834481215e-05,65
1952.000000000043,338.15,0.1922979428359051,8.79636687872553e-05,65
1954.0000000000427,338.15,0.19247383186270905,8.794451340197447e-05,65
1956.0000000000427,338.15,0.19264968258708517,8.792536218806109e-05,65
1958.0000000000425,338.15,0.1928254950173744,8.79062151446068e-05,65
1960.0000000000425,338.15,0.1930012691619158,8.78870722707034e-05,65
1962.0000000000423,338.15,0.19317700502904667,8.786793356544292e-05,65
1964.0000000000423,338.15,0.1933527026271025,8.784879902791759e-05,65
1966.000000000042,338.15,0.19352836196441695,8.78296686572198e-05,65
1968.000000000042,338.15,0.19370398304932182,8.781054245244218e-05,65
1970.0000000000418,338.15,0.19387956589014718,8.779142041267752e-05,65
1972.0000000000418,338.15,0.19405511049522123,8.777230253701883e-05,65
1974.0000000000416,338.15,0.19423061687287035,8.775318882455934e-05,65
1976.0000000000416,338.15,0.19440608503141915,8.773407927439243e-05,65
1978.0000000000414,338.15,0.19458151497919038,8.77149738856117e-05,65
1980.0000000000414,338.15,0.194756906724505,8.769587265731095e-05,65
1982.0000000000412,338.15,0.19493226027568217,8.767677558858418e-05,65
1984.0000000000412,338.15,0.19510757564103923,8.765768267852557e-05,65
1986.000000000041,338.15,0.19528285282889168,8.763859392622953e-05,65
1988.000000000041,338.15,0.19545809184755328,8.761950933079061e-05,65
1990.0000000000407,338.15,0.1956332927053359,8.760042889130363e-05,65
1992.0000000000407,338.15,0.19580845541054961,8.758135260686355e-05,65
1994.0000000000405,338.15,0.19598357997150276,8.756228047656556e-05,65
1996.0000000000405,338.15,0.19615866639650176,8.754321249950501e-05,65
1998.0000000000402,338.15,0.1963337146938513,8.75241486747775e-05,65
2000.0000000000402,338.15,0.19650872487185425,8.750508900147878e-05,65
2002.00000000004,338.15,0.19668369693881166,8.748603347870483e-05,65
2004.00000000004,338.15,0.19685863090302277,8.746698210555178e-05,65
2006.0000000000398,338.15,0.19703352677278502,8.744793488111603e-05,65
2008.0000000000398,338.15,0.197208384556394,8.742889180449412e-05,65
2010.0000000000396,338.15,0.19738320426214356,8.740985287478279e-05,65
2012.0000000000396,338.15,0.1975579858983257,8.739081809107901e-05,65
2014.0000000000393,338.15,0.19773272947323067,8.73717874524799e-05,65
2016.0000000000393,338.15,0.19790743499514685,8.735276095808283e-05,65
2018.000000000039,338.15,0.19808210247236083,8.733373860698532e-05,65
2020.000000000039,338.15,0.1982567319131574,8.731472039828512e-05,65
2022.0000000000389,338.15,0.19843132332581956,8.729570633108014e-05,65
2024.0000000000389,338.15,0.1986058767186285,8.727669640446853e-05,65
2026.0000000000387,338.15,0.1987803920998636,8.72576906175486e-05,65
2028.0000000000387,338.15,0.19895486947780242,8.723868896941888e-05,65
2030.0000000000384,338.15,0.19912930886072078,8.72196914591781e-05,65
2032.0000000000384,338.15,0.19930371025689264,8.720069808592514e-05,65
2034.0000000000382,338.15,0.19947807367459017,8.718170884875914e-05,65
2036.0000000000382,338.15,0.1996523991220837,8.716272374677939e-05,65
2038.000000000038,338.15,0.19982668660764188,8.714374277908539e-05,65
2040.000000000038,338.15,0.20000093613953143,8.712476594477686e-05,65
2042.0000000000377,338.15,0.20017514772601733,8.710579324295368e-05,65
2044.0000000000377,338.15,0.20034932137536277,8.708682467271594e-05,65
2046.0000000000375,338.15,0.20052345709582908,8.706786023316392e-05,65
2048.0000000000373,338.15,0.20069755489567587,8.70488999233981e-05,65
2050.0000000000373,338.15,0.2008716147831609,8.702994374251917e-05,65
2052.0000000000373,338.15,0.20104563676654016,8.701099168962802e-05,65
2054.0000000000373,338.15,0.2012196208540678,8.699204376382569e-05,65
2056.000000000037,338.15,0.20139356705399622,8.697309996421346e-05,65
2058.000000000037,338.15,0.201567475374576,8.695416028989278e-05,65
2060.000000000037,338.15,0.20174134582405592,8.693522473996532e-05,65
2062.000000000037,338.15,0.201915178410683,8.691629331353293e-05,65
2064.0000000000364,338.15,0.20208897314270238,8.689736600969765e-05,65
2066.0000000000364,338.15,0.2022627300283575,8.687844282756173e-05,65
2068.0000000000364,338.15,0.20243644907588998,8.685952376622762e-05,65
2070.0000000000364,338.15,0.20261013029353958,8.684060882479792e-05,65
2072.000000000036,338.15,0.20278377368954434,8.682169800237549e-05,65
2074.000000000036,338.15,0.20295737927214047,8.680279129806336e-05,65
2076.000000000036,338.15,0.2031309470495624,8.678388871096474e-05,65
2078.000000000036,338.15,0.20330447703004276,8.676499024018304e-05,65
2080.0000000000355,338.15,0.2034779692218124,8.674609588482188e-05,65
2082.0000000000355,338.15,0.20365142363310038,8.672720564398506e-05,65
2084.0000000000355,338.15,0.20382484027213393,8.670831951677659e-05,65
2086.0000000000355,338.15,0.20399821914713853,8.668943750230066e-05,65
2088.000000000035,338.15,0.20417156026633784,8.667055959966165e-05,65
2090.000000000035,338.15,0.20434486363795376,8.665168580796418e-05,65
2092.000000000035,338.15,0.20451812927020638,8.663281612631301e-05,65
2094.000000000035,338.15,0.204691357171314,8.661395055381312e-05,65
2096.0000000000346,338.15,0.20486454734949314,8.659508908956967e-05,65
2098.0000000000346,338.15,0.20503769981295852,8.657623173268806e-05,65
2100.0000000000346,338.15,0.20521081456992307,8.65573784822738e-05,65
2102.0000000000346,338.15,0.20538389162859794,8.65385293374327e-05,65
2104.000000000034,338.15,0.20555693099719247,8.651968429727067e-05,65
2106.000000000034,338.15,0.20572993268391426,8.650084336089387e-05,65
2108.000000000034,338.15,0.20590289669696907,8.648200652740866e-05,65
2110.000000000034,338.15,0.2060758230445609,8.646317379592156e-05,65
2112.0000000000337,338.15,0.20624871173489198,8.644434516553927e-05,65
2114.0000000000337,338.15,0.20642156277616272,8.642552063536876e-05,65
2116.0000000000337,338.15,0.20659437617657175,8.640670020451713e-05,65
2118.0000000000337,338.15,0.20676715194431594,8.638788387209169e-05,65
2120.000000000033,338.15,0.20693989008759034,8.636907163719994e-05,65
2122.000000000033,338.15,0.20711259061458823,8.635026349894961e-05,65
2124.000000000033,338.15,0.20728525353350113,8.633145945644857e-05,65
2126.000000000033,338.15,0.20745787885251873,8.63126595088049e-05,65
2128.0000000000327,338.15,0.20763046657982898,8.629386365512692e-05,65
2130.0000000000327,338.15,0.20780301672361803,8.627507189452309e-05,65
2132.0000000000327,338.15,0.20797552929207025,8.625628422610207e-05,65
2134.0000000000327,338.15,0.2081480042933682,8.623750064897275e-05,65
2136.0000000000323,338.15,0.20832044173569267,8.621872116224417e-05,65
2138.0000000000323,338.15,0.20849284162722273,8.619994576502561e-05,65
2140.0000000000323,338.15,0.20866520397613558,8.61811744564265e-05,65
2142.0000000000323,338.15,0.20883752879060669,8.616240723555648e-05,65
2144.000000000032,338.15,0.20900981607880972,8.614364410152542e-05,65
2146.000000000032,338.15,0.2091820658489166,8.61248850534433e-05,65
2148.000000000032,338.15,0.20935427810909746,8.610613009042037e-05,65
2150.000000000032,338.15,0.20952645286752059,8.608737921156706e-05,65
2152.0000000000314,338.15,0.20969859013235256,8.606863241599397e-05,65
2154.0000000000314,338.15,0.2098706899117582,8.604988970281189e-05,65
2156.0000000000314,338.15,0.21004275221390045,8.603115107113184e-05,65
2158.0000000000314,338.15,0.21021477704694058,8.601241652006501e-05,65
2160.000000000031,338.15,0.21038676441903803,8.599368604872278e-05,65
2162.000000000031,338.15,0.21055871433835047,8.597495965621674e-05,65
2164.000000000031,338.15,0.21073062681303378,8.595623734165864e-05,65
2166.000000000031,338.15,0.2109025018512421,8.593751910416048e-05,65
2168.0000000000305,338.15,0.21107433946112777,8.591880494283442e-05,65
2170.0000000000305,338.15,0.21124613965084135,8.590009485679276e-05,65
2172.0000000000305,338.15,0.21141790242853165,8.58813888451481e-05,65
2174.0000000000305,338.15,0.21158962780234566,8.586268690701316e-05,65
2176.00000000003,338.15,0.21176131578042867,8.584398904150088e-05,65
2178.00000000003,338.15,0.21193296637092413,8.58252952477244e-05,65
2180.00000000003,338.15,0.2121045795819737,8.580660552479698e-05,65
2182.00000000003,338.15,0.21227615542171738,8.578791987183221e-05,65
2184.0000000000296,338.15,0.21244769389829327,8.576923828794375e-05,65
2186.0000000000296,338.15,0.21261919501983775,8.57505607722455e-05,65
2188.0000000000296,338.15,0.21279065879448544,8.573188732385158e-05,65
2190.0000000000296,338.15,0.2129620852303692,8.571321794187625e-05,65
2192.000000000029,338.15,0.21313347433562005,8.5694552625434e-05,65
2194.000000000029,338.15,0.21330482611836732,8.567589137363949e-05,65
2196.000000000029,338.15,0.21347614058673853,8.565723418560758e-05,65
2198.000000000029,338.15,0.21364741774885943,8.563858106045333e-05,65
2200.0000000000286,338.15,0.213818657612854,8.5619931997292e-05,65
2202.0000000000286,338.15,0.2139898601868445,8.560128699523901e-05,65
2204.0000000000286,338.15,0.2141610254789513,8.558264605341001e-05,65
2206.0000000000286,338.15,0.21433215349729315,8.556400917092083e-05,65
2208.000000000028,338.15,0.21450324424998693,8.554537634688747e-05,65
2210.000000000028,338.15,0.2146742977451478,8.552674758042616e-05,65
2212.000000000028,338.15,0.2148453139908891,8.550812287065329e-05,65
2214.000000000028,338.15,0.21501629299532246,8.548950221668547e-05,65
2216.0000000000277,338.15,0.21518723476655774,8.547088561763948e-05,65
2218.0000000000277,338.15,0.215358139312703,8.545227307263229e-05,65
2220.0000000000277,338.15,0.21552900664186456,8.54336645807811e-05,65
2222.0000000000277,338.15,0.21569983676214696,8.541506014120326e-05,65
2224.0000000000273,338.15,0.215870629681653,8.539645975301633e-05,65
2226.0000000000273,338.15,0.21604138540848367,8.537786341533805e-05,65
2228.0000000000273,338.15,0.21621210395073823,8.535927112728637e-05,65
2230.0000000000273,338.15,0.2163827853165142,8.534068288797945e-05,65
2232.000000000027,338.15,0.21655342951390727,8.532209869653556e-05,65
2234.000000000027,338.15,0.2167240365510114,8.530351855207326e-05,65
2236.000000000027,338.15,0.21689460643591885,8.528494245371126e-05,65
2238.000000000027,338.15,0.21706513917672,8.526637040056845e-05,65
2240.0000000000264,338.15,0.2172356347815035,8.52478023917639e-05,65
2242.0000000000264,338.15,0.21740609325835636,8.522923842641695e-05,65
2244.0000000000264,338.15,0.21757651461536365,8.521067850364703e-05,65
2246.0000000000264,338.15,0.2177468988606088,8.519212262257385e-05,65
2248.000000000026,338.15,0.21791724600217344,8.517357078231722e-05,65
2250.000000000026,338.15,0.21808755604813743,8.515502298199724e-05,65
2252.000000000026,338.15,0.2182578290065789,8.513647922073413e-05,65
2254.000000000026,338.15,0.21842806488557417,8.511793949764834e-05,65
2256.0000000000255,338.15,0.2185982636931979,8.509940381186049e-05,65
2258.0000000000255,338.15,0.2187684254375229,8.508087216249139e-05,65
2260.0000000000255,338.15,0.21893855012662022,8.506234454866207e-05,65
2262.0000000000255,338.15,0.2191086377685592,8.50438209694937e-05,65
2264.000000000025,338.15,0.21927868837140743,8.502530142410771e-05,65
2266.000000000025,338.15,0.21944870194323068,8.500678591162566e-05,65
2268.000000000025,338.15,0.21961867849209302,8.498827443116932e-05,65
2270.000000000025,338.15,0.21978861802605673,8.496976698186069e-05,65
2272.0000000000246,338.15,0.21995852055318238,8.49512635628219e-05,65
2274.0000000000246,338.15,0.22012838608152874,8.49327641731753e-05,65
2276.0000000000246,338.15,0.22029821461915283,8.491426881204346e-05,65
2278.0000000000246,338.15,0.22046800617410994,8.489577747854909e-05,65
2280.000000000024,338.15,0.22063776075445357,8.487729017181508e-05,65
2282.000000000024,338.15,0.2208074783682355,8.48588068909646e-05,65
2284.000000000024,338.15,0.22097715902350573,8.484032763512095e-05,65
2286.000000000024,338.15,0.22114680272831255,8.482185240340758e-05,65
2288.0000000000236,338.15,0.22131640949070244,8.480338119494819e-05,65
2290.0000000000236,338.15,0.2214859793187202,8.478491400886669e-05,65
2292.0000000000236,338.15,0.22165551222040877,8.476645084428712e-05,65
2294.0000000000236,338.15,0.22182500820380943,8.474799170033374e-05,65
2296.000000000023,338.15,0.2219944672769617,8.472953657613102e-05,65
2298.000000000023,338.15,0.2221638894479033,8.471108547080358e-05,65
2300.000000000023,338.15,0.22233327472467027,8.469263838347626e-05,65
2302.000000000023,338.15,0.2225026231152968,8.467419531327407e-05,65
2304.0000000000227,338.15,0.22267193462781545,8.465575625932224e-05,65
2306.0000000000227,338.15,0.22284120927025694,8.463732122074615e-05,65
2308.0000000000227,338.15,0.2230104470506503,8.46188901966714e-05,65
2310.0000000000227,338.15,0.22317964797702275,8.460046318622379e-05,65
2312.0000000000223,338.15,0.22334881205739981,8.458204018852927e-05,65
2314.0000000000223,338.15,0.22351793929980524,8.456362120271402e-05,65
2316.0000000000223,338.15,0.22368702971226104,8.45452062279044e-05,65
2318.0000000000223,338.15,0.2238560833027875,8.452679526322692e-05,65
2320.000000000022,338.15,0.22402510007940313,8.450838830780835e-05,65
2322.000000000022,338.15,0.22419408005012467,8.448998536077561e-05,65
2324.000000000022,338.15,0.2243630232229672,8.44715864212558e-05,65
2326.000000000022,338.15,0.22453192960594395,8.445319148837623e-05,65
2328.0000000000214,338.15,0.22470079920706648,8.443480056126441e-05,65
2330.0000000000214,338.15,0.22486963203434457,8.441641363904801e-05,65
2332.0000000000214,338.15,0.22503842809578628,8.43980307208549e-05,65
2334.0000000000214,338.15,0.2252071873993979,8.437965180581315e-05,65
2336.000000000021,338.15,0.22537590995318402,8.436127689305102e-05,65
2338.000000000021,338.15,0.2255445957651474,8.434290598169696e-05,65
2340.000000000021,338.15,0.22571324484328917,8.43245390708796e-05,65
2342.000000000021,338.15,0.22588185719560863,8.430617615972774e-05,65
2344.0000000000205,338.15,0.22605043283010337,8.428781724737043e-05,65
2346.0000000000205,338.15,0.22621897175476924,8.426946233293686e-05,65
2348.0000000000205,338.15,0.22638747397760034,8.425111141555642e-05,65
2350.0000000000205,338.15,0.22655593950658906,8.423276449435868e-05,65
2352.00000000002,338.15,0.226724368349726,8.421442156847345e-05,65
2354.00000000002,338.15,0.22689276051500007,8.419608263703065e-05,65
2356.00000000002,338.15,0.22706111601039838,8.417774769916046e-05,65
2358.00000000002,338.15,0.22722943484390637,8.41594167539932e-05,65
2360.0000000000196,338.15,0.2273977170235077,8.414108980065941e-05,65
2362.0000000000196,338.15,0.22756596255718428,8.412276683828981e-05,65
2364.0000000000196,338.15,0.2277341714529163,8.410444786601532e-05,65
2366.0000000000196,338.15,0.22790234371868223,8.408613288296702e-05,65
2368.000000000019,338.15,0.22807047936245878,8.406782188827621e-05,65
2370.000000000019,338.15,0.22823857839222092,8.404951488107435e-05,65
2372.000000000019,338.15,0.22840664081594192,8.403121186049312e-05,65
2374.000000000019,338.15,0.22857466664159326,8.401291282566438e-05,65
2376.0000000000186,338.15,0.2287426558771447,8.399461777572014e-05,65
2378.0000000000186,338.15,0.2289106085305643,8.397632670979268e-05,65
2380.0000000000186,338.15,0.22907852460981834,8.395803962701438e-05,65
2382.0000000000186,338.15,0.22924640412287137,8.393975652651787e-05,65
2384.000000000018,338.15,0.22941424707768623,8.392147740743597e-05,65
2386.000000000018,338.15,0.22958205348222405,8.390320226890163e-05,65
2388.000000000018,338.15,0.22974982334444413,8.388493111004804e-05,65
2390.000000000018,338.15,0.22991755667230415,8.386666393000859e-05,65
2392.0000000000177,338.15,0.23008525347376,8.384840072791679e-05,65
2394.0000000000177,338.15,0.2302529137567658,8.383014150290643e-05,65
2396.0000000000177,338.15,0.23042053752927402,8.381188625411139e-05,65
2398.0000000000177,338.15,0.23058812479923535,8.379363498066584e-05,65
2400.0000000000173,338.15,0.23075567557459875,8.377538768170406e-05,65
2402.0000000000173,338.15,0.23092318986331148,8.375714435636057e-05,65
2404.0000000000173,338.15,0.231090667673319,8.373890500377002e-05,65
2406.0000000000173,338.15,0.23125810901256513,8.372066962306733e-05,65
2408.000000000017,338.15,0.2314255138889919,8.370243821338753e-05,65
2410.000000000017,338.15,0.23159288231053965,8.368421077386588e-05,65
2412.000000000017,338.15,0.23176021428514693,8.366598730363782e-05,65
2414.000000000017,338.15,0.2319275098207506,8.364776780183897e-05,65
2416.0000000000164,338.15,0.23209476892528583,8.362955226760518e-05,65
2418.0000000000164,338.15,0.23226199160668598,8.361134070007241e-05,65
2420.0000000000164,338.15,0.23242917787288273,8.359313309837687e-05,65
2422.0000000000164,338.15,0.23259632773180602,8.357492946165494e-05,65
2424.000000000016,338.15,0.23276344119138412,8.35567297890432e-05,65
2426.000000000016,338.15,0.23293051825954347,8.353853407967839e-05,65
2428.000000000016,338.15,0.23309755894420886,8.352034233269747e-05,65
2430.000000000016,338.15,0.23326456325330333,8.350215454723756e-05,65
2432.0000000000155,338.15,0.23343153119474822,8.348397072243597e-05,65
2434.0000000000155,338.15,0.23359846277646307,8.346579085743023e-05,65
2436.0000000000155,338.15,0.23376535800636578,8.344761495135804e-05,65
2438.0000000000155,338.15,0.23393221689237248,8.342944300335727e-05,65
2440.000000000015,338.15,0.2340990394423976,8.341127501256597e-05,65
2442.000000000015,338.15,0.23426582566435383,8.339311097812246e-05,65
2444.000000000015,338.15,0.23443257556615216,8.337495089916513e-05,65
2446.000000000015,338.15,0.23459928915570183,8.335679477483264e-05,65
2448.0000000000146,338.15,0.23476596644091036,8.333864260426381e-05,65
2450.0000000000146,338.15,0.23493260742968355,8.332049438659764e-05,65
2452.0000000000146,338.15,0.2350992121299255,8.330235012097333e-05,65
2454.0000000000146,338.15,0.23526578054953856,8.328420980653029e-05,65
2456.000000000014,338.15,0.23543231269642337,8.326607344240804e-05,65
2458.000000000014,338.15,0.23559880857847887,8.324794102774638e-05,65
2460.000000000014,338.15,0.23576526820360225,8.322981256168527e-05,65
2462.000000000014,338.15,0.23593169157968896,8.32116880433648e-05,65
2464.0000000000136,338.15,0.23609807871463281,8.31935674719253e-05,65
2466.0000000000136,338.15,0.23626442961632582,8.31754508465073e-05,65
2468.0000000000136,338.15,0.2364307442926583,8.31573381662515e-05,65
2470.0000000000136,338.15,0.23659702275151892,8.313922943029877e-05,65
2472.000000000013,338.15,0.2367632650007945,8.312112463779017e-05,65
2474.000000000013,338.15,0.23692947104837023,8.310302378786696e-05,65
2476.000000000013,338.15,0.23709564090212956,8.30849268796706e-05,65
2478.000000000013,338.15,0.23726177456995426,8.306683391234271e-05,65
2480.0000000000127,338.15,0.23742787205972432,8.30487448850251e-05,65
2482.0000000000127,338.15,0.23759393337931803,8.303065979685979e-05,65
2484.0000000000127,338.15,0.237759958536612,8.301257864698896e-05,65
2486.0000000000127,338.15,0.2379259475394811,8.2994501434555e-05,65
2488.0000000000123,338.15,0.2380919003957985,8.297642815870047e-05,65
2490.0000000000123,338.15,0.23825781711343563,8.295835881856811e-05,65
2492.0000000000123,338.15,0.23842369770026223,8.294029341330087e-05,65
2494.0000000000123,338.15,0.23858954216414632,8.292223194204187e-05,65
2496.000000000012,338.15,0.23875535051295418,8.290417440393444e-05,65
2498.000000000012,338.15,0.23892112275455044,8.288612079812205e-05,65
2500.000000000012,338.15,0.23908685889679793,8.28680711237484e-05,65
2502.000000000012,338.15,0.23925255894755784,8.285002537995737e-05,65
2504.0000000000114,338.15,0.23941822291468962,8.2831983565893e-05,65
2506.0000000000114,338.15,0.23958385080605102,8.281394568069954e-05,65
2508.0000000000114,338.15,0.23974944262949807,8.279591172352142e-05,65
2510.0000000000114,338.15,0.23991499839288508,8.277788169350327e-05,65
2512.000000000011,338.15,0.24008051810406467,8.275985558978986e-05,65
2514.000000000011,338.15,0.24024600177088773,8.274183341152623e-05,65
2516.000000000011,338.15,0.24041144940120343,8.27238151578575e-05,65
2518.000000000011,338.15,0.2405768610028593,8.270580082792908e-05,65
2520.0000000000105,338.15,0.24074223658370109,8.268779042088647e-05,65
2522.0000000000105,338.15,0.24090757615157285,8.266978393587546e-05,65
2524.0000000000105,338.15,0.24107287971431693,8.265178137204192e-05,65
2526.0000000000105,338.15,0.241238147279774,8.2633782728532e-05,65
2528.00000000001,338.15,0.24140337885578297,8.261578800449193e-05,65
2530.00000000001,338.15,0.24156857445018112,8.259779719906824e-05,65
2532.00000000001,338.15,0.24173373407080395,8.257981031140758e-05,65
2534.00000000001,338.15,0.24189885772548528,8.256182734065681e-05,65
2536.0000000000095,338.15,0.2420639454220572,8.254384828596293e-05,65
2538.0000000000095,338.15,0.24222899716835014,8.252587314647319e-05,65
2540.0000000000095,338.15,0.24239401297219282,8.250790192133501e-05,65
2542.0000000000095,338.15,0.24255899284141222,8.248993460969593e-05,65
2544.000000000009,338.15,0.24272393678383364,8.247197121070378e-05,65
2546.000000000009,338.15,0.24288884480728065,8.24540117235065e-05,65
2548.000000000009,338.15,0.24305371691957517,8.243605614725225e-05,65
2550.000000000009,338.15,0.24321855312853735,8.241810448108934e-05,65
2552.0000000000086,338.15,0.2433833534419857,8.240015672416633e-05,65
2554.0000000000086,338.15,0.24354811786773695,8.238221287563189e-05,65
2556.0000000000086,338.15,0.24371284641360622,8.236427293463492e-05,65
2558.0000000000086,338.15,0.24387753908740686,8.23463369003245e-05,65
2560.000000000008,338.15,0.24404219589695056,8.232840477184991e-05,65
2562.000000000008,338.15,0.24420681685004728,8.231047654836056e-05,65
2564.000000000008,338.15,0.2443714019545053,8.22925522290061e-05,65
2566.000000000008,338.15,0.24453595121813118,8.227463181293635e-05,65
2568.0000000000077,338.15,0.24470046464872977,8.225671529930131e-05,65
2570.0000000000077,338.15,0.24486494225410427,8.223880268725117e-05,65
2572.0000000000077,338.15,0.24502938404205615,8.22208939759363e-05,65
2574.0000000000077,338.15,0.24519379002038516,8.220298916450726e-05,65
2576.0000000000073,338.15,0.24535816019688939,8.218508825211478e-05,65
2578.0000000000073,338.15,0.2455224945793652,8.216719123790979e-05,65
2580.0000000000073,338.15,0.2456867931756073,8.21492981210434e-05,65
2582.0000000000073,338.15,0.24585105599340862,8.213140890066694e-05,65
2584.000000000007,338.15,0.24601528304056047,8.211352357593186e-05,65
2586.000000000007,338.15,0.24617947432485246,8.209564214598983e-05,65
2588.000000000007,338.15,0.24634362985407243,8.20777646099927e-05,65
2590.000000000007,338.15,0.2465077496360066,8.205989096709251e-05,65
2592.0000000000064,338.15,0.24667183367843948,8.204202121644148e-05,65
2594.0000000000064,338.15,0.24683588198915385,8.202415535719204e-05,65
2596.0000000000064,338.15,0.24699989457593086,8.200629338849674e-05,65
2598.0000000000064,338.15,0.24716387144654986,8.198843530950837e-05,65
2600.000000000006,338.15,0.2473278126087886,8.19705811193799e-05,65
2602.000000000006,338.15,0.24749171807042314,8.195273081726447e-05,65
2604.000000000006,338.15,0.24765558783922778,8.193488440231538e-05,65
2606.000000000006,338.15,0.24781942192297515,8.191704187368618e-05,65
2608.0000000000055,338.15,0.2479832203294362,8.189920323053055e-05,65
2610.0000000000055,338.15,0.24814698306638022,8.188136847200236e-05,65
2612.0000000000055,338.15,0.24831071014157474,8.186353759725569e-05,65
2614.0000000000055,338.15,0.24847440156278564,8.184571060544481e-05,65
2616.000000000005,338.15,0.24863805733777708,8.18278874957241e-05,65
2618.000000000005,338.15,0.2488016774743116,8.181006826724822e-05,65
2620.000000000005,338.15,0.24896526198014993,8.179225291917195e-05,65
2622.000000000005,338.15,0.24912881086305122,8.17744414506503e-05,65
2624.0000000000045,338.15,0.2492923241307729,8.175663386083843e-05,65
2626.0000000000045,338.15,0.24945580179107069,8.173883014889167e-05,65
2628.0000000000045,338.15,0.24961924385169862,8.172103031396558e-05,65
2630.0000000000045,338.15,0.24978265032040906,8.170323435521588e-05,65
2632.000000000004,338.15,0.24994602120495266,8.168544227179848e-05,65
2634.000000000004,338.15,0.2501093565130784,8.166765406286945e-05,65
2636.000000000004,338.15,0.2502726562525336,8.164986972758508e-05,65
2638.000000000004,338.15,0.2504359204310638,8.163208926510183e-05,65
2640.0000000000036,338.15,0.25059914905641295,8.161431267457633e-05,65
2642.0000000000036,338.15,0.25076234213632326,8.159653995516539e-05,65
2644.0000000000036,338.15,0.25092549967853534,8.157877110602606e-05,65
2646.0000000000036,338.15,0.25108862169078794,8.15610061263155e-05,65
2648.000000000003,338.15,0.2512517081808183,8.154324501519108e-05,65
2650.000000000003,338.15,0.25141475915636197,8.152548777181039e-05,65
2652.000000000003,338.15,0.25157777462515263,8.150773439533112e-05,65
2654.000000000003,338.15,0.25174075459492246,8.148998488491125e-05,65
2656.0000000000027,338.15,0.2519036990734019,8.147223923970886e-05,65
2658.0000000000027,338.15,0.25206660806831965,8.145449745888224e-05,65
2660.0000000000027,338.15,0.2522294815874028,8.143675954158989e-05,65
2662.0000000000027,338.15,0.2523923196383768,8.141902548699042e-05,65
2664.0000000000023,338.15,0.2525551222289653,8.140129529424273e-05,65
2666.0000000000023,338.15,0.2527178893668903,8.138356896250582e-05,65
2668.0000000000023,338.15,0.2528806210598722,8.136584649093887e-05,65
2670.0000000000023,338.15,0.25304331731562957,8.13481278787013e-05,65
2672.000000000002,338.15,0.25320597814187945,8.13304131249527e-05,65
2674.000000000002,338.15,0.25336860354633717,8.131270222885281e-05,65
2676.000000000002,338.15,0.25353119353671627,8.129499518956155e-05,65
2678.000000000002,338.15,0.25369374812072876,8.127729200623905e-05,65
2680.0000000000014,338.15,0.25385626730608485,8.125959267804565e-05,65
2682.0000000000014,338.15,0.25401875110049316,8.124189720414181e-05,65
2684.0000000000014,338.15,0.2541811995116605,8.12242055836882e-05,65
2686.0000000000014,338.15,0.2543436125472922,8.12065178158457e-05,65
2688.000000000001,338.15,0.25450599021509174,8.11888338997753e-05,65
2690.000000000001,338.15,0.254668332522761,8.117115383463828e-05,65
2692.000000000001,338.15,0.25483063947800016,8.115347761959599e-05,65
2694.000000000001,338.15,0.2549929110885078,8.113580525381004e-05,65
2696.0000000000005,338.15,0.2551551473619807,8.111813673644219e-05,65
2698.0000000000005,338.15,0.255317348306114,8.110047206665441e-05,65
2700.0000000000005,338.15,0.25547951392860124,8.108281124360881e-05,65
2702.0000000000005,338.15,0.2556416442371342,8.106515426646771e-05,65
2704.0,338.15,0.25580373923940297,8.10475011343936e-05,65
2706.0,338.15,0.25596579894309607,8.102985184654918e-05,65
2708.0,338.15,0.2561278233559003,8.10122064020973e-05,65
2710.0,338.15,0.2562898124855007,8.0994564800201e-05,65
2711.9999999999995,338.15,0.2564517663395807,8.097692704002353e-05,65
2713.9999999999995,338.15,0.2566136849258222,8.095929312072827e-05,65
2715.9999999999995,338.15,0.2567755682519052,8.094166304147881e-05,65
2717.9999999999995,338.15,0.25693741632550804,8.092403680143897e-05,65
2719.999999999999,338.15,0.2570992291543076,8.090641439977266e-05,65
2721.999999999999,338.15,0.2572610067459789,8.088879583564402e-05,65
2723.999999999999,338.15,0.25742274910819535,8.08711811082174e-05,65
2725.999999999999,338.15,0.25758445624862863,8.085357021665726e-05,65
2727.9999999999986,338.15,0.2577461281749489,8.083596316012832e-05,65
2729.9999999999986,338.15,0.2579077648948245,8.081835993779543e-05,65
2731.9999999999986,338.15,0.2580693664159221,8.080076054882364e-05,65
2733.9999999999986,338.15,0.25823093274590686,8.078316499237816e-05,65
2735.999999999998,338.15,0.25839246389244214,8.076557326762443e-05,65
2737.999999999998,338.15,0.2585539598631896,8.074798537372803e-05,65
2739.999999999998,338.15,0.25871542066580927,8.073040130985474e-05,65
2741.999999999998,338.15,0.2588768463079596,8.071282107517051e-05,65
2743.9999999999977,338.15,0.25903823679729726,8.069524466884147e-05,65
2745.9999999999977,338.15,0.2591995921414773,8.067767209003398e-05,65
2747.9999999999977,338.15,0.2593609123481531,8.066010333791447e-05,65
2749.9999999999977,338.15,0.2595221974249764,8.064253841164969e-05,65
2751.9999999999973,338.15,0.2596834473795972,8.062497731040645e-05,65
2753.9999999999973,338.15,0.2598446622196639,8.060742003335182e-05,65
2755.9999999999973,338.15,0.2600058419528232,8.058986657965303e-05,65
2757.9999999999973,338.15,0.26016698658672016,8.057231694847749e-05,65
2759.999999999997,338.15,0.26032809612899815,8.055477113899279e-05,65
2761.999999999997,338.15,0.26048917058729887,8.053722915036668e-05,65
2763.999999999997,338.15,0.2606502099692624,8.051969098176714e-05,65
2765.999999999997,338.15,0.2608112142825271,8.050215663236228e-05,65
2767.9999999999964,338.15,0.2609721835347298,8.048462610132043e-05,65
2769.9999999999964,338.15,0.2611331177335054,8.046709938781006e-05,65
2771.9999999999964,338.15,0.2612940168864874,8.044957649099989e-05,65
2773.9999999999964,338.15,0.26145488100130754,8.043205741005874e-05,65
2775.999999999996,338.15,0.26161571008559587,8.041454214415567e-05,65
2777.999999999996,338.15,0.2617765041469808,8.039703069245987e-05,65
2779.999999999996,338.15,0.2619372631930891,8.037952305414075e-05,65
2781.999999999996,338.15,0.2620979872315458,8.036201922836794e-05,65
2783.9999999999955,338.15,0.26225867626997446,8.034451921431113e-05,65
2785.9999999999955,338.15,0.26241933031599673,8.032702301114031e-05,65
2787.9999999999955,338.15,0.2625799493772328,8.030953061802557e-05,65
2789.9999999999955,338.15,0.26274053346130105,8.029204203413726e-05,65
2791.999999999995,338.15,0.26290108257581835,8.027455725864581e-05,65
2793.999999999995,338.15,0.2630615967283998,8.025707629072194e-05,65
2795.999999999995,338.15,0.26322207592665886,8.023959912953644e-05,65
2797.999999999995,338.15,0.2633825201782074,8.02221257742604e-05,65
2799.9999999999945,338.15,0.26354292949065555,8.020465622406495e-05,65
2801.9999999999945,338.15,0.2637033038716118,8.018719047812155e-05,65
2803.9999999999945,338.15,0.263863643328683,8.016972853560173e-05,65
2805.9999999999945,338.15,0.26402394786947436,8.015227039567724e-05,65
2807.999999999994,338.15,0.2641842175015894,8.013481605752002e-05,65
2809.999999999994,338.15,0.26434445223263,8.011736552030218e-05,65
2811.999999999994,338.15,0.26450465207019636,8.0099918783196e-05,65
2813.999999999994,338.15,0.2646648170218871,8.008247584537395e-05,65
2815.9999999999936,338.15,0.26482494709529913,8.00650367060087e-05,65
2817.9999999999936,338.15,0.26498504229802766,8.004760136427305e-05,65
2819.9999999999936,338.15,0.26514510263766633,8.003016981934002e-05,65
2821.9999999999936,338.15,0.2653051281218071,8.001274207038281e-05,65
2823.999999999993,338.15,0.2654651187580403,7.999531811657479e-05,65
2825.999999999993,338.15,0.26562507455395445,7.997789795708949e-05,65
2827.999999999993,338.15,0.26578499551713664,7.996048159110067e-05,65
2829.999999999993,338.15,0.2659448816551722,7.994306901778222e-05,65
2831.9999999999927,338.15,0.26610473297564485,7.992566023630823e-05,65
2833.9999999999927,338.15,0.26626454948613654,7.990825524585297e-05,65
2835.9999999999927,338.15,0.2664243311942277,7.989085404559092e-05,65
2837.9999999999927,338.15,0.2665840781074971,7.987345663469666e-05,65
2839.9999999999923,338.15,0.2667437902335218,7.985606301234505e-05,65
2841.9999999999923,338.15,0.2669034675798772,7.983867317771102e-05,65
2843.9999999999923,338.15,0.26706311015413714,7.98212871299698e-05,65
2845.9999999999923,338.15,0.26722271796387376,7.980390486829669e-05,65
2847.999999999992,338.15,0.2673822910166575,7.978652639186724e-05,65
2849.999999999992,338.15,0.2675418293200572,7.976915169985717e-05,65
2851.999999999992,338.15,0.2677013328816401,7.975178079144234e-05,65
2853.999999999992,338.15,0.2678608017089717,7.973441366579883e-05,65
2855.9999999999914,338.15,0.2680202358096159,7.97170503221029e-05,65
2857.9999999999914,338.15,0.26817963519113497,7.969969075953092e-05,65
2859.9999999999914,338.15,0.2683389998610895,7.968233497725957e-05,65
2861.9999999999914,338.15,0.2684983298270384,7.966498297446559e-05,65
2863.999999999991,338.15,0.26865762509653907,7.964763475032594e-05,65
2865.999999999991,338.15,0.2688168856771471,7.963029030401779e-05,65
2867.999999999991,338.15,0.26897611157641654,7.961294963471843e-05,65
2869.999999999991,338.15,0.26913530280189973,7.959561274160539e-05,65
2871.9999999999905,338.15,0.26929445936114743,7.957827962385634e-05,65
2873.9999999999905,338.15,0.2694535812617087,7.956095028064911e-05,65
2875.9999999999905,338.15,0.269612668511131,7.954362471116178e-05,65
2877.9999999999905,338.15,0.2697717211169602,7.952630291457253e-05,65
2879.99999999999,338.15,0.2699307390867403,7.95089848900598e-05,65
2881.99999999999,338.15,0.27008972242801393,7.949167063680213e-05,65
2883.99999999999,338.15,0.2702486711483219,7.947436015397829e-05,65
2885.99999999999,338.15,0.2704075852552034,7.945705344076719e-05,65
2887.9999999999895,338.15,0.2705664647561961,7.943975049634795e-05,65
2889.9999999999895,338.15,0.2707253096588359,7.94224513198999e-05,65
2891.9999999999895,338.15,0.2708841199706571,7.940515591060244e-05,65
2893.9999999999895,338.15,0.2710428956991924,7.938786426763527e-05,65
2895.999999999989,338.15,0.27120163685197274,7.93705763901782e-05,65
2897.999999999989,338.15,0.27136034343652754,7.935329227741123e-05,65
2899.999999999989,338.15,0.2715190154603846,7.933601192851456e-05,65
2901.999999999989,338.15,0.27167765293106994,7.931873534266851e-05,65
2903.9999999999886,338.15,0.27183625585610804,7.930146251905367e-05,65
2905.9999999999886,338.15,0.27199482424302174,7.928419345685073e-05,65
2907.9999999999886,338.15,0.2721533580993322,7.926692815524061e-05,65
2909.9999999999886,338.15,0.27231185743255903,7.924966661340434e-05,65
2911.999999999988,338.15,0.27247032225022005,7.923240883052323e-05,65
2913.999999999988,338.15,0.2726287525598316,7.921515480577869e-05,65
2915.999999999988,338.15,0.2727871483689083,7.919790453835231e-05,65
2917.999999999988,338.15,0.2729455096849632,7.91806580274259e-05,65
2919.9999999999877,338.15,0.2731038365155075,7.916341527218143e-05,65
2921.9999999999877,338.15,0.2732621288680511,7.914617627180103e-05,65
2923.9999999999877,338.15,0.27342038675010205,7.912894102546703e-05,65
2925.9999999999877,338.15,0.2735786101691668,7.911170953236194e-05,65
2927.9999999999873,338.15,0.2737367991327501,7.909448179166841e-05,65
2929.9999999999873,338.15,0.27389495364835525,7.907725780256933e-05,65
2931.9999999999873,338.15,0.27405307372348375,7.906003756424772e-05,65
2933.9999999999873,338.15,0.2742111593656355,7.90428210758868e-05,65
2935.999999999987,338.15,0.27436921058230884,7.902560833666995e-05,65
2937.999999999987,338.15,0.2745272273810004,7.900839934578077e-05,65
2939.999999999987,338.15,0.2746852097692052,7.899119410240294e-05,65
2941.999999999987,338.15,0.27484315775441664,7.897399260572045e-05,65
2943.9999999999864,338.15,0.2750010713441265,7.895679485491738e-05,65
2945.9999999999864,338.15,0.27515895054582484,7.8939600849178e-05,65
2947.9999999999864,338.15,0.2753167953670002,7.892241058768676e-05,65
2949.9999999999864,338.15,0.2754746058151395,7.890522406962832e-05,65
2951.999999999986,338.15,0.2756323818977279,7.888804129418748e-05,65
2953.999999999986,338.15,0.275790123622249,7.887086226054923e-05,65
2955.999999999986,338.15,0.27594783099618475,7.885368696789874e-05,65
2957.999999999986,338.15,0.2761055040270156,7.883651541542136e-05,65
2959.9999999999854,338.15,0.27626314272222025,7.881934760230259e-05,65
2961.9999999999854,338.15,0.2764207470892757,7.880218352772815e-05,65
2963.9999999999854,338.15,0.2765783171356575,7.878502319088392e-05,65
2965.9999999999854,338.15,0.2767358528688394,7.876786659095592e-05,65
2967.999999999985,338.15,0.27689335429629364,7.875071372713043e-05,65
2969.999999999985,338.15,0.2770508214254908,7.873356459859384e-05,65
2971.999999999985,338.15,0.2772082542638999,7.871641920453274e-05,65
2973.999999999985,338.15,0.2773656528189882,7.869927754413386e-05,65
2975.9999999999845,338.15,0.27752301709822136,7.868213961658417e-05,65
2977.9999999999845,338.15,0.2776803471090635,7.866500542107078e-05,65
2979.9999999999845,338.15,0.27783764285897705,7.8647874956781e-05,65
2981.9999999999845,338.15,0.27799490435542284,7.863074822290227e-05,65
2983.999999999984,338.15,0.2781521316058601,7.861362521862226e-05,65
2985.999999999984,338.15,0.2783093246177464,7.859650594312879e-05,65
2987.999999999984,338.15,0.2784664833985376,7.857939039560986e-05,65
2989.999999999984,338.15,0.2786236079556881,7.856227857525366e-05,65
2991.9999999999836,338.15,0.2787806982966506,7.854517048124852e-05,65
2993.9999999999836,338.15,0.27893775442887614,7.8528066112783e-05,65
2995.9999999999836,338.15,0.2790947763598142,7.85109654690458e-05,65
2997.9999999999836,338.15,0.27925176409691266,7.84938685492258e-05,65
2999.999999999983,338.15,0.27940871764761765,7.847677535251204e-05,65
3001.999999999983,338.15,0.27956563701937387,7.845968587809381e-05,65
3003.999999999983,338.15,0.2797225222196242,7.844260012516048e-05,65
3005.999999999983,338.15,0.27987937325580997,7.842551809290166e-05,65
3007.9999999999827,338.15,0.280036190135371,7.840843978050714e-05,65
3009.9999999999827,338.15,0.28019297286574535,7.839136518716683e-05,65
3011.9999999999827,338.15,0.2803497214543695,7.837429431207087e-05,65
3013.9999999999827,338.15,0.2805064359086783,7.835722715440952e-05,65
3015.9999999999823,338.15,0.28066311623610507,7.834016371337333e-05,65
3017.9999999999823,338.15,0.28081976244408136,7.832310398815288e-05,65
3019.9999999999823,338.15,0.2809763745400372,7.830604797793902e-05,65
3021.9999999999823,338.15,0.2811329525314011,7.828899568192277e-05,65
3023.999999999982,338.15,0.2812894964255997,7.827194709929528e-05,65
3025.999999999982,338.15,0.28144600623005817,7.825490222924792e-05,65
3027.999999999982,338.15,0.2816024819522001,7.823786107097223e-05,65
3029.999999999982,338.15,0.28175892359944743,7.82208236236599e-05,65
3031.9999999999814,338.15,0.28191533117922046,7.820378988650281e-05,65
3033.9999999999814,338.15,0.28207170469893783,7.818675985869303e-05,65
3035.9999999999814,338.15,0.28222804416601666,7.81697335394228e-05,65
3037.9999999999814,338.15,0.28238434958787245,7.815271092788452e-05,65
3039.999999999981,338.15,0.282540620971919,7.813569202327078e-05,65
3041.999999999981,338.15,0.28269685832556857,7.811867682477434e-05,65
3043.999999999981,338.15,0.28285306165623175,7.810166533158815e-05,65
3045.999999999981,338.15,0.2830092309713176,7.808465754290532e-05,65
3047.9999999999804,338.15,0.2831653662782334,7.806765345791912e-05,65
3049.9999999999804,338.15,0.28332146758438503,7.805065307582303e-05,65
3051.9999999999804,338.15,0.28347753489717664,7.80336563958107e-05,65
3053.9999999999804,338.15,0.2836335682240108,7.801666341707595e-05,65
3055.99999999998,338.15,0.28378956757228846,7.799967413881275e-05,65
3057.99999999998,338.15,0.2839455329494089,7.798268856021527e-05,65
3059.99999999998,338.15,0.28410146436276984,7.796570668047786e-05,65
3061.99999999998,338.15,0.2842573618197674,7.794872849879505e-05,65
3063.9999999999795,338.15,0.2844132253277961,7.793175401436152e-05,65
3065.9999999999795,338.15,0.2845690548942489,7.791478322637216e-05,65
3067.9999999999795,338.15,0.2847248505265169,7.7897816134022e-05,65
3069.9999999999795,338.15,0.2848806122319899,7.788085273650624e-05,65
3071.999999999979,338.15,0.28503634001805594,7.78638930330203e-05,65
3073.999999999979,338.15,0.28519203389210146,7.784693702275974e-05,65
3075.999999999979,338.15,0.2853476938615113,7.782998470492032e-05,65
3077.999999999979,338.15,0.28550331993366873,7.781303607869795e-05,65
3079.9999999999786,338.15,0.2856589121159553,7.779609114328873e-05,65
3081.9999999999786,338.15,0.2858144704157511,7.777914989788893e-05,65
3083.9999999999786,338.15,0.2859699948404345,7.776221234169499e-05,65
3085.9999999999786,338.15,0.2861254853973823,7.774527847390352e-05,65
3087.999999999978,338.15,0.2862809420939697,7.772834829371136e-05,65
3089.999999999978,338.15,0.28643636493757035,7.771142180031543e-05,65
3091.999999999978,338.15,0.2865917539355562,7.769449899291291e-05,65
3093.999999999978,338.15,0.2867471090952976,7.76775798707011e-05,65
3095.9999999999777,338.15,0.28690243042416336,7.766066443287752e-05,65
3097.9999999999777,338.15,0.2870577179295206,7.764375267863981e-05,65
3099.9999999999777,338.15,0.287212971618735,7.762684460718584e-05,65
3101.9999999999777,338.15,0.2873681914991704,7.76099402177136e-05,65
3103.9999999999773,338.15,0.28752337757818924,7.759303950942134e-05,65
3105.9999999999773,338.15,0.28767852986315223,7.757614248150736e-05,65
3107.9999999999773,338.15,0.28783364836141856,7.755924913317025e-05,65
3109.9999999999773,338.15,0.2879887330803458,7.754235946360871e-05,65
3111.999999999977,338.15,0.28814378402728985,7.752547347202164e-05,65
3113.999999999977,338.15,0.28829880120960505,7.75085911576081e-05,65
3115.999999999977,338.15,0.28845378463464416,7.749171251956733e-05,65
3117.999999999977,338.15,0.28860873430975836,7.747483755709875e-05,65
3119.9999999999764,338.15,0.28876365024229717,7.745796626940196e-05,65
3121.9999999999764,338.15,0.2889185324396085,7.744109865567669e-05,65
3123.9999999999764,338.15,0.2890733809090388,7.742423471512292e-05,65
3125.9999999999764,338.15,0.2892281956579327,7.740737444694074e-05,65
3127.999999999976,338.15,0.28938297669363333,7.739051785033045e-05,65
3129.999999999976,338.15,0.2895377240234823,7.737366492449249e-05,65
3131.999999999976,338.15,0.28969243765481956,7.735681566862753e-05,65
3133.999999999976,338.15,0.28984711759498344,7.733997008193633e-05,65
3135.9999999999754,338.15,0.29000176385131066,7.732312816361991e-05,65
3137.9999999999754,338.15,0.2901563764311364,7.730628991287944e-05,65
3139.9999999999754,338.15,0.29031095534179424,7.728945532891621e-05,65
3141.9999999999754,338.15,0.2904655005906161,7.727262441093175e-05,65
3143.999999999975,338.15,0.29062001218493233,7.725579715812773e-05,65
3145.999999999975,338.15,0.29077449013207174,7.723897356970602e-05,65
3147.999999999975,338.15,0.29092893443936146,7.722215364486862e-05,65
3149.999999999975,338.15,0.2910833451141271,7.720533738281773e-05,65
3151.9999999999745,338.15,0.2912377221636926,7.718852478275578e-05,65
3153.9999999999745,338.15,0.2913920655953804,7.717171584388524e-05,65
3155.9999999999745,338.15,0.2915463754165112,7.715491056540888e-05,65
3157.9999999999745,338.15,0.29170065163440423,7.713810894652958e-05,65
3159.999999999974,338.15,0.2918548942563771,7.712131098645041e-05,65
3161.999999999974,338.15,0.2920091032897459,7.710451668437463e-05,65
3163.999999999974,338.15,0.2921632787418249,7.708772603950563e-05,65
3165.999999999974,338.15,0.292317420619927,7.7070939051047e-05,65
3167.9999999999736,338.15,0.2924715289313634,7.705415571820252e-05,65
3169.9999999999736,338.15,0.29262560368344376,7.703737604017612e-05,65
3171.9999999999736,338.15,0.2927796448834761,7.702060001617191e-05,65
3173.9999999999736,338.15,0.29293365253876685,7.700382764539418e-05,65
3175.999999999973,338.15,0.29308762665662097,7.698705892704735e-05,65
3177.999999999973,338.15,0.29324156724434164,7.69702938603361e-05,65
3179.999999999973,338.15,0.2933954743092306,7.69535324444652e-05,65
3181.999999999973,338.15,0.29354934785858783,7.693677467863963e-05,65
3183.9999999999727,338.15,0.29370318789971195,7.692002056206456e-05,65
3185.9999999999727,338.15,0.2938569944398998,7.690327009394528e-05,65
3187.9999999999727,338.15,0.2940107674864468,7.68865232734873e-05,65
3189.9999999999727,338.15,0.2941645070466466,7.68697800998963e-05,65
3191.9999999999723,338.15,0.29431821312779133,7.68530405723781e-05,65
3193.9999999999723,338.15,0.2944718857371716,7.683630469013873e-05,65
3195.9999999999723,338.15,0.2946255248820764,7.681957245238436e-05,65
3197.9999999999723,338.15,0.29477913056979305,7.680284385832136e-05,65
3199.999999999972,338.15,0.29493270280760736,7.678611890715626e-05,65
3201.999999999972,338.15,0.29508624160280356,7.676939759809577e-05,65
3203.999999999972,338.15,0.29523974696266425,7.675267993034678e-05,65
3205.999999999972,338.15,0.2953932188944705,7.673596590311631e-05,65
3207.9999999999714,338.15,0.29554665740550173,7.67192555156116e-05,65
3209.9999999999714,338.15,0.2957000625030358,7.670254876704005e-05,65
3211.9999999999714,338.15,0.29585343419434906,7.668584565660922e-05,65
3213.9999999999714,338.15,0.29600677248671614,7.666914618352687e-05,65
3215.999999999971,338.15,0.2961600773874101,7.665245034700087e-05,65
3217.999999999971,338.15,0.2963133489037026,7.663575814623937e-05,65
3219.999999999971,338.15,0.2964665870428635,7.661906958045057e-05,65
3221.999999999971,338.15,0.2966197918121612,7.660238464884294e-05,65
3223.9999999999704,338.15,0.29677296321886243,7.658570335062507e-05,65
3225.9999999999704,338.15,0.29692610127023245,7.656902568500571e-05,65
3227.9999999999704,338.15,0.2970792059735348,7.655235165119386e-05,65
3229.9999999999704,338.15,0.29723227733603164,7.65356812483986e-05,65
3231.99999999997,338.15,0.2973853153649833,7.651901447582924e-05,65
3233.99999999997,338.15,0.2975383200676487,7.650235133269524e-05,65
3235.99999999997,338.15,0.2976912914512851,7.648569181820625e-05,65
3237.99999999997,338.15,0.2978442295231482,7.646903593157205e-05,65
3239.9999999999695,338.15,0.29799713429049224,7.645238367200264e-05,65
3241.9999999999695,338.15,0.29815000576056966,7.643573503870817e-05,65
3243.9999999999695,338.15,0.29830284394063145,7.641909003089897e-05,65
3245.9999999999695,338.15,0.298455648837927,7.640244864778554e-05,65
3247.999999999969,338.15,0.2986084204597042,7.638581088857853e-05,65
3249.999999999969,338.15,0.2987611588132092,7.636917675248881e-05,65
3251.999999999969,338.15,0.29891386390568664,7.635254623872736e-05,65
3253.999999999969,338.15,0.29906653574437964,7.633591934650538e-05,65
3255.9999999999686,338.15,0.2992191743365297,7.631929607503425e-05,65
3257.9999999999686,338.15,0.2993717796893768,7.630267642352544e-05,65
3259.9999999999686,338.15,0.2995243518101592,7.628606039119071e-05,65
3261.9999999999686,338.15,0.29967689070611364,7.626944797724192e-05,65
3263.999999999968,338.15,0.2998293963844754,7.625283918089108e-05,65
3265.999999999968,338.15,0.29998186885247813,7.623623400135042e-05,65
3267.999999999968,338.15,0.3001343081173538,7.621963243783234e-05,65
3269.999999999968,338.15,0.3002867141863329,7.620303448954939e-05,65
3271.9999999999677,338.15,0.30043908706664435,7.618644015571428e-05,65
3273.9999999999677,338.15,0.3005914267655154,7.616984943553994e-05,65
3275.9999999999677,338.15,0.3007437332901719,7.615326232823944e-05,65
3277.9999999999677,338.15,0.30089600664783794,7.613667883302601e-05,65
3279.9999999999673,338.15,0.30104824684573617,7.612009894911307e-05,65
3281.9999999999673,338.15,0.30120045389108757,7.610352267571419e-05,65
3283.9999999999673,338.15,0.30135262779111166,7.608695001204317e-05,65
3285.9999999999673,338.15,0.30150476855302627,7.60703809573139e-05,65
3287.999999999967,338.15,0.30165687618404774,7.605381551074048e-05,65
3289.999999999967,338.15,0.3018089506913908,7.60372536715372e-05,65
3291.999999999967,338.15,0.3019609920822686,7.60206954389185e-05,65
3293.999999999967,338.15,0.3021130003638928,7.600414081209899e-05,65
3295.9999999999663,338.15,0.3022649755434734,7.598758979029343e-05,65
3297.9999999999663,338.15,0.3024169176282189,7.59710423727168e-05,65
3299.9999999999663,338.15,0.302568826625336,7.595449855858423e-05,65
3301.9999999999663,338.15,0.30272070254203026,7.593795834711101e-05,65
3303.999999999966,338.15,0.3028725453855053,7.592142173751261e-05,65
3305.999999999966,338.15,0.3030243551629633,7.590488872900465e-05,65
3307.999999999966,338.15,0.30317613188160486,7.588835932080297e-05,65
3309.999999999966,338.15,0.3033278755486291,7.587183351212352e-05,65
3311.9999999999654,338.15,0.3034795861712335,7.585531130218249e-05,65
3313.9999999999654,338.15,0.30363126375661387,7.583879269019614e-05,65
3315.9999999999654,338.15,0.30378290831196464,7.582227767538104e-05,65
3317.9999999999654,338.15,0.30393451984447856,7.580576625695379e-05,65
3319.999999999965,338.15,0.3040860983613468,7.578925843413126e-05,65
3321.999999999965,338.15,0.3042376438697591,7.577275420613043e-05,65
3323.999999999965,338.15,0.30438915637690345,7.575625357216848e-05,65
3325.999999999965,338.15,0.3045406358899664,7.573975653146278e-05,65
3327.9999999999645,338.15,0.3046920824161328,7.572326308323081e-05,65
3329.9999999999645,338.15,0.3048434959625862,7.570677322669029e-05,65
3331.9999999999645,338.15,0.3049948765365083,7.569028696105903e-05,65
3333.9999999999645,338.15,0.3051462241450794,7.567380428555511e-05,65
3335.999999999964,338.15,0.3052975387954782,7.565732519939669e-05,65
3337.999999999964,338.15,0.3054488204948818,7.564084970180215e-05,65
3339.999999999964,338.15,0.3056000692504658,7.562437779199003e-05,65
3341.999999999964,338.15,0.30575128506940413,7.560790946917903e-05,65
3343.9999999999636,338.15,0.30590246795886933,7.559144473258802e-05,65
3345.9999999999636,338.15,0.3060536179260322,7.557498358143607e-05,65
3347.9999999999636,338.15,0.30620473497806205,7.555852601494239e-05,65
3349.9999999999636,338.15,0.3063558191221267,7.554207203232635e-05,65
3351.999999999963,338.15,0.3065068703653923,7.552562163280755e-05,65
3353.999999999963,338.15,0.30665788871502353,7.550917481560566e-05,65
3355.999999999963,338.15,0.3068088741781834,7.549273157994063e-05,65
3357.999999999963,338.15,0.3069598267620335,7.547629192503251e-05,65
3359.9999999999627,338.15,0.3071107464737337,7.54598558501015e-05,65
3361.9999999999627,338.15,0.30726163332044243,7.544342335436806e-05,65
3363.9999999999627,338.15,0.30741248730931653,7.542699443705276e-05,65
3365.9999999999627,338.15,0.3075633084475113,7.541056909737632e-05,65
3367.9999999999623,338.15,0.3077140967421804,7.539414733455965e-05,65
3369.9999999999623,338.15,0.30786485220047605,7.537772914782389e-05,65
3371.9999999999623,338.15,0.30801557482954883,7.536131453639023e-05,65
3373.9999999999623,338.15,0.3081662646365478,7.534490349948016e-05,65
3375.999999999962,338.15,0.3083169216286204,7.532849603631523e-05,65
3377.999999999962,338.15,0.30846754581291264,7.531209214611722e-05,65
3379.999999999962,338.15,0.30861813719656883,7.529569182810803e-05,65
3381.999999999962,338.15,0.30876869578673183,7.527929508150983e-05,65
3383.9999999999613,338.15,0.3089192215905429,7.526290190554485e-05,65
3385.9999999999613,338.15,0.30906971461514177,7.524651229943552e-05,65
3387.9999999999613,338.15,0.30922017486766656,7.523012626240449e-05,65
3389.9999999999613,338.15,0.30937060235525393,7.521374379367449e-05,65
3391.999999999961,338.15,0.3095209970850389,7.519736489246853e-05,65
3393.999999999961,338.15,0.3096713590641549,7.518098955800968e-05,65
3395.999999999961,338.15,0.30982168829973394,7.516461778952126e-05,65
3397.999999999961,338.15,0.3099719847989064,7.51482495862267e-05,65
3399.9999999999604,338.15,0.3101222485688011,7.513188494734965e-05,65
3401.9999999999604,338.15,0.31027247961654536,7.51155238721139e-05,65
3403.9999999999604,338.15,0.31042267794926487,7.50991663597434e-05,65
3405.9999999999604,338.15,0.31057284357408377,7.508281240946229e-05,65
3407.99999999996,338.15,0.31072297649812475,7.50664620204949e-05,65
3409.99999999996,338.15,0.3108730767285089,7.505011519206567e-05,65
3411.99999999996,338.15,0.31102314427235567,7.503377192339925e-05,65
3413.99999999996,338.15,0.3111731791367831,7.501743221372044e-05,65
3415.9999999999595,338.15,0.3113231813289076,7.500109606225423e-05,65
3417.9999999999595,338.15,0.3114731508558441,7.498476346822576e-05,65
3419.9999999999595,338.15,0.3116230877247058,7.496843443086035e-05,65
3421.9999999999595,338.15,0.3117729919426046,7.495210894938349e-05,65
3423.999999999959,338.15,0.31192286351665066,7.493578702302081e-05,65
3425.999999999959,338.15,0.31207270245395263,7.491946865099815e-05,65
3427.999999999959,338.15,0.3122225087616177,7.49031538325415e-05,65
3429.999999999959,338.15,0.31237228244675147,7.488684256687703e-05,65
3431.9999999999586,338.15,0.3125220235164579,7.487053485323105e-05,65
3433.9999999999586,338.15,0.3126717319778396,7.485423069083004e-05,65
3435.9999999999586,338.15,0.3128214078379974,7.483793007890068e-05,65
3437.9999999999586,338.15,0.31297105110403073,7.482163301666982e-05,65
3439.999999999958,338.15,0.31312066178303744,7.480533950336445e-05,65
3441.999999999958,338.15,0.31327023988211383,7.478904953821173e-05,65
3443.999999999958,338.15,0.3134197854083547,7.477276312043899e-05,65
3445.999999999958,338.15,0.3135692983688532,7.475648024927377e-05,65
3447.9999999999577,338.15,0.3137187787707011,7.474020092394372e-05,65
3449.9999999999577,338.15,0.31386822662098846,7.472392514367667e-05,65
3451.9999999999577,338.15,0.31401764192680387,7.470765290770064e-05,65
3453.9999999999577,338.15,0.31416702469523433,7.469138421524382e-05,65
3455.9999999999573,338.15,0.3143163749333654,7.467511906553454e-05,65
3457.9999999999573,338.15,0.314465692648281,7.465885745780135e-05,65
3459.9999999999573,338.15,0.31461497784706355,7.46425993912729e-05,65
3461.9999999999573,338.15,0.3147642305367939,7.462634486517803e-05,65
3463.999999999957,338.15,0.3149134507245514,7.461009387874578e-05,65
3465.999999999957,338.15,0.31506263841741383,7.459384643120533e-05,65
3467.999999999957,338.15,0.3152117936224574,7.457760252178605e-05,65
3469.999999999957,338.15,0.31536091634675684,7.456136214971742e-05,65
3471.9999999999563,338.15,0.3155100065973853,7.45451253142292e-05,65
3473.9999999999563,338.15,0.31565906438141444,7.452889201455116e-05,65
3475.9999999999563,338.15,0.3158080897059143,7.451266224991339e-05,65
3477.9999999999563,338.15,0.31595708257795335,7.449643601954606e-05,65
3479.999999999956,338.15,0.3161060430045987,7.448021332267953e-05,65
3481.999999999956,338.15,0.31625497099291583,7.446399415854434e-05,65
3483.999999999956,338.15,0.31640386654996855,7.444777852637118e-05,65
3485.999999999956,338.15,0.31655272968281933,7.44315664253909e-05,65
3487.9999999999554,338.15,0.316701560398529,7.441535785483455e-05,65
3489.9999999999554,338.15,0.31685035870415684,7.439915281393332e-05,65
3491.9999999999554,338.15,0.31699912460676066,7.438295130191857e-05,65
3493.9999999999554,338.15,0.3171478581133967,7.436675331802184e-05,65
3495.999999999955,338.15,0.31729655923111966,7.435055886147484e-05,65
3497.999999999955,338.15,0.31744522796698266,7.433436793150941e-05,65
3499.999999999955,338.15,0.3175938643280374,7.43181805273576e-05,65
3501.999999999955,338.15,0.3177424683213339,7.430199664825162e-05,65
3503.9999999999545,338.15,0.31789103995392076,7.428581629342383e-05,65
3505.9999999999545,338.15,0.318039579232845,7.426963946210676e-05,65
3507.9999999999545,338.15,0.31818808616515204,7.425346615353314e-05,65
3509.9999999999545,338.15,0.3183365607578859,7.423729636693581e-05,65
3511.999999999954,338.15,0.318485003018089,7.422113010154783e-05,65
3513.999999999954,338.15,0.31863341295280223,7.420496735660238e-05,65
3515.999999999954,338.15,0.3187817905690649,7.418880813133286e-05,65
3517.999999999954,338.15,0.3189301358739149,7.417265242497279e-05,65
3519.9999999999536,338.15,0.3190784488743884,7.415650023675588e-05,65
3521.9999999999536,338.15,0.31922672957752024,7.4140351565916e-05,65
3523.9999999999536,338.15,0.3193749779903436,7.412420641168722e-05,65
3525.9999999999536,338.15,0.3195231941198902,7.41080647733037e-05,65
3527.999999999953,338.15,0.31967137797319023,7.409192664999984e-05,65
3529.999999999953,338.15,0.3198195295572723,7.407579204101016e-05,65
3531.999999999953,338.15,0.3199676488791634,7.405966094556937e-05,65
3533.999999999953,338.15,0.3201157359458892,7.404353336291237e-05,65
3535.9999999999527,338.15,0.32026379076447375,7.402740929227417e-05,65
3537.9999999999527,338.15,0.3204118133419395,7.401128873289001e-05,65
3539.9999999999527,338.15,0.3205598036853075,7.399517168399521e-05,65
3541.9999999999527,338.15,0.32070776180159716,7.397905814482537e-05,65
3543.9999999999523,338.15,0.3208556876978264,7.396294811461614e-05,65
3545.9999999999523,338.15,0.3210035813810116,7.394684159260343e-05,65
3547.9999999999523,338.15,0.32115144285816766,7.393073857802325e-05,65
3549.9999999999523,338.15,0.3212992721363079,7.391463907011182e-05,65
3551.999999999952,338.15,0.3214470692224441,7.389854306810552e-05,65
3553.999999999952,338.15,0.3215948341235866,7.388245057124088e-05,65
3555.999999999952,338.15,0.32174256684674407,7.38663615787546e-05,65
3557.999999999952,338.15,0.32189026739892385,7.385027608988355e-05,65
3559.9999999999513,338.15,0.3220379357871316,7.383419410386476e-05,65
3561.9999999999513,338.15,0.32218557201837145,7.381811561993546e-05,65
3563.9999999999513,338.15,0.3223331760996461,7.380204063733299e-05,65
3565.9999999999513,338.15,0.32248074803795673,7.378596915529489e-05,65
3567.999999999951,338.15,0.32262828784030284,7.376990117305886e-05,65
3569.999999999951,338.15,0.3227757955136826,7.375383668986279e-05,65
3571.999999999951,338.15,0.32292327106509244,7.373777570494468e-05,65
3573.999999999951,338.15,0.3230707145015275,7.372171821754275e-05,65
3575.9999999999504,338.15,0.32321812582998133,7.370566422689536e-05,65
3577.9999999999504,338.15,0.3233655050574458,7.3689613732241e-05,65
3579.9999999999504,338.15,0.32351285219091147,7.367356673281844e-05,65
3581.9999999999504,338.15,0.3236601672373672,7.365752322786649e-05,65
3583.99999999995,338.15,0.3238074502038004,7.36414832166242e-05,65
3585.99999999995,338.15,0.3239547010971971,7.362544669833074e-05,65
3587.99999999995,338.15,0.32410191992454157,7.36094136722255e-05,65
3589.99999999995,338.15,0.32424910669281665,7.359338413754795e-05,65
3591.9999999999495,338.15,0.32439626140900374,7.357735809353787e-05,65
3593.9999999999495,338.15,0.3245433840800826,7.356133553943505e-05,65
3595.9999999999495,338.15,0.32469047471303153,7.354531647447949e-05,65
3597.9999999999495,338.15,0.32483753331482734,7.352930089791145e-05,65
3599.999999999949,338.15,0.3249845598924453,7.351328880897123e-05,65
