t,T,x,xdot,idx
0.0,453.15,0.001,0.012687990450458672,180.0
2.0,453.15,0.026375980900917344,0.012687990450458672,180.0
4.0,453.15,0.050873052557361256,0.012248535828221958,180.0
6.0,453.15,0.07452965744509125,0.011828302443865,180.0
8.0,453.15,0.09738221193280663,0.01142627724385769,180.0
10.0,453.15,0.11946523095004447,0.011041509508618912,180.0
11.999999999999998,453.15,0.1408114439014569,0.010673106475706217,180.0
13.999999999999998,453.15,0.16145190251689878,0.01032022930772094,180.0
16.0,453.15,0.18141608126666295,0.009982089374882078,180.0
18.0,453.15,0.20073197091684206,0.009657944825089549,180.0
20.0,453.15,0.21942616575057777,0.009347097416867858,180.0
22.0,453.15,0.23752394493635348,0.009048889592887856,180.0
23.999999999999996,453.15,0.2550493484840258,0.008762701773836151,180.0
25.999999999999996,453.15,0.27202524819255547,0.008487949854264843,180.0
27.999999999999996,453.15,0.28847341396001736,0.00822408288373094,180.0
29.999999999999996,453.15,0.3044145757961084,0.007970580918045525,180.0
32.0,453.15,0.31986848184973815,0.007726953026814863,180.0
34.0,453.15,0.3348539527391084,0.007492735444685133,180.0
36.0,453.15,0.34938893244873476,0.0072674898548131875,180.0
38.0,453.15,0.3634905360369148,0.00705080179409001,180.0
40.0,453.15,0.3771750943780196,0.006842279170552413,180.0
42.0,453.15,0.39045819614650307,0.006641550884241726,180.0
44.0,453.15,0.40335472723353216,0.006448265543514537,180.0
46.0,453.15,0.4158789077725072,0.006262090269487526,180.0
47.99999999999999,453.15,0.428044326936334,0.006082709581913387,180.0
49.99999999999999,453.15,0.4398639756570206,0.00590982436034332,180.0
51.99999999999999,453.15,0.4513502774069004,0.005743150874939897,180.0
53.99999999999999,453.15,0.4625151171704332,0.005582419881766399,180.0
55.99999999999999,453.15,0.47336986872603337,0.005427375777800089,180.0
57.99999999999999,453.15,0.48392542034863495,0.005277775811300781,180.0
59.99999999999999,453.15,0.4941921990356678,0.0051333893435164275,180.0
61.99999999999999,453.15,0.504180193351722,0.004993997158027117,180.0
64.0,453.15,0.5138989749803642,0.004859390814321052,180.0
66.0,453.15,0.5233577190652905,0.00472937204246313,180.0
68.00000000000001,453.15,0.5325652234172125,0.004603752175960966,180.0
70.00000000000001,453.15,0.5415299266575263,0.004482351620156931,180.0
72.00000000000003,453.15,0.5502599253648854,0.004364999353679576,180.0
74.00000000000003,453.15,0.5587629902862367,0.004251532460675617,180.0
76.00000000000004,453.15,0.5670465816696685,0.0041417956917159365,180.0
78.00000000000004,453.15,0.5751178637725226,0.004035641051427081,180.0
80.00000000000004,453.15,0.5829837185946127,0.00393292741104504,180.0
82.00000000000006,453.15,0.5906507588830556,0.003833520144221428,180.0
84.00000000000006,453.15,0.5981253404521256,0.003737290784534976,180.0
86.00000000000007,453.15,0.6054135738586738,0.003644116703274083,180.0
88.00000000000007,453.15,0.6125213354709941,0.00355388080616017,180.0
90.00000000000009,453.15,0.6194542779665487,0.0034664712477773104,180.0
92.00000000000009,453.15,0.6262178402916725,0.0033817811625618693,180.0
94.00000000000009,453.15,0.6328172571142471,0.0032997084112873043,180.0
96.0000000000001,453.15,0.6392575677983559,0.0032201553420543824,180.0
98.0000000000001,453.15,0.6455436249280887,0.0031430285648664123,180.0
100.00000000000011,453.15,0.6516801024059551,0.0030682387389331925,180.0
102.00000000000011,453.15,0.6576715031497682,0.0029957003719065637,180.0
104.00000000000013,453.15,0.6635221664103786,0.0029253316303052257,180.0
106.00000000000013,453.15,0.669236274731253,0.002857054160437175,180.0
108.00000000000014,453.15,0.674817860569603,0.0027907929191750076,180.0
110.00000000000014,453.15,0.6802708125975686,0.002726476013982781,180.0
112.00000000000014,453.15,0.6855988817008355,0.0026640345516334234,180.0
114.00000000000016,453.15,0.6908056866910215,0.0026034024950929804,180.0
116.00000000000016,453.15,0.6958947197471868,0.0025445165280826407,180.0
118.00000000000017,453.15,0.70086935160091,0.002487315926861613,180.0
120.00000000000016,453.15,0.7057328364785176,0.002431742438803773,180.0
122.00000000000016,453.15,0.7104883168132551,0.002377740167368726,180.0
124.00000000000014,453.15,0.7151388277394425,0.0023252554630936837,180.0
126.00000000000014,453.15,0.7196873013799555,0.0022742368202565257,180.0
128.00000000000014,453.15,0.7241365709377209,0.002224634778882682,180.0
130.0000000000001,453.15,0.7284893746012994,0.0021764018317892383,180.0
132.0000000000001,453.15,0.7327483592740572,0.002129492336378954,180.0
134.0000000000001,453.15,0.736916084135887,0.002083862430914882,180.0
136.0000000000001,453.15,0.7409950240459331,0.002039469955023031,180.0
138.00000000000009,453.15,0.7449875727943054,0.001996274374186159,180.0
140.00000000000009,453.15,0.748896046210318,0.00195423670800633,180.0
142.00000000000009,453.15,0.752722685134373,0.0019133194620274947,180.0
144.00000000000009,453.15,0.7564696582602171,0.0018734865629220338,180.0
146.00000000000006,453.15,0.7601390648539311,0.0018347032968570583,180.0
148.00000000000006,453.15,0.7637329373556658,0.0017969362508673391,180.0
150.00000000000006,453.15,0.76725324386981,0.0017601532570720852,180.0
152.00000000000006,453.15,0.7707018905489749,0.0017243233395824707,180.0
154.00000000000003,453.15,0.7740807238768865,0.001689416663955849,180.0
156.00000000000003,453.15,0.7773915328550087,0.001655404489061078,180.0
158.00000000000003,453.15,0.7806360510974633,0.0016222591212272908,180.0
160.00000000000003,453.15,0.783815958838575,0.0015899538705558827,180.0
162.0,453.15,0.7869328848571399,0.001558463009282413,180.0
164.0,453.15,0.7899884083213032,0.0015277617320816773,180.0
166.0,453.15,0.7929840605577337,0.0014978261182152634,180.0
168.0,453.15,0.7959213267485871,0.001468633095426667,180.0
169.99999999999997,453.15,0.7988016475595758,0.0014401604054943987,180.0
171.99999999999997,453.15,0.801626420702293,0.0014123865713585645,180.0
173.99999999999997,453.15,0.8043970024337752,0.00138529086574112,180.0
175.99999999999997,453.15,0.8071147089961441,0.0013588532811844602,180.0
177.99999999999994,453.15,0.8097808179990185,0.0013330545014371687,180.0
179.99999999999994,453.15,0.8123965697472578,0.001307875874119674,180.0
181.99999999999994,453.15,0.8149631685164703,0.0012832993846062565,180.0
183.99999999999994,453.15,0.8174817837785969,0.001259307631063306,180.0
185.99999999999991,453.15,0.8199535513797709,0.0012358838005869963,180.0
187.99999999999991,453.15,0.8223795746725441,0.0012130116463866148,180.0
189.99999999999991,453.15,0.8247609256044695,0.001190675465962665,180.0
191.99999999999991,453.15,0.8270986457649326,0.0011688600802315886,180.0
193.9999999999999,453.15,0.8293937473920356,0.0011475508135515072,180.0
195.9999999999999,453.15,0.8316472143412472,0.0011267334746057995,180.0
197.9999999999999,453.15,0.8338600030174544,0.001106394338103604,180.0
199.9999999999999,453.15,0.8360330432719714,0.0010865201272584819,180.0
201.99999999999986,453.15,0.8381672392659884,0.0010670979970084913,180.0
203.99999999999986,453.15,0.840263470301874,0.0010481155179428337,180.0
205.99999999999986,453.15,0.8423225916236781,0.0010295606609020329,180.0
207.99999999999986,453.15,0.8443454351881187,0.0010114217822203002,180.0
209.99999999999983,453.15,0.8463328104072794,0.0009936876095803502,180.0
211.99999999999983,453.15,0.8482855048641842,0.0009763472284524301,180.0
213.99999999999983,453.15,0.8502042850023658,0.0009593900690907748,180.0
215.99999999999983,453.15,0.8520898967904899,0.0009428058940620316,180.0
217.9999999999998,453.15,0.8539430663630528,0.0009265847862814912,180.0
219.9999999999998,453.15,0.8557645006381212,0.0009107171375341515,180.0
221.9999999999998,453.15,0.8575548879130388,0.000895193637458798,180.0
223.9999999999998,453.15,0.8593148984389876,0.0008800052629743554,180.0
225.99999999999977,453.15,0.8610451849752452,0.0008651432681287863,180.0
227.99999999999977,453.15,0.8627463833239487,0.0008505991743517801,180.0
229.99999999999977,453.15,0.8644191128461355,0.0008363647610933945,180.0
231.99999999999977,453.15,0.8660639769597989,0.0008224320568316683,180.0
233.99999999999974,453.15,0.867681563620665,0.00080879333043306,180.0
235.99999999999974,453.15,0.8692724457863656,0.0007954410828503262,180.0
237.99999999999974,453.15,0.8708371818646521,0.000782368039143201,180.0
239.99999999999974,453.15,0.872376316146268,0.0007695671408079406,180.0
241.99999999999972,453.15,0.8738903792230729,0.0007570315384024404,180.0
243.99999999999972,453.15,0.8753798883919814,0.0007447545844542814,180.0
245.99999999999972,453.15,0.8768453480452607,0.0007327298266396445,180.0
247.99999999999972,453.15,0.8782872500477039,0.0007209510012215964,180.0
249.9999999999997,453.15,0.8797060741011775,0.0007094120267367955,180.0
251.9999999999997,453.15,0.8811022880970178,0.0006981069979201663,180.0
253.9999999999997,453.15,0.882476348456733,0.000687030179857577,180.0
255.9999999999997,453.15,0.883828700461447,0.0006761760023570129,180.0
257.99999999999966,453.15,0.8851597785705053,0.0006655390545291757,180.0
259.99999999999966,453.15,0.886470006729643,0.0006551140795688557,180.0
261.99999999999966,453.15,0.8877597986691006,0.0006448959697287999,180.0
263.99999999999966,453.15,0.889029558192057,0.0006348797614782061,180.0
265.99999999999966,453.15,0.8902796794537335,0.0006250606308382871,180.0
267.99999999999966,453.15,0.891510547231509,0.0006154338888877267,180.0
269.9999999999996,453.15,0.8927225371863713,0.0006059949774311413,180.0
271.9999999999996,453.15,0.8939160161160192,0.0005967394648239829,180.0
273.9999999999996,453.15,0.8950913421999145,0.0005876630419476018,180.0
275.9999999999996,453.15,0.8962488652365714,0.0005787615183284725,180.0
277.9999999999996,453.15,0.8973889268733631,0.0005700308183958438,180.0
279.9999999999996,453.15,0.8985118608291078,0.0005614669778723214,180.0
281.9999999999996,453.15,0.8996179931096921,0.0005530661402921437,180.0
283.9999999999996,453.15,0.9007076422169764,0.0005448245536421275,180.0
285.99999999999955,453.15,0.9017811193512174,0.0005367385671204771,180.0
287.99999999999955,453.15,0.9028387286072351,0.0005288046280088674,180.0
289.99999999999955,453.15,0.9038807671645419,0.0005210192786533995,180.0
291.99999999999955,453.15,0.9049075254716423,0.000513379153550213,180.0
293.99999999999955,453.15,0.9059192874247058,0.0005058809765317315,180.0
295.99999999999955,453.15,0.9069163305408052,0.0004985215580496718,180.0
297.99999999999955,453.15,0.9078989261259075,0.0004912977925511261,180.0
299.99999999999955,453.15,0.9088673394377959,0.0004842066559441647,180.0
301.9999999999995,453.15,0.909821829844095,0.00047724520314957415,180.0
303.9999999999995,453.15,0.910762650975566,0.0004704105657354721,180.0
305.9999999999995,453.15,0.9116900508748293,0.00046369994963167997,180.0
307.9999999999995,453.15,0.9126042721406711,0.0004571106329208714,180.0
309.9999999999995,453.15,0.9135055520680784,0.0004506399637036205,180.0
311.9999999999995,453.15,0.9143941227841476,0.000444285358034608,180.0
313.9999999999995,453.15,0.9152702113800023,0.00043804429792735185,180.0
315.9999999999995,453.15,0.9161340400388521,0.00043191432942492255,180.0
317.99999999999943,453.15,0.9169858261603205,0.0004258930607342337,180.0
319.99999999999943,453.15,0.9178257824811636,0.0004199781604215626,180.0
321.99999999999943,453.15,0.9186541171924978,0.0004141673556670794,180.0
323.99999999999943,453.15,0.9194710340536503,0.0004084584305762364,180.0
325.99999999999943,453.15,0.9202767325027422,0.0004028492245459556,180.0
327.99999999999943,453.15,0.9210714077641096,0.00039733763068364246,180.0
329.99999999999943,453.15,0.9218552509526639,0.0003919215942771237,180.0
331.99999999999943,453.15,0.9226284491752912,0.00038659911131368874,180.0
333.9999999999994,453.15,0.9233911856293842,0.0003813682270464809,180.0
335.9999999999994,453.15,0.9241436396985973,0.0003762270346065549,180.0
337.9999999999994,453.15,0.9248859870459152,0.0003711736736589897,180.0
339.9999999999994,453.15,0.9256183997041182,0.00036620632910149285,180.0
341.9999999999994,453.15,0.9263410461637263,0.0003613232298040093,180.0
343.9999999999994,453.15,0.927054091458502,0.00035652264738789894,180.0
345.9999999999994,453.15,0.9277576972485886,0.00035180289504329725,180.0
347.9999999999994,453.15,0.9284520219013552,0.00034716232638333424,180.0
349.9999999999993,453.15,0.9291372205700231,0.0003425993343339355,180.0
351.9999999999993,453.15,0.9298134452701391,0.0003381123500579764,180.0
353.9999999999993,453.15,0.9304808449539643,0.00033369984191260676,180.0
355.9999999999993,453.15,0.9311395655828415,0.0003293603144386087,180.0
357.9999999999993,453.15,0.9317897501976029,0.00032509230738069595,180.0
359.9999999999993,453.15,0.9324315389870783,0.0003208943947376977,180.0
361.9999999999993,453.15,0.9330650693547615,0.00031676518384162,180.0
363.9999999999993,453.15,0.9336904759836907,0.0003127033144646003,180.0
365.99999999999926,453.15,0.9343078908995963,0.0003087074579528214,180.0
367.99999999999926,453.15,0.9349174435323693,0.00030477631638648026,180.0
369.99999999999926,453.15,0.9355192607758992,0.0003009086217649359,180.0
371.99999999999926,453.15,0.9361134670463316,0.0002971031352162023,180.0
373.99999999999926,453.15,0.9367001843387915,0.00029335864622997537,180.0
375.99999999999926,453.15,0.9372795322826184,0.0002896739719134116,180.0
377.99999999999926,453.15,0.9378516281951562,0.0002860479562689162,180.0
379.99999999999926,453.15,0.9384165871341427,0.0002824794694932096,180.0
381.9999999999992,453.15,0.9389745219487367,0.00027896740729697677,180.0
383.9999999999992,453.15,0.9395255433292256,0.00027551069024443227,180.0
385.9999999999992,453.15,0.9400697598554498,0.0002721082631121453,180.0
387.9999999999992,453.15,0.9406072780439828,0.0002687590942665063,180.0
389.9999999999992,453.15,0.9411382023941013,0.00026546217505922813,180.0
391.9999999999992,453.15,0.9416626354325819,0.0002622165192403049,180.0
393.9999999999992,453.15,0.9421806777573576,0.0002590211623878657,180.0
395.9999999999992,453.15,0.9426924280800664,0.0002558751613543813,180.0
397.99999999999915,453.15,0.9431979832675238,0.0002527775937287043,180.0
399.99999999999915,453.15,0.9436974383821507,0.00024972755731344045,180.0
401.99999999999915,453.15,0.9441908867213851,0.00024672416961716144,180.0
403.99999999999915,453.15,0.944678419856107,0.0002437665673609937,180.0
405.99999999999915,453.15,0.9451601276681053,0.00024085390599913075,180.0
407.99999999999915,453.15,0.945636098386611,0.00023798535925282743,180.0
409.99999999999915,453.15,0.946106418623926,0.00023516011865746427,180.0
411.99999999999915,453.15,0.9465711734101705,0.0002323773931222623,180.0
413.9999999999991,453.15,0.947030446227175,0.00022963640850226538,180.0
415.9999999999991,453.15,0.9474843190415394,0.00022693640718220317,180.0
417.9999999999991,453.15,0.9479328723368832,0.00022427664767187322,180.0
419.9999999999991,453.15,0.9483761851453085,0.00022165640421268305,180.0
421.9999999999991,453.15,0.9488143350780985,0.00021907496639501475,180.0
423.9999999999991,453.15,0.9492473983556707,0.00021653163878607498,180.0
425.9999999999991,453.15,0.9496754498368065,0.00021402574056791644,180.0
427.9999999999991,453.15,0.9500985630471772,0.00021155660518532048,180.0
429.99999999999903,453.15,0.9505168102071837,0.00020912358000323627,180.0
431.99999999999903,453.15,0.9509302622591307,0.00020672602597349984,180.0
433.99999999999903,453.15,0.9513389888937518,0.00020436331731054041,180.0
435.99999999999903,453.15,0.9517430585761034,0.00020203484117581292,180.0
437.99999999999903,453.15,0.9521425385708449,0.00019973999737069452,180.0
439.99999999999903,453.15,0.9525374949669201,0.00019747819803758848,180.0
441.99999999999903,453.15,0.9529279927016581,0.00019524886736899715,180.0
443.99999999999903,453.15,0.9533140955843067,0.00019305144132432316,180.0
445.999999999999,453.15,0.953695866319015,0.00019088536735417183,180.0
447.999999999999,453.15,0.9540733665272789,0.00018875010413193596,180.0
449.999999999999,453.15,0.9544466567698638,0.00018664512129244694,180.0
451.999999999999,453.15,0.9548157965682188,0.00018456989917748452,180.0
453.999999999999,453.15,0.9551808444253947,0.00018252392858794796,180.0
455.999999999999,453.15,0.9555418578464797,0.00018050671054249069,180.0
457.999999999999,453.15,0.9558988933585646,0.00017851775604243664,180.0
459.999999999999,453.15,0.9562520065302502,0.0001765565858427886,180.0
461.9999999999989,453.15,0.9566012519907086,0.00017462273022916138,180.0
463.9999999999989,453.15,0.9569466834483095,0.00017271572880046365,180.0
465.9999999999989,453.15,0.9572883537088238,0.00017083513025716474,180.0
467.9999999999989,453.15,0.9576263146932138,0.00016898049219498792,180.0
469.9999999999989,453.15,0.9579606174550216,0.00016715138090387616,180.0
471.9999999999989,453.15,0.9582913121973657,0.00016534737117207692,180.0
473.9999999999989,453.15,0.9586184482895561,0.00016356804609520583,180.0
475.9999999999989,453.15,0.9589420742833364,0.00016181299689014362,180.0
477.99999999999886,453.15,0.9592622379287638,0.00016008182271363362,180.0
479.99999999999886,453.15,0.9595789861897347,0.0001583741304854486,180.0
481.9999999999989,453.15,0.9598923652591667,0.00015668953471599382,180.0
483.9999999999989,453.15,0.9602024205738431,0.0001550276573382285,180.0
485.9999999999989,453.15,0.9605091968289307,0.00015338812754378013,180.0
487.9999999999989,453.15,0.9608127379921769,0.00015177058162314035,180.0
489.9999999999989,453.15,0.9611130873177965,0.00015017466280982595,180.0
491.99999999999886,453.15,0.9614102873600533,0.00014860002112839543,180.0
493.99999999999886,453.15,0.9617043799865457,0.00014704631324621696,180.0
495.99999999999886,453.15,0.9619954063912034,0.0001455132023288837,180.0
497.99999999999886,453.15,0.9622834071070018,0.00014400035789917634,180.0
499.99999999999886,453.15,0.9625684220184008,0.00014250745569947652,180.0
501.99999999999886,453.15,0.9628504903735159,0.0001410341775575383,180.0
503.99999999999886,453.15,0.963129650796027,0.00013958021125552313,180.0
505.99999999999886,453.15,0.9634059412968314,0.00013814525040221407,180.0
507.99999999999886,453.15,0.9636793992854481,0.00013672899430832065,180.0
509.9999999999988,453.15,0.9639500615811777,0.00013533114786479277,180.0
511.9999999999988,453.15,0.9642179644240259,0.0001339514214240618,180.0
513.9999999999989,453.15,0.9644831434853941,0.00013258953068413088,180.0
515.9999999999989,453.15,0.964745633878545,0.00013124519657544016,180.0
517.9999999999987,453.15,0.9650054701688459,0.00012991814515042846,180.0
519.9999999999987,453.15,0.9652626863837973,0.00012860810747572496,180.0
521.9999999999987,453.15,0.9655173160228511,0.00012731481952690002,180.0
523.9999999999987,453.15,0.9657693920670225,0.00012603802208570357,180.0
525.9999999999987,453.15,0.9660189469883019,0.00012477746063973056,180.0
527.9999999999987,453.15,0.9662660127588708,0.00012353288528444938,180.0
529.9999999999987,453.15,0.9665106208601258,0.00012230405062752626,180.0
531.9999999999987,453.15,0.9667528022915166,0.00012109071569539253,180.0
533.9999999999987,453.15,0.9669925875792006,0.00011989264384199175,180.0
535.9999999999987,453.15,0.9672300067845199,0.00011870960265965134,180.0
537.9999999999987,453.15,0.9674650895123039,0.00011754136389202462,180.0
539.9999999999987,453.15,0.967697864919002,0.00011638770334904771,180.0
541.9999999999987,453.15,0.9679283617206498,0.00011524840082386246,180.0
543.9999999999987,453.15,0.9681566082006731,0.00011412324001165065,180.0
545.9999999999987,453.15,0.9683826322175337,0.00011301200843033619,180.0
547.9999999999986,453.15,0.9686064612122199,0.00011191449734310013,180.0
549.9999999999986,453.15,0.9688281222155852,0.00011083050168267016,180.0
551.9999999999986,453.15,0.9690476418555399,0.00010975981997733408,180.0
553.9999999999986,453.15,0.9692650463640972,0.00010870225427863419,180.0
555.9999999999986,453.15,0.9694803615842785,0.00010765761009070452,180.0
557.9999999999986,453.15,0.969693612976881,0.0001066256963012013,180.0
559.9999999999986,453.15,0.9699048256271086,0.000105606325113795,180.0
561.9999999999986,453.15,0.970114024251073,0.00010459931198218025,180.0
563.9999999999986,453.15,0.9703212332021641,0.00010360447554556521,180.0
565.9999999999986,453.15,0.9705264764772953,0.00010262163756560615,180.0
567.9999999999986,453.15,0.9707297777230248,0.00010165062286474916,180.0
569.9999999999986,453.15,0.9709311602415567,0.00010069125926594353,180.0
571.9999999999986,453.15,0.9711306469966241,9.97433775336978e-05,180.0
573.9999999999986,453.15,0.9713282606192569,9.880681131643609e-05,180.0
575.9999999999986,453.15,0.9715240234134372,9.788139709013357e-05,180.0
577.9999999999986,453.15,0.9717179573616436,9.696697410318858e-05,180.0
579.9999999999986,453.15,0.9719100841302886,9.606338432251292e-05,180.0
581.9999999999985,453.15,0.9721004250750501,9.517047238079743e-05,180.0
583.9999999999985,453.15,0.9722890012461,9.428808552493649e-05,180.0
585.9999999999985,453.15,0.9724758333932311,9.341607356557484e-05,180.0
587.9999999999985,453.15,0.9726609419708866,9.255428882775313e-05,180.0
589.9999999999985,453.15,0.9728443471430919,9.170258610262459e-05,180.0
591.9999999999985,453.15,0.9730260687882923,9.086082260021801e-05,180.0
593.9999999999985,453.15,0.9732061265040988,9.002885790321971e-05,180.0
595.9999999999985,453.15,0.9733845396119423,8.920655392175243e-05,180.0
597.9999999999985,453.15,0.9735613271616406,8.839377484912474e-05,180.0
599.9999999999985,453.15,0.9737365079358776,8.759038711853061e-05,180.0
601.9999999999985,453.15,0.973910100454599,8.6796259360675e-05,180.0
603.9999999999985,453.15,0.9740821229793236,8.601126236230122e-05,180.0
605.9999999999985,453.15,0.9742525935173748,8.523526902560424e-05,180.0
607.9999999999985,453.15,0.9744215298260318,8.446815432850214e-05,180.0
609.9999999999985,453.15,0.9745889494166033,8.370979528575149e-05,180.0
611.9999999999984,453.15,0.9747548695584252,8.296007091088287e-05,180.0
613.9999999999984,453.15,0.9749193072827831,8.221886217893929e-05,180.0
615.9999999999984,453.15,0.9750822793867631,8.148605198999719e-05,180.0
617.9999999999984,453.15,0.97524380243703,8.076152513345305e-05,180.0
619.9999999999984,453.15,0.9754038927735361,8.004516825305591e-05,180.0
621.9999999999984,453.15,0.9755625665131614,7.93368698126726e-05,180.0
623.9999999999984,453.15,0.9757198395532869,7.86365200627621e-05,180.0
625.9999999999984,453.15,0.9758757275753019,7.794401100754866e-05,180.0
627.9999999999984,453.15,0.9760302460480477,7.725923637287441e-05,180.0
629.9999999999984,453.15,0.9761834102311971,7.658209157471655e-05,180.0
631.9999999999984,453.15,0.9763352351785739,7.591247368835361e-05,180.0
633.9999999999984,453.15,0.9764857357414103,7.525028141816689e-05,180.0
635.9999999999984,453.15,0.9766349265715464,7.459541506806014e-05,180.0
637.9999999999984,453.15,0.9767828221245713,7.394777651248666e-05,180.0
639.9999999999984,453.15,0.9769294366629074,7.330726916806606e-05,180.0
641.9999999999984,453.15,0.977074784258839,7.267379796578245e-05,180.0
643.9999999999984,453.15,0.9772188787974865,7.204726932374494e-05,180.0
645.9999999999983,453.15,0.9773617339797275,7.142759112050281e-05,180.0
647.9999999999983,453.15,0.9775033633250653,7.081467266889985e-05,180.0
649.9999999999983,453.15,0.9776437801744462,7.020842469045609e-05,180.0
651.9999999999983,453.15,0.9777829976930267,6.960875929026626e-05,180.0
653.9999999999983,453.15,0.9779210288728915,6.901558993240316e-05,180.0
655.9999999999983,453.15,0.9780578865357231,6.842883141581211e-05,180.0
657.9999999999983,453.15,0.9781935833354245,6.784839985068993e-05,180.0
659.9999999999983,453.15,0.9783281317606952,6.727421263533509e-05,180.0
661.9999999999983,453.15,0.9784615441375621,6.670618843345633e-05,180.0
663.9999999999983,453.15,0.9785938326318661,6.614424715193563e-05,180.0
665.9999999999983,453.15,0.9787250092517041,6.558830991902868e-05,180.0
667.9999999999983,453.15,0.9788550858498302,6.503829906299897e-05,180.0
669.9999999999983,453.15,0.9789840741260125,6.449413809117165e-05,180.0
671.9999999999983,453.15,0.9791119856293513,6.395575166940088e-05,180.0
673.9999999999983,453.15,0.9792388317605552,6.342306560193973e-05,180.0
675.9999999999982,453.15,0.9793646237741785,6.289600681170492e-05,180.0
677.9999999999982,453.15,0.9794893727808204,6.237450332092702e-05,180.0
679.9999999999982,453.15,0.9796130897492847,6.185848423217908e-05,180.0
681.9999999999982,453.15,0.9797357855087043,6.134787970977324e-05,180.0
683.9999999999982,453.15,0.9798574707506273,6.0842620961519574e-05,180.0
685.9999999999982,453.15,0.979978156031069,6.0342640220838474e-05,180.0
687.9999999999982,453.15,0.9800978517725274,5.984787072921751e-05,180.0
689.9999999999982,453.15,0.9802165682659654,5.935824671900798e-05,180.0
691.9999999999982,453.15,0.9803343156727585,5.88737033965531e-05,180.0
693.9999999999982,453.15,0.9804511040266098,5.839417692563804e-05,180.0
695.9999999999982,453.15,0.9805669432354324,5.791960441126011e-05,180.0
697.9999999999982,453.15,0.9806818430831997,5.7449923883706496e-05,180.0
699.9999999999982,453.15,0.9807958132317656,5.698507428293715e-05,180.0
701.9999999999982,453.15,0.9809088632226521,5.652499544326436e-05,180.0
703.9999999999982,453.15,0.9810210024788087,5.606962807832428e-05,180.0
705.9999999999982,453.15,0.9811322403063414,5.5618913766333394e-05,180.0
707.9999999999982,453.15,0.9812425858962126,5.517279493562125e-05,180.0
709.9999999999981,453.15,0.9813520483259135,5.473121485043965e-05,180.0
711.9999999999981,453.15,0.9814606365611076,5.429411759703688e-05,180.0
713.9999999999981,453.15,0.9815683594572476,5.386144806999445e-05,180.0
715.9999999999981,453.15,0.9816752257611653,5.343315195881972e-05,180.0
717.9999999999981,453.15,0.9817812441126349,5.3009175734789385e-05,180.0
719.9999999999981,453.15,0.981886423045911,5.2589466638038154e-05,180.0
721.9999999999981,453.15,0.9819907709912408,5.217397266488904e-05,180.0
723.9999999999981,453.15,0.9820942962763516,5.176264255541814e-05,180.0
725.9999999999981,453.15,0.9821970071279141,5.135542578125e-05,180.0
727.9999999999981,453.15,0.9822989116729813,5.0952272533579515e-05,180.0
729.9999999999981,453.15,0.9824000179404042,5.0553133711415375e-05,180.0
731.9999999999981,453.15,0.9825003338622242,5.0157960910038714e-05,180.0
733.9999999999981,453.15,0.9825998672750436,4.9766706409675686e-05,180.0
735.9999999999981,453.15,0.9826986259213724,4.9379323164375755e-05,180.0
737.9999999999981,453.15,0.9827966174509546,4.8995764791096075e-05,180.0
739.999999999998,453.15,0.9828938494220726,4.861598555898469e-05,180.0
741.999999999998,453.15,0.9829903293028303,4.823994037885775e-05,180.0
743.999999999998,453.15,0.983086064472416,4.786758479286978e-05,180.0
745.999999999998,453.15,0.9831810622223447,4.749887496437021e-05,180.0
747.999999999998,453.15,0.9832753297576806,4.713376766794544e-05,180.0
749.999999999998,453.15,0.9833688741982399,4.677222027963922e-05,180.0
751.999999999998,453.15,0.9834617025797746,4.641419076735111e-05,180.0
753.999999999998,453.15,0.9835538218551374,4.6059637681406534e-05,180.0
755.999999999998,453.15,0.983645238895428,4.570852014529643e-05,180.0
757.999999999998,453.15,0.9837359604911211,4.536079784658386e-05,180.0
759.999999999998,453.15,0.9838259933531771,4.5016431027972975e-05,180.0
761.999999999998,453.15,0.9839153441141342,4.46753804785364e-05,180.0
763.999999999998,453.15,0.9840040193291844,4.4337607525101744e-05,180.0
765.999999999998,453.15,0.984092025477232,4.40030740237876e-05,180.0
767.999999999998,453.15,0.9841793689619354,4.367174235169243e-05,180.0
769.999999999998,453.15,0.9842660561127329,4.3343575398730414e-05,180.0
771.999999999998,453.15,0.9843520931858522,4.301853655961036e-05,180.0
773.9999999999978,453.15,0.984437486365304,4.269658972595751e-05,180.0
775.9999999999978,453.15,0.9845222417638612,4.237769927857335e-05,180.0
777.9999999999978,453.15,0.9846063654240208,4.206183007983071e-05,180.0
779.9999999999978,453.15,0.9846898633189533,4.174894746620396e-05,180.0
781.9999999999978,453.15,0.9847727413534351,4.1439017240928446e-05,180.0
783.9999999999978,453.15,0.9848550053647687,4.113200566678962e-05,180.0
785.9999999999978,453.15,0.9849366611236867,4.082787945903504e-05,180.0
787.9999999999978,453.15,0.9850177143352435,4.052660577841349e-05,180.0
789.9999999999978,453.15,0.9850981706396922,4.0228152224331524e-05,180.0
791.9999999999978,453.15,0.9851780356133485,3.9932486828130824e-05,180.0
793.9999999999978,453.15,0.9852573147694415,3.963957804648022e-05,180.0
795.9999999999978,453.15,0.9853360135589512,3.934939475488365e-05,180.0
797.9999999999978,453.15,0.9854141373714338,3.9061906241297626e-05,180.0
799.9999999999978,453.15,0.9854916915358335,3.87770821998595e-05,180.0
801.9999999999978,453.15,0.985568681321283,3.849489272472464e-05,180.0
803.9999999999977,453.15,0.985645111937891,3.821530830400618e-05,180.0
805.9999999999977,453.15,0.9857209885375185,3.7938299813821144e-05,180.0
807.9999999999977,453.15,0.9857963162145434,3.7663838512436347e-05,180.0
809.9999999999977,453.15,0.9858711000066125,3.7391896034514125e-05,180.0
811.9999999999977,453.15,0.9859453448953834,3.7122444385457185e-05,180.0
813.9999999999977,453.15,0.9860190558072551,3.6855455935847343e-05,180.0
815.9999999999977,453.15,0.986092237614087,3.659090341597989e-05,180.0
817.9999999999977,453.15,0.986164895133908,3.632875991048923e-05,180.0
819.9999999999977,453.15,0.9862370331316141,3.606899885306526e-05,180.0
821.9999999999977,453.15,0.9863086563196567,3.581159402126003e-05,180.0
823.9999999999977,453.15,0.9863797693587194,3.555651953137906e-05,180.0
825.9999999999977,453.15,0.9864503768583863,3.5303749833460985e-05,180.0
827.9999999999977,453.15,0.986520483377799,3.5053259706338254e-05,180.0
829.9999999999977,453.15,0.9865900934263045,3.480502425278337e-05,180.0
831.9999999999977,453.15,0.986659211464094,3.455901889473311e-05,180.0
833.9999999999977,453.15,0.9867278419028311,3.43152193685949e-05,180.0
835.9999999999977,453.15,0.9867959891062724,3.407360172062808e-05,180.0
837.9999999999976,453.15,0.9868636573908772,3.383414230240434e-05,180.0
839.9999999999976,453.15,0.9869308510264099,3.3596817766342125e-05,180.0
841.9999999999976,453.15,0.9869975742365324,3.336160506131421e-05,180.0
843.9999999999976,453.15,0.9870638311993891,3.3128481428328225e-05,180.0
845.9999999999976,453.15,0.9871296260481817,3.2897424396278e-05,180.0
847.9999999999976,453.15,0.9871949628717372,3.266841177776547e-05,180.0
849.9999999999976,453.15,0.9872598457150672,3.2441421664989034e-05,180.0
851.9999999999976,453.15,0.9873242785799186,3.2216432425701744e-05,180.0
853.9999999999976,453.15,0.987388265425317,3.199342269923245e-05,180.0
855.9999999999976,453.15,0.9874518101681021,3.1772371392574165e-05,180.0
857.9999999999976,453.15,0.9875149166834551,3.1553257676535045e-05,180.0
859.9999999999976,453.15,0.987577588805419,3.133606098195208e-05,180.0
861.9999999999976,453.15,0.987639830327411,3.112076099596523e-05,180.0
863.9999999999976,453.15,0.9877016450027277,3.090733765835294e-05,180.0
865.9999999999976,453.15,0.9877630365450436,3.0695771157926656e-05,180.0
867.9999999999975,453.15,0.9878240086289015,3.0486041928982373e-05,180.0
869.9999999999975,453.15,0.9878845648901972,3.0278130647810343e-05,180.0
871.9999999999975,453.15,0.9879447089266556,3.0072018229259315e-05,180.0
873.9999999999975,453.15,0.9880044442983024,2.9867685823358452e-05,180.0
875.9999999999975,453.15,0.9880637745279264,2.9665114811989974e-05,180.0
877.9999999999975,453.15,0.9881227031015376,2.9464286805617448e-05,180.0
879.9999999999975,453.15,0.9881812334688177,2.926518364006514e-05,180.0
881.9999999999975,453.15,0.9882393690435644,2.9067787373348177e-05,180.0
883.9999999999975,453.15,0.9882971132041295,2.8872080282553677e-05,180.0
885.9999999999975,453.15,0.9883544692938511,2.867804486077086e-05,180.0
887.9999999999975,453.15,0.9884114406214792,2.848566381407069e-05,180.0
889.9999999999975,453.15,0.9884680304615963,2.8294920058531546e-05,180.0
891.9999999999975,453.15,0.9885242420550309,2.8105796717312982e-05,180.0
893.9999999999975,453.15,0.9885800786092664,2.7918277117774524e-05,180.0
895.9999999999975,453.15,0.9886355432988437,2.773234478864082e-05,180.0
897.9999999999975,453.15,0.9886906392657582,2.7547983457210792e-05,180.0
899.9999999999975,453.15,0.9887453696198514,2.7365177046609598e-05,180.0
901.9999999999974,453.15,0.9887997374391976,2.7183909673084798e-05,180.0
903.9999999999974,453.15,0.9888537457704842,2.7004165643343274e-05,180.0
905.9999999999974,453.15,0.9889073976293881,2.682592945193138e-05,180.0
907.9999999999974,453.15,0.9889606960009454,2.664918577865354e-05,180.0
909.9999999999974,453.15,0.9890136438399174,2.6473919486032516e-05,180.0
911.9999999999974,453.15,0.9890662440711511,2.630011561680898e-05,180.0
913.9999999999974,453.15,0.989118499589934,2.612775939147794e-05,180.0
915.9999999999974,453.15,0.9891704132623458,2.595683620586586e-05,180.0
917.9999999999974,453.15,0.9892219879256032,2.5787331628742336e-05,180.0
919.9999999999974,453.15,0.9892732263884022,2.561923139947058e-05,180.0
921.9999999999974,453.15,0.9893241314312536,2.5452521425692015e-05,180.0
923.9999999999974,453.15,0.9893747058068157,2.528718778104861e-05,180.0
925.9999999999974,453.15,0.9894249522402216,2.512321670293817e-05,180.0
927.9999999999974,453.15,0.9894748734294022,2.4960594590304064e-05,180.0
929.9999999999974,453.15,0.9895244720454052,2.4799308001459797e-05,180.0
931.9999999999973,453.15,0.989573750732709,2.4639343651944733e-05,180.0
933.9999999999973,453.15,0.9896227121095339,2.4480688412415007e-05,180.0
935.9999999999973,453.15,0.989671358768147,2.4323329306563193e-05,180.0
937.9999999999973,453.15,0.9897196932751652,2.4167253509072425e-05,180.0
939.9999999999973,453.15,0.9897677181718524,2.4012448343599344e-05,180.0
941.9999999999973,453.15,0.989815435974414,2.3858901280788023e-05,180.0
943.9999999999973,453.15,0.9898628491742867,2.3706599936314182e-05,180.0
945.9999999999973,453.15,0.9899099602384246,2.355553206895871e-05,180.0
947.9999999999973,453.15,0.9899567716095821,2.3405685578709428e-05,180.0
949.9999999999973,453.15,0.9900032857065918,2.3257048504891243e-05,180.0
951.9999999999973,453.15,0.9900495049246405,2.3109609024326035e-05,180.0
953.9999999999973,453.15,0.9900954316355395,2.296335544951647e-05,180.0
955.9999999999973,453.15,0.9901410681879932,2.2818276226861484e-05,180.0
957.9999999999973,453.15,0.990186416907863,2.2674359934893343e-05,180.0
959.9999999999973,453.15,0.9902314800984281,2.2531595282544776e-05,180.0
961.9999999999973,453.15,0.990276260040643,2.238997110744032e-05,180.0
963.9999999999974,453.15,0.9903207589933913,2.2249476374211914e-05,180.0
965.9999999999975,453.15,0.990364979193737,2.2110100172841047e-05,180.0
967.9999999999976,453.15,0.9904089228571711,2.1971831717024262e-05,180.0
969.9999999999977,453.15,0.9904525921778562,2.1834660342563292e-05,180.0
971.9999999999978,453.15,0.9904959893288677,2.1698575505778817e-05,180.0
973.999999999998,453.15,0.9905391164624316,2.156356678194659e-05,180.0
975.9999999999981,453.15,0.9905819757101592,2.142962386375742e-05,180.0
977.9999999999982,453.15,0.9906245691832788,2.1296736559799766e-05,180.0
979.9999999999982,453.15,0.990666898972865,2.1164894793063265e-05,180.0
981.9999999999983,453.15,0.990708967150064,2.1034088599465515e-05,180.0
983.9999999999984,453.15,0.9907507757663168,2.0904308126399323e-05,180.0
985.9999999999985,453.15,0.9907923268535793,2.0775543631301396e-05,180.0
987.9999999999986,453.15,0.9908336224245398,2.064778548024143e-05,180.0
989.9999999999987,453.15,0.9908746644728328,2.0521024146531876e-05,180.0
991.9999999999989,453.15,0.9909154549732515,2.039525020935804e-05,180.0
993.9999999999989,453.15,0.9909559958819564,2.0270454352427403e-05,180.0
995.999999999999,453.15,0.9909962891366817,2.0146627362638954e-05,180.0
997.9999999999991,453.15,0.9910363366569392,2.0023760128770936e-05,180.0
999.9999999999992,453.15,0.9910761403442196,1.990184364018824e-05,180.0
1001.9999999999993,453.15,0.9911157020821908,1.9780868985567203e-05,180.0
1003.9999999999994,453.15,0.9911550237368941,1.9660827351639992e-05,180.0
1005.9999999999995,453.15,0.991194107156938,1.9541710021955674e-05,180.0
1007.9999999999997,453.15,0.9912329541736893,1.9423508375660223e-05,180.0
1009.9999999999998,453.15,0.9912715666014619,1.9306213886292152e-05,180.0
1011.9999999999998,453.15,0.9913099462377031,1.918981812059676e-05,180.0
1013.9999999999999,453.15,0.9913480948631778,1.9074312737357015e-05,180.0
1016.0,453.15,0.9913860142421502,1.8959689486240348e-05,180.0
1018.0000000000001,453.15,0.9914237061225636,1.8845940206661773e-05,180.0
1020.0000000000002,453.15,0.9914611722362169,1.8733056826663616e-05,180.0
1022.0000000000003,453.15,0.9914984142989405,1.8621031361811246e-05,180.0
1024.0000000000005,453.15,0.9915354340107687,1.8509855914102724e-05,180.0
1026.0000000000005,453.15,0.9915722330561105,1.839952267089559e-05,180.0
1028.0000000000007,453.15,0.9916088131039182,1.829002390384817e-05,180.0
1030.0000000000007,453.15,0.9916451758078539,1.8181351967875097e-05,180.0
1032.000000000001,453.15,0.9916813228064542,1.807349930011809e-05,180.0
1034.000000000001,453.15,0.9917172557232921,1.796645841893031e-05,180.0
1036.000000000001,453.15,0.9917529761671378,1.7860221922876026e-05,180.0
1038.0000000000011,453.15,0.9917884857321172,1.7754782489743912e-05,180.0
1040.0000000000011,453.15,0.9918237859978684,1.7650132875572435e-05,180.0
1042.0000000000014,453.15,0.9918588785296958,1.7546265913690885e-05,180.0
1044.0000000000014,453.15,0.9918937648787234,1.7443174513772955e-05,180.0
1046.0000000000016,453.15,0.9919284465820452,1.7340851660902998e-05,180.0
1048.0000000000016,453.15,0.9919629251628744,1.723929041465562e-05,180.0
1050.0000000000018,453.15,0.9919972021306908,1.713848390818707e-05,180.0
1052.0000000000018,453.15,0.9920312789813854,1.7038425347340633e-05,180.0
1054.0000000000018,453.15,0.992065157197405,1.693910800976299e-05,180.0
1056.000000000002,453.15,0.992098838247893,1.6840525244033696e-05,180.0
1058.000000000002,453.15,0.9921323235888306,1.6742670468805658e-05,180.0
1060.0000000000023,453.15,0.9921656146631745,1.664553717195792e-05,180.0
1062.0000000000023,453.15,0.992198712900994,1.6549118909759877e-05,180.0
1064.0000000000025,453.15,0.9922316197196062,1.6453409306046863e-05,180.0
1066.0000000000025,453.15,0.9922643365237089,1.6358402051406685e-05,180.0
1068.0000000000025,453.15,0.9922968647055137,1.6264090902378295e-05,180.0
1070.0000000000027,453.15,0.992329205644875,1.6170469680659246e-05,180.0
1072.0000000000027,453.15,0.9923613607094197,1.6077532272326338e-05,180.0
1074.000000000003,453.15,0.9923933312546739,1.5985272627064906e-05,180.0
1076.000000000003,453.15,0.9924251186241887,1.5893684757409475e-05,180.0
1078.0000000000032,453.15,0.9924567241496647,1.5802762737994437e-05,180.0
1080.0000000000032,453.15,0.9924881491510743,1.571250070481435e-05,180.0
1082.0000000000032,453.15,0.9925193949367833,1.5622892854494993e-05,180.0
1084.0000000000034,453.15,0.9925504628036704,1.5533933443573564e-05,180.0
1086.0000000000034,453.15,0.992581354037246,1.5445616787789102e-05,180.0
1088.0000000000036,453.15,0.9926120699117688,1.5357937261381285e-05,180.0
1090.0000000000036,453.15,0.9926426116903616,1.527088929640019e-05,180.0
1092.0000000000039,453.15,0.9926729806251257,1.5184467382023631e-05,180.0
1094.0000000000039,453.15,0.9927031779572534,1.5098666063885305e-05,180.0
1096.000000000004,453.15,0.9927332049171402,1.5013479943410003e-05,180.0
1098.000000000004,453.15,0.9927630627244945,1.4928903677158552e-05,180.0
1100.000000000004,453.15,0.9927927525884469,1.4844931976182469e-05,180.0
1102.0000000000043,453.15,0.9928222757076577,1.4761559605385056e-05,180.0
1104.0000000000043,453.15,0.9928516332704235,1.4678781382892366e-05,180.0
1106.0000000000045,453.15,0.9928808264547824,1.4596592179432315e-05,180.0
1108.0000000000045,453.15,0.9929098564286178,1.451498691772135e-05,180.0
1110.0000000000048,453.15,0.9929387243497616,1.4433960571860046e-05,180.0
1112.0000000000048,453.15,0.9929674313660951,1.4353508166735774e-05,180.0
1114.000000000005,453.15,0.99299597861565,1.4273624777433882e-05,180.0
1116.000000000005,453.15,0.9930243672267074,1.4194305528656094e-05,180.0
1118.000000000005,453.15,0.9930525983178957,1.4115545594146963e-05,180.0
1120.0000000000052,453.15,0.993080672998288,1.4037340196127419e-05,180.0
1122.0000000000052,453.15,0.9931085923674974,1.3959684604735936e-05,180.0
1124.0000000000055,453.15,0.9931363575157723,1.3882574137476634e-05,180.0
1126.0000000000055,453.15,0.9931639695240897,1.3806004158674891e-05,180.0
1128.0000000000057,453.15,0.9931914294642475,1.3729970078940362e-05,180.0
1130.0000000000057,453.15,0.9932187383989568,1.3654467354636158e-05,180.0
1132.0000000000057,453.15,0.9932458973819315,1.3579491487355017e-05,180.0
1134.000000000006,453.15,0.9932729074579782,1.3505038023402996e-05,180.0
1136.000000000006,453.15,0.9932997696630849,1.3431102553288866e-05,180.0
1138.0000000000061,453.15,0.9933264850245073,1.3357680711220589e-05,180.0
1140.0000000000061,453.15,0.9933530545608564,1.3284768174608862e-05,180.0
1142.0000000000064,453.15,0.9933794792821836,1.321236066357525e-05,180.0
1144.0000000000064,453.15,0.9934057601900645,1.3140453940468154e-05,180.0
1146.0000000000064,453.15,0.9934318982776833,1.3069043809385386e-05,180.0
1148.0000000000066,453.15,0.9934578945299147,1.2998126115700841e-05,180.0
1150.0000000000066,453.15,0.9934837499234059,1.2927696745598862e-05,180.0
1152.0000000000068,453.15,0.9935094654266572,1.2857751625614413e-05,180.0
1154.0000000000068,453.15,0.9935350420001016,1.2788286722178144e-05,180.0
1156.000000000007,453.15,0.9935604805961838,1.2719298041168335e-05,180.0
1158.000000000007,453.15,0.9935857821594388,1.2650781627467957e-05,180.0
1160.0000000000073,453.15,0.9936109476265679,1.2582733564526703e-05,180.0
1162.0000000000073,453.15,0.9936359779265157,1.2515149973930711e-05,180.0
1164.0000000000073,453.15,0.9936608739805457,1.2448027014975106e-05,180.0
1166.0000000000075,453.15,0.9936856367023141,1.2381360884243224e-05,180.0
1168.0000000000075,453.15,0.9937102669979445,1.2315147815192129e-05,180.0
1170.0000000000077,453.15,0.9937347657661,1.2249384077740558e-05,180.0
1172.0000000000077,453.15,0.9937591338980557,1.218406597786516e-05,180.0
1174.000000000008,453.15,0.9937833722777701,1.2119189857199654e-05,180.0
1176.000000000008,453.15,0.9938074817819554,1.2054752092639828e-05,180.0
1178.0000000000082,453.15,0.9938314632801474,1.1990749095953731e-05,180.0
1180.0000000000082,453.15,0.9938553176347742,1.1927177313395852e-05,180.0
1182.0000000000082,453.15,0.9938790457012249,1.1864033225327e-05,180.0
1184.0000000000084,453.15,0.9939026483279165,1.1801313345838374e-05,180.0
1186.0000000000084,453.15,0.9939261263563612,1.1739014222380678e-05,180.0
1188.0000000000086,453.15,0.993949480621232,1.1677132435397327e-05,180.0
1190.0000000000086,453.15,0.9939727119504279,1.1615664597962636e-05,180.0
1192.0000000000089,453.15,0.9939958211651387,1.1554607355424602e-05,180.0
1194.0000000000089,453.15,0.9940188090799088,1.1493957385051699e-05,180.0
1196.0000000000089,453.15,0.9940416765027001,1.143371139568422e-05,180.0
1198.000000000009,453.15,0.9940644242349549,1.1373866127389822e-05,180.0
1200.000000000009,453.15,0.9940870530716571,1.131441835112356e-05,180.0
1202.0000000000093,453.15,0.9941095638013939,1.1255364868391754e-05,180.0
1204.0000000000093,453.15,0.9941319572064158,1.1196702510920278e-05,180.0
1206.0000000000095,453.15,0.9941542340626964,1.1138428140326903e-05,180.0
1208.0000000000095,453.15,0.994176395139992,1.1080538647797399e-05,180.0
1210.0000000000095,453.15,0.9941984412018995,1.102303095376564e-05,180.0
1212.0000000000098,453.15,0.9942203730059147,1.0965902007597984e-05,180.0
1214.0000000000098,453.15,0.9942421913034892,1.0909148787280695e-05,180.0
1216.00000000001,453.15,0.9942638968400874,1.0852768299112754e-05,180.0
1218.00000000001,453.15,0.9942854903552423,1.0796757577400207e-05,180.0
1220.0000000000102,453.15,0.9943069725826106,1.074111368415582e-05,180.0
1222.0000000000102,453.15,0.9943283442500281,1.0685833708802524e-05,180.0
1224.0000000000105,453.15,0.9943496060795639,1.0630914767878947e-05,180.0
1226.0000000000105,453.15,0.9943707587875734,1.0576354004749534e-05,180.0
1228.0000000000105,453.15,0.9943918030847521,1.0522148589318692e-05,180.0
1230.0000000000107,453.15,0.9944127396761876,1.0468295717747189e-05,180.0
1232.0000000000107,453.15,0.9944335692614119,1.0414792612172507e-05,180.0
1234.000000000011,453.15,0.9944542925344527,1.036163652043312e-05,180.0
1236.000000000011,453.15,0.9944749101838843,1.030882471579466e-05,180.0
1238.0000000000111,453.15,0.9944954228928777,1.0256354496680523e-05,180.0
1240.0000000000111,453.15,0.9945158313392506,1.0204223186406032e-05,180.0
1242.0000000000114,453.15,0.9945361361955164,1.0152428132914422e-05,180.0
1244.0000000000114,453.15,0.9945563381289334,1.0100966708517155e-05,180.0
1246.0000000000114,453.15,0.9945764378015527,1.004983630963633e-05,180.0
1248.0000000000116,453.15,0.9945964358702658,9.999034356551064e-06,180.0
1250.0000000000116,453.15,0.9946163329868521,9.948558293146768e-06,180.0
1252.0000000000118,453.15,0.9946361297980255,9.898405586666663e-06,180.0
1254.0000000000118,453.15,0.9946558269454805,9.848573727467247e-06,180.0
1256.000000000012,453.15,0.9946754250659381,9.79906022877569e-06,180.0
1258.000000000012,453.15,0.994694924791191,9.749862626450859e-06,180.0
1260.000000000012,453.15,0.9947143267481485,9.700978478746754e-06,180.0
1262.0000000000123,453.15,0.9947336315588807,9.652405366078996e-06,180.0
1264.0000000000123,453.15,0.9947528398406623,9.604140890793405e-06,180.0
1266.0000000000125,453.15,0.9947719522060162,9.556182676938666e-06,180.0
1268.0000000000125,453.15,0.9947909692627563,9.508528370039962e-06,180.0
1270.0000000000127,453.15,0.9948098916140301,9.461175636876634e-06,180.0
1272.0000000000127,453.15,0.9948287198583606,9.414122165261887e-06,180.0
1274.0000000000127,453.15,0.9948474545896883,9.367365663824797e-06,180.0
1276.000000000013,453.15,0.9948660963974119,9.320903861795452e-06,180.0
1278.000000000013,453.15,0.9948846458664294,9.274734508792077e-06,180.0
1280.0000000000132,453.15,0.9949031035771787,9.228855374611221e-06,180.0
1282.0000000000132,453.15,0.9949214701056768,9.183264249019647e-06,180.0
1284.0000000000134,453.15,0.9949397460235598,9.137958941549508e-06,180.0
1286.0000000000134,453.15,0.9949579318981224,9.092937281295176e-06,180.0
1288.0000000000136,453.15,0.9949760282923559,9.048197116712242e-06,180.0
1290.0000000000136,453.15,0.9949940357649867,9.00373631542004e-06,180.0
1292.0000000000136,453.15,0.9950119548705147,8.959552764005468e-06,180.0
1294.0000000000139,453.15,0.9950297861592504,8.915644367828689e-06,180.0
1296.0000000000139,453.15,0.995047530177352,8.872009050832789e-06,180.0
1298.000000000014,453.15,0.9950651874668628,8.828644755353658e-06,180.0
1300.000000000014,453.15,0.9950827585657467,8.785549441932728e-06,180.0
1302.0000000000143,453.15,0.995100244007925,8.742721089133117e-06,180.0
1304.0000000000143,453.15,0.9951176443233116,8.700157693355903e-06,180.0
1306.0000000000146,453.15,0.995134960037849,8.657857268659777e-06,180.0
1308.0000000000146,453.15,0.9951521916735421,8.61581784658187e-06,180.0
1310.0000000000146,453.15,0.995169339748494,8.574037475962186e-06,180.0
1312.0000000000148,453.15,0.9951864047769395,8.53251422276785e-06,180.0
1314.0000000000148,453.15,0.9952033872692794,8.49124616992118e-06,180.0
1316.000000000015,453.15,0.9952202877321137,8.450231417129146e-06,180.0
1318.000000000015,453.15,0.9952371066682751,8.409468080713977e-06,180.0
1320.0000000000152,453.15,0.9952538445768621,8.36895429344724e-06,180.0
1322.0000000000152,453.15,0.9952705019532708,8.328688204384226e-06,180.0
1324.0000000000152,453.15,0.9952870792892282,8.288667978701277e-06,180.0
1326.0000000000155,453.15,0.9953035770728232,8.248891797534419e-06,180.0
1328.0000000000155,453.15,0.9953199957885389,8.20935785782013e-06,180.0
1330.0000000000157,453.15,0.9953363359172832,8.170064372137403e-06,180.0
1332.0000000000157,453.15,0.9953525979364203,8.13100956855267e-06,180.0
1334.000000000016,453.15,0.9953687823198012,8.092191690465223e-06,180.0
1336.000000000016,453.15,0.9953848895377941,8.053608996454676e-06,180.0
1338.000000000016,453.15,0.9954009200573144,8.015259760130742e-06,180.0
1340.0000000000161,453.15,0.9954168743418543,7.9771422699845e-06,180.0
1342.0000000000161,453.15,0.9954327528515128,7.939254829240618e-06,180.0
1344.0000000000164,453.15,0.9954485560430242,7.901595755711852e-06,180.0
1346.0000000000164,453.15,0.9954642843697875,7.864163381655262e-06,180.0
1348.0000000000166,453.15,0.9954799382818947,7.826956053629599e-06,180.0
1350.0000000000166,453.15,0.9954955182261594,7.78997213235494e-06,180.0
1352.0000000000168,453.15,0.9955110246461446,7.753209992572686e-06,180.0
1354.0000000000168,453.15,0.9955264579821904,7.716668022908536e-06,180.0
1356.0000000000168,453.15,0.9955418186714419,7.680344625736093e-06,180.0
1358.000000000017,453.15,0.9955571071478759,7.64423821704211e-06,180.0
1360.000000000017,453.15,0.9955723238423285,7.6083472262933754e-06,180.0
1362.0000000000173,453.15,0.9955874691825212,7.572670096304966e-06,180.0
1364.0000000000173,453.15,0.9956025435930874,7.53720528311012e-06,180.0
1366.0000000000175,453.15,0.995617547495599,7.501951255831443e-06,180.0
1368.0000000000175,453.15,0.9956324813085922,7.466906496553463e-06,180.0
1370.0000000000177,453.15,0.9956473454475926,7.432069500196238e-06,180.0
1372.0000000000177,453.15,0.9956621403251413,7.3974387743913165e-06,180.0
1374.0000000000177,453.15,0.9956768663508201,7.3630128393584755e-06,180.0
1376.000000000018,453.15,0.9956915239312757,7.328790227782995e-06,180.0
1378.000000000018,453.15,0.9957061134702451,7.2947694846962525e-06,180.0
1380.0000000000182,453.15,0.9957206353685798,7.260949167355807e-06,180.0
1382.0000000000182,453.15,0.9957350900242701,7.227327845127243e-06,180.0
1384.0000000000184,453.15,0.9957494778324688,7.193904099368056e-06,180.0
1386.0000000000184,453.15,0.9957637991855154,7.160676523311995e-06,180.0
1388.0000000000184,453.15,0.9957780544729593,7.127643721954901e-06,180.0
1390.0000000000186,453.15,0.9957922440815832,7.09480431194151e-06,180.0
1392.0000000000186,453.15,0.9958063683954261,7.062156921454507e-06,180.0
1394.0000000000189,453.15,0.9958204277958064,7.029700190103228e-06,180.0
1396.0000000000189,453.15,0.995834422661344,6.997432768815116e-06,180.0
1398.000000000019,453.15,0.9958483533679835,6.965353319727074e-06,180.0
1400.000000000019,453.15,0.9958622202890156,6.933460516078758e-06,180.0
1402.000000000019,453.15,0.9958760237950999,6.901753042106806e-06,180.0
1404.0000000000193,453.15,0.9958897642542858,6.870229592939692e-06,180.0
1406.0000000000193,453.15,0.9959034420320347,6.838888874495289e-06,180.0
1408.0000000000196,453.15,0.9959170574912415,6.807729603377512e-06,180.0
1410.0000000000196,453.15,0.995930610992255,6.776750506775144e-06,180.0
1412.0000000000198,453.15,0.9959441028928997,6.7459503223620205e-06,180.0
1414.0000000000198,453.15,0.9959575335484961,6.715327798197336e-06,180.0
1416.00000000002,453.15,0.9959709033118814,6.684881692627816e-06,180.0
1418.00000000002,453.15,0.9959842125334298,6.654610774190992e-06,180.0
1420.00000000002,453.15,0.9959974615610728,6.624513821518569e-06,180.0
1422.0000000000202,453.15,0.9960106507403194,6.594589623241886e-06,180.0
1424.0000000000202,453.15,0.9960237804142752,6.564836977897208e-06,180.0
1426.0000000000205,453.15,0.9960368509236629,6.5352546938338385e-06,180.0
1428.0000000000205,453.15,0.9960498626068411,6.505841589121304e-06,180.0
1430.0000000000207,453.15,0.996062815799824,6.476596491458589e-06,180.0
1432.0000000000207,453.15,0.9960757108363002,6.447518238083935e-06,180.0
1434.000000000021,453.15,0.9960885480476516,6.41860567568568e-06,180.0
1436.000000000021,453.15,0.9961013277629722,6.389857660314377e-06,180.0
1438.000000000021,453.15,0.9961140503090868,6.3612730572952126e-06,180.0
1440.0000000000211,453.15,0.9961267160105691,6.332850741141932e-06,180.0
1442.0000000000211,453.15,0.9961393251897601,6.304589595471301e-06,180.0
1444.0000000000214,453.15,0.996151878166786,6.276488512918308e-06,180.0
1446.0000000000214,453.15,0.996164375259576,6.24854639505314e-06,180.0
1448.0000000000216,453.15,0.9961768167838806,6.2207621522978995e-06,180.0
1450.0000000000216,453.15,0.9961892030532883,6.193134703844571e-06,180.0
1452.0000000000216,453.15,0.9962015343792434,6.165662977574455e-06,180.0
1454.0000000000218,453.15,0.9962138110710633,6.138345909977859e-06,180.0
1456.0000000000218,453.15,0.9962260334359555,6.111182446074489e-06,180.0
1458.000000000022,453.15,0.9962382017790342,6.084171539334836e-06,180.0
1460.000000000022,453.15,0.9962503164033374,6.057312151602988e-06,180.0
1462.0000000000223,453.15,0.9962623776098434,6.030603253019432e-06,180.0
1464.0000000000223,453.15,0.9962743856974873,6.004043821944552e-06,180.0
1466.0000000000223,453.15,0.996286340963177,5.977632844883559e-06,180.0
1468.0000000000225,453.15,0.9962982437018099,5.951369316412361e-06,180.0
1470.0000000000225,453.15,0.996310094206288,5.925252239103135e-06,180.0
1472.0000000000227,453.15,0.9963218927675349,5.899280623451813e-06,180.0
1474.0000000000227,453.15,0.9963336396745105,5.873453487805253e-06,180.0
1476.000000000023,453.15,0.9963453352142271,5.847769858290312e-06,180.0
1478.000000000023,453.15,0.9963569796717645,5.822228768742601e-06,180.0
1480.0000000000232,453.15,0.9963685733302858,5.796829260636878e-06,180.0
1482.0000000000232,453.15,0.9963801164710518,5.771570383016883e-06,180.0
1484.0000000000232,453.15,0.9963916093734367,5.7464511924280014e-06,180.0
1486.0000000000234,453.15,0.9964030523149424,5.72147075284791e-06,180.0
1488.0000000000234,453.15,0.9964144455712136,5.696628135620524e-06,180.0
1490.0000000000236,453.15,0.9964257894160524,5.6719224193886526e-06,180.0
1492.0000000000236,453.15,0.9964370841214325,5.6473526900282355e-06,180.0
1494.0000000000239,453.15,0.9964483299575136,5.62291804058371e-06,180.0
1496.0000000000239,453.15,0.9964595271926561,5.598617571203012e-06,180.0
1498.000000000024,453.15,0.9964706760934342,5.574450389073452e-06,180.0
1500.000000000024,453.15,0.9964817769246509,5.550415608359158e-06,180.0
1502.000000000024,453.15,0.9964928299493512,5.526512350137926e-06,180.0
1504.0000000000243,453.15,0.9965038354288358,5.502739742339393e-06,180.0
1506.0000000000243,453.15,0.9965147936226751,5.479096919684048e-06,180.0
1508.0000000000246,453.15,0.9965257047887224,5.4555830236218855e-06,180.0
1510.0000000000246,453.15,0.9965365691831269,5.432197202272837e-06,180.0
1512.0000000000248,453.15,0.9965473870603476,5.408938610367075e-06,180.0
1514.0000000000248,453.15,0.996558158673166,5.38580640918638e-06,180.0
1516.0000000000248,453.15,0.996568884272699,5.362799766505126e-06,180.0
1518.000000000025,453.15,0.996579564108412,5.339917856533511e-06,180.0
1520.000000000025,453.15,0.9965901984281317,5.317159859859687e-06,180.0
1522.0000000000252,453.15,0.9966007874780585,5.294524963393411e-06,180.0
1524.0000000000252,453.15,0.9966113315027791,5.272012360310262e-06,180.0
1526.0000000000255,453.15,0.9966218307452791,5.249621249995923e-06,180.0
1528.0000000000255,453.15,0.996632285446955,5.227350837991751e-06,180.0
1530.0000000000255,453.15,0.9966426958476269,5.205200335939697e-06,180.0
1532.0000000000257,453.15,0.9966530621855499,5.183168961528965e-06,180.0
1534.0000000000257,453.15,0.9966633846974269,5.161255938442736e-06,180.0
1536.000000000026,453.15,0.9966736636184195,5.139460496305431e-06,180.0
1538.000000000026,453.15,0.9966838991821607,5.117781870630746e-06,180.0
1540.0000000000261,453.15,0.9966940916207663,5.096219302769278e-06,180.0
1542.0000000000261,453.15,0.996704241164846,5.074772039857858e-06,180.0
1544.0000000000264,453.15,0.9967143480435156,5.053439334768929e-06,180.0
1546.0000000000264,453.15,0.9967244124844077,5.032220446060224e-06,180.0
1548.0000000000264,453.15,0.9967344347136835,5.01111463792495e-06,180.0
1550.0000000000266,453.15,0.9967444149560438,4.990121180142963e-06,180.0
1552.0000000000266,453.15,0.9967543534347398,4.969239348031518e-06,180.0
1554.0000000000268,453.15,0.9967642503715847,4.948468422397918e-06,180.0
1556.0000000000268,453.15,0.9967741059869637,4.927807689490587e-06,180.0
1558.000000000027,453.15,0.9967839204998457,4.907256440952955e-06,180.0
1560.000000000027,453.15,0.9967936941277932,4.886813973775993e-06,180.0
1562.0000000000273,453.15,0.9968034270869737,4.866479590252164e-06,180.0
1564.0000000000273,453.15,0.9968131195921696,4.846252597928944e-06,180.0
1566.0000000000273,453.15,0.9968227718567887,4.826132309563987e-06,180.0
1568.0000000000275,453.15,0.9968323840928749,4.806118043080083e-06,180.0
1570.0000000000275,453.15,0.996841956511118,4.7862091215201345e-06,180.0
1572.0000000000277,453.15,0.996851489320864,4.766404873003538e-06,180.0
1574.0000000000277,453.15,0.9968609827301254,4.7467046306821155e-06,180.0
1576.000000000028,453.15,0.9968704369455907,4.727107732696988e-06,180.0
1578.000000000028,453.15,0.996879852172635,4.707613522135688e-06,180.0
1580.000000000028,453.15,0.9968892286153289,4.688221346989729e-06,180.0
1582.0000000000282,453.15,0.9968985664764491,4.668930560112428e-06,180.0
1584.0000000000282,453.15,0.9969078659574875,4.649740519177405e-06,180.0
1586.0000000000284,453.15,0.9969171272586608,4.630650586637556e-06,180.0
1588.0000000000284,453.15,0.9969263505789201,4.611660129683781e-06,180.0
1590.0000000000286,453.15,0.9969355361159605,4.592768520205087e-06,180.0
1592.0000000000286,453.15,0.99694468406623,4.573975134747784e-06,180.0
1594.0000000000286,453.15,0.996953794624939,4.555279354476706e-06,180.0
1596.0000000000289,453.15,0.9969628679860694,4.5366805651353e-06,180.0
1598.0000000000289,453.15,0.9969719043423834,4.518178157007056e-06,180.0
1600.000000000029,453.15,0.9969809038854331,4.499771524876938e-06,180.0
1602.000000000029,453.15,0.9969898668055691,4.481460067992784e-06,180.0
1604.0000000000293,453.15,0.9969987932919492,4.463243190028289e-06,180.0
1606.0000000000293,453.15,0.9970076835325473,4.4451202990448284e-06,180.0
1608.0000000000296,453.15,0.9970165377141622,4.427090807454845e-06,180.0
1610.0000000000296,453.15,0.9970253560224261,4.4091541319852135e-06,180.0
1612.0000000000296,453.15,0.9970341386418134,4.391309693640355e-06,180.0
1614.0000000000298,453.15,0.9970428857556488,4.373556917666454e-06,180.0
1616.0000000000298,453.15,0.9970515975461158,4.3558952335160845e-06,180.0
1618.00000000003,453.15,0.9970602741942655,4.338324074812599e-06,180.0
1620.00000000003,453.15,0.9970689158800241,4.320842879314921e-06,180.0
1622.0000000000302,453.15,0.9970775227822019,4.3034510888832055e-06,180.0
1624.0000000000302,453.15,0.9970860950785008,4.286148149444464e-06,180.0
1626.0000000000305,453.15,0.9970946329455227,4.268933510958147e-06,180.0
1628.0000000000305,453.15,0.9971031365587775,4.251806627383042e-06,180.0
1630.0000000000305,453.15,0.9971116060926908,4.234766956643438e-06,180.0
1632.0000000000307,453.15,0.997120041720612,4.217813960596167e-06,180.0
1634.0000000000307,453.15,0.997128443614822,4.2009471049980205e-06,180.0
1636.000000000031,453.15,0.9971368119465409,4.18416585947292e-06,180.0
1638.000000000031,453.15,0.9971451468859359,4.167469697480356e-06,180.0
1640.0000000000312,453.15,0.9971534486021285,4.15085809628268e-06,180.0
1642.0000000000312,453.15,0.9971617172632024,4.1343305369145594e-06,180.0
1644.0000000000312,453.15,0.9971699530362107,4.1178865041510516e-06,180.0
1646.0000000000314,453.15,0.9971781560871836,4.1015254864767245e-06,180.0
1648.0000000000314,453.15,0.9971863265811357,4.0852469760554e-06,180.0
1650.0000000000316,453.15,0.9971944646820731,4.069050468699163e-06,180.0
1652.0000000000316,453.15,0.9972025705530008,4.052935463838644e-06,180.0
1654.0000000000318,453.15,0.9972106443559298,4.036901464493026e-06,180.0
1656.0000000000318,453.15,0.9972186862518843,4.020947977240855e-06,180.0
1658.0000000000318,453.15,0.9972266964009087,4.005074512190366e-06,180.0
1660.000000000032,453.15,0.9972346749620745,3.989280582950616e-06,180.0
1662.000000000032,453.15,0.9972426220934877,3.9735657066029836e-06,180.0
1664.0000000000323,453.15,0.997250537952295,3.9579294036721815e-06,180.0
1666.0000000000323,453.15,0.9972584226946912,3.942371198098497e-06,180.0
1668.0000000000325,453.15,0.9972662764759257,3.926890617209758e-06,180.0
1670.0000000000325,453.15,0.9972740994503091,3.9114871916936535e-06,180.0
1672.0000000000327,453.15,0.9972818917712203,3.896160455570431e-06,180.0
1674.0000000000327,453.15,0.9972896535911127,3.880909946165291e-06,180.0
1676.0000000000327,453.15,0.9972973850615208,3.865735204082021e-06,180.0
1678.000000000033,453.15,0.9973050863330671,3.850635773176124e-06,180.0
1680.000000000033,453.15,0.9973127575554682,3.8356112005278524e-06,180.0
1682.0000000000332,453.15,0.9973203988775411,3.820661036416925e-06,180.0
1684.0000000000332,453.15,0.9973280104472096,3.8057848342960565e-06,180.0
1686.0000000000334,453.15,0.9973355924115112,3.790982150765506e-06,180.0
1688.0000000000334,453.15,0.9973431449166023,3.7762525455471073e-06,180.0
1690.0000000000337,453.15,0.9973506681077652,3.7615955814595095e-06,180.0
1692.0000000000337,453.15,0.997358162129414,3.7470108243931217e-06,180.0
1694.0000000000337,453.15,0.9973656271251006,3.73249784328519e-06,180.0
1696.0000000000339,453.15,0.9973730632375207,3.7180562100952126e-06,180.0
1698.0000000000339,453.15,0.9973804706085203,3.7036854997809223e-06,180.0
1700.000000000034,453.15,0.9973878493791009,3.68938529027353e-06,180.0
1702.000000000034,453.15,0.9973951996894258,3.6751551624545973e-06,180.0
1704.0000000000343,453.15,0.997402521678826,3.660994700131753e-06,180.0
1706.0000000000343,453.15,0.9974098154858061,3.646903490015807e-06,180.0
1708.0000000000343,453.15,0.9974170812480495,3.632881121696712e-06,180.0
1710.0000000000346,453.15,0.9974243191024248,3.618927187621354e-06,180.0
1712.0000000000346,453.15,0.9974315291849909,3.605041283070172e-06,180.0
1714.0000000000348,453.15,0.9974387116310032,3.5912230061349796e-06,180.0
1716.0000000000348,453.15,0.9974458665749185,3.5774719576958213e-06,180.0
1718.000000000035,453.15,0.9974529941504013,3.563787741399658e-06,180.0
1720.000000000035,453.15,0.9974600944903286,3.550169963637462e-06,180.0
1722.000000000035,453.15,0.9974671677267957,3.5366182335233394e-06,180.0
1724.0000000000352,453.15,0.9974742139911215,3.523132162871853e-06,180.0
1726.0000000000352,453.15,0.9974812334138539,3.5097113661775775e-06,180.0
1728.0000000000355,453.15,0.9974882261247751,3.496355460593283e-06,180.0
1730.0000000000355,453.15,0.9974951922529068,3.4830640659090727e-06,180.0
1732.0000000000357,453.15,0.9975021319265159,3.4698368045314165e-06,180.0
1734.0000000000357,453.15,0.9975090452731189,3.4566733014622974e-06,180.0
1736.000000000036,453.15,0.9975159324194874,3.4435731842792995e-06,180.0
1738.000000000036,453.15,0.9975227934916536,3.4305360831149603e-06,180.0
1740.000000000036,453.15,0.9975296286149149,3.417561630636441e-06,180.0
1742.0000000000362,453.15,0.997536437913839,3.4046494620257177e-06,180.0
1744.0000000000362,453.15,0.9975432215122688,3.3917992149600832e-06,180.0
1746.0000000000364,453.15,0.997549979533328,3.3790105295923303e-06,180.0
1748.0000000000364,453.15,0.9975567120994251,3.3662830485310365e-06,180.0
1750.0000000000366,453.15,0.9975634193322588,3.3536164168219936e-06,180.0
1752.0000000000366,453.15,0.9975701013528226,3.3410102819284805e-06,180.0
1754.0000000000368,453.15,0.9975767582814101,3.3284642937128824e-06,180.0
1756.0000000000368,453.15,0.997583390237619,3.3159781044173686e-06,180.0
1758.0000000000368,453.15,0.9975899973403562,3.3035513686459132e-06,180.0
1760.000000000037,453.15,0.997596579707843,3.2911837433455762e-06,180.0
1762.000000000037,453.15,0.9976031374576185,3.2788748877878793e-06,180.0
1764.0000000000373,453.15,0.9976096707065456,3.2666244635517248e-06,180.0
1766.0000000000373,453.15,0.9976161795708146,3.254432134504337e-06,180.0
1768.0000000000375,453.15,0.9976226641659481,3.2422975667841536e-06,180.0
1770.0000000000375,453.15,0.9976291246068058,3.230220428783188e-06,180.0
1772.0000000000375,453.15,0.997635561007588,3.218200391129064e-06,180.0
1774.0000000000377,453.15,0.9976419734818414,3.2062371266685933e-06,180.0
1776.0000000000377,453.15,0.9976483621424622,3.1943303104495675e-06,180.0
1778.000000000038,453.15,0.9976547271017017,3.182479619704714e-06,180.0
1780.000000000038,453.15,0.9976610684711693,3.170684733833869e-06,180.0
1782.0000000000382,453.15,0.997667386361838,3.1589453343883064e-06,180.0
1784.0000000000382,453.15,0.9976736808840482,3.147261105053288e-06,180.0
1786.0000000000382,453.15,0.9976799521475115,3.1356317316319367e-06,180.0
1788.0000000000384,453.15,0.9976862002613155,3.124056902029191e-06,180.0
1790.0000000000384,453.15,0.997692425333928,3.112536306235627e-06,180.0
1792.0000000000387,453.15,0.9976986274732006,3.101069636310762e-06,180.0
1794.0000000000387,453.15,0.9977048067863733,3.0896565863682638e-06,180.0
1796.0000000000389,453.15,0.9977109633800784,3.0782968525594088e-06,180.0
1798.0000000000389,453.15,0.9977170973603445,3.066990133057841e-06,180.0
1800.000000000039,453.15,0.9977232088326006,3.0557361280437933e-06,180.0
1802.000000000039,453.15,0.99772929790168,3.044534539689615e-06,180.0
1804.000000000039,453.15,0.9977353646718242,3.0333850721433304e-06,180.0
1806.0000000000393,453.15,0.9977414092466873,3.02228743151472e-06,180.0
1808.0000000000393,453.15,0.997747431729339,3.0112413258594428e-06,180.0
1810.0000000000396,453.15,0.9977534322222693,3.0002464651652603e-06,180.0
1812.0000000000396,453.15,0.997759410827392,2.989302561336307e-06,180.0
1814.0000000000398,453.15,0.9977653676460483,2.9784093281792564e-06,180.0
1816.0000000000398,453.15,0.997771302779011,2.9675664813885476e-06,180.0
1818.00000000004,453.15,0.9977772163264881,2.956773738532286e-06,180.0
1820.00000000004,453.15,0.9977831083881261,2.9460308190380186e-06,180.0
1822.00000000004,453.15,0.9977889790630144,2.9353374441785706e-06,180.0
1824.0000000000402,453.15,0.9977948284496886,2.924693337058159e-06,180.0
1826.0000000000402,453.15,0.9978006566461338,2.9140982225985743e-06,180.0
1828.0000000000405,453.15,0.9978064637497889,2.903551827525626e-06,180.0
1830.0000000000405,453.15,0.9978122498575496,2.8930538803554577e-06,180.0
1832.0000000000407,453.15,0.9978180150657723,2.882604111380929e-06,180.0
1834.0000000000407,453.15,0.9978237594702776,2.872202252658463e-06,180.0
1836.0000000000407,453.15,0.9978294831663536,2.8618480379945577e-06,180.0
1838.000000000041,453.15,0.9978351862487594,2.851541202932965e-06,180.0
1840.000000000041,453.15,0.997840868811729,2.841281484741532e-06,180.0
1842.0000000000412,453.15,0.9978465309489738,2.8310686223993013e-06,180.0
1844.0000000000412,453.15,0.997852172753687,2.820902356583683e-06,180.0
1846.0000000000414,453.15,0.9978577943185463,2.8107824296578794e-06,180.0
1848.0000000000414,453.15,0.9978633957357176,2.8007085856581766e-06,180.0
1850.0000000000414,453.15,0.9978689770968582,2.7906805702812974e-06,180.0
1852.0000000000416,453.15,0.9978745384931199,2.7806981308724085e-06,180.0
1854.0000000000416,453.15,0.9978800800151527,2.770761016412791e-06,180.0
1856.0000000000418,453.15,0.9978856017531077,2.760868977507375e-06,180.0
1858.0000000000418,453.15,0.9978911037966405,2.7510217663729206e-06,180.0
1860.000000000042,453.15,0.9978965862349142,2.7412191368258678e-06,180.0
1862.000000000042,453.15,0.9979020491566027,2.7314608442708365e-06,180.0
1864.0000000000423,453.15,0.9979074926498941,2.721746645688584e-06,180.0
1866.0000000000423,453.15,0.9979129168024934,2.7120762996244225e-06,180.0
1868.0000000000423,453.15,0.9979183217016258,2.7024495661762936e-06,180.0
1870.0000000000425,453.15,0.9979237074340397,2.6928662069840817e-06,180.0
1872.0000000000425,453.15,0.9979290740860102,2.683325985217605e-06,180.0
1874.0000000000427,453.15,0.9979344217433413,2.6738286655652457e-06,180.0
1876.0000000000427,453.15,0.9979397504913698,2.664374014223432e-06,180.0
1878.000000000043,453.15,0.9979450604149677,2.654961798884982e-06,180.0
1880.000000000043,453.15,0.9979503515985452,2.6455917887282925e-06,180.0
1882.0000000000432,453.15,0.997955624126054,2.6362637544063853e-06,180.0
1884.0000000000432,453.15,0.9979608780809901,2.6269774680361963e-06,180.0
1886.0000000000432,453.15,0.9979661135463965,2.61773270318753e-06,180.0
1888.0000000000434,453.15,0.9979713306048663,2.608529234872842e-06,180.0
1890.0000000000434,453.15,0.9979765293385454,2.5993668395364905e-06,180.0
1892.0000000000437,453.15,0.9979817098291355,2.5902452950442302e-06,180.0
1894.0000000000437,453.15,0.9979868721578968,2.581164380672952e-06,180.0
1896.0000000000439,453.15,0.997992016405651,2.572123877100079e-06,180.0
1898.0000000000439,453.15,0.9979971426527838,2.5631235663937994e-06,180.0
1900.0000000000439,453.15,0.9980022509792479,2.5541632320027487e-06,180.0
1902.000000000044,453.15,0.9980073414645654,2.5452426587457563e-06,180.0
1904.000000000044,453.15,0.9980124141878309,2.536361632802402e-06,180.0
1906.0000000000443,453.15,0.9980174692277143,2.5275199417026585e-06,180.0
1908.0000000000443,453.15,0.998022506662463,2.5187173743171586e-06,180.0
1910.0000000000446,453.15,0.9980275265699047,2.509953720847509e-06,180.0
1912.0000000000446,453.15,0.9980325290274503,2.5012287728170358e-06,180.0
1914.0000000000446,453.15,0.9980375141120964,2.4925423230608027e-06,180.0
1916.0000000000448,453.15,0.9980424819004279,2.483894165716253e-06,180.0
1918.0000000000448,453.15,0.9980474324686203,2.4752840962135118e-06,180.0
1920.0000000000448,453.15,0.9980523658924428,2.4667119112668854e-06,180.0
1922.0000000000446,453.15,0.9980572822472605,2.458177408864482e-06,180.0
1924.0000000000446,453.15,0.9980621816080371,2.4496803882601815e-06,180.0
1926.0000000000443,453.15,0.998067064049337,2.4412206499635363e-06,180.0
1928.0000000000443,453.15,0.9980719296453284,2.4327979957314416e-06,180.0
1930.000000000044,453.15,0.9980767784697856,2.4244122285588867e-06,180.0
1932.000000000044,453.15,0.9980816105960909,2.416063152669943e-06,180.0
1934.0000000000439,453.15,0.998086426097238,2.4077505735095575e-06,180.0
1936.0000000000439,453.15,0.9980912250458335,2.3994742977338557e-06,180.0
1938.0000000000437,453.15,0.9980960075140999,2.3912341332023986e-06,180.0
1940.0000000000437,453.15,0.9981007735738778,2.383029888969141e-06,180.0
1942.0000000000434,453.15,0.9981055232966284,2.3748613752738137e-06,180.0
1944.0000000000434,453.15,0.9981102567534355,2.366728403533722e-06,180.0
1946.0000000000432,453.15,0.9981149740150081,2.3586307863352093e-06,180.0
1948.0000000000432,453.15,0.998119675151683,2.3505683374253425e-06,180.0
1950.000000000043,453.15,0.9981243602334264,2.3425408717038303e-06,180.0
1952.000000000043,453.15,0.9981290293298368,2.3345482052144087e-06,180.0
1954.0000000000427,453.15,0.9981336825101471,2.326590155137402e-06,180.0
1956.0000000000427,453.15,0.9981383198432267,2.318666539780806e-06,180.0
1958.0000000000425,453.15,0.9981429413975837,2.310777178573111e-06,180.0
1960.0000000000425,453.15,0.9981475472413679,2.302921892054837e-06,180.0
1962.0000000000423,453.15,0.9981521374423716,2.2951005018706777e-06,180.0
1964.0000000000423,453.15,0.9981567120680331,2.287312830762238e-06,180.0
1966.000000000042,453.15,0.9981612711854383,2.2795587025596817e-06,180.0
1968.000000000042,453.15,0.9981658148613226,2.271837942174167e-06,180.0
1970.0000000000418,453.15,0.9981703431620738,2.2641503755906936e-06,180.0
1972.0000000000418,453.15,0.9981748561537335,2.2564958298598557e-06,180.0
1974.0000000000416,453.15,0.9981793539019996,2.248874133090757e-06,180.0
1976.0000000000416,453.15,0.9981838364722285,2.241285114443585e-06,180.0
1978.0000000000414,453.15,0.9981883039294368,2.233728604122031e-06,180.0
1980.0000000000414,453.15,0.9981927563383035,2.2262044333661205e-06,180.0
1982.0000000000412,453.15,0.9981971937631724,2.2187124344450714e-06,180.0
1984.0000000000412,453.15,0.9982016162680537,2.21125244064963e-06,180.0
1986.000000000041,453.15,0.9982060239166263,2.2038242862853736e-06,180.0
1988.000000000041,453.15,0.9982104167722397,2.1964278066654805e-06,180.0
1990.0000000000407,453.15,0.9982147948979159,2.1890628381035367e-06,180.0
1992.0000000000407,453.15,0.9982191583563517,2.181729217906933e-06,180.0
1994.0000000000405,453.15,0.9982235072099204,2.174426784369546e-06,180.0
1996.0000000000405,453.15,0.9982278415206739,2.167155376765013e-06,180.0
1998.0000000000402,453.15,0.9982321613503445,2.1599148353398474e-06,180.0
2000.0000000000402,453.15,0.9982364667603472,2.15270500130696e-06,180.0
2002.00000000004,453.15,0.9982407578117808,2.145525716838467e-06,180.0
2004.00000000004,453.15,0.9982450345654309,2.138376825059639e-06,180.0
2006.0000000000398,453.15,0.998249297081771,2.131258170041587e-06,180.0
2008.0000000000398,453.15,0.9982535454209646,2.1241695967952705e-06,180.0
2010.0000000000396,453.15,0.9982577796428671,2.1171109512649808e-06,180.0
2012.0000000000396,453.15,0.9982619998070278,2.110082080321301e-06,180.0
2014.0000000000393,453.15,0.9982662059726913,2.1030828317553843e-06,180.0
2016.0000000000393,453.15,0.9982703981987999,2.096113054272342e-06,180.0
2018.000000000039,453.15,0.9982745765439949,2.089172597484842e-06,180.0
2020.000000000039,453.15,0.9982787410666187,2.0822613119071006e-06,180.0
2022.0000000000389,453.15,0.9982828918247166,2.0753790489481758e-06,180.0
2024.0000000000389,453.15,0.9982870288760385,2.0685256609065663e-06,180.0
2026.0000000000387,453.15,0.9982911522780404,2.061701000963369e-06,180.0
2028.0000000000387,453.15,0.9982952620878868,2.0549049231767565e-06,180.0
2030.0000000000384,453.15,0.9982993583624518,2.048137282475735e-06,180.0
2032.0000000000384,453.15,0.998303441158321,2.0413979346539437e-06,180.0
2034.0000000000382,453.15,0.9983075105317938,2.034686736364382e-06,180.0
2036.0000000000382,453.15,0.998311566538884,2.0280035451127117e-06,180.0
2038.000000000038,453.15,0.9983156092353225,2.0213482192522203e-06,180.0
2040.000000000038,453.15,0.9983196386765585,2.014720617977355e-06,180.0
2042.0000000000377,453.15,0.9983236549177611,2.008120601318377e-06,180.0
2044.0000000000377,453.15,0.9983276580138214,2.0015480301358562e-06,180.0
2046.0000000000375,453.15,0.9983316480193536,1.995002766114281e-06,180.0
2048.0000000000373,453.15,0.9983356249886971,1.9884846717573305e-06,180.0
2050.0000000000373,453.15,0.9983395889759179,1.98199361038154e-06,180.0
2052.0000000000373,453.15,0.9983435400348101,1.9755294461112542e-06,180.0
2054.0000000000373,453.15,0.9983474782188978,1.9690920438732477e-06,180.0
2056.000000000037,453.15,0.9983514035814366,1.962681269390644e-06,180.0
2058.000000000037,453.15,0.998355316175415,1.9562969891781223e-06,180.0
2060.000000000037,453.15,0.998359216053556,1.9499390705364304e-06,180.0
2062.000000000037,453.15,0.9983631032683191,1.9436073815469142e-06,180.0
2064.0000000000364,453.15,0.9983669778719012,1.9373017910664365e-06,180.0
2066.0000000000364,453.15,0.9983708399162387,1.931022168721957e-06,180.0
2068.0000000000364,453.15,0.9983746894530084,1.9247683849053146e-06,180.0
2070.0000000000364,453.15,0.99837852653363,1.918540310768393e-06,180.0
2072.000000000036,453.15,0.9983823512092664,1.912337818217591e-06,180.0
2074.000000000036,453.15,0.9983861635308262,1.9061607799092077e-06,180.0
2076.000000000036,453.15,0.9983899635489647,1.9000090692439611e-06,180.0
2078.000000000036,453.15,0.9983937513140855,1.8938825603620594e-06,180.0
2080.0000000000355,453.15,0.9983975268763418,1.8877811281384764e-06,180.0
2082.0000000000355,453.15,0.9984012902856381,1.8817046481780699e-06,180.0
2084.0000000000355,453.15,0.9984050415916317,1.8756529968103605e-06,180.0
2086.0000000000355,453.15,0.9984087808437339,1.8696260510846946e-06,180.0
2088.000000000035,453.15,0.9984125080911114,1.8636236887657802e-06,180.0
2090.000000000035,453.15,0.998416223382688,1.8576457883287105e-06,180.0
2092.000000000035,453.15,0.9984199267671459,1.8516922289541868e-06,180.0
2094.000000000035,453.15,0.9984236182929269,1.8457628905237633e-06,180.0
2096.0000000000346,453.15,0.9984272980082342,1.8398576536152847e-06,180.0
2098.0000000000346,453.15,0.9984309659610332,1.8339763994983522e-06,180.0
2100.0000000000346,453.15,0.9984346221990534,1.8281190101294464e-06,180.0
2102.0000000000346,453.15,0.9984382667697898,1.8222853681477833e-06,180.0
2104.000000000034,453.15,0.9984418997205035,1.8164753568701282e-06,180.0
2106.000000000034,453.15,0.998445521098224,1.8106888602870429e-06,180.0
2108.000000000034,453.15,0.9984491309497502,1.804925763057738e-06,180.0
2110.000000000034,453.15,0.9984527293216512,1.7991859505061817e-06,180.0
2112.0000000000337,453.15,0.9984563162602684,1.7934693086165209e-06,180.0
2114.0000000000337,453.15,0.9984598918117165,1.7877757240285216e-06,180.0
2116.0000000000337,453.15,0.9984634560218846,1.782105084033557e-06,180.0
2118.0000000000337,453.15,0.9984670089364377,1.7764572765699082e-06,180.0
2120.000000000033,453.15,0.9984705506008181,1.770832190219142e-06,180.0
2122.000000000033,453.15,0.9984740810602465,1.7652297142010975e-06,180.0
2124.000000000033,453.15,0.9984776003597232,1.759649738370297e-06,180.0
2126.000000000033,453.15,0.9984811085440296,1.7540921532113238e-06,180.0
2128.0000000000327,453.15,0.9984846056577292,1.7485568498350908e-06,180.0
2130.0000000000327,453.15,0.9984880917451692,1.7430437199744303e-06,180.0
2132.0000000000327,453.15,0.9984915668504811,1.7375526559800465e-06,180.0
2134.0000000000327,453.15,0.9984950310175827,1.7320835508166655e-06,180.0
2136.0000000000323,453.15,0.9984984842901788,1.7266362980588494e-06,180.0
2138.0000000000323,453.15,0.9985019267117626,1.721210791887002e-06,180.0
2140.0000000000323,453.15,0.9985053583256168,1.7158069270833946e-06,180.0
2142.0000000000323,453.15,0.9985087791748148,1.7104245990283791e-06,180.0
2144.000000000032,453.15,0.9985121893022222,1.7050637036964476e-06,180.0
2146.000000000032,453.15,0.9985155887504975,1.6997241376521285e-06,180.0
2148.000000000032,453.15,0.9985189775620936,1.6944057980462557e-06,180.0
2150.000000000032,453.15,0.9985223557792589,1.6891085826124182e-06,180.0
2152.0000000000314,453.15,0.9985257234440382,1.6838323896629119e-06,180.0
2154.0000000000314,453.15,0.9985290805982744,1.6785771180848777e-06,180.0
2156.0000000000314,453.15,0.998532427283609,1.673342667336976e-06,180.0
2158.0000000000314,453.15,0.9985357635414839,1.668128937445211e-06,180.0
2160.000000000031,453.15,0.9985390894131418,1.662935828999463e-06,180.0
2162.000000000031,453.15,0.9985424049396281,1.6577632431498645e-06,180.0
2164.000000000031,453.15,0.9985457101617913,1.6526110816031888e-06,180.0
2166.000000000031,453.15,0.9985490051202845,1.6474792466190828e-06,180.0
2168.0000000000305,453.15,0.9985522898555665,1.6423676410066615e-06,180.0
2170.0000000000305,453.15,0.9985555644079028,1.6372761681211138e-06,180.0
2172.0000000000305,453.15,0.9985588288173666,1.6322047318596367e-06,180.0
2174.0000000000305,453.15,0.9985620831238399,1.62715323665859e-06,180.0
2176.00000000003,453.15,0.9985653273670149,1.6221215874896288e-06,180.0
2178.00000000003,453.15,0.9985685615863946,1.617109689856202e-06,180.0
2180.00000000003,453.15,0.9985717858212942,1.6121174497904004e-06,180.0
2182.00000000003,453.15,0.998575000110842,1.6071447738494825e-06,180.0
2184.0000000000296,453.15,0.9985782044939803,1.6021915691124094e-06,180.0
2186.0000000000296,453.15,0.9985813990094666,1.5972577431765687e-06,180.0
2188.0000000000296,453.15,0.998584583695875,1.59234320415451e-06,180.0
2190.0000000000296,453.15,0.9985877585915963,1.587447860670354e-06,180.0
2192.000000000029,453.15,0.99859092373484,1.5825716218570675e-06,180.0
2194.000000000029,453.15,0.9985940791636347,1.577714397352559e-06,180.0
2196.000000000029,453.15,0.9985972249158294,1.5728760972969804e-06,180.0
2198.000000000029,453.15,0.998600361029094,1.568056632329191e-06,180.0
2200.0000000000286,453.15,0.9986034875409212,1.563255913583914e-06,180.0
2202.0000000000286,453.15,0.9986066044886266,1.5584738526880586e-06,180.0
2204.0000000000286,453.15,0.9986097119093501,1.5537103617582415e-06,180.0
2206.0000000000286,453.15,0.9986128098400568,1.5489653533971351e-06,180.0
2208.000000000028,453.15,0.9986158983175383,1.5442387406906748e-06,180.0
2210.000000000028,453.15,0.9986189773784127,1.5395304372046049e-06,180.0
2212.000000000028,453.15,0.9986220470591266,1.5348403569822168e-06,180.0
2214.000000000028,453.15,0.9986251073959557,1.5301684145404125e-06,180.0
2216.0000000000277,453.15,0.9986281584250054,1.5255145248673003e-06,180.0
2218.0000000000277,453.15,0.9986312001822123,1.5208786034189574e-06,180.0
2220.0000000000277,453.15,0.9986342327033445,1.5162605661165448e-06,180.0
2222.0000000000277,453.15,0.9986372560240032,1.5116603293435998e-06,180.0
2224.0000000000273,453.15,0.9986402701796231,1.5070778099424997e-06,180.0
2226.0000000000273,453.15,0.9986432752054735,1.5025129252122853e-06,180.0
2228.0000000000273,453.15,0.9986462711366593,1.4979655929053169e-06,180.0
2230.0000000000273,453.15,0.9986492580081218,1.4934357312244469e-06,180.0
2232.000000000027,453.15,0.9986522358546394,1.4889232588203736e-06,180.0
2234.000000000027,453.15,0.9986552047108289,1.4844280947890031e-06,180.0
2236.000000000027,453.15,0.9986581646111462,1.4799501586679872e-06,180.0
2238.000000000027,453.15,0.9986611155898871,1.4754893704346127e-06,180.0
2240.0000000000264,453.15,0.9986640576811882,1.4710456505025287e-06,180.0
2242.0000000000264,453.15,0.9986669909190276,1.4666189197196584e-06,180.0
2244.0000000000264,453.15,0.9986699153372263,1.4622090993649482e-06,180.0
2246.0000000000264,453.15,0.9986728309694486,1.4578161111456329e-06,180.0
2248.000000000026,453.15,0.9986757378492029,1.4534398771948437e-06,180.0
2250.000000000026,453.15,0.9986786360098431,1.4490803200690605e-06,180.0
2252.000000000026,453.15,0.9986815254845686,1.4447373627449084e-06,180.0
2254.000000000026,453.15,0.9986844063064259,1.4404109286171303e-06,180.0
2256.0000000000255,453.15,0.9986872785083089,1.4361009414955723e-06,180.0
2258.0000000000255,453.15,0.99869014212296,1.431807325603011e-06,180.0
2260.0000000000255,453.15,0.9986929971829712,1.4275300055721593e-06,180.0
2262.0000000000255,453.15,0.9986958437207841,1.423268906443182e-06,180.0
2264.000000000025,453.15,0.9986986817686915,1.419023953661553e-06,180.0
2266.000000000025,453.15,0.9987015113588377,1.4147950730750937e-06,180.0
2268.000000000025,453.15,0.9987043325232196,1.4105821909316847e-06,180.0
2270.000000000025,453.15,0.9987071452936873,1.4063852338768198e-06,180.0
2272.0000000000246,453.15,0.9987099497019453,1.4022041289510088e-06,180.0
2274.0000000000246,453.15,0.9987127457795525,1.398038803587351e-06,180.0
2276.0000000000246,453.15,0.9987155335579238,1.393889185609286e-06,180.0
2278.0000000000246,453.15,0.9987183130683303,1.389755203228024e-06,180.0
2280.000000000024,453.15,0.9987210843419003,1.3856367850401507e-06,180.0
2282.000000000024,453.15,0.9987238474096204,1.3815338600254047e-06,180.0
2284.000000000024,453.15,0.9987266023023355,1.3774463575439735e-06,180.0
2286.000000000024,453.15,0.9987293490507502,1.37337420733462e-06,180.0
2288.0000000000236,453.15,0.9987320876854292,1.369317339511831e-06,180.0
2290.0000000000236,453.15,0.9987348182367983,1.3652756845641265e-06,180.0
2292.0000000000236,453.15,0.998737540735145,1.3612491733512287e-06,180.0
2294.0000000000236,453.15,0.9987402552106192,1.357237737102059e-06,180.0
2296.000000000023,453.15,0.998742961693234,1.3532413074122548e-06,180.0
2298.000000000023,453.15,0.9987456602128665,1.3492598162421842e-06,180.0
2300.000000000023,453.15,0.9987483507992583,1.3452931959144814e-06,180.0
2302.000000000023,453.15,0.9987510334820165,1.3413413791122406e-06,180.0
2304.0000000000227,453.15,0.9987537082906143,1.33740429887608e-06,180.0
2306.0000000000227,453.15,0.9987563752543914,1.3334818886028445e-06,180.0
2308.0000000000227,453.15,0.9987590344025555,1.3295740820426843e-06,180.0
2310.0000000000227,453.15,0.9987616857641821,1.3256808132971246e-06,180.0
2312.0000000000223,453.15,0.9987643293682158,1.321802016817302e-06,180.0
2314.0000000000223,453.15,0.9987669652434706,1.3179376274012358e-06,180.0
2316.0000000000223,453.15,0.998769593418631,1.314087580192245e-06,180.0
2318.0000000000223,453.15,0.9987722139222523,1.3102518106765598e-06,180.0
2320.000000000022,453.15,0.9987748267827617,1.3064302546812696e-06,180.0
2322.000000000022,453.15,0.9987774320284585,1.3026228483721133e-06,180.0
2324.000000000022,453.15,0.998780029687515,1.2988295282519295e-06,180.0
2326.000000000022,453.15,0.9987826197879773,1.295050231157977e-06,180.0
2328.0000000000214,453.15,0.9987852023577658,1.2912848942603998e-06,180.0
2330.0000000000214,453.15,0.998787777424676,1.2875334550600513e-06,180.0
2332.0000000000214,453.15,0.9987903450163788,1.2837958513861663e-06,180.0
2334.0000000000214,453.15,0.9987929051604215,1.280072021395007e-06,180.0
2336.000000000021,453.15,0.9987954578842286,1.2763619035675506e-06,180.0
2338.000000000021,453.15,0.998798003215102,1.2726654367073474e-06,180.0
2340.000000000021,453.15,0.9988005411802219,1.2689825599388657e-06,180.0
2342.000000000021,453.15,0.9988030718066473,1.2653132127055258e-06,180.0
2344.0000000000205,453.15,0.9988055951213168,1.2616573347675793e-06,180.0
2346.0000000000205,453.15,0.9988081111510493,1.2580148662004791e-06,180.0
2348.0000000000205,453.15,0.998810619922544,1.2543857473927726e-06,180.0
2350.0000000000205,453.15,0.9988131214623821,1.250769919044486e-06,180.0
2352.00000000002,453.15,0.9988156157970264,1.2471673221648743e-06,180.0
2354.00000000002,453.15,0.9988181029528225,1.243577898070818e-06,180.0
2356.00000000002,453.15,0.9988205829559993,1.2400015883849094e-06,180.0
2358.00000000002,453.15,0.9988230558326694,1.2364383350335431e-06,180.0
2360.0000000000196,453.15,0.9988255216088299,1.2328880802454945e-06,180.0
2362.0000000000196,453.15,0.998827980310363,1.2293507665497068e-06,180.0
2364.0000000000196,453.15,0.9988304319630366,1.2258263367734044e-06,180.0
2366.0000000000196,453.15,0.9988328765925046,1.2223147340408503e-06,180.0
2368.000000000019,453.15,0.9988353142243082,1.2188159017709953e-06,180.0
2370.000000000019,453.15,0.9988377448838756,1.2153297836760907e-06,180.0
2372.000000000019,453.15,0.998840168596523,1.2118563237596685e-06,180.0
2374.000000000019,453.15,0.9988425853874556,1.2083954663153258e-06,180.0
2376.0000000000186,453.15,0.9988449952817675,1.2049471559242448e-06,180.0
2378.0000000000186,453.15,0.9988473983044425,1.2015113374539868e-06,180.0
2380.0000000000186,453.15,0.9988497944803546,1.1980879560568212e-06,180.0
2382.0000000000186,453.15,0.998852183834269,1.1946769571678973e-06,180.0
2384.000000000018,453.15,0.998854566390842,1.1912782865034272e-06,180.0
2386.000000000018,453.15,0.9988569421746222,1.1878918900593481e-06,180.0
2388.000000000018,453.15,0.9988593112100504,1.1845177141093572e-06,180.0
2390.000000000018,453.15,0.9988616735214608,1.1811557052034293e-06,180.0
2392.0000000000177,453.15,0.9988640291330811,1.1778058101663391e-06,180.0
2394.0000000000177,453.15,0.9988663780690333,1.174467976095559e-06,180.0
2396.0000000000177,453.15,0.9988687203533341,1.1711421503601105e-06,180.0
2398.0000000000177,453.15,0.9988710560098952,1.1678282805987879e-06,180.0
2400.0000000000173,453.15,0.9988733850625247,1.164526314718707e-06,180.0
2402.0000000000173,453.15,0.9988757075349265,1.1612362008933858e-06,180.0
2404.0000000000173,453.15,0.9988780234507016,1.1579578875614609e-06,180.0
2406.0000000000173,453.15,0.9988803328333485,1.154691323425251e-06,180.0
2408.000000000017,453.15,0.9988826357062635,1.151436457448859e-06,180.0
2410.000000000017,453.15,0.9988849320927412,1.1481932388569014e-06,180.0
2412.000000000017,453.15,0.9988872220159755,1.1449616171327814e-06,180.0
2414.000000000017,453.15,0.9988895054990595,1.1417415420174293e-06,180.0
2416.0000000000164,453.15,0.9988917825649866,1.1385329635074306e-06,180.0
2418.0000000000164,453.15,0.9988940532366503,1.1353358318539346e-06,180.0
2420.0000000000164,453.15,0.9988963175368454,1.1321500975609479e-06,180.0
2422.0000000000164,453.15,0.9988985754882681,1.128975711383789e-06,180.0
2424.000000000016,453.15,0.9989008271135168,1.1258126243278589e-06,180.0
2426.000000000016,453.15,0.9989030724350921,1.1226607876467967e-06,180.0
2428.000000000016,453.15,0.9989053114753979,1.1195201528415724e-06,180.0
2430.000000000016,453.15,0.9989075442567412,1.1163906716586513e-06,180.0
2432.0000000000155,453.15,0.9989097708013334,1.1132722960886328e-06,180.0
2434.0000000000155,453.15,0.9989119911312901,1.1101649783650485e-06,180.0
2436.0000000000155,453.15,0.9989142052686321,1.1070686709623887e-06,180.0
2438.0000000000155,453.15,0.9989164132352852,1.1039833265955321e-06,180.0
2440.000000000015,453.15,0.9989186150530817,1.1009088982176288e-06,180.0
2442.000000000015,453.15,0.9989208107437597,1.0978453390190743e-06,180.0
2444.000000000015,453.15,0.9989230003289645,1.0947926024260236e-06,180.0
2446.000000000015,453.15,0.9989251838302488,1.0917506420992203e-06,180.0
2448.0000000000146,453.15,0.9989273612690727,1.088719411932211e-06,180.0
2450.0000000000146,453.15,0.9989295326668047,1.0856988660504941e-06,180.0
2452.0000000000146,453.15,0.9989316980447224,1.082688958810054e-06,180.0
2454.0000000000146,453.15,0.998933857424012,1.0796896447955928e-06,180.0
2456.000000000014,453.15,0.9989360108257697,1.0767008788198457e-06,180.0
2458.000000000014,453.15,0.9989381582710015,1.073722615921824e-06,180.0
2460.000000000014,453.15,0.9989402997806243,1.0707548113658308e-06,180.0
2462.000000000014,453.15,0.9989424353754656,1.0677974206398677e-06,180.0
2464.0000000000136,453.15,0.9989445650762645,1.0648503994545068e-06,180.0
2466.0000000000136,453.15,0.998946688903672,1.0619137037416144e-06,180.0
2468.0000000000136,453.15,0.9989488068782513,1.0589872896530799e-06,180.0
2470.0000000000136,453.15,0.9989509190204784,1.056071113559547e-06,180.0
2472.000000000013,453.15,0.9989530253507425,1.0531651320489997e-06,180.0
2474.000000000013,453.15,0.9989551258893463,1.0502693019258096e-06,180.0
2476.000000000013,453.15,0.9989572206565067,1.047383580209331e-06,180.0
2478.000000000013,453.15,0.998959309672355,1.0445079241326507e-06,180.0
2480.0000000000127,453.15,0.9989613929569373,1.0416422911413464e-06,180.0
2482.0000000000127,453.15,0.9989634705302151,1.0387866388925497e-06,180.0
2484.0000000000127,453.15,0.9989655424120656,1.035940925253408e-06,180.0
2486.0000000000127,453.15,0.9989676086222822,1.033105108299854e-06,180.0
2488.0000000000123,453.15,0.9989696691805748,1.0302791463158362e-06,180.0
2490.0000000000123,453.15,0.9989717241065704,1.0274629977916406e-06,180.0
2492.0000000000123,453.15,0.9989737734198133,1.02465662142313e-06,180.0
2494.0000000000123,453.15,0.9989758171397656,1.0218599761102271e-06,180.0
2496.000000000012,453.15,0.9989778552858075,1.0190730209560104e-06,180.0
2498.000000000012,453.15,0.998979887877238,1.0162957152655081e-06,180.0
2500.000000000012,453.15,0.9989819149332752,1.0135280185445006e-06,180.0
2502.000000000012,453.15,0.9989839364730562,1.0107698904981718e-06,180.0
2504.0000000000114,453.15,0.9989859525156383,1.0080212910305236e-06,180.0
2506.0000000000114,453.15,0.9989879630799987,1.0052821802427347e-06,180.0
2508.0000000000114,453.15,0.9989899681850356,1.0025525184324316e-06,180.0
2510.0000000000114,453.15,0.9989919678495678,9.998322660920552e-07,180.0
2512.000000000011,453.15,0.9989939620923356,9.971213839084423e-07,180.0
2514.000000000011,453.15,0.9989959509320011,9.944198327612013e-07,180.0
2516.000000000011,453.15,0.9989979343871486,9.917275737218463e-07,180.0
2518.000000000011,453.15,0.9989999124762847,9.890445680526366e-07,180.0
2520.0000000000105,453.15,0.9990018852178392,9.863707772055666e-07,180.0
2522.0000000000105,453.15,0.9990038526301648,9.83706162821362e-07,180.0
2524.0000000000105,453.15,0.9990058147315383,9.810506867283288e-07,180.0
2526.0000000000105,453.15,0.9990077715401602,9.784043109410576e-07,180.0
2528.00000000001,453.15,0.9990097230741555,9.75766997659879e-07,180.0
2530.00000000001,453.15,0.999011669351574,9.731387092695762e-07,180.0
2532.00000000001,453.15,0.9990136103903907,9.705194083380995e-07,180.0
2534.00000000001,453.15,0.999015546208506,9.67909057616033e-07,180.0
2536.0000000000095,453.15,0.9990174768237461,9.653076200351697e-07,180.0
2538.0000000000095,453.15,0.9990194022538635,9.627150587076847e-07,180.0
2540.0000000000095,453.15,0.9990213225165374,9.60131336925166e-07,180.0
2542.0000000000095,453.15,0.9990232376293737,9.575564181574971e-07,180.0
2544.000000000009,453.15,0.9990251476099058,9.54990266051895e-07,180.0
2546.000000000009,453.15,0.9990270524755946,9.524328444319486e-07,180.0
2548.000000000009,453.15,0.9990289522438293,9.498841172965153e-07,180.0
2550.000000000009,453.15,0.9990308469319269,9.473440488189164e-07,180.0
2552.0000000000086,453.15,0.9990327365571335,9.44812603345987e-07,180.0
2554.0000000000086,453.15,0.9990346211366243,9.422897453969827e-07,180.0
2556.0000000000086,453.15,0.9990365006875037,9.397754396624884e-07,180.0
2558.0000000000086,453.15,0.9990383752268057,9.372696510037768e-07,180.0
2560.000000000008,453.15,0.9990402447714947,9.347723444518717e-07,180.0
2562.000000000008,453.15,0.999042109338465,9.322834852061726e-07,180.0
2564.000000000008,453.15,0.9990439689445423,9.298030386341175e-07,180.0
2566.000000000008,453.15,0.9990458236064829,9.273309702696659e-07,180.0
2568.0000000000077,453.15,0.9990476733409744,9.248672458126737e-07,180.0
2570.0000000000077,453.15,0.9990495181646367,9.224118311282679e-07,180.0
2572.0000000000077,453.15,0.9990513580940212,9.199646922451946e-07,180.0
2574.0000000000077,453.15,0.9990531931456119,9.17525795355644e-07,180.0
2576.0000000000073,453.15,0.9990550233358255,9.150951068140464e-07,180.0
2578.0000000000073,453.15,0.9990568486810117,9.126725931360198e-07,180.0
2580.0000000000073,453.15,0.9990586691974538,9.10258220997761e-07,180.0
2582.0000000000073,453.15,0.9990604849013682,9.078519572348536e-07,180.0
2584.000000000007,453.15,0.9990622958089059,9.054537688419579e-07,180.0
2586.000000000007,453.15,0.9990641019361519,9.030636229711848e-07,180.0
2588.000000000007,453.15,0.9990659032991258,9.006814869317934e-07,180.0
2590.000000000007,453.15,0.9990676999137822,8.983073281891556e-07,180.0
2592.0000000000064,453.15,0.9990694917960109,8.959411143638745e-07,180.0
2594.0000000000064,453.15,0.9990712789616374,8.935828132309027e-07,180.0
2596.0000000000064,453.15,0.9990730614264228,8.912323927186654e-07,180.0
2598.0000000000064,453.15,0.9990748392060647,8.888898209084776e-07,180.0
2600.000000000006,453.15,0.9990766123161967,8.865550660333808e-07,180.0
2602.000000000006,453.15,0.9990783807723896,8.842280964775663e-07,180.0
2604.000000000006,453.15,0.9990801445901512,8.81908880775364e-07,180.0
2606.000000000006,453.15,0.9990819037849263,8.795973876105248e-07,180.0
2608.0000000000055,453.15,0.999083658372098,8.772935858153619e-07,180.0
2610.0000000000055,453.15,0.9990854083669868,8.749974443698938e-07,180.0
2612.0000000000055,453.15,0.9990871537848516,8.727089324012813e-07,180.0
2614.0000000000055,453.15,0.9990888946408899,8.704280191828299e-07,180.0
2616.000000000005,453.15,0.9990906309502382,8.681546741331432e-07,180.0
2618.000000000005,453.15,0.9990923627279719,8.658888668152777e-07,180.0
2620.000000000005,453.15,0.9990940899891058,8.636305669363341e-07,180.0
2622.000000000005,453.15,0.9990958127485945,8.61379744346329e-07,180.0
2624.0000000000045,453.15,0.9990975310213326,8.591363690375023e-07,180.0
2626.0000000000045,453.15,0.9990992448221548,8.569004111436274e-07,180.0
2628.0000000000045,453.15,0.9991009541658368,8.546718409391804e-07,180.0
2630.0000000000045,453.15,0.9991026590670945,8.524506288383671e-07,180.0
2632.000000000004,453.15,0.9991043595405853,8.502367453948749e-07,180.0
2634.000000000004,453.15,0.9991060556009079,8.480301613007597e-07,180.0
2636.000000000004,453.15,0.9991077472626027,8.458308473856268e-07,180.0
2638.000000000004,453.15,0.9991094345401519,8.436387746162444e-07,180.0
2640.0000000000036,453.15,0.9991111174479801,8.414539140952973e-07,180.0
2642.0000000000036,453.15,0.9991127960004542,8.392762370611492e-07,180.0
2644.0000000000036,453.15,0.999114470211884,8.371057148868895e-07,180.0
2646.0000000000036,453.15,0.9991161400965222,8.349423190795256e-07,180.0
2648.000000000003,453.15,0.9991178056685647,8.327860212796088e-07,180.0
2650.000000000003,453.15,0.9991194669421511,8.30636793260002e-07,180.0
2652.000000000003,453.15,0.999121123931365,8.284946069255101e-07,180.0
2654.000000000003,453.15,0.9991227766502336,8.263594343120832e-07,180.0
2656.0000000000027,453.15,0.9991244251127288,8.24231247586165e-07,180.0
2658.0000000000027,453.15,0.9991260693327669,8.221100190440441e-07,180.0
2660.0000000000027,453.15,0.9991277093242091,8.199957211109206e-07,180.0
2662.0000000000027,453.15,0.9991293451008618,8.178883263405488e-07,180.0
2664.0000000000023,453.15,0.9991309766764767,8.157878074141661e-07,180.0
2666.0000000000023,453.15,0.9991326040647509,8.1369413714014e-07,180.0
2668.0000000000023,453.15,0.9991342272793278,8.11607288453187e-07,180.0
2670.0000000000023,453.15,0.9991358463337966,8.095272344135966e-07,180.0
2672.000000000002,453.15,0.999137461241693,8.07453948206598e-07,180.0
2674.000000000002,453.15,0.9991390720164993,8.053874031418726e-07,180.0
2676.000000000002,453.15,0.9991406786716446,8.033275726526413e-07,180.0
2678.000000000002,453.15,0.9991422812205052,8.012744302953234e-07,180.0
2680.0000000000014,453.15,0.9991438796764047,7.992279497483448e-07,180.0
2682.0000000000014,453.15,0.9991454740526143,7.971881048120847e-07,180.0
2684.0000000000014,453.15,0.9991470643623531,7.951548694079729e-07,180.0
2686.0000000000014,453.15,0.9991486506187883,7.931282175777313e-07,180.0
2688.000000000001,453.15,0.9991502328350353,7.911081234827592e-07,180.0
2690.000000000001,453.15,0.9991518110241582,7.89094561403805e-07,180.0
2692.000000000001,453.15,0.9991533851991696,7.87087505740071e-07,180.0
2694.000000000001,453.15,0.9991549553730317,7.850869310086074e-07,180.0
2696.0000000000005,453.15,0.9991565215586553,7.830928118435638e-07,180.0
2698.0000000000005,453.15,0.9991580837689013,7.811051229960095e-07,180.0
2700.0000000000005,453.15,0.9991596420165799,7.791238393327676e-07,180.0
2702.0000000000005,453.15,0.9991611963144515,7.771489358360972e-07,180.0
2704.0,453.15,0.9991627466752268,7.751803876032364e-07,180.0
2706.0,453.15,0.9991642931115664,7.732181698453852e-07,180.0
2708.0,453.15,0.9991658356360822,7.712622578875336e-07,180.0
2710.0,453.15,0.9991673742613365,7.69312627167449e-07,180.0
2711.9999999999995,453.15,0.999168908999843,7.67369253235508e-07,180.0
2713.9999999999995,453.15,0.9991704398640665,7.65432111753688e-07,180.0
2715.9999999999995,453.15,0.9991719668664235,7.635011784954031e-07,180.0
2717.9999999999995,453.15,0.9991734900192822,7.615764293444998e-07,180.0
2719.999999999999,453.15,0.9991750093349628,7.596578402949566e-07,180.0
2721.999999999999,453.15,0.9991765248257377,7.577453874503041e-07,180.0
2723.999999999999,453.15,0.9991780365038317,7.558390470229074e-07,180.0
2725.999999999999,453.15,0.9991795443814224,7.539387953333921e-07,180.0
2727.9999999999986,453.15,0.99918104847064,7.520446088102094e-07,180.0
2729.9999999999986,453.15,0.999182548783568,7.501564639890651e-07,180.0
2731.9999999999986,453.15,0.999184045332243,7.4827433751221e-07,180.0
2733.9999999999986,453.15,0.9991855381286553,7.463982061281517e-07,180.0
2735.999999999998,453.15,0.9991870271847487,7.445280466906699e-07,180.0
2737.999999999998,453.15,0.999188512512421,7.426638361586717e-07,180.0
2739.999999999998,453.15,0.9991899941235242,7.408055515956278e-07,180.0
2741.999999999998,453.15,0.9991914720298645,7.389531701687348e-07,180.0
2743.9999999999977,453.15,0.9991929462432028,7.371066691484964e-07,180.0
2745.9999999999977,453.15,0.9991944167752546,7.352660259083055e-07,180.0
2747.9999999999977,453.15,0.9991958836376904,7.334312179238892e-07,180.0
2749.9999999999977,453.15,0.9991973468421359,7.316022227726169e-07,180.0
2751.9999999999973,453.15,0.9991988064001722,7.297790181332276e-07,180.0
2753.9999999999973,453.15,0.9992002623233358,7.279615817848638e-07,180.0
2755.9999999999973,453.15,0.999201714623119,7.261498916072172e-07,180.0
2757.9999999999973,453.15,0.9992031633109701,7.243439255794282e-07,180.0
2759.999999999997,453.15,0.9992046083982937,7.225436617798201e-07,180.0
2761.999999999997,453.15,0.9992060498964505,7.207490783852174e-07,180.0
2763.999999999997,453.15,0.9992074878167578,7.189601536708202e-07,180.0
2765.999999999997,453.15,0.9992089221704898,7.171768660091134e-07,180.0
2767.9999999999964,453.15,0.9992103529688776,7.153991938700186e-07,180.0
2769.9999999999964,453.15,0.9992117802231093,7.136271158198084e-07,180.0
2771.9999999999964,453.15,0.9992132039443303,7.118606105209854e-07,180.0
2773.9999999999964,453.15,0.9992146241436438,7.100996567317498e-07,180.0
2775.999999999996,453.15,0.9992160408321105,7.083442333051949e-07,180.0
2777.999999999996,453.15,0.9992174540207488,7.065943191891903e-07,180.0
2779.999999999996,453.15,0.9992188637205357,7.04849893425855e-07,180.0
2781.999999999996,453.15,0.999220269942406,7.031109351506205e-07,180.0
2783.9999999999955,453.15,0.9992216726972531,7.013774235925298e-07,180.0
2785.9999999999955,453.15,0.9992230719959293,6.996493380730302e-07,180.0
2787.9999999999955,453.15,0.9992244678492453,6.97926658005864e-07,180.0
2789.9999999999955,453.15,0.9992258602679711,6.962093628965491e-07,180.0
2791.999999999995,453.15,0.9992272492628358,6.944974323419992e-07,180.0
2793.999999999995,453.15,0.9992286348445278,6.927908460297343e-07,180.0
2795.999999999995,453.15,0.9992300170236953,6.910895837377769e-07,180.0
2797.999999999995,453.15,0.999231395810946,6.893936253340023e-07,180.0
2799.9999999999945,453.15,0.9992327712168475,6.877029507756289e-07,180.0
2801.9999999999945,453.15,0.9992341432519277,6.860175401091166e-07,180.0
2803.9999999999945,453.15,0.9992355119266747,6.843373734691144e-07,180.0
2805.9999999999945,453.15,0.9992368772515369,6.826624310784994e-07,180.0
2807.999999999994,453.15,0.9992382392369233,6.809926932478713e-07,180.0
2809.999999999994,453.15,0.999239597893204,6.793281403749129e-07,180.0
2811.999999999994,453.15,0.9992409532307099,6.776687529440252e-07,180.0
2813.999999999994,453.15,0.999242305259733,6.760145115258269e-07,180.0
2815.9999999999936,453.15,0.9992436539905266,6.743653967769267e-07,180.0
2817.9999999999936,453.15,0.9992449994333055,6.727213894392908e-07,180.0
2819.9999999999936,453.15,0.9992463415982461,6.710824703400175e-07,180.0
2821.9999999999936,453.15,0.9992476804954868,6.694486203905729e-07,180.0
2823.999999999993,453.15,0.9992490161351281,6.678198205865684e-07,180.0
2825.999999999993,453.15,0.999250348527232,6.661960520072694e-07,180.0
2827.999999999993,453.15,0.9992516776818237,6.645772958155105e-07,180.0
2829.999999999993,453.15,0.9992530036088901,6.629635332566667e-07,180.0
2831.9999999999927,453.15,0.9992543263183814,6.613547456587067e-07,180.0
2833.9999999999927,453.15,0.9992556458202103,6.59750914431572e-07,180.0
2835.9999999999927,453.15,0.9992569621242524,6.581520210666926e-07,180.0
2837.9999999999927,453.15,0.9992582752403467,6.565580471370433e-07,180.0
2839.9999999999923,453.15,0.9992595851782953,6.549689742959885e-07,180.0
2841.9999999999923,453.15,0.9992608919478638,6.533847842776095e-07,180.0
2843.9999999999923,453.15,0.9992621955587816,6.518054588956883e-07,180.0
2845.9999999999923,453.15,0.9992634960207417,6.502309800437676e-07,180.0
2847.999999999992,453.15,0.9992647933434011,6.486613296944063e-07,180.0
2849.999999999992,453.15,0.9992660875363809,6.470964898991069e-07,180.0
2851.999999999992,453.15,0.9992673786092665,6.455364427877087e-07,180.0
2853.999999999992,453.15,0.9992686665716076,6.439811705679157e-07,180.0
2855.9999999999914,453.15,0.9992699514329186,6.424306555252271e-07,180.0
2857.9999999999914,453.15,0.9992712332026786,6.408848800222014e-07,180.0
2859.9999999999914,453.15,0.9992725118903316,6.393438264982554e-07,180.0
2861.9999999999914,453.15,0.9992737875052865,6.378074774691969e-07,180.0
2863.999999999991,453.15,0.9992750600569176,6.36275815527028e-07,180.0
2865.999999999991,453.15,0.9992763295545642,6.347488233392125e-07,180.0
2867.999999999991,453.15,0.9992775960075315,6.332264836487473e-07,180.0
2869.999999999991,453.15,0.9992788594250901,6.317087792734343e-07,180.0
2871.9999999999905,453.15,0.9992801198164764,6.301956931055533e-07,180.0
2873.9999999999905,453.15,0.9992813771908926,6.286872081116694e-07,180.0
2875.9999999999905,453.15,0.9992826315575073,6.271833073321751e-07,180.0
2877.9999999999905,453.15,0.999283882925455,6.256839738808336e-07,180.0
2879.99999999999,453.15,0.9992851313038369,6.241891909445893e-07,180.0
2881.99999999999,453.15,0.9992863767017205,6.226989417828492e-07,180.0
2883.99999999999,453.15,0.9992876191281399,6.212132097275598e-07,180.0
2885.99999999999,453.15,0.9992888585920963,6.197319781827562e-07,180.0
2887.9999999999895,453.15,0.9992900951025575,6.182552306238461e-07,180.0
2889.9999999999895,453.15,0.9992913286684587,6.167829505976911e-07,180.0
2891.9999999999895,453.15,0.9992925592987022,6.153151217220263e-07,180.0
2893.9999999999895,453.15,0.9992937870021575,6.138517276851454e-07,180.0
2895.999999999989,453.15,0.999295011787662,6.1239275224572e-07,180.0
2897.999999999989,453.15,0.9992962336640204,6.109381792320905e-07,180.0
2899.999999999989,453.15,0.9992974526400055,6.094879925422196e-07,180.0
2901.999999999989,453.15,0.9992986687243578,6.080421761432498e-07,180.0
2903.9999999999886,453.15,0.9992998819257859,6.066007140710636e-07,180.0
2905.9999999999886,453.15,0.9993010922529667,6.051635904303691e-07,180.0
2907.9999999999886,453.15,0.9993022997145455,6.037307893937357e-07,180.0
2909.9999999999886,453.15,0.999303504319136,6.023022952015522e-07,180.0
2911.999999999988,453.15,0.9993047060753203,6.008780921619838e-07,180.0
2913.999999999988,453.15,0.9993059049916496,5.994581646501433e-07,180.0
2915.999999999988,453.15,0.9993071010766439,5.980424971080512e-07,180.0
2917.999999999988,453.15,0.999308294338792,5.966310740442023e-07,180.0
2919.9999999999877,453.15,0.999309484786552,5.952238800333969e-07,180.0
2921.9999999999877,453.15,0.9993106724283515,5.938208997161786e-07,180.0
2923.9999999999877,453.15,0.9993118572725871,5.924221177985361e-07,180.0
2925.9999999999877,453.15,0.9993130393276252,5.910275190518672e-07,180.0
2927.9999999999873,453.15,0.9993142186018018,5.896370883124207e-07,180.0
2929.9999999999873,453.15,0.9993153951034228,5.882508104808703e-07,180.0
2931.9999999999873,453.15,0.9993165688407639,5.868686705222809e-07,180.0
2933.9999999999873,453.15,0.9993177398220708,5.854906534656854e-07,180.0
2935.999999999987,453.15,0.9993189080555597,5.841167444037904e-07,180.0
2937.999999999987,453.15,0.9993200735494167,5.827469284924255e-07,180.0
2939.999999999987,453.15,0.9993212363117986,5.813811909506432e-07,180.0
2941.999999999987,453.15,0.9993223963508328,5.800195170600376e-07,180.0
2943.9999999999864,453.15,0.9993235536746171,5.786618921647176e-07,180.0
2945.9999999999864,453.15,0.9993247082912204,5.773083016708876e-07,180.0
2947.9999999999864,453.15,0.9993258602086825,5.759587310465612e-07,180.0
2949.9999999999864,453.15,0.9993270094350142,5.746131658211458e-07,180.0
2951.999999999986,453.15,0.9993281559781974,5.732715915852872e-07,180.0
2953.999999999986,453.15,0.9993292998461853,5.719339939905857e-07,180.0
2955.999999999986,453.15,0.9993304410469028,5.706003587491833e-07,180.0
2957.999999999986,453.15,0.9993315795882461,5.692706716336109e-07,180.0
2959.9999999999854,453.15,0.9993327154780831,5.679449184762491e-07,180.0
2961.9999999999854,453.15,0.9993338487242535,5.666230851694347e-07,180.0
2963.9999999999854,453.15,0.9993349793345688,5.653051576647942e-07,180.0
2965.9999999999854,453.15,0.9993361073168128,5.639911219730944e-07,180.0
2967.999999999985,453.15,0.9993372326787411,5.626809641640941e-07,180.0
2969.999999999985,453.15,0.9993383554280818,5.613746703660086e-07,180.0
2971.999999999985,453.15,0.9993394755725353,5.600722267653637e-07,180.0
2973.999999999985,453.15,0.9993405931197745,5.587736196067203e-07,180.0
2975.9999999999845,453.15,0.9993417080774449,5.574788351924006e-07,180.0
2977.9999999999845,453.15,0.9993428204531647,5.561878598820859e-07,180.0
2979.9999999999845,453.15,0.9993439302545248,5.549006800928018e-07,180.0
2981.9999999999845,453.15,0.9993450374890894,5.536172822983887e-07,180.0
2983.999999999984,453.15,0.9993461421643954,5.523376530292334e-07,180.0
2985.999999999984,453.15,0.9993472442879532,5.510617788722534e-07,180.0
2987.999999999984,453.15,0.9993483438672461,5.497896464702453e-07,180.0
2989.999999999984,453.15,0.9993494409097312,5.485212425220001e-07,180.0
2991.9999999999836,453.15,0.9993505354228388,5.472565537817804e-07,180.0
2993.9999999999836,453.15,0.9993516274139729,5.459955670591814e-07,180.0
2995.9999999999836,453.15,0.9993527168905113,5.447382692188658e-07,180.0
2997.9999999999836,453.15,0.9993538038598057,5.434846471800433e-07,180.0
2999.999999999983,453.15,0.9993548883291815,5.422346879165896e-07,180.0
3001.999999999983,453.15,0.9993559703059385,5.409883784565291e-07,180.0
3003.999999999983,453.15,0.9993570497973503,5.397457058818989e-07,180.0
3005.999999999983,453.15,0.9993581268106649,5.385066573284878e-07,180.0
3007.9999999999827,453.15,0.9993592013531049,5.372712199855756e-07,180.0
3009.9999999999827,453.15,0.9993602734318671,5.360393810955457e-07,180.0
3011.9999999999827,453.15,0.9993613430541229,5.348111279536265e-07,180.0
3013.9999999999827,453.15,0.9993624102270188,5.335864479080145e-07,180.0
3015.9999999999823,453.15,0.9993634749576755,5.323653283591079e-07,180.0
3017.9999999999823,453.15,0.9993645372531891,5.311477567596315e-07,180.0
3019.9999999999823,453.15,0.9993655971206303,5.299337206142538e-07,180.0
3021.9999999999823,453.15,0.9993666545670453,5.287232074793312e-07,180.0
3023.999999999982,453.15,0.9993677095994552,5.275162049626543e-07,180.0
3025.999999999982,453.15,0.9993687622248566,5.263127007233199e-07,180.0
3027.999999999982,453.15,0.9993698124502215,5.251126824712262e-07,180.0
3029.999999999982,453.15,0.9993708602824974,5.239161379670731e-07,180.0
3031.9999999999814,453.15,0.9993719057286075,5.227230550219843e-07,180.0
3033.9999999999814,453.15,0.9993729487954505,5.215334214975096e-07,180.0
3035.9999999999814,453.15,0.9993739894899011,5.203472253049957e-07,180.0
3037.9999999999814,453.15,0.9993750278188099,5.191644544057168e-07,180.0
3039.999999999981,453.15,0.9993760637890036,5.17985096810372e-07,180.0
3041.999999999981,453.15,0.9993770974072848,5.168091405790918e-07,180.0
3043.999999999981,453.15,0.9993781286804324,5.156365738209374e-07,180.0
3045.999999999981,453.15,0.9993791576152018,5.144673846939077e-07,180.0
3047.9999999999804,453.15,0.9993801842183246,5.133015614045667e-07,180.0
3049.9999999999804,453.15,0.999381208496509,5.121390922077996e-07,180.0
3051.9999999999804,453.15,0.9993822304564398,5.109799654068199e-07,180.0
3053.9999999999804,453.15,0.9993832501047785,5.098241693525485e-07,180.0
3055.99999999998,453.15,0.9993842674481633,5.086716924437486e-07,180.0
3057.99999999998,453.15,0.9993852824932096,5.075225231265322e-07,180.0
3059.99999999998,453.15,0.9993862952465093,5.063766498943697e-07,180.0
3061.99999999998,453.15,0.999387305714632,5.052340612877242e-07,180.0
3063.9999999999795,453.15,0.9993883139041237,5.040947458938112e-07,180.0
3065.9999999999795,453.15,0.9993893198215085,5.029586923466098e-07,180.0
3067.9999999999795,453.15,0.9993903234732872,5.018258893262489e-07,180.0
3069.9999999999795,453.15,0.9993913248659383,5.006963255591447e-07,180.0
3071.999999999979,453.15,0.9993923240059179,4.995699898176379e-07,180.0
3073.999999999979,453.15,0.9993933208996598,4.984468709197577e-07,180.0
3075.999999999979,453.15,0.9993943155535753,4.973269577289855e-07,180.0
3077.999999999979,453.15,0.9993953079740536,4.962102391542699e-07,180.0
3079.9999999999786,453.15,0.9993962981674619,4.950967041494171e-07,180.0
3081.9999999999786,453.15,0.9993972861401453,4.939863417133564e-07,180.0
3083.9999999999786,453.15,0.9993982718984271,4.928791408894079e-07,180.0
3085.9999999999786,453.15,0.9993992554486086,4.91775090765549e-07,180.0
3087.999999999978,453.15,0.9994002367969695,4.906741804739318e-07,180.0
3089.999999999978,453.15,0.9994012159497679,4.895763991907781e-07,180.0
3091.999999999978,453.15,0.9994021929132402,4.884817361360232e-07,180.0
3093.999999999978,453.15,0.9994031676936013,4.873901805734589e-07,180.0
3095.9999999999777,453.15,0.9994041402970449,4.863017218101312e-07,180.0
3097.9999999999777,453.15,0.9994051107297434,4.852163491962367e-07,180.0
3099.9999999999777,453.15,0.9994060789978476,4.841340521252651e-07,180.0
3101.9999999999777,453.15,0.9994070451074877,4.830548200334005e-07,180.0
3103.9999999999773,453.15,0.9994080090647725,4.819786423994183e-07,180.0
3105.9999999999773,453.15,0.99940897087579,4.809055087445827e-07,180.0
3107.9999999999773,453.15,0.9994099305466072,4.798354086322968e-07,180.0
3109.9999999999773,453.15,0.9994108880832705,4.787683316681258e-07,180.0
3111.999999999977,453.15,0.9994118434918055,4.777042674994476e-07,180.0
3113.999999999977,453.15,0.999412796778217,4.766432058152302e-07,180.0
3115.999999999977,453.15,0.9994137479484897,4.7558513634593087e-07,180.0
3117.999999999977,453.15,0.9994146970085874,4.7453004886327387e-07,180.0
3119.9999999999764,453.15,0.9994156439644538,4.7347793318002864e-07,180.0
3121.9999999999764,453.15,0.9994165888220121,4.724287791499108e-07,180.0
3123.9999999999764,453.15,0.9994175315871655,4.713825766673615e-07,180.0
3125.9999999999764,453.15,0.9994184722657968,4.703393156672042e-07,180.0
3127.999999999976,453.15,0.9994194108637691,4.692989861247935e-07,180.0
3129.999999999976,453.15,0.9994203473869252,4.682615780554273e-07,180.0
3131.999999999976,453.15,0.9994212818410882,4.672270815143742e-07,180.0
3133.999999999976,453.15,0.9994222142320615,4.6619548659677777e-07,180.0
3135.9999999999754,453.15,0.9994231445656283,4.651667834373167e-07,180.0
3137.9999999999754,453.15,0.9994240728475527,4.6414096221011025e-07,180.0
3139.9999999999754,453.15,0.999424999083579,4.631180131283794e-07,180.0
3141.9999999999754,453.15,0.9994259232794318,4.620979264445986e-07,180.0
3143.999999999975,453.15,0.9994268454408167,4.6108069244991306e-07,180.0
3145.999999999975,453.15,0.9994277655734197,4.600663014741693e-07,180.0
3147.999999999975,453.15,0.9994286836829075,4.590547438858227e-07,180.0
3149.999999999975,453.15,0.9994295997749276,4.5804601009172396e-07,180.0
3151.9999999999745,453.15,0.9994305138551087,4.5704009053678387e-07,180.0
3153.9999999999745,453.15,0.9994314259290601,4.560369757037614e-07,180.0
3155.9999999999745,453.15,0.9994323360023724,4.550366561135389e-07,180.0
3157.9999999999745,453.15,0.999433244080617,4.5403912232430165e-07,180.0
3159.999999999974,453.15,0.9994341501693468,4.530443649320575e-07,180.0
3161.999999999974,453.15,0.999435054274096,4.520523745698183e-07,180.0
3163.999999999974,453.15,0.9994359564003797,4.5106314190775454e-07,180.0
3165.999999999974,453.15,0.9994368565536951,4.5007665765322965e-07,180.0
3167.9999999999736,453.15,0.9994377547395201,4.490929125501048e-07,180.0
3169.9999999999736,453.15,0.9994386509633149,4.4811189737913804e-07,180.0
3171.9999999999736,453.15,0.9994395452305208,4.47133602957291e-07,180.0
3173.9999999999736,453.15,0.9994404375465611,4.4615802013788594e-07,180.0
3175.999999999973,453.15,0.9994413279168407,4.4518513981051955e-07,180.0
3177.999999999973,453.15,0.9994422163467465,4.44214952900615e-07,180.0
3179.999999999973,453.15,0.9994431028416472,4.432474503694579e-07,180.0
3181.999999999973,453.15,0.9994439874068936,4.422826232138706e-07,180.0
3183.9999999999727,453.15,0.9994448700478185,4.4132046246624936e-07,180.0
3185.9999999999727,453.15,0.9994457507697369,4.403609591942389e-07,180.0
3187.9999999999727,453.15,0.9994466295779458,4.394041045006499e-07,180.0
3189.9999999999727,453.15,0.9994475064777248,4.384498895233762e-07,180.0
3191.9999999999723,453.15,0.9994483814743357,4.374983054350714e-07,180.0
3193.9999999999723,453.15,0.9994492545730226,4.365493434430678e-07,180.0
3195.9999999999723,453.15,0.9994501257790122,4.3560299478917416e-07,180.0
3197.9999999999723,453.15,0.9994509950975137,4.3465925074971514e-07,180.0
3199.999999999972,453.15,0.999451862533719,4.337181026350904e-07,180.0
3201.999999999972,453.15,0.9994527280928026,4.327795417898146e-07,180.0
3203.999999999972,453.15,0.9994535917799218,4.3184355959231746e-07,180.0
3205.999999999972,453.15,0.9994544536002167,4.3091014745486473e-07,180.0
3207.9999999999714,453.15,0.9994553135588103,4.2997929682311896e-07,180.0
3209.9999999999714,453.15,0.9994561716608087,4.290509991763017e-07,180.0
3211.9999999999714,453.15,0.9994570279113008,4.28125246026995e-07,180.0
3213.9999999999714,453.15,0.9994578823153586,4.272020289208244e-07,180.0
3215.999999999971,453.15,0.9994587348780375,4.262813394365015e-07,180.0
3217.999999999971,453.15,0.9994595856043759,4.2536316918550736e-07,180.0
3219.999999999971,453.15,0.9994604344993955,4.244475098121364e-07,180.0
3221.999999999971,453.15,0.9994612815681014,4.2353435299318064e-07,180.0
3223.9999999999704,453.15,0.9994621268154823,4.226236904378542e-07,180.0
3225.9999999999704,453.15,0.9994629702465101,4.2171551388759865e-07,180.0
3227.9999999999704,453.15,0.9994638118661403,4.208098151160083e-07,180.0
3229.9999999999704,453.15,0.9994646516793122,4.1990658592875543e-07,180.0
3231.99999999997,453.15,0.9994654896909485,4.190058181631585e-07,180.0
3233.99999999997,453.15,0.9994663259059559,4.1810750368846613e-07,180.0
3235.99999999997,453.15,0.9994671603292247,4.1721163440530655e-07,180.0
3237.99999999997,453.15,0.9994679929656292,4.163182022457349e-07,180.0
3239.9999999999695,453.15,0.9994688238200276,4.1542719917315954e-07,180.0
3241.9999999999695,453.15,0.9994696528972619,4.1453861718203253e-07,180.0
3243.9999999999695,453.15,0.9994704802021585,4.1365244829801503e-07,180.0
3245.9999999999695,453.15,0.9994713057395276,4.127686845773118e-07,180.0
3247.999999999969,453.15,0.9994721295141638,4.118873181070757e-07,180.0
3249.999999999969,453.15,0.9994729515308458,4.110083410049799e-07,180.0
3251.999999999969,453.15,0.9994737717943366,4.101317454190295e-07,180.0
3253.999999999969,453.15,0.9994745903093837,4.092575235278467e-07,180.0
3255.9999999999686,453.15,0.9994754070807188,4.0838566753989035e-07,180.0
3257.9999999999686,453.15,0.9994762221130582,4.075161696938602e-07,180.0
3259.9999999999686,453.15,0.9994770354111027,4.0664902225839106e-07,180.0
3261.9999999999686,453.15,0.9994778469795377,4.057842175318657e-07,180.0
3263.999999999968,453.15,0.9994786568230334,4.0492174784222883e-07,180.0
3265.999999999968,453.15,0.9994794649462445,4.0406160554691856e-07,180.0
3267.999999999968,453.15,0.9994802713538106,4.0320378303291726e-07,180.0
3269.999999999968,453.15,0.999481076050356,4.0234827271644766e-07,180.0
3271.9999999999677,453.15,0.99948187904049,4.0149506704278807e-07,180.0
3273.9999999999677,453.15,0.9994826803288069,4.006441584862061e-07,180.0
3275.9999999999677,453.15,0.9994834799198861,3.997955395498919e-07,180.0
3277.9999999999677,453.15,0.9994842778182916,3.989492027656572e-07,180.0
3279.9999999999673,453.15,0.999485074028573,3.9810514069410444e-07,180.0
3281.9999999999673,453.15,0.9994858685552649,3.972633459243262e-07,180.0
3283.9999999999673,453.15,0.999486661402887,3.964238110736056e-07,180.0
3285.9999999999673,453.15,0.9994874525759446,3.9558652878770333e-07,180.0
3287.999999999967,453.15,0.9994882420789281,3.9475149174020734e-07,180.0
3289.999999999967,453.15,0.9994890299163133,3.93918692633054e-07,180.0
3291.999999999967,453.15,0.9994898160925617,3.9308812419576187e-07,180.0
3293.999999999967,453.15,0.99949060061212,3.9225977918560264e-07,180.0
3295.9999999999663,453.15,0.9994913834794208,3.9143365038777153e-07,180.0
3297.9999999999663,453.15,0.999492164698882,3.906097306146228e-07,180.0
3299.9999999999663,453.15,0.9994929442749074,3.897880127060749e-07,180.0
3301.9999999999663,453.15,0.9994937222118865,3.889684895293146e-07,180.0
3303.999999999966,453.15,0.9994944985141945,3.8815115397861834e-07,180.0
3305.999999999966,453.15,0.9994952731861925,3.873359989752903e-07,180.0
3307.999999999966,453.15,0.9994960462322274,3.8652301746760156e-07,180.0
3309.999999999966,453.15,0.9994968176566323,3.8571220243061204e-07,180.0
3311.9999999999654,453.15,0.9994975874637261,3.849035468659937e-07,180.0
3313.9999999999654,453.15,0.9994983556578136,3.840970438020861e-07,180.0
3315.9999999999654,453.15,0.9994991222431863,3.8329268629360416e-07,180.0
3317.9999999999654,453.15,0.9994998872241211,3.8249046742146145e-07,180.0
3319.999999999965,453.15,0.9995006506048817,3.8169038029306e-07,180.0
3321.999999999965,453.15,0.9995014123897178,3.8089241804164967e-07,180.0
3323.999999999965,453.15,0.9995021725828654,3.800965738266178e-07,180.0
3325.999999999965,453.15,0.9995029311885472,3.793028408331985e-07,180.0
3327.9999999999645,453.15,0.9995036882109717,3.7851121227229814e-07,180.0
3329.9999999999645,453.15,0.9995044436543344,3.777216813806693e-07,180.0
3331.9999999999645,453.15,0.9995051975228173,3.769342414203893e-07,180.0
3333.9999999999645,453.15,0.9995059498205887,3.761488856790346e-07,180.0
3335.999999999964,453.15,0.9995067005518037,3.7536560746950804e-07,180.0
3337.999999999964,453.15,0.9995074497206039,3.7458440012998116e-07,180.0
3339.999999999964,453.15,0.999508197331118,3.738052570237224e-07,180.0
3341.999999999964,453.15,0.999508943387461,3.7302817153880976e-07,180.0
3343.9999999999636,453.15,0.9995096878937352,3.722531370884209e-07,180.0
3345.9999999999636,453.15,0.9995104308540294,3.714801471103159e-07,180.0
3347.9999999999636,453.15,0.9995111722724195,3.707091950671276e-07,180.0
3349.9999999999636,453.15,0.9995119121529684,3.6994027444584503e-07,180.0
3351.999999999963,453.15,0.9995126504997259,3.6917337875798934e-07,180.0
3353.999999999963,453.15,0.999513387316729,3.684085015395584e-07,180.0
3355.999999999963,453.15,0.9995141226080017,3.676456363506275e-07,180.0
3357.999999999963,453.15,0.9995148563775552,3.668847767755248e-07,180.0
3359.9999999999627,453.15,0.999515588629388,3.6612591642243314e-07,180.0
3361.9999999999627,453.15,0.9995163193674859,3.6536904892368047e-07,180.0
3363.9999999999627,453.15,0.9995170485958217,3.646141679353421e-07,180.0
3365.9999999999627,453.15,0.9995177763183559,3.6386126713718754e-07,180.0
3367.9999999999623,453.15,0.9995185025390364,3.631103402326277e-07,180.0
3369.9999999999623,453.15,0.9995192272617983,3.623613809485474e-07,180.0
3371.9999999999623,453.15,0.9995199504905644,3.6161438303536806e-07,180.0
3373.9999999999623,453.15,0.9995206722292449,3.608693402667656e-07,180.0
3375.999999999962,453.15,0.9995213924817378,3.6012624643973363e-07,180.0
3377.999999999962,453.15,0.9995221112519285,3.593850953741887e-07,180.0
3379.999999999962,453.15,0.9995228285436903,3.586458809132616e-07,180.0
3381.999999999962,453.15,0.9995235443608842,3.579085969227894e-07,180.0
3383.9999999999613,453.15,0.9995242587073587,3.571732372917215e-07,180.0
3385.9999999999613,453.15,0.9995249715869506,3.5643979593161165e-07,180.0
3387.9999999999613,453.15,0.9995256830034842,3.557082667764545e-07,180.0
3389.9999999999613,453.15,0.9995263929607717,3.5497864378309093e-07,180.0
3391.999999999961,453.15,0.9995271014626136,3.5425092093070227e-07,180.0
3393.999999999961,453.15,0.999527808512798,3.5352509222064695e-07,180.0
3395.999999999961,453.15,0.9995285141151014,3.5280115167675257e-07,180.0
3397.999999999961,453.15,0.999529218273288,3.5207909334481166e-07,180.0
3399.9999999999604,453.15,0.9995299209911106,3.513589112928735e-07,180.0
3401.9999999999604,453.15,0.9995306222723098,3.5064059961074143e-07,180.0
3403.9999999999604,453.15,0.9995313221206147,3.4992415241026446e-07,180.0
3405.9999999999604,453.15,0.9995320205397423,3.4920956382494904e-07,180.0
3407.99999999996,453.15,0.9995327175333983,3.4849682801013736e-07,180.0
3409.99999999996,453.15,0.9995334131052767,3.4778593914261987e-07,180.0
3411.99999999996,453.15,0.9995341072590594,3.4707689142070073e-07,180.0
3413.99999999996,453.15,0.9995347999984175,3.463696790642641e-07,180.0
3415.9999999999595,453.15,0.9995354913270101,3.456642963142737e-07,180.0
3417.9999999999595,453.15,0.999536181248485,3.4496073743306583e-07,180.0
3419.9999999999595,453.15,0.9995368697664784,3.4425899670407644e-07,180.0
3421.9999999999595,453.15,0.9995375568846152,3.435590684317945e-07,180.0
3423.999999999959,453.15,0.9995382426065091,3.428609469417162e-07,180.0
3425.999999999959,453.15,0.9995389269357623,3.421646265800725e-07,180.0
3427.999999999959,453.15,0.9995396098759657,3.4147010171412257e-07,180.0
3429.999999999959,453.15,0.9995402914306991,3.4077736673165656e-07,180.0
3431.9999999999586,453.15,0.9995409716035312,3.400864160410633e-07,180.0
3433.9999999999586,453.15,0.9995416503980193,3.393972440712852e-07,180.0
3435.9999999999586,453.15,0.9995423278177099,3.387098452716609e-07,180.0
3437.9999999999586,453.15,0.9995430038661381,3.3802421411199257e-07,180.0
3439.999999999958,453.15,0.9995436785468284,3.373403450822769e-07,180.0
3441.999999999958,453.15,0.9995443518632937,3.3665823269266087e-07,180.0
3443.999999999958,453.15,0.9995450238190366,3.3597787147350966e-07,180.0
3445.999999999958,453.15,0.9995456944175486,3.352992559750264e-07,180.0
3447.9999999999577,453.15,0.9995463636623101,3.346223807674328e-07,180.0
3449.9999999999577,453.15,0.9995470315567909,3.3394724044081346e-07,180.0
3451.9999999999577,453.15,0.9995476981044501,3.3327382960496076e-07,180.0
3453.9999999999577,453.15,0.9995483633087359,3.326021428893316e-07,180.0
3455.9999999999573,453.15,0.9995490271730858,3.3193217494300494e-07,180.0
3457.9999999999573,453.15,0.9995496897009267,3.31263920434527e-07,180.0
3459.9999999999573,453.15,0.9995503508956748,3.305973740519808e-07,180.0
3461.9999999999573,453.15,0.9995510107607358,3.2993253050283164e-07,180.0
3463.999999999957,453.15,0.9995516692995049,3.2926938451355086e-07,180.0
3465.999999999957,453.15,0.9995523265153665,3.286079308300201e-07,180.0
3467.999999999957,453.15,0.999552982411695,3.2794816421726637e-07,180.0
3469.999999999957,453.15,0.999553636991854,3.272900794590864e-07,180.0
3471.9999999999563,453.15,0.9995542902591966,3.26633671358451e-07,180.0
3473.9999999999563,453.15,0.9995549422170661,3.2597893473724145e-07,180.0
3475.9999999999563,453.15,0.9995555928687949,3.2532586443587425e-07,180.0
3477.9999999999563,453.15,0.9995562422177056,3.246744553137061e-07,180.0
3479.999999999956,453.15,0.99955689026711,3.240247022485483e-07,180.0
3481.999999999956,453.15,0.9995575370203104,3.233766001369598e-07,180.0
3483.999999999956,453.15,0.9995581824805981,3.2273014389376314e-07,180.0
3485.999999999956,453.15,0.9995588266512551,3.220853284524483e-07,180.0
3487.9999999999554,453.15,0.9995594695355526,3.2144214876457816e-07,180.0
3489.9999999999554,453.15,0.9995601111367522,3.208005998000821e-07,180.0
3491.9999999999554,453.15,0.9995607514581053,3.2016067654710524e-07,180.0
3493.9999999999554,453.15,0.9995613905028533,3.195223740118588e-07,180.0
3495.999999999955,453.15,0.9995620282742278,3.1888568721847054e-07,180.0
3497.999999999955,453.15,0.9995626647754502,3.1825061120905655e-07,180.0
3499.999999999955,453.15,0.9995633000097323,3.1761714104379305e-07,180.0
3501.999999999955,453.15,0.9995639339802759,3.1698527180043595e-07,180.0
3503.9999999999545,453.15,0.999564566690273,3.163549985745036e-07,180.0
3505.9999999999545,453.15,0.999565198142906,3.157263164792387e-07,180.0
3507.9999999999545,453.15,0.9995658283413473,3.1509922064546e-07,180.0
3509.9999999999545,453.15,0.9995664572887598,3.1447370622141423e-07,180.0
3511.999999999954,453.15,0.9995670849882966,3.1384976837284895e-07,180.0
3513.999999999954,453.15,0.9995677114431012,3.132274022828649e-07,180.0
3515.999999999954,453.15,0.9995683366563075,3.1260660315187883e-07,180.0
3517.999999999954,453.15,0.99956896063104,3.119873661974764e-07,180.0
3519.9999999999536,453.15,0.9995695833704132,3.113696866543753e-07,180.0
3521.9999999999536,453.15,0.9995702048775328,3.107535597744987e-07,180.0
3523.9999999999536,453.15,0.9995708251554944,3.101389808266088e-07,180.0
3525.9999999999536,453.15,0.9995714442073846,3.095259450964905e-07,180.0
3527.999999999953,453.15,0.9995720620362805,3.0891444788680524e-07,180.0
3529.999999999953,453.15,0.9995726786452495,3.0830448451694536e-07,180.0
3531.999999999953,453.15,0.9995732940373501,3.076960503232175e-07,180.0
3533.999999999953,453.15,0.9995739082156314,3.070891406583686e-07,180.0
3535.9999999999527,453.15,0.9995745211831332,3.064837508917695e-07,180.0
3537.9999999999527,453.15,0.999575132942886,3.0587987640948925e-07,180.0
3539.9999999999527,453.15,0.9995757434979112,3.052775126138219e-07,180.0
3541.9999999999527,453.15,0.999576352851221,3.046766549236893e-07,180.0
3543.9999999999523,453.15,0.9995769610058186,3.040772987741686e-07,180.0
3545.9999999999523,453.15,0.9995775679646979,3.034794396165673e-07,180.0
3547.9999999999523,453.15,0.9995781737308437,3.0288307291849775e-07,180.0
3549.9999999999523,453.15,0.999578778307232,3.022881941637335e-07,180.0
3551.999999999952,453.15,0.9995793816968297,3.0169479885195695e-07,180.0
3553.999999999952,453.15,0.9995799839025947,3.0110288249883463e-07,180.0
3555.999999999952,453.15,0.999580584927476,3.0051244063609214e-07,180.0
3557.999999999952,453.15,0.9995811847744137,2.999234688112623e-07,180.0
3559.9999999999513,453.15,0.9995817834463389,2.993359625876521e-07,180.0
3561.9999999999513,453.15,0.9995823809461739,2.9874991754441737e-07,180.0
3563.9999999999513,453.15,0.9995829772768324,2.9816532927620397e-07,180.0
3565.9999999999513,453.15,0.9995835724412192,2.9758219339333167e-07,180.0
3567.999999999951,453.15,0.9995841664422302,2.9700050552165287e-07,180.0
3569.999999999951,453.15,0.9995847592827528,2.9642026130251967e-07,180.0
3571.999999999951,453.15,0.9995853509656656,2.958414563927508e-07,180.0
3573.999999999951,453.15,0.9995859414938385,2.952640864643829e-07,180.0
3575.9999999999504,453.15,0.9995865308701329,2.946881472048545e-07,180.0
3577.9999999999504,453.15,0.9995871190974016,2.9411363431675727e-07,180.0
3579.9999999999504,453.15,0.9995877061784887,2.9354054351791224e-07,180.0
3581.9999999999504,453.15,0.9995882921162298,2.929688705412296e-07,180.0
3583.99999999995,453.15,0.9995888769134521,2.923986111346768e-07,180.0
3585.99999999995,453.15,0.9995894605729743,2.9182976106113923e-07,180.0
3587.99999999995,453.15,0.9995900430976065,2.912623160984964e-07,180.0
3589.99999999995,453.15,0.9995906244901506,2.906962720394827e-07,180.0
3591.9999999999495,453.15,0.9995912047533999,2.9013162469154833e-07,180.0
3593.9999999999495,453.15,0.9995917838901397,2.895683698770441e-07,180.0
3595.9999999999495,453.15,0.9995923619031466,2.89006503432759e-07,180.0
3597.9999999999495,453.15,0.9995929387951891,2.884460212103209e-07,180.0
3599.999999999949,453.15,0.9995935145690272,2.8788691907584223e-07,180.0
3601.999999999949,453.15,0.999594089227413,2.873291929099975e-07,180.0
3603.999999999949,453.15,0.9995946627730902,2.8677283860788526e-07,180.0
3605.999999999949,453.15,0.9995952352087943,2.8621785207889034e-07,180.0
3607.9999999999486,453.15,0.9995958065372529,2.856642292467614e-07,180.0
3609.9999999999486,453.15,0.999596376761185,2.85111966049581e-07,180.0
3611.9999999999486,453.15,0.9995969458833018,2.845610584397355e-07,180.0
3613.9999999999486,453.15,0.9995975139063066,2.840115023835636e-07,180.0
3615.999999999948,453.15,0.9995980808328943,2.8346329386164867e-07,180.0
3617.999999999948,453.15,0.999598646665752,2.8291642886857496e-07,180.0
3619.999999999948,453.15,0.9995992114075589,2.823709034127911e-07,180.0
3621.999999999948,453.15,0.999599775060986,2.8182671351690235e-07,180.0
3623.9999999999477,453.15,0.9996003376286964,2.812838552173203e-07,180.0
3625.9999999999477,453.15,0.9996008991133455,2.80742324564234e-07,180.0
3627.9999999999477,453.15,0.9996014595175807,2.8020211762158145e-07,180.0
3629.9999999999477,453.15,0.9996020188440417,2.796632304670209e-07,180.0
3631.9999999999472,453.15,0.99960257709536,2.7912565919190237e-07,180.0
3633.9999999999472,453.15,0.9996031342741598,2.785893999011324e-07,180.0
3635.9999999999472,453.15,0.9996036903830572,2.780544487132528e-07,180.0
3637.9999999999472,453.15,0.9996042454246608,2.77520801760199e-07,180.0
3639.999999999947,453.15,0.9996047994015711,2.7698845518727226e-07,180.0
3641.999999999947,453.15,0.9996053523163814,2.7645740515343143e-07,180.0
3643.999999999947,453.15,0.999605904171677,2.7592764783073264e-07,180.0
3645.999999999947,453.15,0.9996064549700359,2.753991794045148e-07,180.0
3647.9999999999463,453.15,0.999607004714028,2.7487199607347843e-07,180.0
3649.9999999999463,453.15,0.9996075534062161,2.7434609404944553e-07,180.0
3651.9999999999463,453.15,0.9996081010491552,2.7382146955722643e-07,180.0
3653.9999999999463,453.15,0.9996086476453929,2.732981188349108e-07,180.0
3655.999999999946,453.15,0.9996091931974692,2.727760381334168e-07,180.0
3657.999999999946,453.15,0.9996097377079166,2.722552237167817e-07,180.0
3659.999999999946,453.15,0.9996102811792603,2.7173567186192356e-07,180.0
3661.999999999946,453.15,0.999610823614018,2.7121737885850853e-07,180.0
3663.9999999999454,453.15,0.9996113650147,2.707003410091362e-07,180.0
3665.9999999999454,453.15,0.9996119053838093,2.7018455462899576e-07,180.0
3667.9999999999454,453.15,0.9996124447238414,2.696700160462628e-07,180.0
3669.9999999999454,453.15,0.9996129830372845,2.6915672160154414e-07,180.0
3671.999999999945,453.15,0.9996135203266198,2.686446676481696e-07,180.0
3673.999999999945,453.15,0.9996140565943209,2.681338505519542e-07,180.0
3675.999999999945,453.15,0.9996145918428543,2.6762426669117256e-07,180.0
3677.999999999945,453.15,0.9996151260746792,2.6711591245674454e-07,180.0
3679.9999999999445,453.15,0.9996156592922477,2.6660878425189263e-07,180.0
3681.9999999999445,453.15,0.9996161914980047,2.661028784921171e-07,180.0
3683.9999999999445,453.15,0.999616722694388,2.6559819160538106e-07,180.0
3685.9999999999445,453.15,0.999617252883828,2.650947200318748e-07,180.0
3687.999999999944,453.15,0.9996177820687484,2.6459246022399044e-07,180.0
3689.999999999944,453.15,0.9996183102515657,2.640914086461918e-07,180.0
3691.999999999944,453.15,0.9996188374346893,2.635915617752001e-07,180.0
3693.999999999944,453.15,0.9996193636205215,2.6309291609965364e-07,180.0
3695.9999999999436,453.15,0.9996198888114578,2.625954681203983e-07,180.0
3697.9999999999436,453.15,0.9996204130098865,2.620992143501479e-07,180.0
3699.9999999999436,453.15,0.999620936218189,2.616041513136698e-07,180.0
3701.9999999999436,453.15,0.9996214584387402,2.6111027554744563e-07,180.0
3703.999999999943,453.15,0.9996219796739074,2.606175835997522e-07,180.0
3705.999999999943,453.15,0.9996224999260515,2.601260720308471e-07,180.0
3707.999999999943,453.15,0.9996230191975263,2.5963573741273465e-07,180.0
3709.999999999943,453.15,0.9996235374906789,2.591465763289329e-07,180.0
3711.9999999999427,453.15,0.9996240548078497,2.5865858537476387e-07,180.0
3713.9999999999427,453.15,0.9996245711513719,2.5817176115701595e-07,180.0
3715.9999999999427,453.15,0.9996250865235725,2.57686100294234e-07,180.0
3717.9999999999427,453.15,0.9996256009267713,2.5720159941627776e-07,180.0
3719.9999999999422,453.15,0.9996261143632816,2.56718255164612e-07,180.0
3721.9999999999422,453.15,0.99962662683541,2.562360641920743e-07,180.0
3723.9999999999422,453.15,0.9996271383454564,2.5575502316285194e-07,180.0
3725.9999999999422,453.15,0.9996276488957139,2.552751287525631e-07,180.0
3727.999999999942,453.15,0.9996281584884692,2.547963776480254e-07,180.0
3729.999999999942,453.15,0.9996286671260023,2.543187665473374e-07,180.0
3731.999999999942,453.15,0.9996291748105867,2.538422921598554e-07,180.0
3733.999999999942,453.15,0.9996296815444891,2.5336695120596316e-07,180.0
3735.9999999999413,453.15,0.9996301873299699,2.528927404173609e-07,180.0
3737.9999999999413,453.15,0.9996306921692829,2.524196565366273e-07,180.0
3739.9999999999413,453.15,0.9996311960646755,2.5194769631750864e-07,180.0
3741.9999999999413,453.15,0.9996316990183886,2.5147685652458524e-07,180.0
3743.999999999941,453.15,0.9996322010326564,2.5100713393356054e-07,180.0
3745.999999999941,453.15,0.999632702109707,2.505385253309277e-07,180.0
3747.999999999941,453.15,0.999633202251762,2.5007102751405125e-07,180.0
3749.999999999941,453.15,0.9996337014610366,2.496046372911457e-07,180.0
3751.9999999999404,453.15,0.9996341997397395,2.4913935148114944e-07,180.0
3753.9999999999404,453.15,0.9996346970900734,2.486751669138073e-07,180.0
3755.9999999999404,453.15,0.9996351935142342,2.482120804295448e-07,180.0
3757.9999999999404,453.15,0.999635689014412,2.477500888793437e-07,180.0
3759.99999999994,453.15,0.9996361835927903,2.47289189124927e-07,180.0
3761.99999999994,453.15,0.9996366772515464,2.468293780385314e-07,180.0
3763.99999999994,453.15,0.9996371699928513,2.463706525028855e-07,180.0
3765.99999999994,453.15,0.9996376618188701,2.4591300941129243e-07,180.0
3767.9999999999395,453.15,0.9996381527317615,2.4545644566740214e-07,180.0
3769.9999999999395,453.15,0.9996386427336779,2.4500095818529366e-07,180.0
3771.9999999999395,453.15,0.9996391318267657,2.445465438894545e-07,180.0
3773.9999999999395,453.15,0.9996396200131651,2.440931997146564e-07,180.0
3775.999999999939,453.15,0.9996401072950103,2.436409226060379e-07,180.0
3777.999999999939,453.15,0.9996405936744294,2.4318970951887804e-07,180.0
3779.999999999939,453.15,0.9996410791535442,2.427395574186784e-07,180.0
3781.999999999939,453.15,0.9996415637344708,2.422904632812456e-07,180.0
3783.9999999999386,453.15,0.999642047419319,2.4184242409226037e-07,180.0
3785.9999999999386,453.15,0.9996425302101927,2.4139543684777023e-07,180.0
3787.9999999999386,453.15,0.9996430121091898,2.4094949855365644e-07,180.0
3789.9999999999386,453.15,0.9996434931184023,2.4050460622592173e-07,180.0
3791.999999999938,453.15,0.999643973239916,2.400607568905678e-07,180.0
3793.999999999938,453.15,0.9996444524758112,2.3961794758347255e-07,180.0
3795.999999999938,453.15,0.999644930828162,2.391761753503709e-07,180.0
3797.999999999938,453.15,0.9996454082990365,2.387354372469371e-07,180.0
3799.9999999999377,453.15,0.9996458848904971,2.3829573033866292e-07,180.0
3801.9999999999377,453.15,0.9996463606046005,2.3785705170083788e-07,180.0
3803.9999999999377,453.15,0.9996468354433974,2.374193984183256e-07,180.0
3805.9999999999377,453.15,0.9996473094089325,2.3698276758595312e-07,180.0
3807.9999999999372,453.15,0.9996477825032452,2.3654715630808287e-07,180.0
3809.9999999999372,453.15,0.9996482547283686,2.3611256169869573e-07,180.0
3811.9999999999372,453.15,0.9996487260863304,2.3567898088137212e-07,180.0
3813.9999999999372,453.15,0.9996491965791523,2.3524641098937442e-07,180.0
3815.999999999937,453.15,0.9996496662088507,2.3481484916542438e-07,180.0
3817.999999999937,453.15,0.9996501349774358,2.343842925615826e-07,180.0
3819.999999999937,453.15,0.9996506028869125,2.3395473833953512e-07,180.0
3821.999999999937,453.15,0.9996510699392799,2.33526183670371e-07,180.0
3823.9999999999363,453.15,0.9996515361365313,2.3309862573456365e-07,180.0
3825.9999999999363,453.15,0.9996520014806548,2.3267206172185068e-07,180.0
3827.9999999999363,453.15,0.9996524659736324,2.3224648883131736e-07,180.0
3829.9999999999363,453.15,0.999652929617441,2.3182190427137765e-07,180.0
3831.999999999936,453.15,0.9996533924140515,2.3139830525955343e-07,180.0
3833.999999999936,453.15,0.9996538543654295,2.3097568902276028e-07,180.0
3835.999999999936,453.15,0.9996543154735351,2.3055405279688366e-07,180.0
3837.999999999936,453.15,0.9996547757403228,2.3013339382706532e-07,180.0
3839.9999999999354,453.15,0.9996552351677416,2.2971370936748217e-07,180.0
3841.999999999936,453.15,0.9996556937577349,2.2929499668143e-07,180.0
3843.999999999936,453.15,0.999656151512241,2.288772530413053e-07,180.0
3845.999999999936,453.15,0.9996566084331924,2.2846047572828422e-07,180.0
3847.9999999999354,453.15,0.9996570645225165,2.2804466203270928e-07,180.0
3849.9999999999354,453.15,0.999657519782135,2.2762980925366752e-07,180.0
3851.9999999999354,453.15,0.9996579742139644,2.2721591469927614e-07,180.0
3853.9999999999354,453.15,0.9996584278199158,2.2680297568656368e-07,180.0
3855.999999999935,453.15,0.9996588806018949,2.2639098954125097e-07,180.0
3857.999999999935,453.15,0.9996593325618021,2.2597995359783493e-07,180.0
3859.999999999935,453.15,0.9996597837015324,2.2556986519977258e-07,180.0
3861.999999999935,453.15,0.9996602340229758,2.251607216990609e-07,180.0
3863.9999999999345,453.15,0.9996606835280167,2.2475252045642133e-07,180.0
3865.9999999999345,453.15,0.9996611322185344,2.243452588411821e-07,180.0
3867.9999999999345,453.15,0.9996615800964028,2.239389342315629e-07,180.0
3869.9999999999345,453.15,0.9996620271634908,2.2353354401405456e-07,180.0
3871.999999999934,453.15,0.999662473421662,2.231290855839052e-07,180.0
3873.999999999934,453.15,0.9996629188727747,2.227255563448017e-07,180.0
3875.999999999934,453.15,0.9996633635186821,2.2232295370905413e-07,180.0
3877.999999999934,453.15,0.9996638073612323,2.2192127509727775e-07,180.0
3879.9999999999336,453.15,0.9996642504022681,2.2152051793867771e-07,180.0
3881.9999999999336,453.15,0.9996646926436275,2.211206796707318e-07,180.0
3883.9999999999336,453.15,0.999665134087143,2.2072175773937421e-07,180.0
3885.9999999999336,453.15,0.9996655747346421,2.2032374959877931e-07,180.0
3887.999999999933,453.15,0.9996660145879476,2.199266527116454e-07,180.0
3889.999999999933,453.15,0.9996664536488766,2.1953046454867808e-07,180.0
3891.999999999933,453.15,0.9996668919192419,2.1913518258907492e-07,180.0
3893.999999999933,453.15,0.9996673294008505,2.1874080432000861e-07,180.0
3895.9999999999327,453.15,0.9996677660955049,2.1834732723711148e-07,180.0
3897.9999999999327,453.15,0.9996682020050026,2.1795474884395944e-07,180.0
3899.9999999999327,453.15,0.999668637131136,2.175630666522565e-07,180.0
3901.9999999999327,453.15,0.9996690714756923,2.1717227818191841e-07,180.0
3903.9999999999322,453.15,0.9996695050404542,2.1678238096095704e-07,180.0
3905.9999999999322,453.15,0.9996699378271992,2.163933725252657e-07,180.0
3907.9999999999322,453.15,0.9996703698377,2.1600525041880275e-07,180.0
3909.9999999999322,453.15,0.9996708010737243,2.1561801219347644e-07,180.0
3911.999999999932,453.15,0.9996712315370351,2.152316554092292e-07,180.0
3913.999999999932,453.15,0.9996716612293903,2.1484617763382292e-07,180.0
3915.999999999932,453.15,0.9996720901525432,2.1446157644292348e-07,180.0
3917.999999999932,453.15,0.9996725183082421,2.140778494200853e-07,180.0
3919.9999999999313,453.15,0.9996729456982304,2.1369499415663673e-07,180.0
3921.9999999999313,453.15,0.9996733723242469,2.1331300825186377e-07,180.0
3923.9999999999313,453.15,0.9996737981880255,2.129318893125975e-07,180.0
3925.9999999999313,453.15,0.9996742232912954,2.1255163495359647e-07,180.0
3927.999999999931,453.15,0.999674647635781,2.12172242797135e-07,180.0
3929.999999999931,453.15,0.9996750712232019,2.1179371047338448e-07,180.0
3931.999999999931,453.15,0.9996754940552731,2.1141603562000267e-07,180.0
3933.999999999931,453.15,0.9996759161337049,2.1103921588231671e-07,180.0
3935.9999999999304,453.15,0.9996763374602027,2.1066324891330876e-07,180.0
3937.9999999999304,453.15,0.9996767580364674,2.1028813237350197e-07,180.0
3939.9999999999304,453.15,0.9996771778641953,2.0991386393094637e-07,180.0
3941.9999999999304,453.15,0.9996775969450779,2.0954044126110536e-07,180.0
3943.99999999993,453.15,0.9996780152808019,2.0916786204713771e-07,180.0
3945.99999999993,453.15,0.9996784328730499,2.0879612397958673e-07,180.0
3947.99999999993,453.15,0.9996788497234994,2.0842522475626747e-07,180.0
3949.99999999993,453.15,0.9996792658338236,2.080551620826471e-07,180.0
3951.9999999999295,453.15,0.999679681205691,2.0768593367133748e-07,180.0
3953.9999999999295,453.15,0.9996800958407654,2.073175372424756e-07,180.0
3955.9999999999295,453.15,0.9996805097407065,2.069499705234134e-07,180.0
3957.9999999999295,453.15,0.999680922907169,2.0658323124880302e-07,180.0
3959.999999999929,453.15,0.9996813353418034,2.0621731716068052e-07,180.0
3961.999999999929,453.15,0.9996817470462553,2.0585222600815707e-07,180.0
3963.999999999929,453.15,0.9996821580221664,2.0548795554770036e-07,180.0
3965.999999999929,453.15,0.9996825682711735,2.051245035428256e-07,180.0
3967.9999999999286,453.15,0.999682977794909,2.0476186776427869e-07,180.0
3969.9999999999286,453.15,0.999683386595001,2.0440004599002202e-07,180.0
3971.9999999999286,453.15,0.999683794673073,2.04039036004927e-07,180.0
3973.9999999999286,453.15,0.9996842020307442,2.036788356011523e-07,180.0
3975.999999999928,453.15,0.9996846086696293,2.0331944257783668e-07,180.0
3977.999999999928,453.15,0.9996850145913387,2.029608547410852e-07,180.0
3979.999999999928,453.15,0.9996854197974785,2.0260306990405408e-07,180.0
3981.999999999928,453.15,0.9996858242896502,2.0224608588693713e-07,180.0
3983.9999999999277,453.15,0.9996862280694513,2.0188990051675693e-07,180.0
3985.9999999999277,453.15,0.9996866311384746,2.0153451162754716e-07,180.0
3987.9999999999277,453.15,0.9996870334983087,2.0117991706024161e-07,180.0
3989.9999999999277,453.15,0.999687435150538,2.0082611466266105e-07,180.0
3991.9999999999272,453.15,0.9996878360967426,2.0047310228940267e-07,180.0
3993.9999999999272,453.15,0.9996882363384982,2.0012087780202207e-07,180.0
3995.9999999999272,453.15,0.9996886358773763,1.9976943906872777e-07,180.0
3997.9999999999272,453.15,0.9996890347149443,1.9941878396466073e-07,180.0
3999.999999999927,453.15,0.999689432852765,1.9906891037149183e-07,180.0
4001.999999999927,453.15,0.9996898302923973,1.9871981617789597e-07,180.0
4003.999999999927,453.15,0.9996902270353959,1.9837149927905258e-07,180.0
4005.999999999927,453.15,0.999690623083311,1.980239575768275e-07,180.0
4007.9999999999263,453.15,0.999691018437689,1.9767718897985782e-07,180.0
4009.9999999999263,453.15,0.9996914131000718,1.9733119140324736e-07,180.0
4011.9999999999263,453.15,0.9996918070719973,1.969859627689429e-07,180.0
4013.9999999999263,453.15,0.9996922003549994,1.9664150100523602e-07,180.0
4015.999999999926,453.15,0.9996925929506075,1.962978040470422e-07,180.0
4017.999999999926,453.15,0.9996929848603472,1.9595486983588807e-07,180.0
4019.999999999926,453.15,0.9996933760857398,1.9561269631980227e-07,180.0
4021.999999999926,453.15,0.9996937666283028,1.95271281453206e-07,180.0
4023.9999999999254,453.15,0.9996941564895492,1.9493062319699815e-07,180.0
4025.9999999999254,453.15,0.9996945456709883,1.945907195186396e-07,180.0
4027.9999999999254,453.15,0.999694934174125,1.9425156839185068e-07,180.0
4029.9999999999254,453.15,0.9996953220004606,1.9391316779688954e-07,180.0
4031.999999999925,453.15,0.9996957091514921,1.9357551572024974e-07,180.0
4033.999999999925,453.15,0.9996960956287124,1.9323861015484198e-07,180.0
4035.999999999925,453.15,0.9996964814336107,1.929024490998852e-07,180.0
4037.999999999925,453.15,0.9996968665676718,1.925670305608948e-07,180.0
4039.9999999999245,453.15,0.9996972510323768,1.9223235254976735e-07,180.0
4041.9999999999245,453.15,0.999697634829203,1.9189841308447926e-07,180.0
4043.9999999999245,453.15,0.9996980179596234,1.915652101892681e-07,180.0
4045.9999999999245,453.15,0.9996984004251073,1.9123274189471732e-07,180.0
4047.999999999924,453.15,0.9996987822271197,1.9090100623745522e-07,180.0
4049.999999999924,453.15,0.9996991633671223,1.905700012604326e-07,180.0
4051.999999999924,453.15,0.9996995438465723,1.9023972501252597e-07,180.0
4053.999999999924,453.15,0.9996999236669234,1.899101755489111e-07,180.0
4055.9999999999236,453.15,0.9997003028296253,1.8958135093085904e-07,180.0
4057.9999999999236,453.15,0.9997006813361238,1.892532492255325e-07,180.0
4059.9999999999236,453.15,0.9997010591878608,1.8892586850635905e-07,180.0
4061.9999999999236,453.15,0.9997014363862745,1.8859920685273124e-07,180.0
4063.999999999923,453.15,0.9997018129327992,1.882732623499957e-07,180.0
4065.999999999923,453.15,0.9997021888288654,1.879480330895378e-07,180.0
4067.999999999923,453.15,0.9997025640758997,1.8762351716877032e-07,180.0
4069.999999999923,453.15,0.9997029386753251,1.8729971269093066e-07,180.0
4071.9999999999227,453.15,0.9997033126285606,1.8697661776526148e-07,180.0
4073.9999999999227,453.15,0.9997036859370216,1.8665423050690384e-07,180.0
4075.9999999999227,453.15,0.9997040586021197,1.8633254903679038e-07,180.0
4077.9999999999227,453.15,0.9997044306252627,1.8601157148182603e-07,180.0
4079.9999999999222,453.15,0.9997048020078546,1.85691295974781e-07,180.0
4081.9999999999222,453.15,0.9997051727512959,1.853717206541846e-07,180.0
4083.9999999999222,453.15,0.9997055428569832,1.850528436643144e-07,180.0
4085.9999999999222,453.15,0.9997059123263096,1.8473466315528095e-07,180.0
4087.999999999922,453.15,0.9997062811606642,1.8441717728292167e-07,180.0
4089.999999999922,453.15,0.9997066493614326,1.8410038420888542e-07,180.0
4091.999999999922,453.15,0.9997070169299969,1.8378428210052652e-07,180.0
4093.999999999922,453.15,0.9997073838677352,1.834688691307988e-07,180.0
4095.9999999999213,453.15,0.9997077501760221,1.831541434784357e-07,180.0
4097.999999999922,453.15,0.9997081158562288,1.8284010332784436e-07,180.0
4099.999999999921,453.15,0.9997084809097225,1.8252674686890486e-07,180.0
4101.999999999921,453.15,0.9997088453378671,1.8221407229724532e-07,180.0
4103.999999999921,453.15,0.9997092091420227,1.8190207781413625e-07,180.0
4105.999999999921,453.15,0.999709572323546,1.8159076162629e-07,180.0
4107.999999999921,453.15,0.9997099348837899,1.8128012194594584e-07,180.0
4109.999999999921,453.15,0.9997102968241038,1.809701569910494e-07,180.0
4111.999999999921,453.15,0.9997106581458338,1.8066086498505243e-07,180.0
4113.999999999921,453.15,0.9997110188503221,1.8035224415671296e-07,180.0
4115.99999999992,453.15,0.9997113789389076,1.800442927404647e-07,180.0
4117.99999999992,453.15,0.9997117384129256,1.7973700897602756e-07,180.0
4119.99999999992,453.15,0.9997120972737078,1.7943039110868193e-07,180.0
4121.99999999992,453.15,0.9997124555225826,1.7912443738916387e-07,180.0
4123.99999999992,453.15,0.9997128131608747,1.7881914607346577e-07,180.0
4125.99999999992,453.15,0.9997131701899056,1.7851451542311042e-07,180.0
4127.99999999992,453.15,0.999713526610993,1.7821054370476266e-07,180.0
4129.99999999992,453.15,0.9997138824254513,1.779072291906924e-07,180.0
4131.999999999919,453.15,0.9997142376345917,1.776045701583865e-07,180.0
4133.999999999919,453.15,0.9997145922397215,1.7730256489053914e-07,180.0
4135.999999999919,453.15,0.9997149462421449,1.770012116752311e-07,180.0
4137.999999999919,453.15,0.9997152996431624,1.7670050880582535e-07,180.0
4139.999999999919,453.15,0.9997156524440716,1.7640045458095753e-07,180.0
4141.999999999919,453.15,0.9997160046461662,1.7610104730433773e-07,180.0
4143.999999999919,453.15,0.9997163562507367,1.7580228528502376e-07,180.0
4145.999999999919,453.15,0.9997167072590704,1.75504166837223e-07,180.0
4147.999999999918,453.15,0.9997170576724509,1.752066902803772e-07,180.0
4149.999999999918,453.15,0.9997174074921588,1.7490985393896457e-07,180.0
4151.999999999918,453.15,0.999717756719471,1.7461365614267884e-07,180.0
4153.999999999918,453.15,0.9997181053556615,1.743180952263255e-07,180.0
4155.999999999918,453.15,0.9997184534020006,1.740231695298126e-07,180.0
4157.999999999918,453.15,0.9997188008597554,1.7372887739814134e-07,180.0
4159.999999999918,453.15,0.9997191477301898,1.7343521718139685e-07,180.0
4161.999999999918,453.15,0.9997194940145643,1.7314218723464495e-07,180.0
4163.999999999917,453.15,0.9997198397141361,1.72849785918017e-07,180.0
4165.999999999917,453.15,0.9997201848301593,1.7255801159670053e-07,180.0
4167.999999999917,453.15,0.9997205293638847,1.7226686264083632e-07,180.0
4169.999999999917,453.15,0.9997208733165596,1.719763374255095e-07,180.0
4171.999999999917,453.15,0.9997212166894283,1.7168643433083395e-07,180.0
4173.999999999917,453.15,0.9997215594837318,1.7139715174184977e-07,180.0
4175.999999999917,453.15,0.9997219017007078,1.711084880485142e-07,180.0
4177.999999999917,453.15,0.9997222433415911,1.7082044164569264e-07,180.0
4179.999999999916,453.15,0.999722584407613,1.7053301093314983e-07,180.0
4181.999999999916,453.15,0.9997229249000016,1.702461943154475e-07,180.0
4183.999999999916,453.15,0.999723264819982,1.699599902021223e-07,180.0
4185.999999999916,453.15,0.999723604168776,1.6967439700749023e-07,180.0
4187.999999999916,453.15,0.9997239429476024,1.6938941315063798e-07,180.0
4189.999999999916,453.15,0.9997242811576764,1.6910503705560052e-07,180.0
4191.999999999916,453.15,0.9997246188002107,1.6882126715116596e-07,180.0
4193.999999999916,453.15,0.9997249558764144,1.6853810187077374e-07,180.0
4195.999999999915,453.15,0.9997252923874937,1.6825553965269242e-07,180.0
4197.999999999915,453.15,0.9997256283346516,1.6797357893991784e-07,180.0
4199.999999999915,453.15,0.999725963719088,1.676922181802575e-07,180.0
4201.999999999915,453.15,0.9997262985419996,1.67411455826136e-07,180.0
4203.999999999915,453.15,0.9997266328045802,1.6713129033467967e-07,180.0
4205.999999999915,453.15,0.9997269665080205,1.668517201677079e-07,180.0
4207.999999999915,453.15,0.999727299653508,1.6657274379163198e-07,180.0
4209.999999999915,453.15,0.9997276322422274,1.6629435967763229e-07,180.0
4211.9999999999145,453.15,0.99972796427536,1.6601656630137147e-07,180.0
4213.9999999999145,453.15,0.9997282957540843,1.657393621431718e-07,180.0
4215.9999999999145,453.15,0.9997286266795756,1.654627456880993e-07,180.0
4217.9999999999145,453.15,0.9997289570530065,1.6518671542558478e-07,180.0
4219.9999999999145,453.15,0.9997292868755462,1.6491126984969378e-07,180.0
4221.9999999999145,453.15,0.9997296161483611,1.646364074590256e-07,180.0
4223.9999999999145,453.15,0.9997299448726146,1.6436212675679755e-07,180.0
4225.9999999999145,453.15,0.999730273049467,1.640884262506519e-07,180.0
4227.999999999914,453.15,0.9997306006800759,1.6381530445274023e-07,180.0
4229.999999999914,453.15,0.9997309277655957,1.6354275987971526e-07,180.0
4231.999999999914,453.15,0.9997312543071778,1.6327079105263062e-07,180.0
4233.999999999914,453.15,0.9997315803059708,1.6299939649711728e-07,180.0
4235.999999999914,453.15,0.9997319057631202,1.6272857474319104e-07,180.0
4237.999999999914,453.15,0.9997322306797689,1.6245832432524447e-07,180.0
4239.999999999914,453.15,0.9997325550570565,1.621886437820392e-07,180.0
4241.999999999914,453.15,0.9997328788961198,1.619195316568823e-07,180.0
4243.999999999913,453.15,0.9997332021980928,1.6165098649734183e-07,180.0
4245.999999999913,453.15,0.9997335249641065,1.6138300685542324e-07,180.0
4247.999999999913,453.15,0.9997338471952891,1.6111559128737758e-07,180.0
4249.999999999913,453.15,0.9997341688927658,1.6084873835378575e-07,180.0
4251.999999999913,453.15,0.999734490057659,1.6058244661973457e-07,180.0
4253.999999999913,453.15,0.9997348106910884,1.6031671465434938e-07,180.0
4255.999999999913,453.15,0.9997351307941704,1.600515410311542e-07,180.0
4257.999999999913,453.15,0.999735450368019,1.597869243280637e-07,180.0
4259.999999999912,453.15,0.9997357694137453,1.595228631271003e-07,180.0
4261.999999999912,453.15,0.9997360879324574,1.5925935601447842e-07,180.0
4263.999999999912,453.15,0.9997364059252606,1.5899640158078037e-07,180.0
4265.999999999912,453.15,0.9997367233932575,1.587339984207653e-07,180.0
4267.999999999912,453.15,0.9997370403375477,1.5847214513336175e-07,180.0
4269.999999999912,453.15,0.9997373567592284,1.582108403217517e-07,180.0
4271.999999999912,453.15,0.9997376726593935,1.5795008259318013e-07,180.0
4273.999999999912,453.15,0.9997379880391346,1.5768987055913053e-07,180.0
4275.999999999911,453.15,0.9997383028995402,1.5743020283513464e-07,180.0
4277.999999999911,453.15,0.9997386172416963,1.5717107804094795e-07,180.0
4279.999999999911,453.15,0.9997389310666859,1.5691249480035957e-07,180.0
4281.999999999911,453.15,0.9997392443755894,1.566544517413675e-07,180.0
4283.999999999911,453.15,0.9997395571694844,1.5639694749589762e-07,180.0
4285.999999999911,453.15,0.9997398694494458,1.561399807000701e-07,180.0
4287.999999999911,453.15,0.9997401812165458,1.558835499940098e-07,180.0
4289.999999999911,453.15,0.9997404924718539,1.556276540219302e-07,180.0
4291.99999999991,453.15,0.9997408032164368,1.55372291432035e-07,180.0
4293.99999999991,453.15,0.9997411134513585,1.5511746087660223e-07,180.0
4295.99999999991,453.15,0.9997414231776806,1.548631610117949e-07,180.0
4297.99999999991,453.15,0.9997417323964616,1.5460939049783617e-07,180.0
4299.99999999991,453.15,0.9997420411087575,1.5435614799891105e-07,180.0
4301.99999999991,453.15,0.9997423493156219,1.5410343218325046e-07,180.0
4303.99999999991,453.15,0.9997426570181054,1.5385124172285137e-07,180.0
4305.99999999991,453.15,0.999742964217256,1.5359957529374276e-07,180.0
4307.999999999909,453.15,0.9997432709141191,1.5334843157597823e-07,180.0
4309.999999999909,453.15,0.9997435771097376,1.530978092533569e-07,180.0
4311.999999999909,453.15,0.9997438828051516,1.5284770701359812e-07,180.0
4313.999999999909,453.15,0.9997441880013986,1.525981235484252e-07,180.0
4315.999999999909,453.15,0.9997444926995137,1.5234905755328637e-07,180.0
4317.999999999909,453.15,0.9997447969005292,1.521005077275297e-07,180.0
4319.999999999909,453.15,0.9997451006054747,1.5185247277430534e-07,180.0
4321.999999999909,453.15,0.9997454038153776,1.5160495140073994e-07,180.0
4323.999999999908,453.15,0.9997457065312622,1.5135794231756782e-07,180.0
4325.999999999908,453.15,0.9997460087541507,1.5111144423957674e-07,180.0
4327.999999999908,453.15,0.9997463104850625,1.5086545588505843e-07,180.0
4329.999999999908,453.15,0.9997466117250144,1.506199759762542e-07,180.0
4331.999999999908,453.15,0.9997469124750209,1.5037500323916728e-07,180.0
4333.999999999908,453.15,0.9997472127360937,1.5013053640355627e-07,180.0
4335.999999999908,453.15,0.9997475125092421,1.4988657420283838e-07,180.0
4337.999999999908,453.15,0.9997478117954729,1.4964311537417308e-07,180.0
4339.999999999907,453.15,0.9997481105957902,1.494001586584556e-07,180.0
4341.999999999907,453.15,0.9997484089111958,1.4915770280040047e-07,180.0
4343.999999999907,453.15,0.9997487067426889,1.4891574654817448e-07,180.0
4345.999999999907,453.15,0.9997490040912662,1.4867428865375095e-07,180.0
4347.999999999907,453.15,0.9997493009579219,1.4843332787281272e-07,180.0
4349.999999999907,453.15,0.9997495973436479,1.4819286296465608e-07,180.0
4351.999999999907,453.15,0.9997498932494333,1.4795289269209432e-07,180.0
4353.999999999907,453.15,0.999750188676265,1.4771341582172113e-07,180.0
4355.999999999906,453.15,0.9997504836251272,1.474744311237246e-07,180.0
4357.999999999906,453.15,0.999750778097002,1.472359373718806e-07,180.0
4359.999999999906,453.15,0.9997510720928686,1.4699793334345696e-07,180.0
4361.999999999906,453.15,0.9997513656137043,1.467604178194765e-07,180.0
4363.999999999906,453.15,0.9997516586604834,1.4652338958435173e-07,180.0
4365.999999999906,453.15,0.9997519512341783,1.4628684742614785e-07,180.0
4367.999999999906,453.15,0.9997522433357585,1.460507901364867e-07,180.0
4369.999999999906,453.15,0.9997525349661915,1.4581521651045125e-07,180.0
4371.999999999905,453.15,0.9997528261264422,1.4558012534666876e-07,180.0
4373.999999999905,453.15,0.9997531168174731,1.4534551544730486e-07,180.0
4375.999999999905,453.15,0.9997534070402444,1.4511138561796782e-07,180.0
4377.999999999905,453.15,0.9997536967957137,1.4487773466779193e-07,180.0
4379.999999999905,453.15,0.9997539860848365,1.446445614094315e-07,180.0
4381.999999999905,453.15,0.9997542749085657,1.4441186465887595e-07,180.0
4383.999999999905,453.15,0.9997545632678522,1.441796432356227e-07,180.0
4385.999999999905,453.15,0.999754851163644,1.439478959625817e-07,180.0
4387.9999999999045,453.15,0.9997551385968874,1.4371662166615885e-07,180.0
4389.9999999999045,453.15,0.9997554255685257,1.434858191760715e-07,180.0
4391.9999999999045,453.15,0.9997557120795003,1.4325548732552097e-07,180.0
4393.9999999999045,453.15,0.9997559981307502,1.4302562495109747e-07,180.0
4395.9999999999045,453.15,0.999756283723212,1.4279623089268505e-07,180.0
4397.9999999999045,453.15,0.99975656885782,1.4256730399363407e-07,180.0
4399.9999999999045,453.15,0.9997568535355063,1.4233884310057717e-07,180.0
4401.9999999999045,453.15,0.9997571377572004,1.4211084706360145e-07,180.0
4403.999999999904,453.15,0.99975742152383,1.4188331473597576e-07,180.0
4405.999999999904,453.15,0.9997577048363199,1.416562449744119e-07,180.0
4407.999999999904,453.15,0.9997579876955931,1.4142963663896967e-07,180.0
4409.999999999904,453.15,0.9997582701025702,1.4120348859287366e-07,180.0
4411.999999999904,453.15,0.9997585520581697,1.4097779970268524e-07,180.0
4413.999999999904,453.15,0.9997588335633073,1.4075256883820807e-07,180.0
4415.999999999904,453.15,0.999759114618897,1.4052779487265982e-07,180.0
4417.999999999904,453.15,0.9997593952258503,1.4030347668240036e-07,180.0
4419.999999999903,453.15,0.9997596753850766,1.4007961314701506e-07,180.0
4421.999999999903,453.15,0.9997599550974829,1.3985620314939769e-07,180.0
4423.999999999903,453.15,0.9997602343639741,1.3963324557556768e-07,180.0
4425.999999999903,453.15,0.9997605131854528,1.3941073931493022e-07,180.0
4427.999999999903,453.15,0.9997607915628193,1.3918868325991654e-07,180.0
4429.999999999903,453.15,0.9997610694969719,1.3896707630633247e-07,180.0
4431.999999999903,453.15,0.9997613469888066,1.3874591735299908e-07,180.0
4433.999999999903,453.15,0.9997616240392172,1.385252053019242e-07,180.0
4435.999999999902,453.15,0.9997619006490953,1.383049390583853e-07,180.0
4437.999999999902,453.15,0.9997621768193303,1.3808511753074707e-07,180.0
4439.999999999902,453.15,0.9997624525508096,1.378657396305447e-07,180.0
4441.999999999902,453.15,0.9997627278444182,1.3764680427230187e-07,180.0
4443.999999999902,453.15,0.999763002701039,1.3742831037387824e-07,180.0
4445.999999999902,453.15,0.9997632771215528,1.3721025685611134e-07,180.0
4447.999999999902,453.15,0.999763551106838,1.369926426429875e-07,180.0
4449.999999999902,453.15,0.9997638246577714,1.367754666616365e-07,180.0
4451.999999999901,453.15,0.999764097775227,1.365587278420623e-07,180.0
4453.999999999901,453.15,0.9997643704600773,1.363424251175778e-07,180.0
4455.999999999901,453.15,0.9997646427131921,1.361265574243596e-07,180.0
4457.999999999901,453.15,0.9997649145354395,1.3591112370179464e-07,180.0
4459.999999999901,453.15,0.9997651859276853,1.356961228922111e-07,180.0
4461.999999999901,453.15,0.9997654568907931,1.3548155394096137e-07,180.0
4463.999999999901,453.15,0.9997657274256248,1.3526741579650443e-07,180.0
4465.999999999901,453.15,0.9997659975330395,1.350537074101375e-07,180.0
4467.9999999999,453.15,0.9997662672138949,1.3484042773642955e-07,180.0
4469.9999999999,453.15,0.9997665364690465,1.3462757573268996e-07,180.0
4471.9999999999,453.15,0.9997668052993471,1.3441515035922645e-07,180.0
4473.9999999999,453.15,0.9997670737056483,1.342031505795154e-07,180.0
4475.9999999999,453.15,0.999767341688799,1.3399157535975844e-07,180.0
4477.9999999999,453.15,0.9997676092496464,1.3378042366931558e-07,180.0
4479.9999999999,453.15,0.9997678763890353,1.3356969448026247e-07,180.0
4481.9999999999,453.15,0.9997681431078088,1.333593867678227e-07,180.0
4483.999999999899,453.15,0.9997684094068079,1.3314949951001318e-07,180.0
4485.999999999899,453.15,0.9997686752868713,1.3294003168772657e-07,180.0
4487.999999999899,453.15,0.9997689407488358,1.3273098228490092e-07,180.0
4489.999999999899,453.15,0.9997692057935365,1.3252235028834029e-07,180.0
4491.999999999899,453.15,0.9997694704218059,1.3231413468753501e-07,180.0
4493.999999999899,453.15,0.9997697346344748,1.321063344750934e-07,180.0
4495.999999999899,453.15,0.9997699984323721,1.3189894864638766e-07,180.0
4497.999999999899,453.15,0.9997702618163246,1.3169197619963643e-07,180.0
4499.999999999898,453.15,0.9997705247871568,1.3148541613589986e-07,180.0
4501.999999999898,453.15,0.9997707873456917,1.3127926745916188e-07,180.0
4503.999999999898,453.15,0.9997710494927501,1.3107352917606425e-07,180.0
4505.999999999898,453.15,0.9997713112291506,1.3086820029616297e-07,180.0
4507.999999999898,453.15,0.9997715725557103,1.3066327983192327e-07,180.0
4509.999999999898,453.15,0.9997718334732438,1.3045876679845403e-07,180.0
4511.999999999898,453.15,0.9997720939825643,1.3025466021367715e-07,180.0
4513.999999999898,453.15,0.9997723540844825,1.300509590983226e-07,180.0
4515.999999999897,453.15,0.9997726137798074,1.2984766247592378e-07,180.0
4517.999999999897,453.15,0.9997728730693461,1.2964476937281277e-07,180.0
4519.999999999897,453.15,0.9997731319539038,1.2944227881794216e-07,180.0
4521.999999999897,453.15,0.9997733904342835,1.2924018984305407e-07,180.0
4523.999999999897,453.15,0.9997736485112865,1.2903850148276189e-07,180.0
4525.999999999897,453.15,0.999773906185712,1.288372127741992e-07,180.0
4527.999999999897,453.15,0.9997741634583576,1.2863632275736177e-07,180.0
4529.999999999897,453.15,0.9997744203300185,1.284358304749295e-07,180.0
4531.999999999896,453.15,0.9997746768014885,1.2823573497226221e-07,180.0
4533.999999999896,453.15,0.999774932873559,1.280360352973948e-07,180.0
4535.999999999896,453.15,0.99977518854702,1.2783673050111936e-07,180.0
4537.999999999896,453.15,0.9997754438226593,1.2763781963680776e-07,180.0
4539.999999999896,453.15,0.9997756987012628,1.274393017604936e-07,180.0
4541.999999999896,453.15,0.9997759531836147,1.2724117593095405e-07,180.0
4543.999999999896,453.15,0.9997762072704971,1.2704344120961902e-07,180.0
4545.999999999896,453.15,0.9997764609626905,1.2684609666048037e-07,180.0
4547.999999999895,453.15,0.9997767142609731,1.2664914135017398e-07,180.0
4549.999999999895,453.15,0.9997769671661219,1.2645257434806118e-07,180.0
4551.999999999895,453.15,0.9997772196789113,1.2625639472596617e-07,180.0
4553.999999999895,453.15,0.9997774718001144,1.260606015584299e-07,180.0
4555.999999999895,453.15,0.9997777235305023,1.2586519392253342e-07,180.0
4557.999999999895,453.15,0.9997779748708441,1.256701708979798e-07,180.0
4559.999999999895,453.15,0.9997782258219072,1.254755315670896e-07,180.0
4561.999999999895,453.15,0.9997784763844573,1.252812750146246e-07,180.0
4563.9999999998945,453.15,0.9997787265592579,1.2508740032804158e-07,180.0
4565.9999999998945,453.15,0.9997789763470711,1.248939065973159e-07,180.0
4567.9999999998945,453.15,0.999779225748657,1.2470079291493737e-07,180.0
4569.9999999998945,453.15,0.9997794747647737,1.2450805837599185e-07,180.0
4571.9999999998945,453.15,0.9997797233961778,1.243157020780711e-07,180.0
4573.9999999998945,453.15,0.9997799716436241,1.2412372312126863e-07,180.0
4575.9999999998945,453.15,0.9997802195078653,1.2393212060817562e-07,180.0
4577.9999999998945,453.15,0.9997804669896526,1.237408936439622e-07,180.0
4579.999999999894,453.15,0.9997807140897352,1.2355004133628773e-07,180.0
4581.999999999894,453.15,0.9997809608088608,1.2335956279529643e-07,180.0
4583.999999999894,453.15,0.9997812071477751,1.2316945713352797e-07,180.0
4585.999999999894,453.15,0.999781453107222,1.2297972346608428e-07,180.0
4587.999999999894,453.15,0.9997816986879439,1.2279036091053994e-07,180.0
4589.999999999894,453.15,0.9997819438906811,1.2260136858685247e-07,180.0
4591.999999999894,453.15,0.9997821887161723,1.224127456175294e-07,180.0
4593.999999999894,453.15,0.9997824331651546,1.2222449112753844e-07,180.0
4595.999999999893,453.15,0.9997826772383631,1.2203660424413286e-07,180.0
4597.999999999893,453.15,0.9997829209365313,1.2184908409710352e-07,180.0
4599.999999999893,453.15,0.9997831642603909,1.2166192981868945e-07,180.0
4601.999999999893,453.15,0.999783407210672,1.2147514054348845e-07,180.0
4603.999999999893,453.15,0.9997836497881029,1.2128871540845336e-07,180.0
4605.999999999893,453.15,0.99978389199341,1.2110265355305826e-07,180.0
4607.999999999893,453.15,0.9997841338273182,1.2091695411903911e-07,180.0
4609.999999999893,453.15,0.9997843752905508,1.2073161625064508e-07,180.0
4611.999999999892,453.15,0.999784616383829,1.205466390943794e-07,180.0
4613.999999999892,453.15,0.9997848571078726,1.2036202179916555e-07,180.0
4615.999999999892,453.15,0.9997850974633996,1.2017776351634326e-07,180.0
4617.999999999892,453.15,0.9997853374511264,1.1999386339949474e-07,180.0
4619.999999999892,453.15,0.9997855770717676,1.198103206046106e-07,180.0
4621.999999999892,453.15,0.9997858163260362,1.1962713429000113e-07,180.0
4623.999999999892,453.15,0.9997860552146435,1.1944430361629247e-07,180.0
4625.999999999892,453.15,0.999786293738299,1.1926182774650745e-07,180.0
4627.999999999891,453.15,0.9997865318977106,1.1907970584589232e-07,180.0
4629.999999999891,453.15,0.9997867696935848,1.1889793708208226e-07,180.0
4631.999999999891,453.15,0.999787007126626,1.1871652062484367e-07,180.0
4633.999999999891,453.15,0.9997872441975374,1.1853545564649369e-07,180.0
4635.999999999891,453.15,0.9997874809070201,1.1835474132138839e-07,180.0
4637.999999999891,453.15,0.9997877172557738,1.1817437682634233e-07,180.0
4639.999999999891,453.15,0.9997879532444964,1.1799436134037078e-07,180.0
4641.999999999891,453.15,0.9997881888738845,1.1781469404477071e-07,180.0
4643.99999999989,453.15,0.9997884241446328,1.1763537412303252e-07,180.0
4645.99999999989,453.15,0.9997886590574343,1.1745640076100527e-07,180.0
4647.99999999989,453.15,0.9997888936129806,1.1727777314663962e-07,180.0
4649.99999999989,453.15,0.9997891278119616,1.1709949047023755e-07,180.0
4651.99999999989,453.15,0.9997893616550655,1.1692155192427972e-07,180.0
4653.99999999989,453.15,0.9997895951429789,1.1674395670350625e-07,180.0
4655.99999999989,453.15,0.999789828276387,1.1656670400482871e-07,180.0
4657.99999999989,453.15,0.999790061055973,1.163897930274108e-07,180.0
4659.999999999889,453.15,0.999790293482419,1.1621322297258051e-07,180.0
4661.999999999889,453.15,0.9997905255564051,1.1603699304382641e-07,180.0
4663.999999999889,453.15,0.99979075727861,1.158611024468785e-07,180.0
4665.999999999889,453.15,0.9997909886497108,1.1568555038970431e-07,180.0
4667.999999999889,453.15,0.999791219670383,1.155103360822531e-07,180.0
4669.999999999889,453.15,0.9997914503413005,1.1533545873687285e-07,180.0
4671.999999999889,453.15,0.9997916806631356,1.1516091756788618e-07,180.0
4673.999999999889,453.15,0.9997919106365593,1.1498671179183931e-07,180.0
4675.999999999888,453.15,0.9997921402622405,1.148128406274141e-07,180.0
4677.999999999888,453.15,0.999792369540847,1.1463930329550876e-07,180.0
4679.999999999888,453.15,0.9997925984730451,1.1446609901906641e-07,180.0
4681.999999999888,453.15,0.9997928270594992,1.142932270230717e-07,180.0
4683.999999999888,453.15,0.9997930553008723,1.1412068653479891e-07,180.0
4685.999999999888,453.15,0.9997932831978258,1.1394847678364066e-07,180.0
4687.999999999888,453.15,0.9997935107510197,1.13776597000937e-07,180.0
4689.999999999888,453.15,0.9997937379611126,1.1360504642022337e-07,180.0
4691.999999999887,453.15,0.9997939648287612,1.1343382427705961e-07,180.0
4693.999999999887,453.15,0.9997941913546208,1.1326292980919409e-07,180.0
4695.999999999887,453.15,0.9997944175393453,1.1309236225639266e-07,180.0
4697.999999999887,453.15,0.999794643383587,1.1292212086051928e-07,180.0
4699.999999999887,453.15,0.9997948688879967,1.1275220486544874e-07,180.0
4701.999999999887,453.15,0.9997950940532238,1.1258261351723066e-07,180.0
4703.999999999887,453.15,0.9997953188799159,1.124133460638354e-07,180.0
4705.999999999887,453.15,0.9997955433687195,1.1224440175531782e-07,180.0
4707.999999999886,453.15,0.9997957675202791,1.1207577984381399e-07,180.0
4709.999999999886,453.15,0.9997959913352382,1.1190747958353769e-07,180.0
4711.999999999886,453.15,0.9997962148142386,1.117395002306104e-07,180.0
4713.999999999886,453.15,0.9997964379579207,1.115718410432249e-07,180.0
4715.999999999886,453.15,0.9997966607669233,1.1140450128155856e-07,180.0
4717.999999999886,453.15,0.9997968832418838,1.112374802078533e-07,180.0
4719.999999999886,453.15,0.9997971053834379,1.1107077708632921e-07,180.0
4721.999999999886,453.15,0.9997973271922203,1.1090439118326435e-07,180.0
4723.999999999885,453.15,0.9997975486688638,1.1073832176682522e-07,180.0
4725.999999999885,453.15,0.999797769814,1.1057256810714684e-07,180.0
4727.999999999885,453.15,0.999797990628259,1.1040712947649564e-07,180.0
4729.999999999885,453.15,0.9997982111122693,1.1024200514893389e-07,180.0
4731.999999999885,453.15,0.9997984312666581,1.1007719440064884e-07,180.0
4733.999999999885,453.15,0.9997986510920511,1.0991269650961734e-07,180.0
4735.999999999885,453.15,0.9997988705890727,1.0974851075593479e-07,180.0
4737.999999999885,453.15,0.9997990897583455,1.0958463642148002e-07,180.0
4739.9999999998845,453.15,0.9997993086004912,1.0942107279024391e-07,180.0
4741.9999999998845,453.15,0.9997995271161294,1.0925781914799471e-07,180.0
4743.9999999998845,453.15,0.999799745305879,1.0909487478260625e-07,180.0
4745.9999999998845,453.15,0.999799963170357,1.0893223898364087e-07,180.0
4747.9999999998845,453.15,0.9998001807101791,1.0876991104276023e-07,180.0
4749.9999999998845,453.15,0.9998003979259595,1.0860789025355659e-07,180.0
4751.9999999998845,453.15,0.9998006148183114,1.0844617591138433e-07,180.0
4753.9999999998845,453.15,0.999800831387846,1.0828476731352248e-07,180.0
4755.999999999884,453.15,0.9998010476351735,1.0812366375925411e-07,180.0
4757.999999999884,453.15,0.9998012635609026,1.0796286454969804e-07,180.0
4759.999999999884,453.15,0.9998014791656405,1.0780236898780584e-07,180.0
4761.999999999884,453.15,0.9998016944499933,1.0764217637844144e-07,180.0
4763.999999999884,453.15,0.9998019094145654,1.0748228602829559e-07,180.0
4765.999999999884,453.15,0.9998021240599598,1.0732269724604769e-07,180.0
4767.999999999884,453.15,0.9998023383867786,1.0716340934211557e-07,180.0
4769.999999999884,453.15,0.9998025523956218,1.0700442162873492e-07,180.0
4771.999999999883,453.15,0.9998027660870886,1.0684573342020346e-07,180.0
4773.999999999883,453.15,0.9998029794617767,1.0668734403238379e-07,180.0
4775.999999999883,453.15,0.9998031925202823,1.0652925278319452e-07,180.0
4777.999999999883,453.15,0.9998034052632002,1.063714589921958e-07,180.0
4779.999999999883,453.15,0.9998036176911241,1.0621396198099764e-07,180.0
4781.999999999883,453.15,0.9998038298046463,1.0605676107284587e-07,180.0
4783.999999999883,453.15,0.9998040416043575,1.0589985559278374e-07,180.0
4785.999999999883,453.15,0.9998042530908473,1.0574324486781335e-07,180.0
4787.999999999882,453.15,0.9998044642647037,1.0558692822664608e-07,180.0
4789.999999999882,453.15,0.9998046751265137,1.0543090499986421e-07,180.0
4791.999999999882,453.15,0.9998048856768628,1.0527517451967175e-07,180.0
4793.999999999882,453.15,0.999805095916335,1.0511973612021977e-07,180.0
4795.999999999882,453.15,0.9998053058455133,1.0496458913735751e-07,180.0
4797.999999999882,453.15,0.9998055154649791,1.0480973290879347e-07,180.0
4799.999999999882,453.15,0.9998057247753126,1.0465516677392862e-07,180.0
4801.999999999882,453.15,0.9998059337770927,1.0450089007393567e-07,180.0
4803.999999999881,453.15,0.999806142470897,1.0434690215175616e-07,180.0
4805.999999999881,453.15,0.9998063508573017,1.0419320235201598e-07,180.0
4807.999999999881,453.15,0.9998065589368818,1.0403979002126774e-07,180.0
4809.999999999881,453.15,0.9998067667102107,1.03886664507661e-07,180.0
4811.999999999881,453.15,0.999806974177861,1.0373382516110297e-07,180.0
4813.999999999881,453.15,0.9998071813404037,1.0358127133325591e-07,180.0
4815.999999999881,453.15,0.9998073881984084,1.0342900237745253e-07,180.0
4817.999999999881,453.15,0.9998075947524437,1.0327701764885658e-07,180.0
4819.99999999988,453.15,0.9998078010030768,1.0312531650421529e-07,180.0
4821.99999999988,453.15,0.9998080069508734,1.0297389830210144e-07,180.0
4823.99999999988,453.15,0.9998082125963982,1.028227624027474e-07,180.0
4825.99999999988,453.15,0.9998084179402145,1.0267190816804258e-07,180.0
4827.99999999988,453.15,0.9998086229828844,1.0252133496169364e-07,180.0
4829.99999999988,453.15,0.9998088277249687,1.0237104214889601e-07,180.0
4831.99999999988,453.15,0.9998090321670269,1.0222102909673836e-07,180.0
4833.99999999988,453.15,0.9998092363096173,1.0207129517387424e-07,180.0
4835.999999999879,453.15,0.9998094401532968,1.0192183975060099e-07,180.0
4837.999999999879,453.15,0.9998096436986211,1.0177266219901961e-07,180.0
4839.999999999879,453.15,0.9998098469461449,1.0162376189278818e-07,180.0
4841.999999999879,453.15,0.9998100498964213,1.0147513820720064e-07,180.0
4843.999999999879,453.15,0.9998102525500023,1.0132679051934651e-07,180.0
4845.999999999879,453.15,0.9998104549074387,1.0117871820778363e-07,180.0
4847.999999999879,453.15,0.99981065696928,1.0103092065286005e-07,180.0
4849.999999999879,453.15,0.9998108587360744,1.0088339723646812e-07,180.0
4851.999999999878,453.15,0.9998110602083692,1.0073614734212317e-07,180.0
4853.999999999878,453.15,0.99981126138671,1.0058917035504174e-07,180.0
4855.999999999878,453.15,0.9998114622716413,1.004424656620581e-07,180.0
4857.999999999878,453.15,0.9998116628637066,1.0029603265162166e-07,180.0
4859.999999999878,453.15,0.9998118631634481,1.0014987071379428e-07,180.0
4861.999999999878,453.15,0.9998120631714066,1.0000397924016713e-07,180.0
4863.999999999878,453.15,0.9998122628881219,9.985835762401975e-08,180.0
4865.999999999878,453.15,0.9998124623141323,9.971300526023664e-08,180.0
4867.999999999877,453.15,0.9998126614499754,9.956792154530478e-08,180.0
4869.999999999877,453.15,0.9998128602961871,9.942310587723031e-08,180.0
4871.999999999877,453.15,0.9998130588533024,9.927855765561683e-08,180.0
4873.999999999877,453.15,0.999813257121855,9.913427628166311e-08,180.0
4875.999999999877,453.15,0.9998134551023773,9.89902611581602e-08,180.0
4877.999999999877,453.15,0.9998136527954007,9.884651168948926e-08,180.0
4879.999999999877,453.15,0.9998138502014553,9.870302728153836e-08,180.0
4881.999999999877,453.15,0.9998140473210699,9.85598073417806e-08,180.0
4883.999999999876,453.15,0.9998142441547725,9.841685127935232e-08,180.0
4885.999999999876,453.15,0.9998144407030894,9.82741585047283e-08,180.0
4887.999999999876,453.15,0.9998146369665463,9.813172843012215e-08,180.0
4889.999999999876,453.15,0.9998148329456672,9.798956046916185e-08,180.0
4891.999999999876,453.15,0.9998150286409753,9.784765403704821e-08,180.0
4893.999999999876,453.15,0.9998152240529924,9.770600855055251e-08,180.0
4895.999999999876,453.15,0.9998154191822393,9.756462342793376e-08,180.0
4897.999999999876,453.15,0.9998156140292355,9.742349808901651e-08,180.0
4899.999999999875,453.15,0.9998158085944994,9.728263195510825e-08,180.0
4901.999999999875,453.15,0.9998160028785482,9.71420244490773e-08,180.0
4903.999999999875,453.15,0.9998161968818982,9.700167499527015e-08,180.0
4905.999999999875,453.15,0.9998163906050642,9.68615830195092e-08,180.0
4907.999999999875,453.15,0.9998165840485601,9.672174794909046e-08,180.0
4909.999999999875,453.15,0.9998167772128985,9.658216921294136e-08,180.0
4911.999999999875,453.15,0.999816970098591,9.644284624137808e-08,180.0
4913.999999999875,453.15,0.999817162706148,9.630377846618346e-08,180.0
4915.9999999998745,453.15,0.9998173550360786,9.616496532076458e-08,180.0
4917.9999999998745,453.15,0.999817547088891,9.602640623983049e-08,180.0
4919.9999999998745,453.15,0.9998177388650924,9.588810065970981e-08,180.0
4921.9999999998745,453.15,0.9998179303651884,9.575004801802871e-08,180.0
4923.9999999998745,453.15,0.9998181215896839,9.561224775410817e-08,180.0
4925.9999999998745,453.15,0.9998183125390825,9.547469930856217e-08,180.0
4927.9999999998745,453.15,0.9998185032138868,9.533740212345527e-08,180.0
4929.9999999998745,453.15,0.9998186936145981,9.520035564238017e-08,180.0
4931.999999999874,453.15,0.9998188837417167,9.506355931037561e-08,180.0
4933.999999999874,453.15,0.9998190735957418,9.492701257392403e-08,180.0
4935.999999999874,453.15,0.9998192631771716,9.47907148808697e-08,180.0
4937.999999999874,453.15,0.999819452486503,9.465466568057596e-08,180.0
4939.999999999874,453.15,0.9998196415242318,9.451886442384315e-08,180.0
4941.999999999874,453.15,0.9998198302908529,9.438331056282682e-08,180.0
4943.999999999874,453.15,0.99982001878686,9.424800355111525e-08,180.0
4945.999999999874,453.15,0.9998202070127457,9.411294284372714e-08,180.0
4947.999999999873,453.15,0.9998203949690014,9.397812789718899e-08,180.0
4949.999999999873,453.15,0.9998205826561177,9.384355816929424e-08,180.0
4951.999999999873,453.15,0.9998207700745839,9.370923311933971e-08,180.0
4953.999999999873,453.15,0.9998209572248883,9.357515220796444e-08,180.0
4955.999999999873,453.15,0.9998211441075181,9.344131489722698e-08,180.0
4957.999999999873,453.15,0.9998213307229594,9.330772065052385e-08,180.0
4959.999999999873,453.15,0.9998215170716973,9.317436893274614e-08,180.0
4961.999999999873,453.15,0.9998217031542157,9.304125921011857e-08,180.0
4963.999999999872,453.15,0.9998218889709976,9.290839095027673e-08,180.0
4965.999999999872,453.15,0.9998220745225248,9.277576362218563e-08,180.0
4967.999999999872,453.15,0.9998222598092782,9.264337669613767e-08,180.0
4969.999999999872,453.15,0.9998224448317374,9.2511229643909e-08,180.0
4971.999999999872,453.15,0.9998226295903813,9.237932193859883e-08,180.0
4973.999999999872,453.15,0.9998228140856874,9.224765305462746e-08,180.0
4975.999999999872,453.15,0.9998229983181324,9.211622246773425e-08,180.0
4977.999999999872,453.15,0.9998231822881917,9.19850296551337e-08,180.0
4979.999999999871,453.15,0.9998233659963398,9.185407409535505e-08,180.0
4981.999999999871,453.15,0.9998235494430503,9.172335526824038e-08,180.0
4983.999999999871,453.15,0.9998237326287956,9.159287265494246e-08,180.0
4985.999999999871,453.15,0.9998239155540471,9.146262573792288e-08,180.0
4987.999999999871,453.15,0.9998240982192752,9.133261400110772e-08,180.0
4989.999999999871,453.15,0.9998242806249491,9.120283692964877e-08,180.0
4991.999999999871,453.15,0.9998244627715371,9.107329401007923e-08,180.0
4993.999999999871,453.15,0.9998246446595066,9.094398473023289e-08,180.0
4995.99999999987,453.15,0.9998248262893238,9.081490857924205e-08,180.0
4997.99999999987,453.15,0.9998250076614539,9.068606504753556e-08,180.0
4999.99999999987,453.15,0.9998251887763612,9.055745362691558e-08,180.0
5001.99999999987,453.15,0.9998253696345087,9.042907381039804e-08,180.0
5003.99999999987,453.15,0.9998255502363589,9.030092509244682e-08,180.0
5005.99999999987,453.15,0.9998257305823728,9.017300696865692e-08,180.0
5007.99999999987,453.15,0.9998259106730106,9.004531893598862e-08,180.0
5009.99999999987,453.15,0.9998260905087316,8.991786049268682e-08,180.0
5011.999999999869,453.15,0.9998262700899939,8.979063113827899e-08,180.0
5013.999999999869,453.15,0.9998264494172546,8.966363037357329e-08,180.0
5015.999999999869,453.15,0.99982662849097,8.953685770073507e-08,180.0
5017.999999999869,453.15,0.9998268073115952,8.941031262304939e-08,180.0
5019.999999999869,453.15,0.9998269858795845,8.928399464523309e-08,180.0
5021.999999999869,453.15,0.9998271641953911,8.915790327311896e-08,180.0
5023.999999999869,453.15,0.9998273422594671,8.903203801388917e-08,180.0
5025.999999999869,453.15,0.9998275200722638,8.890639837599483e-08,180.0
5027.999999999868,453.15,0.9998276976342315,8.878098386915411e-08,180.0
5029.999999999868,453.15,0.9998278749458195,8.865579400427196e-08,180.0
5031.999999999868,453.15,0.999828052007476,8.853082829351666e-08,180.0
5033.999999999868,453.15,0.9998282288196485,8.840608625031778e-08,180.0
5035.999999999868,453.15,0.9998284053827833,8.82815673893643e-08,180.0
5037.999999999868,453.15,0.9998285816973257,8.81572712265246e-08,180.0
5039.999999999868,453.15,0.9998287577637203,8.803319727900081e-08,180.0
5041.999999999868,453.15,0.9998289335824104,8.790934506509258e-08,180.0
5043.999999999867,453.15,0.9998291091538386,8.778571410442952e-08,180.0
5045.999999999867,453.15,0.9998292844784464,8.766230391789125e-08,180.0
5047.999999999867,453.15,0.9998294595566745,8.75391140274494e-08,180.0
5049.999999999867,453.15,0.9998296343889623,8.741614395639992e-08,180.0
5051.999999999867,453.15,0.9998298089757488,8.729339322920517e-08,180.0
5053.999999999867,453.15,0.9998299833174715,8.717086137149215e-08,180.0
5055.999999999867,453.15,0.9998301574145674,8.704854791020652e-08,180.0
5057.999999999867,453.15,0.9998303312674721,8.6926452373377e-08,180.0
5059.999999999866,453.15,0.9998305048766207,8.680457429034723e-08,180.0
5061.999999999866,453.15,0.9998306782424471,8.668291319154037e-08,180.0
5063.999999999866,453.15,0.9998308513653843,8.65614686086908e-08,180.0
5065.999999999866,453.15,0.9998310242458645,8.644024007460884e-08,180.0
5067.999999999866,453.15,0.9998311968843187,8.631922712333468e-08,180.0
5069.999999999866,453.15,0.9998313692811772,8.619842929013635e-08,180.0
5071.999999999866,453.15,0.9998315414368695,8.607784611135272e-08,180.0
5073.999999999866,453.15,0.9998317133518237,8.5957477124547e-08,180.0
5075.999999999865,453.15,0.9998318850264675,8.583732186850498e-08,180.0
5077.999999999865,453.15,0.9998320564612272,8.571737988315554e-08,180.0
5079.999999999865,453.15,0.9998322276565286,8.559765070956896e-08,180.0
5081.999999999865,453.15,0.9998323986127964,8.547813388995523e-08,180.0
5083.999999999865,453.15,0.9998325693304543,8.535882896766229e-08,180.0
5085.999999999865,453.15,0.9998327398099253,8.52397354873292e-08,180.0
5087.999999999865,453.15,0.9998329100516312,8.512085299457458e-08,180.0
5089.999999999865,453.15,0.9998330800559933,8.500218103630458e-08,180.0
5091.9999999998645,453.15,0.9998332498234316,8.488371916047899e-08,180.0
5093.9999999998645,453.15,0.9998334193543654,8.476546691618688e-08,180.0
5095.9999999998645,453.15,0.9998335886492131,8.464742385372225e-08,180.0
5097.9999999998645,453.15,0.9998337577083922,8.452958952450496e-08,180.0
5099.9999999998645,453.15,0.9998339265323192,8.441196348100175e-08,180.0
5101.9999999998645,453.15,0.9998340951214097,8.429454527695633e-08,180.0
5103.9999999998645,453.15,0.9998342634760787,8.417733446707868e-08,180.0
5105.9999999998645,453.15,0.9998344315967399,8.406033060727517e-08,180.0
5107.999999999864,453.15,0.9998345994838064,8.394353325464664e-08,180.0
5109.999999999864,453.15,0.9998347671376903,8.382694196725535e-08,180.0
5111.999999999864,453.15,0.9998349345588029,8.37105563043548e-08,180.0
5113.999999999864,453.15,0.9998351017475545,8.359437582623383e-08,180.0
5115.999999999864,453.15,0.9998352687043547,8.347840009444608e-08,180.0
5117.999999999864,453.15,0.9998354354296121,8.336262867150013e-08,180.0
5119.999999999864,453.15,0.9998356019237343,8.324706112101212e-08,180.0
5121.999999999864,453.15,0.9998357681871284,8.313169700778084e-08,180.0
5123.999999999863,453.15,0.9998359342202002,8.301653589763228e-08,180.0
5125.999999999863,453.15,0.999836100023355,8.290157735749487e-08,180.0
5127.999999999863,453.15,0.9998362655969969,8.278682095539797e-08,180.0
5129.999999999863,453.15,0.9998364309415294,8.267226626047006e-08,180.0
5131.999999999863,453.15,0.9998365960573551,8.255791284286037e-08,180.0
5133.999999999863,453.15,0.9998367609448756,8.244376027381424e-08,180.0
5135.999999999863,453.15,0.9998369256044919,8.232980812567125e-08,180.0
5137.999999999863,453.15,0.9998370900366038,8.221605597178708e-08,180.0
5139.999999999862,453.15,0.9998372542416106,8.210250338668523e-08,180.0
5141.999999999862,453.15,0.9998374182199106,8.198914994582538e-08,180.0
5143.999999999862,453.15,0.999837581971901,8.187599522583185e-08,180.0
5145.999999999862,453.15,0.9998377454979785,8.176303880441526e-08,180.0
5147.999999999862,453.15,0.9998379087985391,8.165028026021776e-08,180.0
5149.999999999862,453.15,0.9998380718739774,8.153771917296476e-08,180.0
5151.999999999862,453.15,0.9998382347246877,8.142535512346334e-08,180.0
5153.999999999862,453.15,0.9998383973510631,8.131318769360052e-08,180.0
5155.999999999861,453.15,0.999838559753496,8.120121646626533e-08,180.0
5157.999999999861,453.15,0.9998387219323781,8.108944102534723e-08,180.0
5159.999999999861,453.15,0.9998388838881,8.097786095581106e-08,180.0
5161.999999999861,453.15,0.9998390456210517,8.086647584369546e-08,180.0
5163.999999999861,453.15,0.9998392071316223,8.075528527603487e-08,180.0
5165.999999999861,453.15,0.9998393684202,8.064428884085811e-08,180.0
5167.999999999861,453.15,0.9998395294871723,8.053348612726315e-08,180.0
5169.999999999861,453.15,0.9998396903329257,8.042287672541552e-08,180.0
5171.99999999986,453.15,0.9998398509578462,8.031246022631811e-08,180.0
5173.99999999986,453.15,0.9998400113623187,8.020223622219083e-08,180.0
5175.99999999986,453.15,0.9998401715467273,8.009220430616417e-08,180.0
5177.99999999986,453.15,0.9998403315114555,7.998236407243016e-08,180.0
5179.99999999986,453.15,0.9998404912568857,7.987271511616461e-08,180.0
5181.99999999986,453.15,0.9998406507833998,7.976325703352571e-08,180.0
5183.99999999986,453.15,0.9998408100913786,7.965398942165256e-08,180.0
5185.99999999986,453.15,0.9998409691812024,7.95449118788158e-08,180.0
5187.999999999859,453.15,0.9998411280532503,7.943602400411186e-08,180.0
5189.999999999859,453.15,0.9998412867079011,7.93273253977657e-08,180.0
5191.999999999859,453.15,0.9998414451455324,7.92188156609013e-08,180.0
5193.999999999859,453.15,0.9998416033665212,7.911049439561623e-08,180.0
5195.999999999859,453.15,0.9998417613712436,7.900236120513196e-08,180.0
5197.999999999859,453.15,0.9998419191600749,7.889441569348882e-08,180.0
5199.999999999859,453.15,0.9998420767333899,7.878665746584806e-08,180.0
5201.999999999859,453.15,0.9998422340915621,7.867908612818705e-08,180.0
5203.999999999858,453.15,0.9998423912349648,7.857170128760109e-08,180.0
5205.999999999858,453.15,0.9998425481639699,7.846450255207461e-08,180.0
5207.999999999858,453.15,0.999842704878949,7.835748953063122e-08,180.0
5209.999999999858,453.15,0.9998428613802727,7.825066183318083e-08,180.0
5211.999999999858,453.15,0.9998430176683109,7.814401907066968e-08,180.0
5213.999999999858,453.15,0.9998431737434326,7.803756085492753e-08,180.0
5215.999999999858,453.15,0.9998433296060062,7.793128679881757e-08,180.0
5217.999999999858,453.15,0.9998434852563992,7.782519651608373e-08,180.0
5219.999999999857,453.15,0.9998436406949784,7.771928962150056e-08,180.0
5221.999999999857,453.15,0.9998437959221099,7.761356573072055e-08,180.0
5223.999999999857,453.15,0.9998439509381588,7.750802446034841e-08,180.0
5225.999999999857,453.15,0.9998441057434897,7.740266542801514e-08,180.0
5227.999999999857,453.15,0.9998442603384662,7.72974882521502e-08,180.0
5229.999999999857,453.15,0.9998444147234513,7.719249255228194e-08,180.0
5231.999999999857,453.15,0.9998445688988072,7.708767794873449e-08,180.0
5233.999999999857,453.15,0.9998447228648953,7.698304406285269e-08,180.0
5235.999999999856,453.15,0.9998448766220763,7.687859051692515e-08,180.0
5237.999999999856,453.15,0.9998450301707102,7.677431693410774e-08,180.0
5239.999999999856,453.15,0.9998451835111561,7.667022293842213e-08,180.0
5241.999999999856,453.15,0.9998453366437725,7.656630815498043e-08,180.0
5243.999999999856,453.15,0.999845489568917,7.64625722096826e-08,180.0
5245.999999999856,453.15,0.9998456422869464,7.635901472944091e-08,180.0
5247.999999999856,453.15,0.9998457947982171,7.625563534202812e-08,180.0
5249.999999999856,453.15,0.9998459471030845,7.615243367607626e-08,180.0
5251.999999999855,453.15,0.9998460992019033,7.604940936122555e-08,180.0
5253.999999999855,453.15,0.9998462510950273,7.594656202797276e-08,180.0
5255.999999999855,453.15,0.99984640278281,7.584389130774506e-08,180.0
5257.999999999855,453.15,0.9998465542656036,7.574139683282357e-08,180.0
5259.999999999855,453.15,0.9998467055437601,7.563907823649215e-08,180.0
5261.999999999855,453.15,0.9998468566176304,7.5536935152811e-08,180.0
5263.999999999855,453.15,0.9998470074875648,7.54349672167655e-08,180.0
5265.999999999855,453.15,0.999847158153913,7.533317406426468e-08,180.0
5267.9999999998545,453.15,0.9998473086170236,7.523155533206518e-08,180.0
5269.9999999998545,453.15,0.9998474588772449,7.513011065791965e-08,180.0
5271.9999999998545,453.15,0.9998476089349243,7.50288396803507e-08,180.0
5273.9999999998545,453.15,0.9998477587904084,7.492774203872481e-08,180.0
5275.9999999998545,453.15,0.9998479084440431,7.482681737340046e-08,180.0
5277.9999999998545,453.15,0.9998480578961738,7.472606532565202e-08,180.0
5279.9999999998545,453.15,0.9998482071471448,7.462548553744423e-08,180.0
5281.9999999998545,453.15,0.9998483561973002,7.452507765180465e-08,180.0
5283.999999999854,453.15,0.9998485050469827,7.442484131244887e-08,180.0
5285.999999999854,453.15,0.9998486536965351,7.432477616415258e-08,180.0
5287.999999999854,453.15,0.9998488021462988,7.422488185237706e-08,180.0
5289.999999999854,453.15,0.9998489503966148,7.412515802356648e-08,180.0
5291.999999999854,453.15,0.9998490984478234,7.402560432499739e-08,180.0
5293.999999999854,453.15,0.9998492463002643,7.392622040477746e-08,180.0
5295.999999999854,453.15,0.9998493939542761,7.382700591184433e-08,180.0
5297.999999999854,453.15,0.9998495414101971,7.372796049611335e-08,180.0
5299.999999999853,453.15,0.9998496886683648,7.362908380817832e-08,180.0
5301.999999999853,453.15,0.9998498357291158,7.353037549960824e-08,180.0
5303.999999999853,453.15,0.9998499825927862,7.343183522279712e-08,180.0
5305.999999999853,453.15,0.9998501292597115,7.33334626309627e-08,180.0
5307.999999999853,453.15,0.9998502757302262,7.323525737814534e-08,180.0
5309.999999999853,453.15,0.9998504220046645,7.313721911928113e-08,180.0
5311.999999999853,453.15,0.9998505680833595,7.303934751005199e-08,180.0
5313.999999999853,453.15,0.9998507139666439,7.294164220703316e-08,180.0
5315.999999999852,453.15,0.9998508596548497,7.284410286761763e-08,180.0
5317.999999999852,453.15,0.9998510051483079,7.274672915008919e-08,180.0
5319.999999999852,453.15,0.9998511504473494,7.264952071347272e-08,180.0
5321.999999999852,453.15,0.9998512955523038,7.255247721760742e-08,180.0
5323.999999999852,453.15,0.9998514404635004,7.245559832329369e-08,180.0
5325.999999999852,453.15,0.9998515851812678,7.235888369199552e-08,180.0
5327.999999999852,453.15,0.9998517297059338,7.226233298598759e-08,180.0
5329.999999999852,453.15,0.9998518740378256,7.216594586850223e-08,180.0
5331.999999999851,453.15,0.9998520181772697,7.206972200350589e-08,180.0
5333.999999999851,453.15,0.9998521621245917,7.197366105577223e-08,180.0
5335.999999999851,453.15,0.9998523058801171,7.187776269095478e-08,180.0
5337.999999999851,453.15,0.9998524494441703,7.178202657536393e-08,180.0
5339.999999999851,453.15,0.9998525928170751,7.168645237618771e-08,180.0
5341.999999999851,453.15,0.9998527359991546,7.159103976149053e-08,180.0
5343.999999999851,453.15,0.9998528789907314,7.149578840006418e-08,180.0
5345.999999999851,453.15,0.9998530217921273,7.140069796150061e-08,180.0
5347.99999999985,453.15,0.9998531644036636,7.130576811619085e-08,180.0
5349.99999999985,453.15,0.9998533068256606,7.121099853532378e-08,180.0
5351.99999999985,453.15,0.9998534490584384,7.111638889088504e-08,180.0
5353.99999999985,453.15,0.9998535911023161,7.102193885565582e-08,180.0
5355.99999999985,453.15,0.9998537329576123,7.092764810321178e-08,180.0
5357.99999999985,453.15,0.9998538746246449,7.08335163078482e-08,180.0
5359.99999999985,453.15,0.9998540161037313,7.073954314465267e-08,180.0
5361.99999999985,453.15,0.9998541573951878,7.064572828957747e-08,180.0
5363.999999999849,453.15,0.9998542984993306,7.055207141936477e-08,180.0
5365.999999999849,453.15,0.999854439416475,7.045857221139839e-08,180.0
5367.999999999849,453.15,0.9998545801469357,7.036523034392351e-08,180.0
5369.999999999849,453.15,0.9998547206910268,7.027204549589835e-08,180.0
5371.999999999849,453.15,0.9998548610490614,7.017901734714019e-08,180.0
5373.999999999849,453.15,0.9998550012213525,7.008614557825063e-08,180.0
5375.999999999849,453.15,0.9998551412082123,6.999342987046765e-08,180.0
5377.999999999849,453.15,0.9998552810099521,6.990086990581145e-08,180.0
5379.999999999848,453.15,0.9998554206268828,6.980846536715679e-08,180.0
5381.999999999848,453.15,0.9998555600593146,6.971621593815833e-08,180.0
5383.999999999848,453.15,0.9998556993075572,6.962412130310291e-08,180.0
5385.999999999848,453.15,0.9998558383719195,6.953218114705528e-08,180.0
5387.999999999848,453.15,0.9998559772527098,6.944039515593022e-08,180.0
5389.999999999848,453.15,0.9998561159502358,6.934876301627156e-08,180.0
5391.999999999848,453.15,0.9998562544648046,6.925728441547102e-08,180.0
5393.999999999848,453.15,0.9998563927967227,6.916595904162052e-08,180.0
5395.999999999847,453.15,0.9998565309462958,6.907478658358446e-08,180.0
5397.999999999847,453.15,0.9998566689138293,6.898376673092537e-08,180.0
5399.999999999847,453.15,0.9998568066996276,6.889289917390297e-08,180.0
5401.999999999847,453.15,0.9998569443039949,6.880218360369248e-08,180.0
5403.999999999847,453.15,0.9998570817272343,6.871161971201793e-08,180.0
5405.999999999847,453.15,0.9998572189696487,6.862120719144353e-08,180.0
5407.999999999847,453.15,0.9998573560315402,6.853094573522655e-08,180.0
5409.999999999847,453.15,0.9998574929132104,6.844083503738918e-08,180.0
5411.999999999846,453.15,0.9998576296149599,6.83508747926446e-08,180.0
5413.999999999846,453.15,0.9998577661370893,6.826106469646884e-08,180.0
5415.999999999846,453.15,0.9998579024798983,6.81714044450269e-08,180.0
5417.999999999846,453.15,0.9998580386436857,6.808189373517162e-08,180.0
5419.999999999846,453.15,0.9998581746287503,6.799253226458857e-08,180.0
5421.999999999846,453.15,0.9998583104353898,6.79033197315763e-08,180.0
5423.999999999846,453.15,0.9998584460639014,6.781425583519107e-08,180.0
5425.999999999846,453.15,0.999858581514582,6.77253402752458e-08,180.0
5427.999999999845,453.15,0.9998587167877274,6.763657275216348e-08,180.0
5429.999999999845,453.15,0.9998588518836333,6.754795296719453e-08,180.0
5431.999999999845,453.15,0.9998589868025946,6.745948062219744e-08,180.0
5433.999999999845,453.15,0.9998591215449054,6.737115541978332e-08,180.0
5435.999999999845,453.15,0.9998592561108596,6.728297706324222e-08,180.0
5437.999999999845,453.15,0.9998593905007501,6.71949452566147e-08,180.0
5439.999999999845,453.15,0.9998595247148695,6.710705970461825e-08,180.0
5441.999999999845,453.15,0.9998596587535097,6.701932011271881e-08,180.0
5443.9999999998445,453.15,0.999859792616962,6.693172618698477e-08,180.0
5445.9999999998445,453.15,0.9998599263055172,6.684427763423097e-08,180.0
5447.9999999998445,453.15,0.9998600598194656,6.675697416194536e-08,180.0
5449.9999999998445,453.15,0.9998601931590966,6.666981547828785e-08,180.0
5451.9999999998445,453.15,0.9998603263246991,6.658280129216199e-08,180.0
5453.9999999998445,453.15,0.9998604593165618,6.649593131321376e-08,180.0
5455.9999999998445,453.15,0.9998605921349722,6.640920525161343e-08,180.0
5457.9999999998445,453.15,0.9998607247802179,6.63226228183443e-08,180.0
5459.999999999844,453.15,0.9998608572525853,6.623618372498446e-08,180.0
5461.999999999844,453.15,0.9998609895523607,6.6149887683923e-08,180.0
5463.999999999844,453.15,0.9998611216798295,6.606373440806957e-08,180.0
5465.999999999844,453.15,0.9998612536352768,6.59777236110706e-08,180.0
5467.999999999844,453.15,0.9998613854189868,6.589185500730814e-08,180.0
5469.999999999844,453.15,0.9998615170312435,6.580612831175447e-08,180.0
5471.999999999844,453.15,0.99986164847233,6.57205432401156e-08,180.0
5473.999999999844,453.15,0.999861779742529,6.563509950875806e-08,180.0
5475.999999999843,453.15,0.9998619108421226,6.554979683463596e-08,180.0
5477.999999999843,453.15,0.9998620417713925,6.546463493550631e-08,180.0
5479.999999999843,453.15,0.9998621725306196,6.53796135296397e-08,180.0
5481.999999999843,453.15,0.9998623031200843,6.52947323360357e-08,180.0
5483.999999999843,453.15,0.9998624335400664,6.520999107442186e-08,180.0
5485.999999999843,453.15,0.9998625637908454,6.51253894651086e-08,180.0
5487.999999999843,453.15,0.9998626938726999,6.504092722906048e-08,180.0
5489.999999999843,453.15,0.9998628237859081,6.495660408789524e-08,180.0
5491.999999999842,453.15,0.9998629535307476,6.487241976395478e-08,180.0
5493.999999999842,453.15,0.9998630831074956,6.478837398016035e-08,180.0
5495.999999999842,453.15,0.9998632125164285,6.470446646008367e-08,180.0
5497.999999999842,453.15,0.9998633417578223,6.462069692801782e-08,180.0
5499.999999999842,453.15,0.9998634708319526,6.453706510883258e-08,180.0
5501.999999999842,453.15,0.999863599739094,6.445357072797362e-08,180.0
5503.999999999842,453.15,0.999863728479521,6.437021351174887e-08,180.0
5505.999999999842,453.15,0.9998638570535073,6.428699318689671e-08,180.0
5507.999999999841,453.15,0.9998639854613263,6.420390948087229e-08,180.0
5509.999999999841,453.15,0.9998641137032505,6.41209621217749e-08,180.0
5511.999999999841,453.15,0.9998642417795521,6.403815083834699e-08,180.0
5513.999999999841,453.15,0.9998643696905029,6.395547535990167e-08,180.0
5515.999999999841,453.15,0.9998644974363737,6.387293541646516e-08,180.0
5517.999999999841,453.15,0.9998646250174352,6.379053073863254e-08,180.0
5519.999999999841,453.15,0.9998647524339573,6.370826105771019e-08,180.0
5521.999999999841,453.15,0.9998648796862095,6.362612610557167e-08,180.0
5523.99999999984,453.15,0.9998650067744608,6.354412561472836e-08,180.0
5525.99999999984,453.15,0.9998651336989794,6.346225931825721e-08,180.0
5527.99999999984,453.15,0.9998652604600333,6.338052694994288e-08,180.0
5529.99999999984,453.15,0.9998653870578899,6.329892824420519e-08,180.0
5531.99999999984,453.15,0.9998655134928157,6.321746293595552e-08,180.0
5533.99999999984,453.15,0.9998656397650773,6.313613076088167e-08,180.0
5535.99999999984,453.15,0.9998657658749401,6.305493145516126e-08,180.0
5537.99999999984,453.15,0.9998658918226696,6.297386475567511e-08,180.0
5539.999999999839,453.15,0.9998660176085304,6.289293039986365e-08,180.0
5541.999999999839,453.15,0.9998661432327867,6.28121281257261e-08,180.0
5543.999999999839,453.15,0.999866268695702,6.273145767203358e-08,180.0
5545.999999999839,453.15,0.9998663939975396,6.265091877797168e-08,180.0
5547.999999999839,453.15,0.999866519138562,6.257051118349612e-08,180.0
5549.999999999839,453.15,0.9998666441190313,6.2490234629118e-08,180.0
5551.999999999839,453.15,0.999866768939209,6.24100888558319e-08,180.0
5553.999999999839,453.15,0.9998668935993562,6.233007360539982e-08,180.0
5555.999999999838,453.15,0.9998670180997334,6.225018862013671e-08,180.0
5557.999999999838,453.15,0.9998671424406007,6.21704336429097e-08,180.0
5559.999999999838,453.15,0.9998672666222176,6.209080841720841e-08,180.0
5561.999999999838,453.15,0.999867390644843,6.201131268707307e-08,180.0
5563.999999999838,453.15,0.9998675145087353,6.193194619723583e-08,180.0
5565.999999999838,453.15,0.9998676382141527,6.185270869297771e-08,180.0
5567.999999999838,453.15,0.9998677617613525,6.17735999201279e-08,180.0
5569.999999999838,453.15,0.9998678851505918,6.169461962513396e-08,180.0
5571.999999999837,453.15,0.9998680083821269,6.161576755498999e-08,180.0
5573.999999999837,453.15,0.9998681314562138,6.15370434573778e-08,180.0
5575.999999999837,453.15,0.9998682543731079,6.145844708045314e-08,180.0
5577.999999999837,453.15,0.9998683771330642,6.137997817305776e-08,180.0
5579.999999999837,453.15,0.9998684997363372,6.130163648450592e-08,180.0
5581.999999999837,453.15,0.9998686221831807,6.122342176472534e-08,180.0
5583.999999999837,453.15,0.9998687444738482,6.114533376425635e-08,180.0
5585.999999999837,453.15,0.9998688666085926,6.10673722342511e-08,180.0
5587.999999999836,453.15,0.9998689885876665,6.09895369263312e-08,180.0
5589.999999999836,453.15,0.9998691104113216,6.091182759272842e-08,180.0
5591.999999999836,453.15,0.9998692320798096,6.083424398628406e-08,180.0
5593.999999999836,453.15,0.9998693535933814,6.075678586037722e-08,180.0
5595.999999999836,453.15,0.9998694749522873,6.067945296892423e-08,180.0
5597.999999999836,453.15,0.9998695961567774,6.060224506651901e-08,180.0
5599.999999999836,453.15,0.9998697172071012,6.052516190822046e-08,180.0
5601.999999999836,453.15,0.9998698381035077,6.044820324969292e-08,180.0
5603.999999999835,453.15,0.9998699588462454,6.03713688470642e-08,180.0
5605.999999999835,453.15,0.9998700794355623,6.029465845720717e-08,180.0
5607.999999999835,453.15,0.999870199871706,6.021807183745657e-08,180.0
5609.999999999835,453.15,0.9998703201549235,6.014160874560847e-08,180.0
5611.999999999835,453.15,0.9998704402854613,6.006526894020148e-08,180.0
5613.999999999835,453.15,0.9998705602635657,5.998905218023392e-08,180.0
5615.999999999835,453.15,0.9998706800894821,5.991295822523367e-08,180.0
5617.999999999835,453.15,0.9998707997634557,5.983698683532774e-08,180.0
5619.9999999998345,453.15,0.9998709192857312,5.976113777117123e-08,180.0
5621.9999999998345,453.15,0.9998710386565528,5.968541079394647e-08,180.0
5623.9999999998345,453.15,0.9998711578761641,5.960980566543269e-08,180.0
5625.9999999998345,453.15,0.9998712769448084,5.953432214793491e-08,180.0
5627.9999999998345,453.15,0.9998713958627283,5.945896000428316e-08,180.0
5629.9999999998345,453.15,0.9998715146301663,5.9383718997902056e-08,180.0
5631.9999999998345,453.15,0.9998716332473641,5.930859889266954e-08,180.0
5633.9999999998345,453.15,0.999871751714563,5.9233599453126834e-08,180.0
5635.999999999834,453.15,0.9998718700320038,5.915872044419688e-08,180.0
5637.999999999834,453.15,0.9998719881999271,5.908396163153451e-08,180.0
5639.999999999834,453.15,0.9998721062185726,5.900932278117486e-08,180.0
5641.999999999834,453.15,0.9998722240881799,5.8934803659743135e-08,180.0
5643.999999999834,453.15,0.999872341808988,5.886040403438373e-08,180.0
5645.999999999834,453.15,0.9998724593812354,5.8786123672759535e-08,180.0
5647.999999999834,453.15,0.9998725768051601,5.871196234312127e-08,180.0
5649.999999999834,453.15,0.9998726940809997,5.863791981423661e-08,180.0
5651.999999999833,453.15,0.9998728112089914,5.856399585538954e-08,180.0
5653.999999999833,453.15,0.9998729281893719,5.849019023630968e-08,180.0
5655.999999999833,453.15,0.9998730450223774,5.841650272738149e-08,180.0
5657.999999999833,453.15,0.9998731617082436,5.8342933099433625e-08,180.0
5659.999999999833,453.15,0.9998732782472058,5.826948112387813e-08,180.0
5661.999999999833,453.15,0.999873394639499,5.819614657256986e-08,180.0
5663.999999999833,453.15,0.9998735108853574,5.812292921794565e-08,180.0
5665.999999999833,453.15,0.999873626985015,5.804982883295365e-08,180.0
5667.999999999832,453.15,0.9998737429387055,5.797684519098283e-08,180.0
5669.999999999832,453.15,0.9998738587466616,5.7903978066001945e-08,180.0
5671.999999999832,453.15,0.9998739744091161,5.7831227232558765e-08,180.0
5673.999999999832,453.15,0.999874089926301,5.775859246557006e-08,180.0
5675.999999999832,453.15,0.9998742052984481,5.768607354059993e-08,180.0
5677.999999999832,453.15,0.9998743205257885,5.761367023364993e-08,180.0
5679.999999999832,453.15,0.9998744356085532,5.7541382321228055e-08,180.0
5681.999999999832,453.15,0.9998745505469723,5.746920958034815e-08,180.0
5683.999999999831,453.15,0.9998746653412759,5.7397151788598725e-08,180.0
5685.999999999831,453.15,0.9998747799916934,5.7325208723933535e-08,180.0
5687.999999999831,453.15,0.9998748944984537,5.7253380164949236e-08,180.0
5689.999999999831,453.15,0.9998750088617855,5.7181665890745463e-08,180.0
5691.999999999831,453.15,0.9998751230819168,5.711006568078517e-08,180.0
5693.999999999831,453.15,0.9998752371590754,5.7038579315172026e-08,180.0
5695.999999999831,453.15,0.9998753510934886,5.6967206574441204e-08,180.0
5697.999999999831,453.15,0.999875464885383,5.689594723962823e-08,180.0
5699.99999999983,453.15,0.9998755785349852,5.6824801092268265e-08,180.0
5701.99999999983,453.15,0.999875692042521,5.675376791439551e-08,180.0
5703.99999999983,453.15,0.999875805408216,5.668284748854245e-08,180.0
5705.99999999983,453.15,0.9998759186322952,5.661203959773923e-08,180.0
5707.99999999983,453.15,0.9998760317149833,5.654134402544365e-08,180.0
5709.99999999983,453.15,0.9998761446565044,5.6470760555679176e-08,180.0
5711.99999999983,453.15,0.9998762574570824,5.6400288972964904e-08,180.0
5713.99999999983,453.15,0.9998763701169405,5.6329929062245655e-08,180.0
5715.999999999829,453.15,0.9998764826363018,5.6259680609029824e-08,180.0
5717.999999999829,453.15,0.9998765950153886,5.618954339918105e-08,180.0
5719.999999999829,453.15,0.999876707254423,5.611951721919442e-08,180.0
5721.999999999829,453.15,0.9998768193536267,5.6049601855988174e-08,180.0
5723.999999999829,453.15,0.9998769313132209,5.5979797096903124e-08,180.0
5725.999999999829,453.15,0.9998770431334263,5.591010272984032e-08,180.0
5727.999999999829,453.15,0.9998771548144634,5.58405185431221e-08,180.0
5729.999999999829,453.15,0.999877266356552,5.5771044325560585e-08,180.0
5731.999999999828,453.15,0.9998773777599118,5.5701679866457085e-08,180.0
5733.999999999828,453.15,0.9998774890247617,5.563242495560135e-08,180.0
5735.999999999828,453.15,0.9998776001513204,5.556327938327095e-08,180.0
5737.999999999828,453.15,0.9998777111398063,5.5494242940161664e-08,180.0
5739.999999999828,453.15,0.9998778219904371,5.542531541745584e-08,180.0
5741.999999999828,453.15,0.9998779327034303,5.5356496606821784e-08,180.0
5743.999999999828,453.15,0.9998780432790029,5.5287786300344155e-08,180.0
5745.999999999828,453.15,0.9998781537173714,5.52191842906612e-08,180.0
5747.999999999827,453.15,0.9998782640187521,5.515069037082628e-08,180.0
5749.999999999827,453.15,0.9998783741833608,5.508230433437616e-08,180.0
5751.999999999827,453.15,0.9998784842114128,5.501402597526154e-08,180.0
5753.999999999827,453.15,0.999878594103123,5.494585508791532e-08,180.0
5755.999999999827,453.15,0.9998787038587059,5.487779146732063e-08,180.0
5757.999999999827,453.15,0.9998788134783757,5.4809834908804e-08,180.0
5759.999999999827,453.15,0.9998789229623462,5.4741985208240926e-08,180.0
5761.999999999827,453.15,0.9998790323108305,5.4674242161849145e-08,180.0
5763.999999999826,453.15,0.9998791415240417,5.460660556639416e-08,180.0
5765.999999999826,453.15,0.9998792506021921,5.453907521911984e-08,180.0
5767.999999999826,453.15,0.9998793595454939,5.447165091767916e-08,180.0
5769.999999999826,453.15,0.9998794683541589,5.44043324601337e-08,180.0
5771.999999999826,453.15,0.9998795770283981,5.4337119645021625e-08,180.0
5773.999999999826,453.15,0.9998796855684227,5.4270012271425626e-08,180.0
5775.999999999826,453.15,0.9998797939744429,5.42030101387666e-08,180.0
5777.999999999826,453.15,0.999879902246669,5.4136113046940186e-08,180.0
5779.999999999825,453.15,0.9998800103853106,5.406932079631619e-08,180.0
5781.999999999825,453.15,0.999880118390577,5.400263318766944e-08,180.0
5783.999999999825,453.15,0.999880226262677,5.3936050022247714e-08,180.0
5785.999999999825,453.15,0.9998803340018192,5.386957110177107e-08,180.0
5787.999999999825,453.15,0.9998804416082117,5.380319622836289e-08,180.0
5789.999999999825,453.15,0.999880549082062,5.373692520454926e-08,180.0
5791.999999999825,453.15,0.9998806564235777,5.367075783339522e-08,180.0
5793.999999999825,453.15,0.9998807636329655,5.360469391829897e-08,180.0
5795.9999999998245,453.15,0.9998808707104321,5.353873326319645e-08,180.0
5797.9999999998245,453.15,0.9998809776561834,5.347287567235569e-08,180.0
5799.9999999998245,453.15,0.9998810844704253,5.340712095058118e-08,180.0
5801.9999999998245,453.15,0.9998811911533632,5.334146890307669e-08,180.0
5803.9999999998245,453.15,0.9998812977052018,5.32759193354447e-08,180.0
5805.9999999998245,453.15,0.9998814041261459,5.3210472053754136e-08,180.0
5807.9999999998245,453.15,0.9998815104163996,5.314512686453968e-08,180.0
5809.9999999998245,453.15,0.9998816165761668,5.3079883574664886e-08,180.0
5811.999999999824,453.15,0.9998817226056508,5.3014741991457996e-08,180.0
5813.999999999824,453.15,0.9998818285050546,5.2949701922779446e-08,180.0
5815.999999999824,453.15,0.9998819342745809,5.288476317681685e-08,180.0
5817.999999999824,453.15,0.999882039914432,5.281992556215271e-08,180.0
5819.999999999824,453.15,0.9998821454248098,5.2755188887899897e-08,180.0
5821.999999999824,453.15,0.9998822508059158,5.269055296349696e-08,180.0
5823.999999999824,453.15,0.999882356057951,5.262601759884364e-08,180.0
5825.999999999824,453.15,0.9998824611811161,5.256158260430028e-08,180.0
5827.999999999823,453.15,0.9998825661756117,5.2497247790619255e-08,180.0
5829.999999999823,453.15,0.9998826710416376,5.243301296894445e-08,180.0
5831.999999999823,453.15,0.9998827757793936,5.236887795081076e-08,180.0
5833.999999999823,453.15,0.9998828803890787,5.230484254827935e-08,180.0
5835.999999999823,453.15,0.9998829848708919,5.224090657373333e-08,180.0
5837.999999999823,453.15,0.9998830892250316,5.217706984001304e-08,180.0
5839.999999999823,453.15,0.9998831934516959,5.2113332160415426e-08,180.0
5841.999999999823,453.15,0.9998832975510825,5.2049693348557894e-08,180.0
5843.999999999822,453.15,0.999883401523389,5.198615321851337e-08,180.0
5845.999999999822,453.15,0.9998835053688121,5.1922711584742e-08,180.0
5847.999999999822,453.15,0.9998836090875486,5.1859368262158325e-08,180.0
5849.999999999822,453.15,0.9998837126797947,5.179612306606303e-08,180.0
5851.999999999822,453.15,0.9998838161457463,5.173297581214236e-08,180.0
5853.999999999822,453.15,0.999883919485599,5.166992631653537e-08,180.0
5855.999999999822,453.15,0.9998840226995478,5.1606974395697945e-08,180.0
5857.999999999822,453.15,0.9998841257877875,5.1544119866605334e-08,180.0
5859.999999999821,453.15,0.9998842287505126,5.148136254661619e-08,180.0
5861.999999999821,453.15,0.9998843315879171,5.1418702253404534e-08,180.0
5863.999999999821,453.15,0.9998844343001947,5.1356138805161995e-08,180.0
5865.999999999821,453.15,0.9998845368875388,5.129367202039453e-08,180.0
5867.999999999821,453.15,0.9998846393501422,5.123130171798955e-08,180.0
5869.999999999821,453.15,0.9998847416881976,5.116902771735035e-08,180.0
5871.999999999821,453.15,0.9998848439018974,5.1106849838125586e-08,180.0
5873.999999999821,453.15,0.9998849459914332,5.1044767900478715e-08,180.0
5875.99999999982,453.15,0.9998850479569966,5.0982781724952524e-08,180.0
5877.99999999982,453.15,0.9998851497987788,5.092089113246856e-08,180.0
5879.99999999982,453.15,0.9998852515169707,5.085909594432668e-08,180.0
5881.99999999982,453.15,0.9998853531117626,5.079739598220455e-08,180.0
5883.99999999982,453.15,0.9998854545833448,5.073579106822448e-08,180.0
5885.99999999982,453.15,0.9998855559319069,5.0674281024818225e-08,180.0
5887.99999999982,453.15,0.9998856571576382,5.061286567486117e-08,180.0
5889.99999999982,453.15,0.9998857582607279,5.055154484167168e-08,180.0
5891.999999999819,453.15,0.9998858592413646,5.0490318348876095e-08,180.0
5893.999999999819,453.15,0.9998859600997366,5.042918602047555e-08,180.0
5895.999999999819,453.15,0.999886060836032,5.0368147680979856e-08,180.0
5897.999999999819,453.15,0.9998861614504384,5.030720315507098e-08,180.0
5899.999999999819,453.15,0.9998862619431429,5.02463522680057e-08,180.0
5901.999999999819,453.15,0.9998863623143326,5.01855948454135e-08,180.0
5903.999999999819,453.15,0.999886462564194,5.0124930713161836e-08,180.0
5905.999999999819,453.15,0.9998865626929134,5.006435969762422e-08,180.0
5907.999999999818,453.15,0.9998866627006767,5.00038816254783e-08,180.0
5909.999999999818,453.15,0.9998867625876694,4.99434963238396e-08,180.0
5911.999999999818,453.15,0.9998868623540766,4.988320362019391e-08,180.0
5913.999999999818,453.15,0.9998869620000833,4.982300334239679e-08,180.0
5915.999999999818,453.15,0.9998870615258739,4.976289531867309e-08,180.0
5917.999999999818,453.15,0.9998871609316327,4.970287937761648e-08,180.0
5919.999999999818,453.15,0.9998872602175434,4.9642955348188985e-08,180.0
5921.999999999818,453.15,0.9998873593837895,4.958312305972049e-08,180.0
5923.999999999817,453.15,0.9998874584305542,4.9523382341975135e-08,180.0
5925.999999999817,453.15,0.9998875573580202,4.946373302501701e-08,180.0
5927.999999999817,453.15,0.99988765616637,4.9404174939343504e-08,180.0
5929.999999999817,453.15,0.9998877548557858,4.934470791575102e-08,180.0
5931.999999999817,453.15,0.9998878534264494,4.928533178540151e-08,180.0
5933.999999999817,453.15,0.9998879518785422,4.922604637995538e-08,180.0
5935.999999999817,453.15,0.9998880502122452,4.9166851531237235e-08,180.0
5937.999999999817,453.15,0.9998881484277394,4.910774707163595e-08,180.0
5939.999999999816,453.15,0.9998882465252051,4.904873283377045e-08,180.0
5941.999999999816,453.15,0.9998883445048224,4.898980865068942e-08,180.0
5943.999999999816,453.15,0.9998884423667712,4.893097435580411e-08,180.0
5945.999999999816,453.15,0.9998885401112307,4.887222978282125e-08,180.0
5947.999999999816,453.15,0.9998886377383803,4.8813574765942466e-08,180.0
5949.999999999816,453.15,0.9998887352483986,4.875500913953069e-08,180.0
5951.999999999816,453.15,0.9998888326414641,4.8696532738509404e-08,180.0
5953.999999999816,453.15,0.9998889299177549,4.863814539802915e-08,180.0
5955.999999999815,453.15,0.9998890270774489,4.85798469536668e-08,180.0
5957.999999999815,453.15,0.9998891241207234,4.8521637241291995e-08,180.0
5959.999999999815,453.15,0.9998892210477556,4.846351609719977e-08,180.0
5961.999999999815,453.15,0.9998893178587223,4.840548335804351e-08,180.0
5963.999999999815,453.15,0.9998894145538,4.8347538860768025e-08,180.0
5965.999999999815,453.15,0.9998895111331648,4.8289682442675646e-08,180.0
5967.999999999815,453.15,0.9998896075969927,4.823191394149213e-08,180.0
5969.999999999815,453.15,0.9998897039454592,4.817423319516697e-08,180.0
5971.9999999998145,453.15,0.9998898001787393,4.8116640042138577e-08,180.0
5973.9999999998145,453.15,0.999889896297008,4.8059134321134586e-08,180.0
5975.9999999998145,453.15,0.9998899923004397,4.8001715871237814e-08,180.0
5977.9999999998145,453.15,0.9998900881892088,4.794438453188584e-08,180.0
5979.9999999998145,453.15,0.999890183963489,4.788714014287047e-08,180.0
5981.9999999998145,453.15,0.9998902796234541,4.7829982544271105e-08,180.0
5983.9999999998145,453.15,0.9998903751692773,4.777291157658679e-08,180.0
5985.9999999998145,453.15,0.9998904706011315,4.771592708060327e-08,180.0
5987.999999999814,453.15,0.9998905659191892,4.765902889745881e-08,180.0
5989.999999999814,453.15,0.999890661123623,4.760221686870987e-08,180.0
5991.999999999814,453.15,0.9998907562146047,4.754549083613219e-08,180.0
5993.999999999814,453.15,0.9998908511923059,4.748885064198497e-08,180.0
5995.999999999814,453.15,0.9998909460568982,4.7432296128745824e-08,180.0
5997.999999999814,453.15,0.9998910408085525,4.737582713924268e-08,180.0
5999.999999999814,453.15,0.9998911354474396,4.731944351671941e-08,180.0
6001.999999999814,453.15,0.9998912299737298,4.7263145104703166e-08,180.0
6003.999999999813,453.15,0.9998913243875933,4.720693174707008e-08,180.0
6005.999999999813,453.15,0.9998914186891998,4.7150803288044793e-08,180.0
6007.999999999813,453.15,0.999891512878719,4.70947595722e-08,180.0
6009.999999999813,453.15,0.99989160695632,4.703880044432411e-08,180.0
6011.999999999813,453.15,0.9998917009221715,4.6982925749684705e-08,180.0
6013.999999999813,453.15,0.9998917947764422,4.692713533383019e-08,180.0
6015.999999999813,453.15,0.9998918885193002,4.68714290426553e-08,180.0
6017.999999999813,453.15,0.9998919821509137,4.6815806722400657e-08,180.0
6019.999999999812,453.15,0.9998920756714501,4.6760268219520654e-08,180.0
6021.999999999812,453.15,0.9998921690810769,4.670481338094649e-08,180.0
6023.999999999812,453.15,0.999892262379961,4.66494420538223e-08,180.0
6025.999999999812,453.15,0.9998923555682692,4.659415408576808e-08,180.0
6027.999999999812,453.15,0.9998924486461678,4.6538949324550174e-08,180.0
6029.999999999812,453.15,0.999892541613823,4.6483827618409896e-08,180.0
6031.999999999812,453.15,0.9998926344714006,4.642878881579996e-08,180.0
6033.999999999812,453.15,0.9998927272190662,4.637383276558135e-08,180.0
6035.999999999811,453.15,0.9998928198569849,4.631895931689142e-08,180.0
6037.999999999811,453.15,0.9998929123853215,4.626416831920923e-08,180.0
6039.999999999811,453.15,0.9998930048042408,4.620945962235507e-08,180.0
6041.999999999811,453.15,0.999893097113907,4.615483307642441e-08,180.0
6043.999999999811,453.15,0.999893189314484,4.610028853191879e-08,180.0
6045.999999999811,453.15,0.9998932814061356,4.604582583954849e-08,180.0
6047.999999999811,453.15,0.9998933733890254,4.599144485042902e-08,180.0
6049.999999999811,453.15,0.9998934652633162,4.5937145415883925e-08,180.0
6051.99999999981,453.15,0.999893557029171,4.588292738770665e-08,180.0
6053.99999999981,453.15,0.9998936486867522,4.582879061789788e-08,180.0
6055.99999999981,453.15,0.9998937402362221,4.5774734958861757e-08,180.0
6057.99999999981,453.15,0.9998938316777427,4.5720760263208976e-08,180.0
6059.99999999981,453.15,0.9998939230114755,4.566686638388742e-08,180.0
6061.99999999981,453.15,0.9998940142375818,4.5613053174247125e-08,180.0
6063.99999999981,453.15,0.9998941053562228,4.5559320487908964e-08,180.0
6065.99999999981,453.15,0.9998941963675592,4.5505668178764316e-08,180.0
6067.999999999809,453.15,0.9998942872717513,4.545209610104008e-08,180.0
6069.999999999809,453.15,0.9998943780689595,4.539860410929826e-08,180.0
6071.999999999809,453.15,0.9998944687593436,4.53451920583702e-08,180.0
6073.999999999809,453.15,0.9998945593430633,4.529185980342155e-08,180.0
6075.999999999809,453.15,0.9998946498202776,4.523860719988655e-08,180.0
6077.999999999809,453.15,0.9998947401911459,4.5185434103598234e-08,180.0
6079.999999999809,453.15,0.9998948304558266,4.513234037059219e-08,180.0
6081.999999999809,453.15,0.9998949206144784,4.507932585730192e-08,180.0
6083.999999999808,453.15,0.9998950106672592,4.502639042036285e-08,180.0
6085.999999999808,453.15,0.999895100614327,4.4973533916872636e-08,180.0
6087.999999999808,453.15,0.9998951904558394,4.49207562040649e-08,180.0
6089.999999999808,453.15,0.9998952801919537,4.486805713950447e-08,180.0
6091.999999999808,453.15,0.9998953698228269,4.4815436581152006e-08,180.0
6093.999999999808,453.15,0.9998954593486157,4.476289438723335e-08,180.0
6095.999999999808,453.15,0.9998955487694765,4.4710430416239176e-08,180.0
6097.999999999808,453.15,0.9998956380855656,4.465804452698974e-08,180.0
6099.999999999807,453.15,0.9998957272970388,4.460573657856939e-08,180.0
6101.999999999807,453.15,0.9998958164040517,4.4553506430391275e-08,180.0
6103.999999999807,453.15,0.9998959054067595,4.45013539421969e-08,180.0
6105.999999999807,453.15,0.9998959943053175,4.444927897399074e-08,180.0
6107.999999999807,453.15,0.9998960830998803,4.4397281386039955e-08,180.0
6109.999999999807,453.15,0.9998961717906024,4.434536103893894e-08,180.0
6111.999999999807,453.15,0.999896260377638,4.4293517793608926e-08,180.0
6113.999999999807,453.15,0.999896348861141,4.4241751511232675e-08,180.0
6115.999999999806,453.15,0.9998964372412651,4.419006205331901e-08,180.0
6117.999999999806,453.15,0.9998965255181637,4.413844928157276e-08,180.0
6119.999999999806,453.15,0.9998966136919898,4.40869130580889e-08,180.0
6121.999999999806,453.15,0.9998967017628962,4.4035453245222555e-08,180.0
6123.999999999806,453.15,0.9998967897310357,4.398406970565335e-08,180.0
6125.999999999806,453.15,0.9998968775965603,4.393276230225556e-08,180.0
6127.999999999806,453.15,0.9998969653596221,4.3881530898292044e-08,180.0
6129.999999999806,453.15,0.9998970530203729,4.383037535728432e-08,180.0
6131.999999999805,453.15,0.999897140578964,4.3779295543012265e-08,180.0
6133.999999999805,453.15,0.9998972280355466,4.37282913196431e-08,180.0
6135.999999999805,453.15,0.9998973153902717,4.36773625514723e-08,180.0
6137.999999999805,453.15,0.99989740264329,4.3626509103182e-08,180.0
6139.999999999805,453.15,0.9998974897947517,4.357573083971125e-08,180.0
6141.999999999805,453.15,0.999897576844807,4.3525027626320295e-08,180.0
6143.999999999805,453.15,0.9998976637936056,4.3474399328525554e-08,180.0
6145.999999999805,453.15,0.9998977506412972,4.3423845812163935e-08,180.0
6147.9999999998045,453.15,0.9998978373880311,4.3373366943263287e-08,180.0
6149.9999999998045,453.15,0.9998979240339563,4.3322962588171266e-08,180.0
6151.9999999998045,453.15,0.9998980105792215,4.327263261355486e-08,180.0
6153.9999999998045,453.15,0.9998980970239753,4.3222376886400003e-08,180.0
6155.9999999998045,453.15,0.9998981833683658,4.3172195273817856e-08,180.0
6157.9999999998045,453.15,0.999898269612541,4.3122087643366785e-08,180.0
6159.9999999998045,453.15,0.9998983557566488,4.307205386279412e-08,180.0
6161.9999999998045,453.15,0.9998984418008363,4.302209380010039e-08,180.0
6163.999999999804,453.15,0.999898527745251,4.297220732366767e-08,180.0
6165.999999999804,453.15,0.9998986135900396,4.2922394302001734e-08,180.0
6167.999999999804,453.15,0.9998986993353488,4.287265460405357e-08,180.0
6169.999999999804,453.15,0.999898784981325,4.282298809896153e-08,180.0
6171.999999999804,453.15,0.9998988705281143,4.277339465611542e-08,180.0
6173.999999999804,453.15,0.9998989559758626,4.272387414522048e-08,180.0
6175.999999999804,453.15,0.9998990413247155,4.2674426436232674e-08,180.0
6177.999999999804,453.15,0.9998991265748183,4.262505139942268e-08,180.0
6179.999999999803,453.15,0.9998992117263161,4.257574890531119e-08,180.0
6181.999999999803,453.15,0.9998992967793537,4.252651882460454e-08,180.0
6183.999999999803,453.15,0.9998993817340758,4.2477361028451026e-08,180.0
6185.999999999803,453.15,0.9998994665906266,4.242827538811969e-08,180.0
6187.999999999803,453.15,0.9998995513491501,4.237926177519252e-08,180.0
6189.999999999803,453.15,0.9998996360097903,4.2330320061564074e-08,180.0
6191.999999999803,453.15,0.9998997205726905,4.228145011931292e-08,180.0
6193.999999999803,453.15,0.9998998050379941,4.223265182089356e-08,180.0
6195.999999999802,453.15,0.9998998894058442,4.218392503894389e-08,180.0
6197.999999999802,453.15,0.9998999736763835,4.213526964641297e-08,180.0
6199.999999999802,453.15,0.9999000578497546,4.2086685516432666e-08,180.0
6201.999999999802,453.15,0.9999001419260996,4.2038172522509344e-08,180.0
6203.999999999802,453.15,0.9999002259055606,4.198973053839548e-08,180.0
6205.999999999802,453.15,0.9999003097882795,4.1941359438025443e-08,180.0
6207.999999999802,453.15,0.9999003935743976,4.189305909564305e-08,180.0
6209.999999999802,453.15,0.9999004772640564,4.1844829385801257e-08,180.0
6211.999999999801,453.15,0.9999005608573968,4.1796670183233953e-08,180.0
6213.999999999801,453.15,0.9999006443545595,4.174858136298349e-08,180.0
6215.999999999801,453.15,0.9999007277556851,4.170056280033644e-08,180.0
6217.999999999801,453.15,0.9999008110609138,4.1652614370887126e-08,180.0
6219.999999999801,453.15,0.9999008942703856,4.160473595040962e-08,180.0
6221.999999999801,453.15,0.9999009773842404,4.155692741498509e-08,180.0
6223.999999999801,453.15,0.9999010604026177,4.1509188640937673e-08,180.0
6225.999999999801,453.15,0.9999011433256567,4.146151950483415e-08,180.0
6227.9999999998,453.15,0.9999012261534965,4.141391988354739e-08,180.0
6229.9999999998,453.15,0.9999013088862758,4.1366389654128535e-08,180.0
6231.9999999998,453.15,0.9999013915241332,4.131892869399787e-08,180.0
6233.9999999998,453.15,0.9999014740672069,4.127153688075331e-08,180.0
6235.9999999998,453.15,0.9999015565156351,4.1224214092233875e-08,180.0
6237.9999999998,453.15,0.9999016388695555,4.117696020651941e-08,180.0
6239.9999999998,453.15,0.9999017211291057,4.112977510199384e-08,180.0
6241.9999999998,453.15,0.999901803294423,4.108265865734482e-08,180.0
6243.999999999799,453.15,0.9999018853656445,4.103561075137264e-08,180.0
6245.999999999799,453.15,0.999901967342907,4.09886312632443e-08,180.0
6247.999999999799,453.15,0.9999020492263472,4.094172007230246e-08,180.0
6249.999999999799,453.15,0.9999021310161013,4.089487705819225e-08,180.0
6251.999999999799,453.15,0.9999022127123055,4.084810210079737e-08,180.0
6253.999999999799,453.15,0.9999022943150957,4.0801395080176386e-08,180.0
6255.999999999799,453.15,0.9999023758246075,4.0754755876752813e-08,180.0
6257.999999999799,453.15,0.9999024572409763,4.07081843711244e-08,180.0
6259.999999999798,453.15,0.9999025385643372,4.066168044418972e-08,180.0
6261.999999999798,453.15,0.9999026197948252,4.061524397702103e-08,180.0
6263.999999999798,453.15,0.9999027009325749,4.056887485099079e-08,180.0
6265.999999999798,453.15,0.9999027819777209,4.0522572947707936e-08,180.0
6267.999999999798,453.15,0.9999028629303972,4.047633814901761e-08,180.0
6269.999999999798,453.15,0.9999029437907379,4.0430170337000846e-08,180.0
6271.999999999798,453.15,0.9999030245588766,4.0384069394037575e-08,180.0
6273.999999999798,453.15,0.999903105234947,4.0338035202679726e-08,180.0
6275.999999999797,453.15,0.9999031858190822,4.0292067645714245e-08,180.0
6277.999999999797,453.15,0.9999032663114155,4.0246166606226075e-08,180.0
6279.999999999797,453.15,0.9999033467120794,4.020033196747133e-08,180.0
6281.999999999797,453.15,0.9999034270212066,4.015456361306667e-08,180.0
6283.999999999797,453.15,0.9999035072389295,4.0108861426736176e-08,180.0
6285.999999999797,453.15,0.9999035873653801,4.006322529250066e-08,180.0
6287.999999999797,453.15,0.9999036674006903,4.001765509467732e-08,180.0
6289.999999999797,453.15,0.9999037473449917,3.997215071775311e-08,180.0
6291.999999999796,453.15,0.9999038271984158,3.99267120464477e-08,180.0
6293.999999999796,453.15,0.9999039069610937,3.9881338965713076e-08,180.0
6295.999999999796,453.15,0.9999039866331564,3.983603136079646e-08,180.0
6297.999999999796,453.15,0.9999040662147346,3.979078911711372e-08,180.0
6299.999999999796,453.15,0.9999041457059589,3.9745612120375306e-08,180.0
6301.999999999796,453.15,0.9999042251069594,3.970050025645985e-08,180.0
6303.999999999796,453.15,0.9999043044178663,3.965545341153993e-08,180.0
6305.999999999796,453.15,0.9999043836388092,3.961047147201874e-08,180.0
6307.999999999795,453.15,0.9999044627699178,3.95655543245298e-08,180.0
6309.999999999795,453.15,0.9999045418113216,3.952070185587376e-08,180.0
6311.999999999795,453.15,0.9999046207631495,3.947591395314401e-08,180.0
6313.999999999795,453.15,0.9999046996255304,3.9431190503726337e-08,180.0
6315.999999999795,453.15,0.9999047783985932,3.9386531395109894e-08,180.0
6317.999999999795,453.15,0.9999048570824662,3.9341936515075715e-08,180.0
6319.999999999795,453.15,0.9999049356772778,3.929740575157064e-08,180.0
6321.999999999795,453.15,0.9999050141831558,3.925293899289556e-08,180.0
6323.999999999794,453.15,0.9999050926002281,3.9208536127516616e-08,180.0
6325.999999999794,453.15,0.9999051709286222,3.9164197044127736e-08,180.0
6327.999999999794,453.15,0.9999052491684655,3.911992163165039e-08,180.0
6329.999999999794,453.15,0.999905327319885,3.907570977923331e-08,180.0
6331.999999999794,453.15,0.9999054053830078,3.903156137625219e-08,180.0
6333.999999999794,453.15,0.9999054833579604,3.8987476312309435e-08,180.0
6335.999999999794,453.15,0.9999055612448693,3.894345447723386e-08,180.0
6337.999999999794,453.15,0.9999056390438608,3.8899495761080456e-08,180.0
6339.9999999997935,453.15,0.9999057167550609,3.885560005413004e-08,180.0
6341.9999999997935,453.15,0.9999057943785954,3.881176724682645e-08,180.0
6343.9999999997935,453.15,0.9999058719145899,3.876799722996409e-08,180.0
6345.9999999997935,453.15,0.9999059493631697,3.872428989443717e-08,180.0
6347.9999999997935,453.15,0.9999060267244599,3.8680645131489884e-08,180.0
6349.9999999997935,453.15,0.9999061039985856,3.863706283246576e-08,180.0
6351.9999999997935,453.15,0.9999061811856713,3.8593542888995106e-08,180.0
6353.9999999997935,453.15,0.9999062582858417,3.8550085192932236e-08,180.0
6355.999999999793,453.15,0.9999063352992209,3.850668963629261e-08,180.0
6357.999999999793,453.15,0.9999064122259331,3.8463356111377645e-08,180.0
6359.999999999793,453.15,0.9999064890661021,3.8420084510649446e-08,180.0
6361.999999999793,453.15,0.9999065658198516,3.8376874726855456e-08,180.0
6363.999999999793,453.15,0.9999066424873049,3.833372665290331e-08,180.0
6365.999999999793,453.15,0.9999067190685852,3.82906401819854e-08,180.0
6367.999999999793,453.15,0.9999067955638156,3.824761520745381e-08,180.0
6369.999999999793,453.15,0.9999068719731188,3.820465162288246e-08,180.0
6371.999999999792,453.15,0.9999069482966174,3.8161749322066825e-08,180.0
6373.999999999792,453.15,0.9999070245344338,3.811890819902371e-08,180.0
6375.999999999792,453.15,0.9999071006866901,3.8076128147990934e-08,180.0
6377.999999999792,453.15,0.9999071767535083,3.8033409063427086e-08,180.0
6379.999999999792,453.15,0.9999072527350099,3.7990750839948985e-08,180.0
6381.999999999792,453.15,0.9999073286313167,3.794815337251824e-08,180.0
6383.999999999792,453.15,0.9999074044425498,3.790561655612966e-08,180.0
6385.999999999792,453.15,0.9999074801688304,3.7863140286184505e-08,180.0
6387.999999999791,453.15,0.9999075558102792,3.7820724458116846e-08,180.0
6389.999999999791,453.15,0.9999076313670172,3.777836896770435e-08,180.0
6391.999999999791,453.15,0.9999077068391646,3.773607371081932e-08,180.0
6393.999999999791,453.15,0.9999077822268418,3.769383858367703e-08,180.0
6395.999999999791,453.15,0.9999078575301689,3.765166348258693e-08,180.0
6397.999999999791,453.15,0.9999079327492655,3.760954830413877e-08,180.0
6399.999999999791,453.15,0.9999080078842514,3.756749294514019e-08,180.0
6401.999999999791,453.15,0.999908082935246,3.752549730255441e-08,180.0
6403.99999999979,453.15,0.9999081579023685,3.748356127356209e-08,180.0
6405.99999999979,453.15,0.999908232785738,3.744168475562306e-08,180.0
6407.99999999979,453.15,0.9999083075854733,3.739986764629001e-08,180.0
6409.99999999979,453.15,0.999908382301693,3.73581098433943e-08,180.0
6411.99999999979,453.15,0.9999084569345155,3.731641124498368e-08,180.0
6413.99999999979,453.15,0.999908531484059,3.727477174926008e-08,180.0
6415.99999999979,453.15,0.9999086059504415,3.723319125464132e-08,180.0
6417.99999999979,453.15,0.9999086803337808,3.7191669659822814e-08,180.0
6419.999999999789,453.15,0.9999087546341945,3.7150206863653406e-08,180.0
6421.999999999789,453.15,0.9999088288518,3.710880276513519e-08,180.0
6423.999999999789,453.15,0.9999089029867145,3.706745726354709e-08,180.0
6425.999999999789,453.15,0.999908977039055,3.7026170258320774e-08,180.0
6427.999999999789,453.15,0.9999090510089383,3.698494164916416e-08,180.0
6429.999999999789,453.15,0.999909124896481,3.6943771335875675e-08,180.0
6431.999999999789,453.15,0.9999091987017994,3.690265921859124e-08,180.0
6433.999999999789,453.15,0.9999092724250098,3.686160519753685e-08,180.0
6435.999999999788,453.15,0.9999093460662282,3.6820609173151964e-08,180.0
6437.999999999788,453.15,0.9999094196255702,3.6779671046150915e-08,180.0
6439.999999999788,453.15,0.9999094931031517,3.673879071739922e-08,180.0
6441.999999999788,453.15,0.9999095664990879,3.66979680879134e-08,180.0
6443.999999999788,453.15,0.999909639813494,3.665720305898409e-08,180.0
6445.999999999788,453.15,0.9999097130464851,3.661649553211408e-08,180.0
6447.999999999788,453.15,0.9999097861981759,3.6575845408894855e-08,180.0
6449.999999999788,453.15,0.9999098592686811,3.653525259125284e-08,180.0
6451.999999999787,453.15,0.9999099322581151,3.6494716981202674e-08,180.0
6453.999999999787,453.15,0.999910005166592,3.645423848103187e-08,180.0
6455.999999999787,453.15,0.999910077994226,3.6413816993177284e-08,180.0
6457.999999999787,453.15,0.9999101507411309,3.6373452420225025e-08,180.0
6459.999999999787,453.15,0.9999102234074202,3.633314466509476e-08,180.0
6461.999999999787,453.15,0.9999102959932075,3.6292893630793385e-08,180.0
6463.999999999787,453.15,0.9999103684986059,3.62526992205378e-08,180.0
6465.999999999787,453.15,0.9999104409237286,3.621256133775475e-08,180.0
6467.999999999786,453.15,0.9999105132686884,3.617247988608049e-08,180.0
6469.999999999786,453.15,0.9999105855335979,3.6132454769299167e-08,180.0
6471.999999999786,453.15,0.9999106577185697,3.609248589146541e-08,180.0
6473.999999999786,453.15,0.999910729823716,3.605257315671991e-08,180.0
6475.999999999786,453.15,0.9999108018491489,3.601271646947334e-08,180.0
6477.999999999786,453.15,0.9999108737949804,3.5972915734283396e-08,180.0
6479.999999999786,453.15,0.9999109456613222,3.5933170855915957e-08,180.0
6481.999999999786,453.15,0.9999110174482857,3.589348173934476e-08,180.0
6483.999999999785,453.15,0.9999110891559823,3.5853848289751246e-08,180.0
6485.999999999785,453.15,0.9999111607845231,3.5814270412462964e-08,180.0
6487.999999999785,453.15,0.9999112323340191,3.577474801295343e-08,180.0
6489.999999999785,453.15,0.9999113038045812,3.573528099702568e-08,180.0
6491.999999999785,453.15,0.9999113751963197,3.569586927050575e-08,180.0
6493.999999999785,453.15,0.9999114465093452,3.5656512739548665e-08,180.0
6495.999999999785,453.15,0.9999115177437677,3.561721131039333e-08,180.0
6497.999999999785,453.15,0.9999115888996976,3.5577964889545906e-08,180.0
6499.999999999784,453.15,0.9999116599772443,3.553877338359605e-08,180.0
6501.999999999784,453.15,0.9999117309765176,3.549963669946136e-08,180.0
6503.999999999784,453.15,0.9999118018976272,3.5460554744142484e-08,180.0
6505.999999999784,453.15,0.999911872740682,3.542152742478418e-08,180.0
6507.999999999784,453.15,0.9999119435057914,3.538255464885835e-08,180.0
6509.999999999784,453.15,0.9999120141930641,3.5343636323919374e-08,180.0
6511.999999999784,453.15,0.9999120848026088,3.5304772357726145e-08,180.0
6513.999999999784,453.15,0.9999121553345341,3.5265962658241824e-08,180.0
6515.9999999997835,453.15,0.9999122257889484,3.522720713363356e-08,180.0
6517.9999999997835,453.15,0.9999122961659598,3.518850569215031e-08,180.0
6519.9999999997835,453.15,0.9999123664656763,3.514985824236659e-08,180.0
6521.9999999997835,453.15,0.9999124366882056,3.511126469287735e-08,180.0
6523.9999999997835,453.15,0.9999125068336555,3.507272495260265e-08,180.0
6525.9999999997835,453.15,0.9999125769021334,3.503423893054352e-08,180.0
6527.9999999997835,453.15,0.9999126468937465,3.499580653590377e-08,180.0
6529.9999999997835,453.15,0.9999127168086018,3.4957427678150546e-08,180.0
6531.999999999783,453.15,0.9999127866468064,3.491910226683145e-08,180.0
6533.999999999783,453.15,0.9999128564084668,3.488083021169618e-08,180.0
6535.999999999783,453.15,0.9999129260936896,3.484261142269621e-08,180.0
6537.999999999783,453.15,0.9999129957025813,3.4804445809984644e-08,180.0
6539.999999999783,453.15,0.9999130652352478,3.4766333283794305e-08,180.0
6541.999999999783,453.15,0.9999131346917953,3.4728273754680795e-08,180.0
6543.999999999783,453.15,0.9999132040723296,3.4690267133218315e-08,180.0
6545.999999999783,453.15,0.9999132733769563,3.4652313330242604e-08,180.0
6547.999999999782,453.15,0.9999133426057809,3.461441225678989e-08,180.0
6549.999999999782,453.15,0.9999134117589086,3.457656382403598e-08,180.0
6551.999999999782,453.15,0.9999134808364445,3.453876794335672e-08,180.0
6553.999999999782,453.15,0.9999135498384936,3.4501024526267175e-08,180.0
6555.999999999782,453.15,0.9999136187651605,3.446333348448205e-08,180.0
6557.999999999782,453.15,0.99991368761655,3.442569472991548e-08,180.0
6559.999999999782,453.15,0.9999137563927664,3.4388108174559565e-08,180.0
6561.999999999782,453.15,0.9999138250939138,3.435057373066608e-08,180.0
6563.999999999781,453.15,0.9999138937200964,3.431309131068554e-08,180.0
6565.999999999781,453.15,0.999913962271418,3.427566082714592e-08,180.0
6567.999999999781,453.15,0.9999140307479825,3.4238282192834114e-08,180.0
6569.999999999781,453.15,0.9999140991498932,3.4200955320614125e-08,180.0
6571.999999999781,453.15,0.9999141674772534,3.416368012360846e-08,180.0
6573.999999999781,453.15,0.9999142357301664,3.412645651513731e-08,180.0
6575.999999999781,453.15,0.9999143039087351,3.408928440859743e-08,180.0
6577.999999999781,453.15,0.9999143720130625,3.405216371758292e-08,180.0
6579.99999999978,453.15,0.9999144400432513,3.4015094355884996e-08,180.0
6581.99999999978,453.15,0.9999145079994037,3.3978076237431375e-08,180.0
6583.99999999978,453.15,0.9999145758816222,3.394110927634646e-08,180.0
6585.99999999978,453.15,0.999914643690009,3.390419338695114e-08,180.0
6587.99999999978,453.15,0.999914711424666,3.3867328483641844e-08,180.0
6589.99999999978,453.15,0.999914779085695,3.3830514481071453e-08,180.0
6591.99999999978,453.15,0.9999148466731976,3.379375129402837e-08,180.0
6593.99999999978,453.15,0.9999149141872753,3.375703883749666e-08,180.0
6595.999999999779,453.15,0.9999149816280294,3.3720377026595516e-08,180.0
6597.999999999779,453.15,0.9999150489955609,3.3683765776579156e-08,180.0
6599.999999999779,453.15,0.999915116289971,3.364720500295709e-08,180.0
6601.999999999779,453.15,0.9999151835113602,3.361069462131319e-08,180.0
6603.999999999779,453.15,0.9999152506598293,3.3574234547486206e-08,180.0
6605.999999999779,453.15,0.9999153177354787,3.3537824697388876e-08,180.0
6607.999999999779,453.15,0.9999153847384087,3.3501464987188404e-08,180.0
6609.999999999779,453.15,0.9999154516687193,3.3465155333125666e-08,180.0
6611.999999999778,453.15,0.9999155185265106,3.3428895651695547e-08,180.0
6613.999999999778,453.15,0.9999155853118823,3.339268585946625e-08,180.0
6615.999999999778,453.15,0.999915652024934,3.335652587325959e-08,180.0
6617.999999999778,453.15,0.9999157186657652,3.3320415609970375e-08,180.0
6619.999999999778,453.15,0.9999157852344752,3.328435498674654e-08,180.0
6621.999999999778,453.15,0.999915851731163,3.324834392080873e-08,180.0
6623.999999999778,453.15,0.9999159181559277,3.3212382329630285e-08,180.0
6625.999999999778,453.15,0.999915984508868,3.317647013075688e-08,180.0
6627.999999999777,453.15,0.9999160507900825,3.3140607241986496e-08,180.0
6629.999999999777,453.15,0.9999161169996696,3.310479358118911e-08,180.0
6631.999999999777,453.15,0.9999161831377278,3.306902906648657e-08,180.0
6633.999999999777,453.15,0.9999162492043551,3.30333136160724e-08,180.0
6635.999999999777,453.15,0.9999163151996494,3.299764714833162e-08,180.0
6637.999999999777,453.15,0.9999163811237086,3.296202958184052e-08,180.0
6639.999999999777,453.15,0.9999164469766303,3.292646083530649e-08,180.0
6641.999999999777,453.15,0.9999165127585119,3.289094082762782e-08,180.0
6643.999999999776,453.15,0.9999165784694508,3.2855469477833546e-08,180.0
6645.999999999776,453.15,0.9999166441095442,3.282004670508335e-08,180.0
6647.999999999776,453.15,0.999916709678889,3.278467242872721e-08,180.0
6649.999999999776,453.15,0.9999167751775822,3.2749346568245376e-08,180.0
6651.999999999776,453.15,0.9999168406057203,3.271406904330804e-08,180.0
6653.999999999776,453.15,0.9999169059633999,3.2678839773715254e-08,180.0
6655.999999999776,453.15,0.9999169712507172,3.264365867945664e-08,180.0
6657.999999999776,453.15,0.9999170364677685,3.26085256807111e-08,180.0
6659.999999999775,453.15,0.99991710161465,3.2573440697727156e-08,180.0
6661.999999999775,453.15,0.9999171666914572,3.2538403650882605e-08,180.0
6663.999999999775,453.15,0.9999172316982862,3.250341446086343e-08,180.0
6665.999999999775,453.15,0.9999172966352322,3.246847304836505e-08,180.0
6667.999999999775,453.15,0.9999173615023909,3.2433579334330964e-08,180.0
6669.999999999775,453.15,0.9999174262998574,3.239873323977353e-08,180.0
6671.999999999775,453.15,0.9999174910277268,3.236393468589314e-08,180.0
6673.999999999775,453.15,0.999917555686094,3.2329183594078006e-08,180.0
6675.999999999774,453.15,0.9999176202750537,3.229447988584431e-08,180.0
6677.999999999774,453.15,0.9999176847947007,3.22598234828957e-08,180.0
6679.999999999774,453.15,0.9999177492451293,3.2225214307003883e-08,180.0
6681.999999999774,453.15,0.9999178136264338,3.2190652280127694e-08,180.0
6683.999999999774,453.15,0.9999178779387085,3.2156137324472356e-08,180.0
6685.999999999774,453.15,0.9999179421820472,3.2121669362251175e-08,180.0
6687.999999999774,453.15,0.9999180063565438,3.2087248315864046e-08,180.0
6689.999999999774,453.15,0.9999180704622921,3.205287410795664e-08,180.0
6691.9999999997735,453.15,0.9999181344993854,3.201854666118234e-08,180.0
6693.9999999997735,453.15,0.9999181984679172,3.198426589849941e-08,180.0
6695.9999999997735,453.15,0.9999182623679806,3.195003174287354e-08,180.0
6697.9999999997735,453.15,0.9999183261996689,3.191584411751546e-08,180.0
6699.9999999997735,453.15,0.9999183899630748,3.1881702945702497e-08,180.0
6701.9999999997735,453.15,0.9999184536582911,3.184760815095658e-08,180.0
6703.9999999997735,453.15,0.9999185172854105,3.181355965686592e-08,180.0
6705.9999999997735,453.15,0.9999185808445252,3.1779557387203634e-08,180.0
6707.999999999773,453.15,0.9999186443357277,3.1745601265927457e-08,180.0
6709.999999999773,453.15,0.9999187077591102,3.1711691217061004e-08,180.0
6711.999999999773,453.15,0.9999187711147645,3.167782716481222e-08,180.0
6713.999999999773,453.15,0.9999188344027825,3.164400903357316e-08,180.0
6715.999999999773,453.15,0.999918897623256,3.161023674780131e-08,180.0
6717.999999999773,453.15,0.9999189607762765,3.157651023213797e-08,180.0
6719.999999999773,453.15,0.9999190238619353,3.1542829411408014e-08,180.0
6721.999999999773,453.15,0.9999190868803237,3.1509194210560496e-08,180.0
6723.999999999772,453.15,0.9999191498315328,3.1475604554668524e-08,180.0
6725.999999999772,453.15,0.9999192127156535,3.144206036892909e-08,180.0
6727.999999999772,453.15,0.9999192755327767,3.1408561578781235e-08,180.0
6729.999999999772,453.15,0.999919338282993,3.1375108109669256e-08,180.0
6731.999999999772,453.15,0.9999194009663928,3.134169988727914e-08,180.0
6733.999999999772,453.15,0.9999194635830664,3.13083368374201e-08,180.0
6735.999999999772,453.15,0.9999195261331042,3.1275018886083495e-08,180.0
6737.999999999772,453.15,0.9999195886165961,3.124174595926548e-08,180.0
6739.999999999771,453.15,0.9999196510336321,3.1208517983262176e-08,180.0
6741.999999999771,453.15,0.9999197133843019,3.117533488443324e-08,180.0
6743.999999999771,453.15,0.999919775668695,3.114219658931979e-08,180.0
6745.999999999771,453.15,0.9999198378869011,3.110910302452624e-08,180.0
6747.999999999771,453.15,0.9999199000390093,3.107605411689717e-08,180.0
6749.999999999771,453.15,0.9999199621251089,3.104304979334008e-08,180.0
6751.999999999771,453.15,0.9999200241452889,3.1010089980943334e-08,180.0
6753.999999999771,453.15,0.9999200860996381,3.097717460691692e-08,180.0
6755.99999999977,453.15,0.9999201479882454,3.094430359865128e-08,180.0
6757.99999999977,453.15,0.9999202098111991,3.091147688359928e-08,180.0
6759.99999999977,453.15,0.9999202715685879,3.0878694389452795e-08,180.0
6761.99999999977,453.15,0.9999203332605,3.084595604396586e-08,180.0
6763.99999999977,453.15,0.9999203948870236,3.08132617750134e-08,180.0
6765.99999999977,453.15,0.9999204564482466,3.078061151070879e-08,180.0
6767.99999999977,453.15,0.999920517944257,3.074800517922713e-08,180.0
6769.99999999977,453.15,0.9999205793751423,3.0715442708863976e-08,180.0
6771.999999999769,453.15,0.9999206407409904,3.068292402815274e-08,180.0
6773.999999999769,453.15,0.9999207020418885,3.0650449065629404e-08,180.0
6775.999999999769,453.15,0.999920763277924,3.061801775006747e-08,180.0
6777.999999999769,453.15,0.9999208244491841,3.0585630010360246e-08,180.0
6779.999999999769,453.15,0.9999208855557556,3.055328577546198e-08,180.0
6781.999999999769,453.15,0.9999209465977256,3.05209849745639e-08,180.0
6783.999999999769,453.15,0.9999210075751807,3.048872753697657e-08,180.0
6785.999999999769,453.15,0.9999210684882074,3.0456513392071096e-08,180.0
6787.999999999768,453.15,0.9999211293368924,3.042434246945498e-08,180.0
6789.999999999768,453.15,0.9999211901213217,3.039221469873738e-08,180.0
6791.999999999768,453.15,0.9999212508415818,3.0360130009822085e-08,180.0
6793.999999999768,453.15,0.9999213114977584,3.032808833261432e-08,180.0
6795.999999999768,453.15,0.9999213720899376,3.029608959725493e-08,180.0
6797.999999999768,453.15,0.9999214326182051,3.026413373394452e-08,180.0
6799.999999999768,453.15,0.9999214930826464,3.02322206730019e-08,180.0
6801.999999999768,453.15,0.9999215534833471,3.0200350344981e-08,180.0
6803.999999999767,453.15,0.9999216138203925,3.0168522680495077e-08,180.0
6805.999999999767,453.15,0.9999216740938677,3.013673761027513e-08,180.0
6807.999999999767,453.15,0.9999217343038578,3.010499506522827e-08,180.0
6809.999999999767,453.15,0.9999217944504477,3.007329497637903e-08,180.0
6811.999999999767,453.15,0.9999218545337223,3.0041637274869244e-08,180.0
6813.999999999767,453.15,0.9999219145537661,3.001002189195793e-08,180.0
6815.999999999767,453.15,0.9999219745106637,2.997844875907953e-08,180.0
6817.999999999767,453.15,0.9999220344044993,2.994691780778535e-08,180.0
6819.999999999766,453.15,0.9999220942353573,2.991542896974342e-08,180.0
6821.999999999766,453.15,0.9999221540033216,2.9883982176796686e-08,180.0
6823.999999999766,453.15,0.9999222137084763,2.985257736084617e-08,180.0
6825.999999999766,453.15,0.9999222733509052,2.982121445396754e-08,180.0
6827.999999999766,453.15,0.999922332930692,2.978989338835262e-08,180.0
6829.999999999766,453.15,0.9999223924479201,2.975861409630922e-08,180.0
6831.999999999766,453.15,0.9999224519026731,2.9727376510319314e-08,180.0
6833.999999999766,453.15,0.9999225112950343,2.969618056292231e-08,180.0
6835.999999999765,453.15,0.9999225706250867,2.9665026186831473e-08,180.0
6837.999999999765,453.15,0.9999226298929134,2.9633913314875513e-08,180.0
6839.999999999765,453.15,0.9999226890985972,2.960284188005663e-08,180.0
6841.999999999765,453.15,0.9999227482422208,2.9571811815433967e-08,180.0
6843.999999999765,453.15,0.999922807323867,2.954082305423988e-08,180.0
6845.999999999765,453.15,0.999922866343618,2.9509875529821584e-08,180.0
6847.999999999765,453.15,0.9999229253015564,2.9478969175641025e-08,180.0
6849.999999999765,453.15,0.9999229841977642,2.944810392533288e-08,180.0
6851.999999999764,453.15,0.9999230430323236,2.941727971258813e-08,180.0
6853.999999999764,453.15,0.9999231018053165,2.9386496471212117e-08,180.0
6855.999999999764,453.15,0.9999231605168248,2.9355754135240535e-08,180.0
6857.999999999764,453.15,0.9999232191669302,2.932505263870696e-08,180.0
6859.999999999764,453.15,0.999923277755714,2.9294391915875e-08,180.0
6861.999999999764,453.15,0.9999233362832578,2.926377190112199e-08,180.0
6863.999999999764,453.15,0.9999233947496429,2.9233192528880847e-08,180.0
6865.999999999764,453.15,0.9999234531549503,2.920265373375602e-08,180.0
6867.9999999997635,453.15,0.9999235114992613,2.917215545046529e-08,180.0
6869.9999999997635,453.15,0.9999235697826565,2.914169761383966e-08,180.0
6871.9999999997635,453.15,0.9999236280052168,2.9111280158881164e-08,180.0
6873.9999999997635,453.15,0.9999236861670229,2.9080903020646805e-08,180.0
6875.9999999997635,453.15,0.9999237442681551,2.9050566134364354e-08,180.0
6877.9999999997635,453.15,0.9999238023086939,2.902026943537422e-08,180.0
6879.9999999997635,453.15,0.9999238602887196,2.8990012859129353e-08,180.0
6881.9999999997635,453.15,0.9999239182083123,2.8959796341195096e-08,180.0
6883.999999999763,453.15,0.9999239760675519,2.8929619817249078e-08,180.0
6885.999999999763,453.15,0.9999240338665183,2.889948322313892e-08,180.0
6887.999999999763,453.15,0.9999240916052913,2.8869386494824186e-08,180.0
6889.999999999763,453.15,0.9999241492839505,2.8839329568318526e-08,180.0
6891.999999999763,453.15,0.9999242069025752,2.8809312379805127e-08,180.0
6893.999999999763,453.15,0.9999242644612449,2.8779334865636533e-08,180.0
6895.999999999763,453.15,0.9999243219600389,2.8749396962218975e-08,180.0
6897.999999999763,453.15,0.9999243793990361,2.871949860607002e-08,180.0
6899.999999999762,453.15,0.9999244367783156,2.8689639733876183e-08,180.0
6901.999999999762,453.15,0.9999244940979561,2.8659820282435012e-08,180.0
6903.999999999762,453.15,0.9999245513580365,2.8630040188597304e-08,180.0
6905.999999999762,453.15,0.9999246085586353,2.8600299389440044e-08,180.0
6907.999999999762,453.15,0.999924665699831,2.8570597822035528e-08,180.0
6909.999999999762,453.15,0.9999247227817019,2.854093542368194e-08,180.0
6911.999999999762,453.15,0.9999247798043261,2.85113121317302e-08,180.0
6913.999999999762,453.15,0.9999248367677819,2.848172788369915e-08,180.0
6915.999999999761,453.15,0.9999248936721471,2.8452182617217745e-08,180.0
6917.999999999761,453.15,0.9999249505174996,2.8422676269967385e-08,180.0
6919.999999999761,453.15,0.9999250073039172,2.8393208779796956e-08,180.0
6921.999999999761,453.15,0.9999250640314774,2.8363780084665123e-08,180.0
6923.999999999761,453.15,0.9999251207002576,2.8334390122640153e-08,180.0
6925.999999999761,453.15,0.9999251773103353,2.830503883195736e-08,180.0
6927.999999999761,453.15,0.9999252338617876,2.8275726150903896e-08,180.0
6929.999999999761,453.15,0.9999252903546916,2.824645201787619e-08,180.0
6931.99999999976,453.15,0.9999253467891244,2.821721637143728e-08,180.0
6933.99999999976,453.15,0.9999254031651627,2.8188019150201742e-08,180.0
6935.99999999976,453.15,0.9999254594828832,2.8158860293007896e-08,180.0
6937.99999999976,453.15,0.9999255157423628,2.8129739738687928e-08,180.0
6939.99999999976,453.15,0.9999255719436776,2.8100657426240083e-08,180.0
6941.99999999976,453.15,0.9999256280869042,2.807161329482848e-08,180.0
6943.99999999976,453.15,0.9999256841721188,2.804260728361082e-08,180.0
6945.99999999976,453.15,0.9999257401993975,2.8013639331967805e-08,180.0
6947.999999999759,453.15,0.9999257961688163,2.798470937933089e-08,180.0
6949.999999999759,453.15,0.999925852080451,2.7955817365296836e-08,180.0
6951.999999999759,453.15,0.9999259079343775,2.7926963229512955e-08,180.0
6953.999999999759,453.15,0.9999259637306713,2.78981469117916e-08,180.0
6955.999999999759,453.15,0.9999260194694081,2.7869368352052722e-08,180.0
6957.999999999759,453.15,0.999926075150663,2.7840627490266512e-08,180.0
6959.999999999759,453.15,0.9999261307745115,2.7811924266625024e-08,180.0
6961.999999999759,453.15,0.9999261863410288,2.778325862131306e-08,180.0
6963.999999999758,453.15,0.9999262418502898,2.7754630494679815e-08,180.0
6965.999999999758,453.15,0.9999262973023695,2.772603982723865e-08,180.0
6967.999999999758,453.15,0.9999263526973426,2.769748655949542e-08,180.0
6969.999999999758,453.15,0.9999264080352839,2.7668970632177126e-08,180.0
6971.999999999758,453.15,0.9999264633162679,2.7640491986117315e-08,180.0
6973.999999999758,453.15,0.999926518540369,2.7612050562141805e-08,180.0
6975.999999999758,453.15,0.9999265737076616,2.7583646301354163e-08,180.0
6977.999999999758,453.15,0.9999266288182199,2.75552791447929e-08,180.0
6979.999999999757,453.15,0.999926683872118,2.7526949033716874e-08,180.0
6981.999999999757,453.15,0.9999267388694298,2.7498655909490973e-08,180.0
6983.999999999757,453.15,0.9999267938102293,2.7470399713585936e-08,180.0
6985.999999999757,453.15,0.99992684869459,2.7442180387521272e-08,180.0
6987.999999999757,453.15,0.9999269035225857,2.7413997873036183e-08,180.0
6989.999999999757,453.15,0.9999269582942899,2.7385852111861395e-08,180.0
6991.999999999757,453.15,0.999927013009776,2.735774304589005e-08,180.0
6993.999999999757,453.15,0.9999270676691173,2.7329670617063675e-08,180.0
6995.999999999756,453.15,0.9999271222723869,2.7301634767542877e-08,180.0
6997.999999999756,453.15,0.9999271768196578,2.7273635439536377e-08,180.0
6999.999999999756,453.15,0.9999272313110029,2.7245672575357832e-08,180.0
7001.999999999756,453.15,0.9999272857464951,2.7217746117482627e-08,180.0
7003.999999999756,453.15,0.9999273401262072,2.718985600837706e-08,180.0
7005.999999999756,453.15,0.9999273944502116,2.716200219066895e-08,180.0
7007.999999999756,453.15,0.9999274487185809,2.713418460714745e-08,180.0
7009.999999999756,453.15,0.9999275029313872,2.7106403200649202e-08,180.0
7011.999999999755,453.15,0.9999275570887031,2.7078657914171912e-08,180.0
7013.999999999755,453.15,0.9999276111906005,2.7050948690703784e-08,180.0
7015.999999999755,453.15,0.9999276652371514,2.7023275473450672e-08,180.0
7017.999999999755,453.15,0.9999277192284278,2.6995638205722273e-08,180.0
7019.999999999755,453.15,0.9999277731645014,2.6968036830818538e-08,180.0
7021.999999999755,453.15,0.999927827045444,2.694047129231336e-08,180.0
7023.999999999755,453.15,0.9999278808713271,2.6912941533713923e-08,180.0
7025.999999999755,453.15,0.9999279346422221,2.688544749874435e-08,180.0
7027.999999999754,453.15,0.9999279883582003,2.6857989131232027e-08,180.0
7029.999999999754,453.15,0.999928042019333,2.683056637505085e-08,180.0
7031.999999999754,453.15,0.9999280956256914,2.6803179174177826e-08,180.0
7033.999999999754,453.15,0.9999281491773464,2.6775827472749604e-08,180.0
7035.999999999754,453.15,0.9999282026743689,2.674851121494904e-08,180.0
7037.999999999754,453.15,0.9999282561168296,2.672123034511837e-08,180.0
7039.999999999754,453.15,0.9999283095047992,2.6693984807702434e-08,180.0
7041.999999999754,453.15,0.9999283628383483,2.6666774547191983e-08,180.0
7043.9999999997535,453.15,0.9999284161175473,2.6639599508180196e-08,180.0
7045.9999999997535,453.15,0.9999284693424666,2.6612459635419144e-08,180.0
7047.9999999997535,453.15,0.9999285225131763,2.6585354873763017e-08,180.0
7049.9999999997535,453.15,0.9999285756297467,2.6558285168111556e-08,180.0
7051.9999999997535,453.15,0.9999286286922476,2.6531250463466466e-08,180.0
7053.9999999997535,453.15,0.999928681700749,2.6504250704987822e-08,180.0
7055.9999999997535,453.15,0.9999287346553207,2.64772858379374e-08,180.0
7057.9999999997535,453.15,0.9999287875560323,2.6450355807565645e-08,180.0
7059.999999999753,453.15,0.9999288404029535,2.6423460559393928e-08,180.0
7061.999999999753,453.15,0.9999288931961535,2.6396600038875652e-08,180.0
7063.999999999753,453.15,0.9999289459357019,2.636977419173482e-08,180.0
7065.999999999753,453.15,0.9999289986216678,2.6342982963627328e-08,180.0
7067.999999999753,453.15,0.9999290512541205,2.631622630042299e-08,180.0
7069.999999999753,453.15,0.9999291038331287,2.628950414803617e-08,180.0
7071.999999999753,453.15,0.9999291563587617,2.626281645253846e-08,180.0
7073.999999999753,453.15,0.999929208831088,2.623616315998946e-08,180.0
7075.999999999752,453.15,0.9999292612501764,2.620954421666214e-08,180.0
7077.999999999752,453.15,0.9999293136160956,2.6182959568929916e-08,180.0
7079.999999999752,453.15,0.9999293659289139,2.615640916315403e-08,180.0
7081.999999999752,453.15,0.9999294181886998,2.6129892945908617e-08,180.0
7083.999999999752,453.15,0.9999294703955216,2.6103410863755443e-08,180.0
7085.999999999752,453.15,0.9999295225494473,2.6076962863468924e-08,180.0
7087.999999999752,453.15,0.9999295746505451,2.605054889186717e-08,180.0
7089.999999999752,453.15,0.9999296266988829,2.6024168895868158e-08,180.0
7091.999999999751,453.15,0.9999296786945285,2.5997822822489633e-08,180.0
7093.999999999751,453.15,0.9999297306375498,2.5971510618792824e-08,180.0
7095.999999999751,453.15,0.9999297825280142,2.5945232232050873e-08,180.0
7097.999999999751,453.15,0.9999298343659895,2.591898760952402e-08,180.0
7099.999999999751,453.15,0.9999298861515429,2.5892776698628014e-08,180.0
7101.999999999751,453.15,0.9999299378847418,2.586659944687782e-08,180.0
7103.999999999751,453.15,0.9999299895656534,2.584045580183141e-08,180.0
7105.999999999751,453.15,0.9999300411943448,2.581434571125799e-08,180.0
7107.99999999975,453.15,0.9999300927708831,2.5788269122857376e-08,180.0
7109.99999999975,453.15,0.999930144295335,2.5762225984540403e-08,180.0
7111.99999999975,453.15,0.9999301957677675,2.5736216244316568e-08,180.0
7113.99999999975,453.15,0.9999302471882472,2.571023985018189e-08,180.0
7115.99999999975,453.15,0.9999302985568407,2.5684296750398997e-08,180.0
7117.99999999975,453.15,0.9999303498736145,2.5658386893160804e-08,180.0
7119.99999999975,453.15,0.999930401138635,2.5632510226814576e-08,180.0
7121.99999999975,453.15,0.9999304523519683,2.560666669986173e-08,180.0
7123.999999999749,453.15,0.9999305035136808,2.5580856260845745e-08,180.0
7125.999999999749,453.15,0.9999305546238385,2.5555078858352164e-08,180.0
7127.999999999749,453.15,0.9999306056825074,2.5529334441176267e-08,180.0
7129.999999999749,453.15,0.9999306566897532,2.5503622958099246e-08,180.0
7131.999999999749,453.15,0.999930707645642,2.547794435805589e-08,180.0
7133.999999999749,453.15,0.9999307585502392,2.5452298590022648e-08,180.0
7135.999999999749,453.15,0.9999308094036103,2.5426685603129336e-08,180.0
7137.999999999749,453.15,0.999930860205821,2.540110534660309e-08,180.0
7139.999999999748,453.15,0.9999309109569365,2.5375557769712447e-08,180.0
7141.999999999748,453.15,0.9999309616570222,2.5350042821823115e-08,180.0
7143.999999999748,453.15,0.9999310123061431,2.5324560452397884e-08,180.0
7145.999999999748,453.15,0.9999310629043643,2.5299110611052264e-08,180.0
7147.999999999748,453.15,0.9999311134517508,2.5273693247442815e-08,180.0
7149.999999999748,453.15,0.9999311639483675,2.524830831126709e-08,180.0
7151.999999999748,453.15,0.999931214394279,2.522295575237507e-08,180.0
7153.999999999748,453.15,0.9999312647895501,2.519763552071329e-08,180.0
7155.999999999747,453.15,0.9999313151342452,2.51723475663247e-08,180.0
7157.999999999747,453.15,0.9999313654284289,2.514709183934857e-08,180.0
7159.999999999747,453.15,0.9999314156721655,2.5121868289909063e-08,180.0
7161.999999999747,453.15,0.9999314658655192,2.5096676868337873e-08,180.0
7163.999999999747,453.15,0.9999315160085542,2.5071517525062704e-08,180.0
7165.999999999747,453.15,0.9999315661013346,2.5046390210495896e-08,180.0
7167.999999999747,453.15,0.9999316161439243,2.502129487525695e-08,180.0
7169.999999999747,453.15,0.9999316661363873,2.499623146994985e-08,180.0
7171.999999999746,453.15,0.9999317160787872,2.497119994532986e-08,180.0
7173.999999999746,453.15,0.9999317659711877,2.49462002522478e-08,180.0
7175.999999999746,453.15,0.9999318158136524,2.4921232341594352e-08,180.0
7177.999999999746,453.15,0.9999318656062448,2.489629616441115e-08,180.0
7179.999999999746,453.15,0.9999319153490281,2.48713916717795e-08,180.0
7181.999999999746,453.15,0.9999319650420658,2.4846518814931424e-08,180.0
7183.999999999746,453.15,0.9999320146854209,2.482167754508295e-08,180.0
7185.999999999746,453.15,0.9999320642791566,2.4796867813656108e-08,180.0
7187.999999999745,453.15,0.9999321138233357,2.47720895720568e-08,180.0
7189.999999999745,453.15,0.9999321633180213,2.474734277189665e-08,180.0
7191.999999999745,453.15,0.999932212763276,2.4722627364715578e-08,180.0
7193.999999999745,453.15,0.9999322621591626,2.4697943302259018e-08,180.0
7195.999999999745,453.15,0.9999323115057437,2.4673290536366844e-08,180.0
7197.999999999745,453.15,0.9999323608030817,2.46486690189179e-08,180.0
7199.999999999745,453.15,0.9999324100512391,2.4624078701885323e-08,180.0
