t,T,x,xdot,idx
0,288.15,0.001,0.0,15
2,288.15,0.0010013301034353572,3.990310306071845e-05,15
4,288.15,0.0010051712441579506,0.00011523422167780063,15
6,288.15,0.0010123141920957187,0.0002142884381330411,15
8,288.15,0.0010234067017046917,0.0003327752882691889,15
10,288.15,0.0010390128724825744,0.0004681851233364827,15
12,288.15,0.0010596398602392089,0.0006188096326990359,15
14,288.15,0.0010857527097011838,0.0007833854838592515,15
16,288.15,0.0011177836237624811,0.0009609274218389181,15
18,288.15,0.001156138220419773,0.0011506378997187573,15
20,288.15,0.0012011999936403488,0.001351853196617274,15
22,288.15,0.0012533336264524766,0.0015640089843638356,15
24,288.15,0.0013128875309957049,0.0017866171362968491,15
26,288.15,0.001380195845985193,0.002019249449684646,15
28,288.15,0.0014555800404335848,0.0022615258334517533,15
30,288.15,0.0015393502236711791,0.0025131054971278322,15
32,288.15,0.0016318062311639326,0.002773680224782603,15
34,288.15,0.0017332385357776002,0.0030429691384100312,15
36,288.15,0.0018439290208123577,0.0033207145510427256,15
38,288.15,0.0019641516419392656,0.0036066786338072323,15
40,288.15,0.0020941729986734127,0.0039006407020244147,15
42,288.15,0.0022342528313301184,0.004202394979701178,15
44,288.15,0.00238464445596351,0.004511748739001755,15
46,288.15,0.0025455951472101333,0.004828520737398696,15
48,288.15,0.0027173464770053938,0.005152539893857815,15
50,288.15,0.0029001346156375275,0.0054836441589640105,15
52,288.15,0.0030941906004339223,0.005821679543891847,15
54,288.15,0.003299740576453978,0.006166499280601679,15
56,288.15,0.0035170060128308107,0.006517963091304972,15
58,288.15,0.003746203897816854,0.006875936549581293,15
60,288.15,0.00398754691511316,0.007240290518889193,15
62,288.15,0.004241243603674512,0.007610900656840547,15
64,288.15,0.004507498502863881,0.00798764697568109,15
66,288.15,0.0047865122845662045,0.008370413451069713,15
68,288.15,0.005078481873651945,0.008759087672572234,15
70,288.15,0.005383600557997097,0.00915356053035456,15
72,288.15,0.005702058089111414,0.009553725933429508,15
74,288.15,0.006034040774295544,0.009959480555523925,15
76,288.15,0.006379731561136169,0.010370723605218755,15
78,288.15,0.006739310115052863,0.01078735661750083,15
80,288.15,0.007112952890528509,0.011209283264269369,15
82,288.15,0.007500833196584477,0.011636409181679052,15
84,288.15,0.007903121257000678,0.012068641812486021,15
86,288.15,0.008319984265727477,0.012505890261803973,15
88,288.15,0.00875158643789019,0.012948065164881385,15
90,288.15,0.009198089056746357,0.013395078565685033,15
92,288.15,0.009659650516920472,0.013846843805223441,15
94,288.15,0.010136426364209531,0.014303275418671787,15
96,288.15,0.010628569332225184,0.01476428904046957,15
98,288.15,0.011136229376113766,0.015229801316657476,15
100,288.15,0.011659553703573843,0.015699729823802328,15
102,288.15,0.01219868680337153,0.016173992993930603,15
104,288.15,0.01275377047153665,0.01665251004495361,15
106,288.15,0.013324943835407384,0.017135200916122063,15
108,288.15,0.013912343375677247,0.01762198620809587,15
110,288.15,0.014516102946585813,0.018112787127256967,15
112,288.15,0.015136353794383496,0.018607525433930502,15
114,288.15,0.015773224574190572,0.0191061233942123,15
116,288.15,0.016426841365361565,0.01960850373512979,15
118,288.15,0.01709732768545788,0.020114589602889418,15
120,288.15,0.0177848045029241,0.0206243045239866,15
122,288.15,0.018489390248556586,0.021137572368974625,15
124,288.15,0.019211200825846833,0.021654317318707452,15
126,288.15,0.01995034962027642,0.02217446383288756,15
128,288.15,0.020706947507635243,0.022697936620764737,15
130,288.15,0.02148110286143008,0.023224660613845087,15
132,288.15,0.02227292155944611,0.023754560940480934,15
134,288.15,0.02308250698952023,0.02428756290222362,15
136,288.15,0.023909960054581243,0.02482359195183038,15
138,288.15,0.024755379177008756,0.025362573672825395,15
140,288.15,0.025618860302359523,0.02590443376052297,15
142,288.15,0.026500496902507123,0.026449098004428025,15
144,288.15,0.027400379978238312,0.02699649227193563,15
146,288.15,0.028318598061346876,0.027546542493256877,15
148,288.15,0.029255237216263687,0.02809917464750439,15
150,288.15,0.03021038104125952,0.028654314749875058,15
152,288.15,0.03118411066925527,0.02921188883987245,15
154,288.15,0.03217650476827245,0.02977182297051536,15
156,288.15,0.033187639541555194,0.030334043198482496,15
158,288.15,0.03421758872739343,0.030898475575147168,15
160,288.15,0.03526642359867538,0.03146504613845841,15
162,288.15,0.03633421296219633,0.032033680905628456,15
164,288.15,0.03742102315774928,0.03260430586658851,15
166,288.15,0.038526918057021874,0.03317684697817787,15
168,288.15,0.039651959062322974,0.03375123015903301,15
170,288.15,0.04079620510516117,0.034327381285145855,15
172,288.15,0.04195971264469657,0.03490522618606203,15
174,288.15,0.04314253566608629,0.03548469064169171,15
176,288.15,0.044344725678743216,0.036065700379707584,15
178,288.15,0.045566331714526724,0.03664818107350525,15
180,288.15,0.046807400325883514,0.03723205834070375,15
182,288.15,0.048067975583955654,0.03781725774216417,15
184,288.15,0.04934809907667253,0.03840370478150629,15
186,288.15,0.05064780990684265,0.03899132490510372,15
188,288.15,0.05196714469026064,0.03958004350253961,15
190,288.15,0.05330613755384414,0.040169785907505105,15
192,288.15,0.05466482013381496,0.04076047739912465,15
194,288.15,0.05604322157393803,0.04135204320369208,15
196,288.15,0.057441368523831464,0.041944408496802865,15
198,288.15,0.058859285137360405,0.04253749840586831,15
200,288.15,0.06029699307112701,0.04313123801299802,15
202,288.15,0.06175451148306827,0.043725552358237996,15
204,288.15,0.06323185703117333,0.044320366443151744,15
206,288.15,0.0647290438723311,0.04491560523473286,15
208,288.15,0.06624608366131901,0.04551119366963748,15
210,288.15,0.0677829855499432,0.046107056658725935,15
212,288.15,0.06933975618633997,0.046703119091903125,15
214,288.15,0.07091639971444823,0.04729930584324756,15
216,288.15,0.0725129177736622,0.047895541776419345,15
218,288.15,0.07412930949867347,0.048491751750337916,15
220,288.15,0.07576557151951081,0.04908786062512039,15
222,288.15,0.07742169796178655,0.04968379326827197,15
224,288.15,0.07909768044715722,0.050279474561119836,15
226,288.15,0.08079350809400664,0.050874829405482554,15
228,288.15,0.08250916751835886,0.05146978273056696,15
230,288.15,0.08424464283502836,0.052064259500084906,15
232,288.15,0.08599991565901444,0.05265818471958233,15
234,288.15,0.08777496510714689,0.053251483443973624,15
236,288.15,0.08956976779998935,0.053844080785273946,15
238,288.15,0.09138429786400677,0.05443590192052272,15
240,288.15,0.09321852693400316,0.05502687209989158,15
242,288.15,0.0950724241558355,0.05561691665497032,15
244,288.15,0.09694595618940964,0.056205961007224144,15
246,288.15,0.09883908721196351,0.05679393067661612,15
248,288.15,0.10075177892164314,0.05738075129038866,15
250,288.15,0.1026839905413764,0.05796634859199786,15
252,288.15,0.10463567882304957,0.05855064845019494,15
254,288.15,0.10660679805199119,0.05913357686824883,15
256,288.15,0.10859730005176799,0.059715059993304044,15
258,288.15,0.11060713418929694,0.060295024125868596,15
260,288.15,0.1126362473802778,0.060873395729425885,15
262,288.15,0.11468458409494998,0.06145010144016543,15
264,288.15,0.11675208636417755,0.06202506807682707,15
266,288.15,0.11883869378586598,0.0625982226506528,15
268,288.15,0.12094434353171404,0.06316949237544187,15
270,288.15,0.12306897035430414,0.06373880467770288,15
272,288.15,0.1252125065945341,0.06430608720689865,15
274,288.15,0.12737488218939336,0.06487126784577821,15
276,288.15,0.1295560246800864,0.06543427472079102,15
278,288.15,0.13175585922050567,0.06599503621257867,15
280,288.15,0.13397430858605697,0.06655348096653851,15
282,288.15,0.1362112931828388,0.06710953790345522,15
284,288.15,0.13846673105717863,0.06766313623019458,15
286,288.15,0.14074053790552712,0.06821420545045516,15
288,288.15,0.1430326270847129,0.06876267537557289,15
290,288.15,0.1453429096225587,0.0693084761353741,15
292,288.15,0.14767129422886108,0.06985153818907182,15
294,288.15,0.15001768730673445,0.07039179233620124,15
296,288.15,0.15238199296432076,0.07092916972758913,15
298,288.15,0.15476411302686585,0.07146360187635317,15
300,288.15,0.1571639470491634,0.0719950206689261,15
302,288.15,0.15958139232836674,0.07252335837610047,15
304,288.15,0.16201634391716974,0.0730485476640895,15
306,288.15,0.16446869463735636,0.07357052160559913,15
308,288.15,0.16693833509371994,0.07408921369090747,15
310,288.15,0.16942515368835148,0.0746045578389465,15
312,288.15,0.17192903663529754,0.07511648840838221,15
314,288.15,0.17444986797558715,0.07562494020868846,15
316,288.15,0.17698752959262748,0.07612984851121012,15
318,288.15,0.17954190122796787,0.07663114906021162,15
320,288.15,0.18211286049743142,0.07712877808390597,15
322,288.15,0.18470028290761342,0.07762267230546052,15
324,288.15,0.1873040418727459,0.07811276895397493,15
326,288.15,0.1899240087319268,0.07859900577542701,15
328,288.15,0.1925600527667129,0.07908132104358259,15
330,288.15,0.19521204121907507,0.07955965357086495,15
332,288.15,0.1978798393097144,0.08003394271917964,15
334,288.15,0.20056331025673743,0.0805041284106908,15
336,288.15,0.2032623152946889,0.08097015113854461,15
338,288.15,0.2059767136939401,0.0814319519775361,15
340,288.15,0.2087063627804306,0.08188947259471488,15
342,288.15,0.21145111795576146,0.0823426552599262,15
344,288.15,0.21421083271763758,0.0827914428562831,15
346,288.15,0.21698535868065644,0.08323577889056569,15
348,288.15,0.21977454559744122,0.08367560750354372,15
350,288.15,0.22257824138011517,0.08411087348021858,15
352,288.15,0.22539629212211454,0.08454152225998086,15
354,288.15,0.2282285421203372,0.08496749994667936,15
356,288.15,0.2310748338976238,0.08538875331859828,15
358,288.15,0.2339350082255684,0.08580522983833828,15
360,288.15,0.236808904147655,0.08621687766259825,15
362,288.15,0.2396963590027168,0.08662364565185343,15
364,288.15,0.24259720844871435,0.08702548337992688,15
366,288.15,0.24551128648682935,0.08742234114345021,15
368,288.15,0.2484384254858697,0.08781416997121029,15
370,288.15,0.2513784562069823,0.08820092163337824,15
372,288.15,0.2543312078286695,0.08858254865061722,15
374,288.15,0.25729650797210507,0.08895900430306568,15
376,288.15,0.2602741827267448,0.08933024263919231,15
378,288.15,0.2632640566762288,0.08969621848452004,15
380,288.15,0.26626595292456934,0.09005688745021476,15
382,288.15,0.26927969312262057,0.09041220594153634,15
384,288.15,0.2723050974948255,0.09076213116614827,15
386,288.15,0.27534198486623496,0.0911066211422829,15
388,288.15,0.2783901726897936,0.09144563470675887,15
390,288.15,0.28144947707388857,0.09177913152284815,15
392,288.15,0.28451971281015487,0.092107072087989,15
394,288.15,0.28760069340153294,0.09242941774134243,15
396,288.15,0.2906922310905726,0.09274613067118873,15
398,288.15,0.29379413688797795,0.09305717392216167,15
400,288.15,0.2969062206013885,0.093362511402317,15
402,288.15,0.3000282908643896,0.09366210789003292,15
404,288.15,0.30316015516574757,0.0939559290407396,15
406,288.15,0.3063016198788634,0.09424394139347479,15
408,288.15,0.30945249029143884,0.09452611237726374,15
410,288.15,0.3126125706353495,0.09480241031731969,15
412,288.15,0.31578166411671826,0.09507280444106347,15
414,288.15,0.31895957294618354,0.09533726488395924,15
416,288.15,0.3221460983693557,0.09559576269516404,15
418,288.15,0.32534104069745534,0.09584826984298897,15
420,288.15,0.3285441993381277,0.09609475922016966,15
422,288.15,0.3317553728264258,0.0963352046489437,15
424,288.15,0.33497435885595694,0.09656958088593323,15
426,288.15,0.3382009543101846,0.09679786362683032,15
428,288.15,0.3414349552938807,0.09702002951088323,15
430,288.15,0.34467615716472005,0.09723605612518156,15
432,288.15,0.34792435456501136,0.09744592200873876,15
434,288.15,0.351179341453557,0.09764960665636964,15
436,288.15,0.3544409111376357,0.09784709052236151,15
438,288.15,0.3577088563051003,0.09803835502393736,15
440,288.15,0.36098296905658395,0.09822338254450907,15
442,288.15,0.3642630409378079,0.09840215643671958,15
444,288.15,0.3675488629719837,0.09857466102527235,15
446,288.15,0.3708402256923019,0.09874088160954678,15
448,288.15,0.37413691917450187,0.09890080446599808,15
450,288.15,0.37743873306951325,0.09905441685034079,15
452,288.15,0.3807454566361637,0.09920170699951425,15
454,288.15,0.3840568787739447,0.09934266413342947,15
456,288.15,0.38737278805582787,0.09947727845649594,15
458,288.15,0.39069297276112547,0.0996055411589276,15
460,288.15,0.39401722090838637,0.09972744441782727,15
462,288.15,0.3973453202883213,0.09984298139804852,15
464,288.15,0.4006770584967491,0.09995214625283422,15
466,288.15,0.40401222296755684,0.10005493412423153,15
468,288.15,0.4073506010056662,0.10015134114328213,15
470,288.15,0.41069197981999916,0.10024136442998796,15
472,288.15,0.4140361465564342,0.10032500209305137,15
474,288.15,0.4173828883307472,0.10040225322938971,15
476,288.15,0.420731992261528,0.10047311792342424,15
478,288.15,0.4240832455030661,0.10053759724614263,15
480,288.15,0.42743643527819725,0.10059569325393562,15
482,288.15,0.43079134891110415,0.10064740898720743,15
484,288.15,0.4341477738600628,0.10069274846875995,15
486,288.15,0.43750549775012787,0.10073171670195095,15
488,288.15,0.44086430840574875,0.10076431966862683,15
490,288.15,0.44422399388330974,0.10079056432682942,15
492,288.15,0.4475843425035857,0.1008104586082781,15
494,288.15,0.4509451428841066,0.1008240114156271,15
496,288.15,0.4543061839714232,0.10083123261949845,15
498,288.15,0.4576672550732663,0.1008321330552919,15
500,288.15,0.461028145890592,0.10082672451977166,15
502,288.15,0.46438864654950635,0.10081501976743105,15
504,288.15,0.4677485476330609,0.10079703250663599,15
506,288.15,0.4711076402129125,0.1007727773955483,15
508,288.15,0.4744657158808402,0.10074227003782937,15
510,288.15,0.47782256678011104,0.1007055269781258,15
512,288.15,0.48117798563668895,0.10066256569733777,15
514,288.15,0.484531765790278,0.1006134046076716,15
516,288.15,0.4878837012251939,0.10055806304747755,15
518,288.15,0.4912335866010564,0.10049656127587456,15
520,288.15,0.4945812172832952,0.10042892046716301,15
522,288.15,0.4979263893734628,0.10035516270502735,15
524,288.15,0.5012688997393471,0.10027531097652978,15
526,288.15,0.5046085460448769,0.10018938916589722,15
528,288.15,0.5079451267798137,0.10009742204810275,15
530,288.15,0.5112784412892218,0.0999994352822436,15
532,288.15,0.5146082898027124,0.0998954554047175,15
534,288.15,0.5179344734634524,0.09978550982219946,15
536,288.15,0.5212567943569332,0.09966962680442072,15
538,288.15,0.5245750555394916,0.09954783547675224,15
540,288.15,0.5278890610665781,0.09942016581259487,15
542,288.15,0.531198616020764,0.09928664862557794,15
544,288.15,0.534503526539483,0.09914731556156943,15
546,288.15,0.5378035998424996,0.09900219909049918,15
548,288.15,0.5410986442590995,0.09885133249799802,15
550,288.15,0.5443884692549946,0.09869474987685557,15
552,288.15,0.5476728854589379,0.0985324861182983,15
554,288.15,0.550951704689041,0.09836457690309162,15
556,288.15,0.5542247399787898,0.0981910586924677,15
558,288.15,0.5574918056027526,0.09801196871888243,15
560,288.15,0.5607527171019727,0.09782734497660381,15
562,288.15,0.5640072913090439,0.09763722621213489,15
564,288.15,0.5672553463728597,0.09744165191447414,15
566,288.15,0.5704967017830336,0.097240662305216,15
568,288.15,0.5737311783939834,0.09703429832849475,15
570,288.15,0.5769585984486758,0.09682260164077496,15
572,288.15,0.5801787856020255,0.09660561460049111,15
574,288.15,0.5833915649439435,0.09638338025754002,15
576,288.15,0.5865967630220311,0.09615594234262918,15
578,288.15,0.5897942078639139,0.09592334525648397,15
580,288.15,0.5929837289992111,0.0956856340589174,15
582,288.15,0.5961651574811366,0.09544285445776562,15
584,288.15,0.5993383259077264,0.0951950527976924,15
586,288.15,0.6025030684426886,0.09494227604886636,15
588,288.15,0.6056592208358724,0.09468457179551401,15
590,288.15,0.6088066204433509,0.09442198822435258,15
592,288.15,0.6119451062471144,0.09415457411290554,15
594,288.15,0.6150745188743713,0.09388237881770538,15
596,288.15,0.6181947006164508,0.09360545226238601,15
598,288.15,0.6213054954473064,0.09332384492566967,15
600,288.15,0.6244067490416148,0.09303760782925112,15
602,288.15,0.6274983087924675,0.09274679252558327,15
604,288.15,0.6305800238286531,0.09245145108556806,15
606,288.15,0.633651745031525,0.09215163608615595,15
608,288.15,0.6367133250514536,0.09184740059785834,15
610,288.15,0.6397646183238594,0.09153879817217618,15
612,288.15,0.6428054810848244,0.09122588282894938,15
614,288.15,0.6458357713862787,0.09090870904362998,15
616,288.15,0.6488553491107615,0.09058733173448363,15
618,288.15,0.6518640759857522,0.09026180624972331,15
620,288.15,0.6548618155975715,0.08993218835457843,15
622,288.15,0.6578484334048483,0.08959853421830447,15
624,288.15,0.6608237967515529,0.08926090040113585,15
626,288.15,0.6637877748795925,0.08891934384118734,15
628,288.15,0.6667402389409693,0.08857392184130643,15
630,288.15,0.6696810620094987,0.08822469205588214,15
632,288.15,0.6726101190920858,0.08787171247761325,15
634,288.15,0.6755272871395605,0.08751504142424037,15
636,288.15,0.6784324450570687,0.08715473752524597,15
638,288.15,0.6813254737140195,0.08679085970852593,15
640,288.15,0.6842062559535874,0.08642346718703697,15
642,288.15,0.6870746766017682,0.08605261944542408,15
644,288.15,0.6899306224759892,0.0856783762266314,15
646,288.15,0.6927739823932726,0.08530079751850116,15
648,288.15,0.6956046471779515,0.0849199435403645,15
650,288.15,0.698422509668939,0.08453587472962779,15
652,288.15,0.701227464726551,0.08414865172835888,15
654,288.15,0.7040194092388802,0.08375833536987719,15
656,288.15,0.7067982421277252,0.08336498666535137,15
658,288.15,0.7095638643540721,0.08296866679040867,15
660,288.15,0.7123161789231308,0.0825694370717598,15
662,288.15,0.7150550908889256,0.08216735897384347,15
664,288.15,0.7177805073584421,0.0817624940854941,15
666,288.15,0.72049233749533,0.08135490410663701,15
668,288.15,0.7231904925231638,0.08094465083501452,15
670,288.15,0.7258748857282621,0.0805317961529472,15
672,288.15,0.7285454324620666,0.08011640201413381,15
674,288.15,0.731202050143083,0.07969853043049369,15
676,288.15,0.7338446582583849,0.07927824345905567,15
678,288.15,0.7364731783646814,0.07885560318889687,15
680,288.15,0.7390875340889526,0.0784306717281352,15
682,288.15,0.7416876511286519,0.07800351119097944,15
684,288.15,0.7442734572514799,0.07757418368484022,15
686,288.15,0.74684488229473,0.07714275129750572,15
688,288.15,0.7494018581642096,0.07670927608438555,15
690,288.15,0.7519443188327372,0.07627382005582627,15
692,288.15,0.7544722003382206,0.07583644516450237,15
694,288.15,0.7569854407813168,0.07539721329288585,15
696,288.15,0.7594839803226767,0.07495618624079775,15
698,288.15,0.7619677611797783,0.07451342571304538,15
700,288.15,0.7644367276233499,0.07406899330714817,15
702,288.15,0.7668908259733884,0.07362295050115573,15
704,288.15,0.7693300045947739,0.07317535864156126,15
706,288.15,0.7717542138924843,0.07272627893131324,15
708,288.15,0.7741634063064153,0.07227577241792921,15
710,288.15,0.7765575363058058,0.07182389998171385,15
712,288.15,0.7789365603832753,0.07137072232408512,15
714,288.15,0.7813004370484756,0.07091629995601126,15
716,288.15,0.783649126821361,0.07046069318656145,15
718,288.15,0.7859825922250802,0.07000396211157296,15
720,288.15,0.7883007977784947,0.06954616660243815,15
722,288.15,0.7906037099883285,0.06908736629501327,15
724,288.15,0.7928912973409503,0.0686276205786528,15
726,288.15,0.795163530293796,0.06816698858537085,15
728,288.15,0.7974203812664338,0.06770552917913338,15
730,288.15,0.7996618246312766,0.06724330094528283,15
732,288.15,0.8018878367039465,0.06678036218009843,15
734,288.15,0.8040983957332962,0.06631677088049398,15
736,288.15,0.8062934818910914,0.06585258473385588,15
738,288.15,0.8084730772613589,0.06538786110802391,15
740,288.15,0.810637165829406,0.06492265704141603,15
742,288.15,0.8127857334705161,0.0644570292333009,15
744,288.15,0.8149187679383234,0.06399103403421877,15
746,288.15,0.8170362588528752,0.06352472743655381,15
748,288.15,0.8191381976883839,0.06305816506525952,15
750,288.15,0.8212245777606753,0.0625914021687391,15
752,288.15,0.8232953942143381,0.06212449360988256,15
754,288.15,0.8253506440095801,0.06165749385726291,15
756,288.15,0.8273903259087966,0.06119045697649245,15
758,288.15,0.8294144404628546,0.060723436621741345,15
760,288.15,0.831422989997102,0.060256486027419814,15
762,288.15,0.8334159785971028,0.0597896580000258,15
764,288.15,0.8353934120941081,0.059323004910158884,15
766,288.15,0.8373552980502649,0.05885657868470294,15
768,288.15,0.8393016457435708,0.05839043079917785,15
770,288.15,0.8412324661525795,0.057924612270261924,15
772,288.15,0.8431477719408624,0.057459173648486433,15
774,288.15,0.8450475774412325,0.05699416501110317,15
776,288.15,0.8469318986397367,0.05652963595512599,15
778,288.15,0.8488007531594216,0.056065635590547495,15
780,288.15,0.8506541602438793,0.05560221253373189,15
782,288.15,0.8524921407405788,0.055139414900984486,15
784,288.15,0.8543147170839888,0.05467729030229905,15
786,288.15,0.8561219132784982,0.054215885835283445,15
788,288.15,0.8579137548811403,0.05375524807926434,15
790,288.15,0.859690268984126,0.05329542308957148,15
792,288.15,0.8614514841971928,0.052836456392002136,15
794,288.15,0.8631974306297749,0.05237839297746603,15
796,288.15,0.864928139873002,0.051921277296811355,15
798,288.15,0.8666436449815297,0.05146515325583193,15
800,288.15,0.8683439804552116,0.05101006421045578,15
802,288.15,0.8700291822206154,0.05055605296211548,15
804,288.15,0.8716992876123921,0.050103161753300283,15
806,288.15,0.8733543353545018,0.0496514322632901,15
808,288.15,0.8749943655413042,0.04920090560407098,15
810,288.15,0.8766194196185186,0.04875162231643265,15
812,288.15,0.8782295403640602,0.04830362236624739,15
814,288.15,0.8798247718687578,0.04785694514093023,15
816,288.15,0.8814051595169605,0.04741162944608031,15
818,288.15,0.8829707499670373,0.04696771350230273,15
820,288.15,0.8845215911317776,0.04652523494221085,15
822,288.15,0.8860577321586979,0.04608423080760832,15
824,288.15,0.8875792234102595,0.04564473754685032,15
826,288.15,0.8890861164440056,0.045206791012383646,15
828,288.15,0.8905784639926211,0.04477042645846457,15
830,288.15,0.8920563199439229,0.04433567853905425,15
832,288.15,0.8935197393207859,0.04390258130589043,15
834,288.15,0.8949687782610104,0.04347116820673497,15
836,288.15,0.8964034939971369,0.043041472083796224,15
838,288.15,0.8978239448362144,0.04261352517232511,15
840,288.15,0.8992301901395272,0.042187359099384134,15
842,288.15,0.9006222903022868,0.04176300488278814,15
844,288.15,0.902000306733294,0.04134049293021584,15
846,288.15,0.903364301834577,0.040919853038490744,15
848,288.15,0.9047143389810114,0.040501114393030425,15
850,288.15,0.9060504824999268,0.04008430556746276,15
852,288.15,0.9073727976507071,0.03966945452340795,15
854,288.15,0.9086813506043879,0.03925658861042476,15
856,288.15,0.9099762084232585,0.038845734566119706,15
858,288.15,0.9112574390404725,0.038436918516417846,15
860,288.15,0.9125251112396723,0.038030165975993076,15
862,288.15,0.9137792946346341,0.03762550184885717,15
864,288.15,0.9150200596489376,0.03722295042910544,15
866,288.15,0.9162474774956648,0.036822535401817416,15
868,288.15,0.9174616201571352,0.03642427984411109,15
870,288.15,0.9186625603646801,0.03602820622634866,15
872,288.15,0.9198503715784632,0.03563433641349232,15
874,288.15,0.9210251279673501,0.035242691666608025,15
876,288.15,0.922186904388834,0.03485329264451552,15
878,288.15,0.9233357763690201,0.034466159405582716,15
880,288.15,0.9244718200826755,0.03408131140966249,15
882,288.15,0.9255951123333478,0.033698767520169794,15
884,288.15,0.9267057305335578,0.033318546006297405,15
886,288.15,0.92780375268507,0.032940664545367974,15
888,288.15,0.9288892573592473,0.0325651402253205,15
890,288.15,0.9299623236774917,0.03219198954732881,15
892,288.15,0.9310230312917767,0.03182122842855068,15
894,288.15,0.9320714603652768,0.03145287220500436,15
896,288.15,0.9331076915530958,0.03108693563457136,15
898,288.15,0.9341318059830999,0.030723432900122586,15
900,288.15,0.9351438852368588,0.030362377612765973,15
902,288.15,0.9361440113306992,0.030003782815213115,15
904,288.15,0.9371322666968747,0.0296476609852629,15
906,288.15,0.9381087341648546,0.029294024039399534,15
908,288.15,0.939073496942738,0.028942883336502894,15
910,288.15,0.9400266385987937,0.028594249681668737,15
912,288.15,0.9409682430431315,0.028248133330136427,15
914,288.15,0.941898394509509,0.027904543991321886,15
916,288.15,0.9428171775372741,0.02756349083295321,15
918,288.15,0.943724676953451,0.027224982485306855,15
920,288.15,0.944620977854969,0.026889027045541528,15
922,288.15,0.94550616559104,0.026555632082127772,15
924,288.15,0.9463803257456856,0.02622480463937072,15
926,288.15,0.9472435441204198,0.025896551242023207,15
928,288.15,0.948095906717086,0.02557087789998746,15
930,288.15,0.9489374997208561,0.025247790113102103,15
932,288.15,0.9497684094833898,0.02492729287601275,15
934,288.15,0.9505887225061606,0.024609390683123202,15
936,288.15,0.9513985254239481,0.024294087533624983,15
938,288.15,0.9521979049885015,0.023981386936602633,15
940,288.15,0.9529869480523753,0.023671291916212457,15
942,288.15,0.9537657415529397,0.02336380501693191,15
944,288.15,0.9545343724965689,0.023058928308877635,15
946,288.15,0.9552929279430086,0.02275666339318895,15
948,288.15,0.9560414949899244,0.022457011407475188,15
950,288.15,0.9567801607576352,0.02215997303132349,15
952,288.15,0.9575090123740306,0.021865548491865335,15
954,288.15,0.9582281369596772,0.021573737569398954,15
956,288.15,0.9589376216131127,0.021284539603065082,15
958,288.15,0.9596375533963318,0.020997953496573955,15
960,288.15,0.9603280193204645,0.02071397772398076,15
962,288.15,0.961009106331648,0.020432610335507216,15
964,288.15,0.9616809012970949,0.020153848963407047,15
966,288.15,0.9623434909913573,0.01987769082787234,15
968,288.15,0.96299696208279,0.01960413274297942,15
970,288.15,0.9636414011202123,0.019333171122670478,15
972,288.15,0.9642768945197714,0.019064801986770043,15
974,288.15,0.9649035285520058,0.01879902096703252,15
976,288.15,0.9655213893291131,0.018535823313219776,15
978,288.15,0.9661305627924199,0.018275203899205138,15
980,288.15,0.9667311347000567,0.01801715722910275,15
982,288.15,0.9673231906148373,0.01776167744341887,15
984,288.15,0.9679068158923447,0.017508758325223757,15
986,288.15,0.9684820956692227,0.017258393306341064,15
988,288.15,0.9690491148516744,0.017010575473553315,15
990,288.15,0.9696079581041684,0.01676529757482037,15
992,288.15,0.9701587098383521,0.016522552025509646,15
994,288.15,0.9707014542021732,0.01628233091463504,15
996,288.15,0.97123627506921,0.016044626011102812,15
998,288.15,0.9717632560282087,0.015809428769962563,15
1000,288.15,0.9722824803728307,0.015576730338660446,15
1002,288.15,0.9727940310916071,0.015346521563293518,15
1004,288.15,0.9732979908581025,0.015118792994862119,15
1006,288.15,0.9737944420212865,0.014893534895519272,15
1008,288.15,0.9742834665961136,0.014670737244814207,15
1010,288.15,0.9747651462543113,0.014450389745928846,15
1012,288.15,0.9752395623153748,0.014232481831904455,15
1014,288.15,0.9757067957377701,0.014017002671857534,15
1016,288.15,0.9761669271103428,0.013803941177181936,15
1018,288.15,0.976620036643934,0.013593286007736542,15
1020,288.15,0.9770662041632012,0.013385025578015495,15
1022,288.15,0.9775055090986445,0.013179148063300257,15
1024,288.15,0.9779380304788375,0.012975641405790918,15
1026,288.15,0.9783638469228614,0.012774493320715343,15
1028,288.15,0.9787830366329419,0.012575691302414716,15
1030,288.15,0.9791956773872886,0.012379222630403154,15
1032,288.15,0.9796018465331353,0.012185074375400442,15
1034,288.15,0.9800016209799798,0.011993233405335719,15
1036,288.15,0.9803950771930238,0.011803686391321016,15
1038,288.15,0.9807822911868102,0.011616419813592637,15
1040,288.15,0.9811633385190575,0.011431419967419337,15
1042,288.15,0.98153829428469,0.011248672968975314,15
1044,288.15,0.9819072331100626,0.011068164761177187,15
1046,288.15,0.9822702291473786,0.010889881119482827,15
1048,288.15,0.9826273560693003,0.010713807657651387,15
1050,288.15,0.982978687063749,0.010539929833462561,15
1052,288.15,0.9833242948288955,0.010368232954394306,15
1054,288.15,0.9836642515683374,0.010198702183257283,15
1056,288.15,0.9839986289864635,0.010031322543785044,15
1058,288.15,0.9843274982840028,0.00986607892617887,15
1060,288.15,0.9846509301537563,0.009702956092605602,15
1062,288.15,0.9849689947765112,0.009541938682648013,15
1064,288.15,0.9852817618171348,0.00938301121870593,15
1066,288.15,0.9855893004208464,0.009226158111347674,15
1068,288.15,0.9858916792096667,0.009071363664610168,15
1070,288.15,0.9861889662790416,0.008918612081247298,15
1072,288.15,0.9864812291946391,0.008767887467925102,15
1074,288.15,0.9867685349893178,0.008619173840363157,15
1076,288.15,0.9870509501602652,0.008472455128421099,15
1078,288.15,0.9873285406663029,0.008327715181129533,15
1080,288.15,0.9876013719253585,0.008184937771664375,15
1082,288.15,0.9878695088121006,0.008044106602263991,15
1084,288.15,0.9881330156557369,0.007905205309088247,15
1086,288.15,0.9883919562379708,0.007768217467018762,15
1088,288.15,0.9886463937911175,0.00763312659439981,15
1090,288.15,0.9888963909963748,0.0074999161577189825,15
1092,288.15,0.9891420099822491,0.007368569576227236,15
1094,288.15,0.9893833123231324,0.007239070226497452,15
1096,288.15,0.9896203590380297,0.007111401446921306,15
1098,288.15,0.9898532105894344,0.006985546542143527,15
1100,288.15,0.9900819268823489,0.006861488787433419,15
1102,288.15,0.9903065672634487,0.006739211432992867,15
1104,288.15,0.9905271905203887,0.006618697708200685,15
1106,288.15,0.9907438548812485,0.006499930825792616,15
1108,288.15,0.9909566180141144,0.006382893985976935,15
1110,288.15,0.9911655370267972,0.006267570380484975,15
1112,288.15,0.9913706684666824,0.006153943196556622,15
1114,288.15,0.9915720683207111,0.00604199562086019,15
1116,288.15,0.9917697920154893,0.00593171084334661,15
1118,288.15,0.9919638944175239,0.005823072061037756,15
1120,288.15,0.9921544298335822,0.005716062481748495,15
1122,288.15,0.9923414520111735,0.005610665327742584,15
1124,288.15,0.992525014139151,0.005506863839322031,15
1126,288.15,0.9927051688484293,0.005404641278350078,15
1128,288.15,0.9928819682128196,0.00530398093170741,15
1130,288.15,0.9930554637499757,0.00520486611468189,15
1132,288.15,0.993225706422452,0.005107280174291518,15
1134,288.15,0.99339274663887,0.005011206492540823,15
1136,288.15,0.9935566342551904,0.004916628489610509,15
1138,288.15,0.9937174185760898,0.004823529626980705,15
1140,288.15,0.9938751483564393,0.00473189341048755,15
1142,288.15,0.994029871802883,0.0046417033933135645,15
1144,288.15,0.9941816365755134,0.004552943178911667,15
1146,288.15,0.9943304897896421,0.004465596423863119,15
1148,288.15,0.9944764780176645,0.00437964684066964,15
1150,288.15,0.9946196472910138,0.004295078200479692,15
1152,288.15,0.9947600431022054,0.004211874335749411,15
1154,288.15,0.9948977104069667,0.0041300191428381506,15
1156,288.15,0.9950326936264514,0.004049496584539222,15
1158,288.15,0.9951650366495363,0.003970290692545787,15
1160,288.15,0.995294782835198,0.003892385569852528,15
1162,288.15,0.9954219750149678,0.0038157653930931314,15
1164,288.15,0.9955466554954616,0.003740414414814201,15
1166,288.15,0.9956688660609845,0.0036663169656857343,15
1168,288.15,0.9957886479762061,0.003593457456648749,15
1170,288.15,0.9959060419889062,0.0035218203810002654,15
1172,288.15,0.9960210883327867,0.0034513903164162807,15
1174,288.15,0.9961338267303504,0.0033821519269129937,15
1176,288.15,0.996244296395842,0.003314089964746782,15
1178,288.15,0.9963525360382505,0.0032471892722535224,15
1180,288.15,0.9964585838643714,0.0031814347836275144,15
1182,288.15,0.9965624775819261,0.003116811526640765,15
1184,288.15,0.9966642544027362,0.0030533046243029164,15
1186,288.15,0.9967639510459516,0.0029908992964625394,15
1188,288.15,0.9968616037413299,0.002929580861350164,15
1190,288.15,0.9969572482325654,0.002869334737063798,15
1192,288.15,0.9970509197806653,0.0028101464429972868,15
1194,288.15,0.9971426531673724,0.002752001601212295,15
1196,288.15,0.9972324826986309,0.00269488593775435,15
1198,288.15,0.9973204422080947,0.002638785283913687,15
1200,288.15,0.9974065650606757,0.0025836855774313532,15
1202,288.15,0.9974908841561307,0.002529572863651394,15
1204,288.15,0.9975734319326848,0.0024764332966195437,15
1206,288.15,0.9976542403706891,0.0024242531401292328,15
1208,288.15,0.997733340996313,0.00237301876871552,15
1210,288.15,0.9978107648852662,0.002322716668597518,15
1212,288.15,0.9978865426665519,0.0022733334385701635,15
1214,288.15,0.9979607045262467,0.002224855790845811,15
1216,288.15,0.9980332802113083,0.0021772705518465114,15
1218,288.15,0.9981042990334066,0.002130564662947527,15
1220,288.15,0.998173789872779,0.0020847251811728874,15
1222,288.15,0.9982417811821072,0.002039739279843602,15
1224,288.15,0.9983083009904131,0.0019955942491793324,15
1226,288.15,0.9983733769069749,0.0019522774968541079,15
1228,288.15,0.9984370361252585,0.001909776548506981,15
1230,288.15,0.9984993054268654,0.0018680790482081457,15
1232,288.15,0.9985602111854948,0.0018271727588814132,15
1234,288.15,0.9986197793709175,0.0017870455626836786,15
1236,288.15,0.9986780355529622,0.001747685461342122,15
1238,288.15,0.9987350049055105,0.0017090805764499288,15
1240,288.15,0.9987907122105012,0.0016712191497211956,15
1242,288.15,0.9988451818619414,0.001634089543205833,15
1244,288.15,0.9988984378699235,0.0015976802394651122,15
1246,288.15,0.9989505038646471,0.0015619798417087216,15
1248,288.15,0.9990014031004436,0.001526977073893933,15
1250,288.15,0.9990511584598032,0.0014926607807877587,15
1252,288.15,0.999099792457403,0.0014590199279927059,15
1254,288.15,0.9991473272441342,0.0014260436019370077,15
1256,288.15,0.9991937846111286,0.0013937210098299289,15
1258,288.15,0.9992391859937814,0.001362041479583022,15
1260,288.15,0.9992835524757713,0.0013309944596979545,15
1262,288.15,0.9993269047930753,0.001300569519121743,15
1264,288.15,0.9993692633379776,0.0012707563470700446,15
1266,288.15,0.9994106481630716,0.0012415447528192904,15
1268,288.15,0.9994510789852539,0.0012129246654683902,15
1270,288.15,0.9994905751897095,0.0011848861336706841,15
1272,288.15,0.9995291558338875,0.0011574193253369531,15
1274,288.15,0.9995668396514644,0.0011305145273100997,15
1276,288.15,0.9996036450562982,0.0011041621450123174,15
1278,288.15,0.999639590146367,0.0010783527020653925,15
1280,288.15,0.9996746927076966,0.001053076839884884,15
1282,288.15,0.9997089702182715,0.001028325317248852,15
1284,288.15,0.9997424398519329,0.0010040890098418933,15
1286,288.15,0.9997751184822588,0.0009803589097750892,15
1288,288.15,0.9998070226864282,0.0009571261250826521,15
1290,288.15,0.9998381687490681,0.0009343818791958757,15
1292,288.15,0.9998685726660812,0.000912117510395122,15
1294,288.15,0.9998982501484559,0.0008903244712404904,15
1296,288.15,0.9999272166260553,0.0008689943279818241,15
1298,288.15,0.9999554872513869,0.0008481187599487701,15
1300,288.15,0.999983076903351,0.0008276895589214732,15
1302,288.15,1.000010000190967,0.0008076986284826204,15
1304,288.15,1.0000362714570787,0.0007881379833514178,15
1306,288.15,1.0000619047820354,0.0007689997487001944,15
1308,288.15,1.0000869139873505,0.0007502761594541999,15
1310,288.15,1.0001113126393364,0.0007319595595752806,15
1312,288.15,1.0001351140527142,0.0007140424013299855,15
1314,288.15,1.0001583312941988,0.000696517244542765,15
1316,288.15,1.00018097718606,0.0006793767558348107,15
1318,288.15,1.0002030643096549,0.0006626137078491814,15
1320,288.15,1.000224605008937,0.000646220978462744,15
1322,288.15,1.0002456113939364,0.0006301915499855541,15
1324,288.15,1.0002660953442146,0.0006145185083482154,15
1326,288.15,1.0002860685122905,0.0005991950422777815,15
1328,288.15,1.0003055423270393,0.000584214442462774,15
1330,288.15,1.000324527997063,0.0005695701007078241,15
1332,288.15,1.0003430365140322,0.0005552555090785271,15
1334,288.15,1.0003610786560002,0.0005412642590369692,15
1336,288.15,1.0003786649906858,0.0005275900405685209,15
1338,288.15,1.0003958058787292,0.0005142266413003398,15
1340,288.15,1.0004125114769162,0.0005011679456121484,15
1342,288.15,1.0004287917413743,0.0004884079337397224,15
1344,288.15,1.0004446564307368,0.00047594068087163213,15
1346,288.15,1.000460115109278,0.0004637603562396626,15
1348,288.15,1.0004751771500182,0.0004518612222034302,15
1350,288.15,1.0004898517377958,0.0004402376333296097,15
1352,288.15,1.0005041478723113,0.00042888403546626765,15
1354,288.15,1.0005180743711384,0.00041779496481271147,15
1356,288.15,1.0005316398727047,0.0004069650469853042,15
1358,288.15,1.0005448528392407,0.0003963889960796808,15
1360,288.15,1.0005577215596984,0.00038606161372975006,15
1362,288.15,1.0005702541526371,0.00037597778816394345,15
1364,288.15,1.000582458569079,0.00036613249325905103,15
1366,288.15,1.000594342595332,0.0003565207875920922,15
1368,288.15,1.0006059138557817,0.0003471378134905598,15
1370,288.15,1.0006171798156511,0.0003379787960814474,15
1372,288.15,1.000628147783729,0.0003290390423393975,15
1374,288.15,1.0006388249150668,0.00032031394013435363,15
1376,288.15,1.0006492182136428,0.0003117989572790416,15
1378,288.15,1.0006593345349954,0.00030348964057664473,15
1380,288.15,1.0006691805888244,0.0002953816148689827,15
1382,288.15,1.0006787629415606,0.00028747058208553923,15
1384,288.15,1.0006880880189037,0.000279752320293639,15
1386,288.15,1.0006971621083287,0.00027222268275008636,15
1388,288.15,1.0007059913615606,0.0002648775969545734,15
1390,288.15,1.0007145817970173,0.00025771306370513233,15
1392,288.15,1.0007229393022226,0.00025072515615593793,15
1394,288.15,1.000731069636185,0.00024391001887770513,15
1396,288.15,1.000738978431749,0.00023726386692098802,15
1398,288.15,1.0007466711979118,0.0002307829848825993,15
1400,288.15,1.000754153322111,0.00022446372597543783,15
1402,288.15,1.000761430072481,0.00021830251110193706,15
1404,288.15,1.0007685066000787,0.00021229582793140268,15
1406,288.15,1.0007753879410781,0.0002064402299814351,15
1408,288.15,1.000782079018935,0.00020073233570368993,15
1410,288.15,1.0007885846465208,0.00019516882757416386,15
1412,288.15,1.0007949095282271,0.0001897464511882323,15
1414,288.15,1.0008010582620392,0.00018446201436062877,15
1416,288.15,1.0008070353415803,0.0001793123862305555,15
1418,288.15,1.000812845158126,0.0001742944963721243,15
1420,288.15,1.0008184920025895,0.00016940533391028752,15
1422,288.15,1.0008239800674776,0.00016464194664244953,15
1424,288.15,1.0008293134488164,0.0001600014401659048,15
1426,288.15,1.0008344961480502,0.0001554809770112802,15
1428,288.15,1.0008395320739096,0.00015107777578211225,15
1430,288.15,1.000844425044253,0.00014678911030072592,15
1432,288.15,1.0008491787878784,0.0001426123087605318,15
1434,288.15,1.0008537969463078,0.00013854475288489431,15
1436,288.15,1.0008582830755441,0.00013458387709267973,15
1438,288.15,1.0008626406477998,0.00013072716767061946,15
1440,288.15,1.0008668730531982,0.00012697216195258637,15
1442,288.15,1.0008709836014484,0.0001233164475059091,15
1444,288.15,1.0008749755234927,0.0001197576613248127,15
1446,288.15,1.000878851973127,0.00011629348903109084,15
1448,288.15,1.0008826160285964,0.00011292166408209879,15
1450,288.15,1.0008862706941626,0.00010963996698614728,15
1452,288.15,1.0008898189016469,0.0001064462245253888,15
1454,288.15,1.0008932635119463,0.00010333830898625792,15
1456,288.15,1.0008966073165262,0.00010031413739754808,15
1458,288.15,1.0008998530388853,9.737167077617725e-05,15
1460,288.15,1.000903003335998,9.450891338071546e-05,15
1462,288.15,1.0009060607997304,9.172391197271568e-05,15
1464,288.15,1.0009090279582333,8.901475508590924e-05,15
1466,288.15,1.00091190727731,8.637957230330384e-05,15
1468,288.15,1.0009147011617614,8.381653354223138e-05,15
1470,288.15,1.0009174119567064,8.132384834737293e-05,15
1472,288.15,1.0009200419488795,7.889976519180633e-05,15
1474,288.15,1.0009225933679058,7.654257078609054e-05,15
1476,288.15,1.0009250683875524,7.42505893954187e-05,15
1478,288.15,1.0009274691269578,7.20221821648607e-05,15
1480,288.15,1.0009297976518396,6.985574645270309e-05,15
1482,288.15,1.0009320559756787,6.774971517190784e-05,15
1484,288.15,1.0009342460608834,6.570255613968991e-05,15
1486,288.15,1.0009363698199312,6.371277143522652e-05,15
1488,288.15,1.00093842911649,6.177889676548982e-05,15
1490,288.15,1.000940425766518,5.9899500839209735e-05,15
1492,288.15,1.000942361539343,5.8073184748954014e-05,15
1494,288.15,1.0009442381587217,5.6298581361321804e-05,15
1496,288.15,1.0009460573038789,5.457435471523465e-05,15
1498,288.15,1.0009478206105265,5.2899199428313195e-05,15
1500,288.15,1.0009495296718636,5.1271840111317716e-05,15
1502,288.15,1.0009511860395566,4.9691030790636e-05,15
1504,288.15,1.0009527912247012,4.81555543387902e-05,15
1506,288.15,1.000954346698765,4.666422191293849e-05,15
1508,288.15,1.0009558538945116,4.521587240134408e-05,15
1510,288.15,1.0009573142069075,4.380937187777506e-05,15
1512,288.15,1.0009587289940096,4.244361306380745e-05,15
1514,288.15,1.0009600995778363,4.111751479898812e-05,15
1516,288.15,1.0009614272452203,3.983002151882545e-05,15
1518,288.15,1.000962713248645,3.858010274056171e-05,15
1520,288.15,1.0009639588070636,3.7366752556688435e-05,15
1522,288.15,1.0009651651067015,3.6188989136155205e-05,15
1524,288.15,1.0009663333018426,3.504585423323062e-05,15
1526,288.15,1.0009674645155995,3.393641270396095e-05,15
1528,288.15,1.0009685598406672,3.285975203018045e-05,15
1530,288.15,1.0009696203400622,3.181498185101848e-05,15
1532,288.15,1.0009706470478457,3.0801233501850897e-05,15
1534,288.15,1.000971640969831,2.981765956063946e-05,15
1536,288.15,1.0009726030842778,2.8863433401602744e-05,15
1538,288.15,1.0009735343425696,2.7937748756160942e-05,15
1540,288.15,1.000974435669879,2.703981928109311e-05,15
1542,288.15,1.0009753079658168,2.6168878133848247e-05,15
1544,288.15,1.0009761521050686,2.53241775549457e-05,15
1546,288.15,1.0009769689380172,2.4504988457404053e-05,15
1548,288.15,1.0009777592913514,2.371060002313185e-05,15
1550,288.15,1.0009785239686615,2.294031930621652e-05,15
1552,288.15,1.0009792637510229,2.2193470843044152e-05,15
1554,288.15,1.0009799793975651,2.1469396269183822e-05,15
1556,288.15,1.0009806716460299,2.0767453942967037e-05,15
1558,288.15,1.0009813412133157,2.00870185756956e-05,15
1560,288.15,1.0009819887960114,1.9427480868405606e-05,15
1562,288.15,1.0009826150709167,1.8788247155120416e-05,15
1564,288.15,1.0009832206955518,1.8168739052519483e-05,15
1566,288.15,1.0009838063086556,1.7568393115952184e-05,15
1568,288.15,1.0009843725306724,1.6986660501726202e-05,15
1570,288.15,1.000984919964227,1.6423006635595948e-05,15
1572,288.15,1.0009854491945898,1.5876910887380194e-05,15
1574,288.15,1.0009859607901315,1.5347866251634416e-05,15
1576,288.15,1.0009864553027659,1.4835379034305745e-05,15
1578,288.15,1.000986933268384,1.4338968545295715e-05,15
1580,288.15,1.0009873952072772,1.3858166796857913e-05,15
1582,288.15,1.0009878416245508,1.3392518207755403e-05,15
1584,288.15,1.000988273010528,1.2941579313105169e-05,15
1586,288.15,1.000988689841144,1.25049184798337e-05,15
1588,288.15,1.0009890925783316,1.2082115627670748e-05,15
1590,288.15,1.0009894816703968,1.1672761955605852e-05,15
1592,288.15,1.000989857552386,1.1276459673734061e-05,15
1594,288.15,1.0009902206464438,1.0892821740416062e-05,15
1596,288.15,1.000990571362164,1.0521471604678588e-05,15
1598,288.15,1.0009909100969292,1.0162042953781479e-05,15
1600,288.15,1.0009912372362448,9.814179465876526e-06,15
1602,288.15,1.0009915531540639,9.477534567685554e-06,15
1604,288.15,1.0009918582131037,9.151771197122914e-06,15
1606,288.15,1.000992152765156,8.836561570790337e-06,15
1608,288.15,1.0009924371513879,8.531586956270143e-06,15
1610,288.15,1.0009927117026363,8.236537449144763e-06,15
1612,288.15,1.0009929767396948,7.951111754669528e-06,15
1614,288.15,1.000993232573594,7.675016974027622e-06,15
1616,288.15,1.0009934795058737,7.407968395094324e-06,15
1618,288.15,1.00099371782885,7.149689287640486e-06,15
1620,288.15,1.0009939478258734,6.899910702903243e-06,15
1622,288.15,1.0009941697715825,6.658371277454637e-06,15
1624,288.15,1.0009943839321505,6.424817041297275e-06,15
1626,288.15,1.0009945905655249,6.199001230118053e-06,15
1628,288.15,1.0009947899216616,5.98068410163091e-06,15
1630,288.15,1.0009949822427535,5.7696327559400195e-06,15
1632,288.15,1.000995167763452,5.5656209598555634e-06,15
1634,288.15,1.0009953467110846,5.368428975094665e-06,15
1636,288.15,1.0009955193058642,5.177843390300837e-06,15
1638,288.15,1.000995685761096,4.993656956815324e-06,15
1640,288.15,1.000995846283377,4.815668428135213e-06,15
1642,288.15,1.0009960010727905,4.643682402992702e-06,15
1644,288.15,1.0009961503230962,4.477509171991623e-06,15
1646,288.15,1.000996294221915,4.316964567736975e-06,15
1648,288.15,1.000996432950909,4.161869818394738e-06,15
1650,288.15,1.0009965666859557,4.012051404618881e-06,15
1652,288.15,1.0009966955973197,3.8673409197844034e-06,15
1654,288.15,1.0009968198498176,3.72757493346459e-06,15
1656,288.15,1.0009969396029794,3.592594858092315e-06,15
1658,288.15,1.0009970550112066,3.4622468187455388e-06,15
1660,288.15,1.000997166223924,3.3363815259975276e-06,15
1662,288.15,1.000997273385729,3.2148541517739333e-06,15
1664,288.15,1.000997376636536,3.0975242081581874e-06,15
1666,288.15,1.000997476111717,2.9842554290889964e-06,15
1668,288.15,1.0009975719422388,2.874915654892801e-06,15
1670,288.15,1.0009976642547962,2.769376719596171e-06,15
1672,288.15,1.000997753171941,2.667514340962819e-06,15
1674,288.15,1.000997838812208,2.5692080132012487e-06,15
1676,288.15,1.0009979212902382,2.474340902289409e-06,15
1678,288.15,1.0009980007168964,2.3827997438636864e-06,15
1680,288.15,1.0009980771993878,2.2944747436200796e-06,15
1682,288.15,1.0009981508413706,2.20925948017642e-06,15
1684,288.15,1.0009982217430642,2.127050810344784e-06,15
1686,288.15,1.0009982900013568,2.0477487767644076e-06,15
1688,288.15,1.0009983557099074,1.9712565178459934e-06,15
1690,288.15,1.0009984189592467,1.897480179978726e-06,15
1692,288.15,1.0009984798368745,1.8263288319526025e-06,15
1694,288.15,1.0009985384273539,1.7577143815488465e-06,15
1696,288.15,1.0009985948124036,1.6915514942522806e-06,15
1698,288.15,1.0009986490709875,1.6277575140400366e-06,15
1700,288.15,1.0009987012794004,1.5662523862017976e-06,15
1702,288.15,1.0009987515113532,1.5069585821473831e-06,15
1704,288.15,1.000998799838054,1.4498010261583951e-06,15
1706,288.15,1.0009988463282882,1.3947070240409793e-06,15
1708,288.15,1.0009988910484946,1.3416061936379404e-06,15
1710,288.15,1.0009989340628411,1.290430397158664e-06,15
1712,288.15,1.000998975433297,1.2411136752864113e-06,15
1714,288.15,1.0009990152197032,1.1935921830228557e-06,15
1716,288.15,1.0009990534798408,1.1478041272307477e-06,15
1718,288.15,1.0009990902694976,1.1036897058361096e-06,15
1720,288.15,1.0009991256425326,1.0611910486519058e-06,15
1722,288.15,1.000999159650938,1.020252159786191e-06,15
1724,288.15,1.0009991923449,9.808188615979336e-07,15
1726,288.15,1.000999223772858,9.428387401647362e-07,15
1728,288.15,1.000999253981561,9.06261092227096e-07,15
1730,288.15,1.0009992830161236,8.710368735746685e-07,15
1732,288.15,1.0009993109200785,8.371186488404313e-07,15
1734,288.15,1.00099933773543,8.044605426695134e-07,15
1736,288.15,1.000999363502703,7.730181922298454e-07,15
1738,288.15,1.000999388260993,7.427487010326586e-07,15
1740,288.15,1.000999412048013,7.136105940311608e-07,15
1742,288.15,1.0009994349001388,6.855637739666858e-07,15
1744,288.15,1.0009994568524547,6.585694789318732e-07,15
1746,288.15,1.000999477938796,6.325902411212572e-07,15
1748,288.15,1.000999498191791,6.075898467401655e-07,15
1750,288.15,1.0009995176429007,5.835332970433049e-07,15
1752,288.15,1.0009995363224597,5.603867704751908e-07,15
1754,288.15,1.0009995542597125,5.381175858849011e-07,15
1756,288.15,1.0009995714828515,5.166941667884234e-07,15
1758,288.15,1.0009995880190516,4.960860066521962e-07,15
1760,288.15,1.0009996038945062,4.76263635172195e-07,15
1762,288.15,1.000999619134459,4.571985855232429e-07,15
1764,288.15,1.0009996337632379,4.3886336255396984e-07,15
1766,288.15,1.0009996478042849,4.2123141190313957e-07,15
1768,288.15,1.000999661280188,4.0427709001378244e-07,15
1770,288.15,1.0009996742127092,3.879756350219171e-07,15
1772,288.15,1.000999686622814,3.723031384972429e-07,15
1774,288.15,1.000999698530698,3.572365180136363e-07,15
1776,288.15,1.0009997099558143,3.4275349052774835e-07,15
1778,288.15,1.0009997209168993,3.2883254654453904e-07,15
1780,288.15,1.0009997314319967,3.154529250489647e-07,15
1782,288.15,1.000999741518483,3.0259458918358527e-07,15
1784,288.15,1.0009997511930897,2.902382026522333e-07,15
1786,288.15,1.0009997604719265,2.78365106830402e-07,15
1788,288.15,1.000999769370503,2.669572985633673e-07,15
1790,288.15,1.00099977790375,2.559974086335957e-07,15
1792,288.15,1.0009997860860393,2.454686808792909e-07,15
1794,288.15,1.0009997939312043,2.3535495194646743e-07,15
1796,288.15,1.0009998014525587,2.25640631657252e-07,15
1798,288.15,1.0009998086629148,2.1631068397758208e-07,15
1800,288.15,1.0009998155746018,2.0735060856783098e-07,15
1802,288.15,1.0009998221994827,1.9874642290028524e-07,15
1804,288.15,1.000999828548971,1.9048464492779424e-07,15
1806,288.15,1.0009998346340467,1.8255227628825625e-07,15
1808,288.15,1.000999840465273,1.749367860300149e-07,15
1810,288.15,1.0009998460528093,1.6762609484355158e-07,15
1812,288.15,1.000999851406428,1.606085597852594e-07,15
1814,288.15,1.0009998565355267,1.5387295947939376e-07,15
1816,288.15,1.0009998614491427,1.474084797846639e-07,15
1818,288.15,1.000999866155966,1.412046999122369e-07,15
1820,288.15,1.000999870664352,1.3525157898228246e-07,15
1822,288.15,1.0009998749823334,1.295394430064742e-07,15
1824,288.15,1.0009998791176324,1.2405897228421274e-07,15
1826,288.15,1.000999883077672,1.1880118920060827e-07,15
1828,288.15,1.0009998868695869,1.137574464145946e-07,15
1830,288.15,1.000999890500234,1.0891941542582164e-07,15
1832,288.15,1.0009998939762033,1.0427907550926649e-07,15
1834,288.15,1.0009998973038268,9.982870300679746e-08,15
1836,288.15,1.0009999004891887,9.556086096518459e-08,15
1838,288.15,1.000999903538135,9.146838911034406e-08,15
1840,288.15,1.0009999064562813,8.754439414784916e-08,15
1842,288.15,1.0009999092490227,8.378224038001733e-08,15
1844,288.15,1.0009999119215407,8.017554063012491e-08,15
1846,288.15,1.0009999144788122,7.671814746456095e-08,15
1848,288.15,1.000999916925617,7.340414470396771e-08,15
1850,288.15,1.0009999192665449,7.022783921465892e-08,15
1852,288.15,1.0009999215060033,6.718375297183435e-08,15
1854,288.15,1.0009999236482239,6.426661538634692e-08,15
1856,288.15,1.000999925697269,6.147135588698748e-08,15
1858,288.15,1.000999927657039,5.8793096750487e-08,15
1860,288.15,1.000999929531277,5.622714617162973e-08,15
1862,288.15,1.0009999313235767,5.376899156609977e-08,15
1864,288.15,1.0009999330373864,5.141429309886508e-08,15
1866,288.15,1.0009999346760157,4.9158877431120944e-08,15
1868,288.15,1.00099993624264,4.6998731678994494e-08,15
1870,288.15,1.0009999377403067,4.492999757740816e-08,15
1872,288.15,1.0009999391719389,4.294896584268376e-08,15
1874,288.15,1.0009999405403411,4.1052070727645055e-08,15
1876,288.15,1.000999941848204,3.9235884763163005e-08,15
1878,288.15,1.0009999430981078,3.7497113680241904e-08,15
1880,288.15,1.0009999442925275,3.5832591506936076e-08,15
1882,288.15,1.0009999454338367,3.4239275834523844e-08,15
1884,288.15,1.0009999465243116,3.271424324754969e-08,15
1886,288.15,1.0009999475661344,3.1254684912481273e-08,15
1888,288.15,1.0009999485613978,2.985790231989344e-08,15
1890,288.15,1.000999949512108,2.8521303175230264e-08,15
1892,288.15,1.0009999504201879,2.724239743334634e-08,15
1894,288.15,1.000999951287481,2.601879347216427e-08,15
1896,288.15,1.0009999521157542,2.4848194400926073e-08,15
1898,288.15,1.0009999529067006,2.3728394498648183e-08,15
1900,288.15,1.0009999536619432,2.2657275778517204e-08,15
1902,288.15,1.0009999543830366,2.1632804674096573e-08,15
1904,288.15,1.0009999550714708,2.0653028843328798e-08,15
1906,288.15,1.0009999557286733,1.971607408644805e-08,15
1908,288.15,1.0009999563560112,1.8820141374024518e-08,15
1910,288.15,1.0009999569547947,1.796350398148628e-08,15
1912,288.15,1.0009999575262782,1.714450472656453e-08,15
1914,288.15,1.0009999580716633,1.6361553306226774e-08,15
1916,288.15,1.0009999585921008,1.5613123729757565e-08,15
1918,288.15,1.0009999590886924,1.4897751844756811e-08,15
1920,288.15,1.0009999595624934,1.4214032952918687e-08,15
1922,288.15,1.000999960014514,1.356061951255621e-08,15
1924,288.15,1.0009999604457214,1.2936218924925387e-08,15
1926,288.15,1.000999960857041,1.2339591401500399e-08,15
1928,288.15,1.0009999612493592,1.1769547909432587e-08,15
1930,288.15,1.0009999616235241,1.1224948192521122e-08,15
1932,288.15,1.0009999619803474,1.0704698865099968e-08,15
1934,288.15,1.0009999623206058,1.020775157633215e-08,15
1936,288.15,1.0009999626450425,9.733101242478454e-09,15
1938,288.15,1.0009999629543687,9.279784344788695e-09,15
1940,288.15,1.0009999632492645,8.846877290734595e-09,15
1942,288.15,1.000999963530381,8.433494836379189e-09,15
1944,288.15,1.0009999637983407,8.03878856774679e-09,15
1946,288.15,1.0009999640537388,7.661945439126995e-09,15
1948,288.15,1.000999964297145,7.302186366313083e-09,15
1950,288.15,1.000999964529104,6.958764872839509e-09,15
1952,288.15,1.0009999647501362,6.63096578734555e-09,15
1954,288.15,1.0009999649607397,6.318103990255417e-09,15
1956,288.15,1.0009999651613906,6.01952320802212e-09,15
1958,288.15,1.0009999653525437,5.734594853240456e-09,15
1960,288.15,1.0009999655346342,5.462716908991676e-09,15
1962,288.15,1.000999965708078,5.203312855834681e-09,15
1964,288.15,1.0009999658732722,4.955830639912606e-09,15
1966,288.15,1.000999966030597,4.719741680693285e-09,15
1968,288.15,1.000999966180415,4.494539916913033e-09,15
1970,288.15,1.000999966323073,4.279740889339974e-09,15
1972,288.15,1.0009999664589024,4.074880859020108e-09,15
1974,288.15,1.0009999665882197,3.879515959713838e-09,15
1976,288.15,1.000999966711327,3.693221383275576e-09,15
1978,288.15,1.0009999668285132,3.5155905967698982e-09,15
1980,288.15,1.0009999669400544,3.3462345901600796e-09,15
1982,288.15,1.0009999670462137,3.1847811534430316e-09,15
1984,288.15,1.000999967147243,3.030874182145265e-09,15
1986,288.15,1.000999967243382,2.88417301013004e-09,15
1988,288.15,1.0009999673348604,2.7443517687025248e-09,15
1990,288.15,1.000999967421897,2.6110987710354935e-09,15
1992,288.15,1.0009999675047008,2.4841159209709536e-09,15
1994,288.15,1.0009999675834713,2.3631181452868107e-09,15
1996,288.15,1.0009999676583992,2.247832848548507e-09,15
1998,288.15,1.0009999677296657,2.1379993896976517e-09,15
2000,288.15,1.0009999677974446,2.0333685795579918e-09,15
2002,288.15,1.0009999678619013,1.933702198469148e-09,15
2004,288.15,1.0009999679231938,1.8387725332853585e-09,15
2006,288.15,1.0009999679814725,1.7483619330045039e-09,15
2008,288.15,1.0009999680368813,1.6622623823179423e-09,15
2010,288.15,1.0009999680895572,1.5802750923973825e-09,15
2012,288.15,1.0009999681396309,1.5022101082592788e-09,15
2014,288.15,1.000999968187227,1.427885932071072e-09,15
2016,288.15,1.0009999682324646,1.3571291617862215e-09,15
2018,288.15,1.0009999682754571,1.2897741445169922e-09,15
2020,288.15,1.0009999683163124,1.2256626440757659e-09,15
2022,288.15,1.0009999683551338,1.1646435221357022e-09,15
2024,288.15,1.0009999683920197,1.1065724324820618e-09,15
2026,288.15,1.0009999684270634,1.0513115278442205e-09,15
2028,288.15,1.0009999684603543,9.987291788176727e-10,15
2030,288.15,1.0009999684919777,9.486997044028007e-10,15
2032,288.15,1.0009999685220146,9.011031137048495e-10,15
2034,288.15,1.000999968550542,8.558248583561549e-10,15
2036,288.15,1.0009999685776338,8.127555952382235e-10,15
2038,288.15,1.0009999686033602,7.717909590965003e-10,15
2040,288.15,1.000999968627788,7.328313446561539e-10,15
2042,288.15,1.0009999686509807,6.957816978615511e-10,15
2044,288.15,1.0009999686729991,6.605513158764251e-10,15
2046,288.15,1.0009999686939008,6.270536554951909e-10,15
2048,288.15,1.000999968713741,5.952061496289764e-10,15
2050,288.15,1.000999968732572,5.649300315428175e-10,15
2052,288.15,1.0009999687504436,5.361501665324693e-10,15
2054,288.15,1.0009999687674034,5.087948907412535e-10,15
2056,288.15,1.0009999687834965,4.827958568285739e-10,15
2058,288.15,1.000999968798766,4.5808788621297404e-10,15
2060,288.15,1.000999968813253,4.34608827622922e-10,15
2062,288.15,1.0009999688269962,4.122994216989375e-10,15
2064,288.15,1.0009999688400328,3.9110317140036315e-10,15
2066,288.15,1.0009999688523983,3.7096621797975666e-10,15
2068,288.15,1.0009999688641262,3.5183722229684044e-10,15
2070,288.15,1.0009999688752484,3.3366725125295756e-10,15
2072,288.15,1.0009999688857953,3.164096691353e-10,15
2074,288.15,1.000999968895796,3.0002003366856126e-10,15
2076,288.15,1.000999968905278,2.8445599657945104e-10,15
2078,288.15,1.0009999689142672,2.696772084870837e-10,15
2080,288.15,1.0009999689227886,2.5564522793973147e-10,15
2082,288.15,1.0009999689308662,2.423234344253526e-10,15
2084,288.15,1.000999968938522,2.2967694519017825e-10,15
2086,288.15,1.0009999689457778,2.1767253570616022e-10,15
2088,288.15,1.0009999689526539,2.0627856363443144e-10,15
2090,288.15,1.0009999689591693,1.9546489613795747e-10,15
2092,288.15,1.0009999689653428,1.8520284040243407e-10,15
2094,288.15,1.0009999689711917,1.754650772300828e-10,15
2096,288.15,1.0009999689767326,1.6622559757646604e-10,15
2098,288.15,1.0009999689819813,1.5745964190560507e-10,15
2100,288.15,1.0009999689869526,1.4914364224372854e-10,15
2102,288.15,1.000999968991661,1.4125516681677977e-10,15
2104,288.15,1.0009999689961202,1.3377286716150135e-10,15
2106,288.15,1.0009999690003428,1.26676427604341e-10,15
2108,288.15,1.000999969004341,1.199465170067171e-10,15
2110,288.15,1.0009999690081264,1.1356474267935541e-10,15
2112,288.15,1.0009999690117102,1.0751360637234106e-10,15
2114,288.15,1.0009999690151028,1.0177646225137185e-10,15
2116,288.15,1.000999969018314,9.633747677434876e-11,15
2118,288.15,1.0009999690213534,9.118159038602119e-11,15
2120,288.15,1.00099996902423,8.629448095172878e-11,15
2122,288.15,1.000999969026952,8.166252885460892e-11,15
2124,288.15,1.0009999690295277,7.727278368371825e-11,15
2126,288.15,1.0009999690319649,7.311293244357834e-11,15
2128,288.15,1.0009999690342706,6.91712692185133e-11,15
2130,288.15,1.0009999690364517,6.543666622794423e-11,15
2132,288.15,1.000999969038515,6.189854621146225e-11,15
2134,288.15,1.0009999690404665,5.854685608509485e-11,15
2136,288.15,1.0009999690423121,5.537204181260539e-11,15
2138,288.15,1.0009999690440576,5.236502443805769e-11,15
2140,288.15,1.0009999690457083,4.9517177228143444e-11,15
2142,288.15,1.000999969047269,4.6820303874939456e-11,15
2144,288.15,1.0009999690487446,4.426661771187172e-11,15
2146,288.15,1.0009999690501394,4.184872189764776e-11,15
2148,288.15,1.0009999690514582,3.955959052487845e-11,15
2150,288.15,1.0009999690527045,3.739255061192841e-11,15
2152,288.15,1.0009999690538824,3.534126493833125e-11,15
2154,288.15,1.0009999690549958,3.339971568579285e-11,15
2156,288.15,1.0009999690560478,3.1562188848456094e-11,15
2158,288.15,1.000999969057042,2.9823259377649646e-11,15
2160,288.15,1.0009999690579812,2.8177777027860283e-11,15
2162,288.15,1.0009999690588685,2.662085287209645e-11,15
2164,288.15,1.0009999690597067,2.514784645620658e-11,15
2166,288.15,1.0009999690604985,2.3754353563028792e-11,15
2168,288.15,1.0009999690612463,2.2436194558519977e-11,15
2170,288.15,1.0009999690619527,2.1189403293239402e-11,15
2172,288.15,1.0009999690626197,2.001021653371377e-11,15
2174,288.15,1.0009999690632496,1.8895063899342958e-11,15
2176,288.15,1.0009999690638443,1.7840558281563342e-11,15
2178,288.15,1.0009999690644058,1.6843486723026815e-11,15
2180,288.15,1.0009999690649358,1.590080173552353e-11,15
2182,288.15,1.000999969065436,1.500961303632821e-11,15
2184,288.15,1.0009999690659084,1.4167179683545163e-11,15
2186,288.15,1.000999969066354,1.3370902591897416e-11,15
2188,288.15,1.0009999690667746,1.2618317411228136e-11,15
2190,288.15,1.0009999690671714,1.1907087750778231e-11,15
2192,288.15,1.000999969067546,1.1234998733058205e-11,15
2194,288.15,1.0009999690678992,1.0599950861865397e-11,15
2196,288.15,1.0009999690682325,9.999954189686994e-12,15
2198,288.15,1.000999969068547,9.43312277039483e-12,15
2200,288.15,1.0009999690688436,8.897669383779615e-12,15
2202,288.15,1.0009999690691234,8.391900519076252e-12,15
2204,288.15,1.0009999690693872,7.914211605216661e-12,15
2206,288.15,1.0009999690696358,7.463082476104849e-12,15
2208,288.15,1.0009999690698703,7.037073059741537e-12,15
2210,288.15,1.0009999690700915,6.6348192805364586e-12,15
2212,288.15,1.0009999690703,6.2550291646338495e-12,15
2214,288.15,1.0009999690704965,5.89647913854306e-12,15
2216,288.15,1.0009999690706817,5.558010511813928e-12,15
2218,288.15,1.0009999690708562,5.23852613492099e-12,15
2220,288.15,1.0009999690710207,4.9369872239303e-12,15
2222,288.15,1.0009999690711757,4.652410343910454e-12,15
2224,288.15,1.0009999690713218,4.383864543424082e-12,15
2226,288.15,1.0009999690714595,4.130468632790581e-12,15
2228,288.15,1.0009999690715892,3.891388599150936e-12,15
2230,288.15,1.0009999690717113,3.665835151692223e-12,15
2232,288.15,1.0009999690718263,3.4530613906972952e-12,15
2234,288.15,1.0009999690719347,3.2523605943847495e-12,15
2236,288.15,1.0009999690720368,3.0630641177841538e-12,15
2238,288.15,1.000999969072133,2.8845393981658807e-12,15
2240,288.15,1.0009999690722235,2.7161880617997493e-12,15
2242,288.15,1.0009999690723088,2.55744412706608e-12,15
2244,288.15,1.000999969072389,2.4077722991763148e-12,15
2246,288.15,1.0009999690724645,2.2666663519867578e-12,15
2248,288.15,1.0009999690725355,2.133647592602525e-12,15
2250,288.15,1.0009999690726024,2.008263404674416e-12,15
2252,288.15,1.0009999690726654,1.8900858664859545e-12,15
2254,288.15,1.0009999690727247,1.7787104401157156e-12,15
2256,288.15,1.0009999690727804,1.673754728136817e-12,15
2258,288.15,1.0009999690728328,1.5748572944858204e-12,15
2260,288.15,1.0009999690728821,1.4816765462953412e-12,15
2262,288.15,1.0009999690729285,1.39388967363881e-12,15
2264,288.15,1.0009999690729723,1.3111916442836078e-12,15
2266,288.15,1.0009999690730134,1.2332942506887126e-12,15
2268,288.15,1.000999969073052,1.1599252066176708e-12,15
2270,288.15,1.0009999690730884,1.090827290864985e-12,15
2272,288.15,1.0009999690731226,1.0257575357158161e-12,15
2274,288.15,1.0009999690731548,9.64486457875056e-13,15
2276,288.15,1.000999969073185,9.067973297126883e-13,15
2278,288.15,1.0009999690732134,8.524854887772348e-13,15
2280,288.15,1.00099996907324,8.013576836301278e-13,15
2282,288.15,1.0009999690732652,7.532314541491826e-13,15
2284,288.15,1.0009999690732887,7.079345445407475e-13,15
2286,288.15,1.000999969073311,6.653043473869924e-13,15
2288,288.15,1.0009999690733318,6.251873771372849e-13,15
2290,288.15,1.0009999690733513,5.874387715318721e-13,15
2292,288.15,1.0009999690733697,5.519218195206923e-13,15
2294,288.15,1.000999969073387,5.185075143119251e-13,15
2296,288.15,1.0009999690734033,4.87074130252676e-13,15
2298,288.15,1.0009999690734186,4.575068223092616e-13,15
2300,288.15,1.000999969073433,4.2969724697594133e-13,15
2302,288.15,1.0009999690734466,4.035432034998335e-13,15
2304,288.15,1.0009999690734592,3.7894829436545276e-13,15
2306,288.15,1.000999969073471,3.5582160403562645e-13,15
2308,288.15,1.000999969073482,3.3407739499597976e-13,15
2310,288.15,1.0009999690734925,3.1363482019838285e-13,15
2312,288.15,1.0009999690735023,2.944176510444359e-13,15
2314,288.15,1.0009999690735114,2.7635402009374645e-13,15
2316,288.15,1.00099996907352,2.5937617772306213e-13,15
2318,288.15,1.0009999690735283,2.434202620016664e-13,15
2320,288.15,1.0009999690735358,2.2842608108605595e-13,15
2322,288.15,1.000999969073543,2.143369074723439e-13,15
2324,288.15,1.0009999690735496,2.0109928347882262e-13,15
2326,288.15,1.0009999690735558,1.886628373631699e-13,15
2328,288.15,1.0009999690735618,1.7698010950952447e-13,15
2330,288.15,1.0009999690735674,1.660063881495685e-13,15
2332,288.15,1.0009999690735725,1.5569955410949728e-13,15
2334,288.15,1.0009999690735774,1.4601993410092072e-13,15
2336,288.15,1.000999969073582,1.369301620987545e-13,15
2338,288.15,1.0009999690735862,1.283950483727917e-13,15
2340,288.15,1.0009999690735902,1.2038145576218578e-13,15
2342,288.15,1.000999969073594,1.1285818280342648e-13,15
2344,288.15,1.0009999690735976,1.0579585334272148e-13,15
2346,288.15,1.000999969073601,9.916681228295542e-14,15
2348,288.15,1.000999969073604,9.294502713368384e-14,15
2350,288.15,1.0009999690736069,8.710599505004746e-14,15
2352,288.15,1.0009999690736096,8.162665506294332e-14,15
2354,288.15,1.000999969073612,7.648530521847586e-14,15
2356,288.15,1.0009999690736144,7.166152435954332e-14,15
2358,288.15,1.0009999690736167,6.713609829657418e-14,15
2360,288.15,1.0009999690736187,6.289095012774834e-14,15
2362,288.15,1.0009999690736207,5.890907448178605e-14,15
2364,288.15,1.0009999690736224,5.5174475468401165e-14,15
2366,288.15,1.0009999690736242,5.1672108132975186e-14,15
2368,288.15,1.0009999690736258,4.8387823222820904e-14,15
2370,288.15,1.0009999690736273,4.530831508270772e-14,15
2372,288.15,1.0009999690736286,4.242107250704566e-14,15
2374,288.15,1.00099996907363,3.9714332385403534e-14,15
2376,288.15,1.0009999690736313,3.717703598677137e-14,15
2378,288.15,1.0009999690736324,3.479878773629792e-14,15
2380,288.15,1.0009999690736335,3.2569816346122664e-14,15
2382,288.15,1.0009999690736346,3.048093816936479e-14,15
2384,288.15,1.0009999690736355,2.852352265343077e-14,15
2386,288.15,1.0009999690736364,2.66894597754845e-14,15
2388,288.15,1.0009999690736373,2.4971129349300233e-14,15
2390,288.15,1.0009999690736382,2.336137209871888e-14,15
2392,288.15,1.0009999690736389,2.185346239864129e-14,15
2394,288.15,1.0009999690736395,2.0441082589888204e-14,15
2396,288.15,1.0009999690736402,1.9118298779376385e-14,15
2398,288.15,1.0009999690736409,1.787953804190165e-14,15
2400,288.15,1.0009999690736415,1.6719566944411373e-14,15
2402,288.15,1.000999969073642,1.5633471317984124e-14,15
2404,288.15,1.0009999690736424,1.4616637206861078e-14,15
2406,288.15,1.0009999690736429,1.3664732927752914e-14,15
2408,288.15,1.0009999690736433,1.2773692176337019e-14,15
2410,288.15,1.0009999690736437,1.1939698121348569e-14,15
2412,288.15,1.0009999690736442,1.1159168429967122e-14,15
2414,288.15,1.0009999690736446,1.0428741171323482e-14,15
2416,288.15,1.0009999690736449,9.745261547906394e-15,15
2418,288.15,1.000999969073645,9.105769407446515e-15,15
2420,288.15,1.0009999690736453,8.507487490495939e-15,15
2422,288.15,1.0009999690736455,7.947810371424812e-15,15
2424,288.15,1.0009999690736457,7.424294052921417e-15,15
2426,288.15,1.000999969073646,6.934646176319465e-15,15
2428,288.15,1.0009999690736462,6.4767168121910255e-15,15
2430,288.15,1.0009999690736464,6.048489797643596e-15,15
2432,288.15,1.0009999690736466,5.648074588649562e-15,15
2434,288.15,1.0009999690736469,5.2736985975250214e-15,15
2436,288.15,1.000999969073647,4.923699987362874e-15,15
2438,288.15,1.0009999690736473,4.59652089681988e-15,15
2440,288.15,1.0009999690736475,4.290701070169914e-15,15
2442,288.15,1.0009999690736477,4.00487186895617e-15,15
2444,288.15,1.000999969073648,3.7377506429256235e-15,15
2446,288.15,1.0009999690736482,3.4881354391973324e-15,15
2448,288.15,1.0009999690736482,3.2549000298220634e-15,15
2450,288.15,1.0009999690736482,3.036989239021218e-15,15
2452,288.15,1.0009999690736482,2.833414552468196e-15,15
2454,288.15,1.0009999690736482,2.6432499919847954e-15,15
2456,288.15,1.0009999690736482,2.4656282399829075e-15,15
2458,288.15,1.0009999690736482,2.2997369988823102e-15,15
2460,288.15,1.0009999690736482,2.1448155715877506e-15,15
2462,288.15,1.0009999690736482,2.0001516499115482e-15,15
2464,288.15,1.0009999690736482,1.865078298588035e-15,15
2466,288.15,1.0009999690736482,1.7389711232403027e-15,15
2468,288.15,1.0009999690736482,1.6212456113361626e-15,15
2470,288.15,1.0009999690736482,1.5113546358078888e-15,15
2472,288.15,1.0009999690736482,1.4087861116107134e-15,15
2474,288.15,1.0009999690736482,1.3130607960631263e-15,15
2476,288.15,1.0009999690736482,1.223730224346038e-15,15
2478,288.15,1.0009999690736482,1.1403747720437374e-15,15
2480,288.15,1.0009999690736482,1.0626018370839254e-15,15
2482,288.15,1.0009999690736482,9.900441338839033e-16,15
2484,288.15,1.0009999690736482,9.223580929321116e-16,15
2486,288.15,1.0009999690736482,8.592223594337389e-16,15
2488,288.15,1.0009999690736482,8.003363850243161e-16,15
2490,288.15,1.0009999690736482,7.4541910690999205e-16,15
2492,288.15,1.0009999690736482,6.94207709126547e-16,15
2494,288.15,1.0009999690736482,6.464564609244537e-16,15
2496,288.15,1.0009999690736482,6.0193562758319e-16,15
2498,288.15,1.0009999690736482,5.604304492374192e-16,15
2500,288.15,1.0009999690736482,5.217401835610782e-16,15
2502,288.15,1.0009999690736482,4.856772084027654e-16,15
2504,288.15,1.0009999690736482,4.520661806995728e-16,15
2506,288.15,1.0009999690736482,4.207432482160746e-16,15
2508,288.15,1.0009999690736482,3.915553108624572e-16,15
2510,288.15,1.0009999690736482,3.643593285403422e-16,15
2512,288.15,1.0009999690736482,3.390216726485933e-16,15
2514,288.15,1.0009999690736482,3.1541751855387726e-16,15
2516,288.15,1.0009999690736482,2.934302764935889e-16,15
2518,288.15,1.0009999690736482,2.7295105853147605e-16,15
2520,288.15,1.0009999690736482,2.5387817933052834e-16,15
2522,288.15,1.0009999690736482,2.361166886429479e-16,15
2524,288.15,1.0009999690736482,2.1957793354471935e-16,15
2526,288.15,1.0009999690736482,2.041791485620673e-16,15
2528,288.15,1.0009999690736482,1.8984307194991542e-16,15
2530,288.15,1.0009999690736482,1.7649758648864521e-16,15
2532,288.15,1.0009999690736482,1.640753832651569e-16,15
2534,288.15,1.0009999690736482,1.5251364699811796e-16,15
2536,288.15,1.0009999690736482,1.4175376155548133e-16,15
2538,288.15,1.0009999690736482,1.3174103439538869e-16,15
2540,288.15,1.0009999690736482,1.2242443873946135e-16,15
2542,288.15,1.0009999690736482,1.1375637236088074e-16,15
2544,288.15,1.0009999690736482,1.0569243193847014e-16,15
2546,288.15,1.0009999690736482,9.819120199285174e-17,15
2548,288.15,1.0009999690736482,9.121405748149338e-17,15
2550,288.15,1.0009999690736482,8.472497918670116e-17,15
2552,288.15,1.0009999690736482,7.869038108429895e-17,15
2554,288.15,1.0009999690736482,7.307894893121198e-17,15
2556,288.15,1.0009999690736482,6.786148935755481e-17,15
2558,288.15,1.0009999690736482,6.301078879333804e-17,15
2560,288.15,1.0009999690736482,5.850148160173315e-17,15
2562,288.15,1.0009999690736482,5.430992683007341e-17,15
2564,288.15,1.0009999690736482,5.041409302663226e-17,15
2566,288.15,1.0009999690736482,4.679345060581329e-17,15
2568,288.15,1.0009999690736482,4.342887127690428e-17,15
2570,288.15,1.0009999690736482,4.0302534081987825e-17,15
2572,288.15,1.0009999690736482,3.7397837617258605e-17,15
2574,288.15,1.0009999690736482,3.4699318038821496e-17,15
2576,288.15,1.0009999690736482,3.21925724792687e-17,15
2578,288.15,1.0009999690736482,2.986418752495165e-17,15
2580,288.15,1.0009999690736482,2.7701672426060064e-17,15
2582,288.15,1.0009999690736482,2.5693396732414947e-17,15
2584,288.15,1.0009999690736482,2.3828532067404706e-17,15
2586,288.15,1.0009999690736482,2.2096997770792698e-17,15
2588,288.15,1.0009999690736482,2.048941015827565e-17,15
2590,288.15,1.0009999690736482,1.899703516178981e-17,15
2592,288.15,1.0009999690736482,1.7611744129620626e-17,15
2594,288.15,1.0009999690736482,1.632597257953807e-17,15
2596,288.15,1.0009999690736482,1.5132681711422573e-17,15
2598,288.15,1.0009999690736482,1.4025322498285436e-17,15
2600,288.15,1.0009999690736482,1.2997802186223416e-17,15
2602,288.15,1.0009999690736482,1.2044453044766609e-17,15
2604,288.15,1.0009999690736482,1.1160003219298391e-17,15
2606,288.15,1.0009999690736482,1.0339549546813597e-17,15
2608,288.15,1.0009999690736482,9.578532205246528e-18,15
2610,288.15,1.0009999690736482,8.872711075014437e-18,15
2612,288.15,1.0009999690736482,8.218143699287708e-18,15
2614,288.15,1.0009999690736482,7.611164736878121e-18,15
2616,288.15,1.0009999690736482,7.048366808535959e-18,15
2618,288.15,1.0009999690736482,6.526582643911071e-18,15
2620,288.15,1.0009999690736482,6.042868442488181e-18,15
2622,288.15,1.0009999690736482,5.594488367468837e-18,15
2624,288.15,1.0009999690736482,5.17890009687629e-18,15
2626,288.15,1.0009999690736482,4.793741361121612e-18,15
2628,288.15,1.0009999690736482,4.436817400915511e-18,15
2630,288.15,1.0009999690736482,4.106089283753826e-18,15
2632,288.15,1.0009999690736482,3.79966302127207e-18,15
2634,288.15,1.0009999690736482,3.515779433567383e-18,15
2636,288.15,1.0009999690736482,3.2528047101453416e-18,15
2638,288.15,1.0009999690736482,3.0092216204763008e-18,15
2640,288.15,1.0009999690736482,2.783621330259043e-18,15
2642,288.15,1.0009999690736482,2.5746957823992146e-18,15
2644,288.15,1.0009999690736482,2.3812306044334744e-18,15
2646,288.15,1.0009999690736482,2.202098506672618e-18,15
2648,288.15,1.0009999690736482,2.0362531377167626e-18,15
2650,288.15,1.0009999690736482,1.882723366219547e-18,15
2652,288.15,1.0009999690736482,1.7406079598554168e-18,15
2654,288.15,1.0009999690736482,1.609070634387237e-18,15
2656,288.15,1.0009999690736482,1.4873354475454822e-18,15
2658,288.15,1.0009999690736482,1.3746825141270819e-18,15
2660,288.15,1.0009999690736482,1.2704440203051912e-18,15
2662,288.15,1.0009999690736482,1.1740005166220023e-18,15
2664,288.15,1.0009999690736482,1.0847774705183582e-18,15
2666,288.15,1.0009999690736482,1.0022420605460598e-18,15
2668,288.15,1.0009999690736482,9.259001956134069e-19,15
2670,288.15,1.0009999690736482,8.552937437413635e-19,15
2672,288.15,1.0009999690736482,7.899979558582442e-19,15
2674,288.15,1.0009999690736482,7.296190711429556e-19,15
2676,288.15,1.0009999690736482,6.737920913424137e-19,15
2678,288.15,1.0009999690736482,6.221787123440546e-19,15
2680,288.15,1.0009999690736482,5.744654020826929e-19,15
2682,288.15,1.0009999690736482,5.303616146053465e-19,15
2684,288.15,1.0009999690736482,4.895981308129885e-19,15
2686,288.15,1.0009999690736482,4.519255170461993e-19,15
2688,288.15,1.0009999690736482,4.1711269328695336e-19,15
2690,288.15,1.0009999690736482,3.8494560331274923e-19,15
2692,288.15,1.0009999690736482,3.552259796657165e-19,15
2694,288.15,1.0009999690736482,3.277701967900226e-19,15
2696,288.15,1.0009999690736482,3.02408206148793e-19,15
2698,288.15,1.0009999690736482,2.7898254755833294e-19,15
2700,288.15,1.0009999690736482,2.573474313754681e-19,15
2702,288.15,1.0009999690736482,2.373678865445962e-19,15
2704,288.15,1.0009999690736482,2.189189698569673e-19,15
2706,288.15,1.0009999690736482,2.0188503209684586e-19,15
2708,288.15,1.0009999690736482,1.8615903704948617e-19,15
2710,288.15,1.0009999690736482,1.7164192962585538e-19,15
2712,288.15,1.0009999690736482,1.582420496196258e-19,15
2714,288.15,1.0009999690736482,1.4587458785498597e-19,15
2716,288.15,1.0009999690736482,1.3446108171003527e-19,15
2718,288.15,1.0009999690736482,1.239289472114229e-19,15
2720,288.15,1.0009999690736482,1.1421104509206608e-19,15
2722,288.15,1.0009999690736482,1.0524527838674632e-19,15
2724,288.15,1.0009999690736482,9.697421931048564e-20,15
2726,288.15,1.0009999690736482,8.934476332322827e-20,15
2728,288.15,1.0009999690736482,8.230780843182493e-20,15
2730,288.15,1.0009999690736482,7.581795791772031e-20,15
2732,288.15,1.0009999690736482,6.983324480656568e-20,15
2734,288.15,1.0009999690736482,6.431487651502172e-20,15
2736,288.15,1.0009999690736482,5.922699822067526e-20,15
2738,288.15,1.0009999690736482,5.453647360407068e-20,15
2740,288.15,1.0009999690736482,5.021268170771056e-20,15
2742,288.15,1.0009999690736482,4.6227328746043e-20,15
2744,288.15,1.0009999690736482,4.2554273783420635e-20,15
2746,288.15,1.0009999690736482,3.9169367274150014e-20,15
2748,288.15,1.0009999690736482,3.605030153053693e-20,15
2750,288.15,1.0009999690736482,3.317647225151343e-20,15
2752,288.15,1.0009999690736482,3.052885030651248e-20,15
2754,288.15,1.0009999690736482,2.808986302690523e-20,15
2756,288.15,1.0009999690736482,2.584328431095566e-20,15
2758,288.15,1.0009999690736482,2.3774132898076615e-20,15
2760,288.15,1.0009999690736482,2.1868578214497556e-20,15
2762,288.15,1.0009999690736482,2.011385323549804e-20,15
2764,288.15,1.0009999690736482,1.849817384937609e-20,15
2766,288.15,1.0009999690736482,1.7010664245469395e-20,15
2768,288.15,1.0009999690736482,1.5641287883089198e-20,15
2770,288.15,1.0009999690736482,1.4380783630298442e-20,15
2772,288.15,1.0009999690736482,1.3220606691260045e-20,15
2774,288.15,1.0009999690736482,1.2152873968547223e-20,15
2776,288.15,1.0009999690736482,1.1170313532506206e-20,15
2778,288.15,1.0009999690736482,1.0266217893625157e-20,15
2780,288.15,1.0009999690736482,9.434400796005583e-21,15
2782,288.15,1.0009999690736482,8.66915727060961e-21,15
2784,288.15,1.0009999690736482,7.965226706035262e-21,15
2786,288.15,1.0009999690736482,7.317758712299827e-21,15
2788,288.15,1.0009999690736482,6.722281569550056e-21,15
2790,288.15,1.0009999690736482,6.174673068877905e-21,15
2792,288.15,1.0009999690736482,5.671133566580139e-21,15
2794,288.15,1.0009999690736482,5.208161086337008e-21,15
2796,288.15,1.0009999690736482,4.7825283159694365e-21,15
2798,288.15,1.0009999690736482,4.3912613567387514e-21,15
2800,288.15,1.0009999690736482,4.031620093636781e-21,15
2802,288.15,1.0009999690736482,3.701080064836579e-21,15
2804,288.15,1.0009999690736482,3.397315717489408e-21,15
2806,288.15,1.0009999690736482,3.118184945413049e-21,15
2808,288.15,1.0009999690736482,2.8617148119666522e-21,15
2810,288.15,1.0009999690736482,2.6260883685902154e-21,15
2812,288.15,1.0009999690736482,2.4096324861474e-21,15
2814,288.15,1.0009999690736482,2.210806622379362e-21,15
2816,288.15,1.0009999690736482,2.0281924544997396e-21,15
2818,288.15,1.0009999690736482,1.860484311256881e-21,15
2820,288.15,1.0009999690736482,1.7064803437020103e-21,15
2822,288.15,1.0009999690736482,1.5650743784492007e-21,15
2824,288.15,1.0009999690736482,1.4352484014271782e-21,15
2826,288.15,1.0009999690736482,1.3160656240258145e-21,15
2828,288.15,1.0009999690736482,1.206664087153554e-21,15
2830,288.15,1.0009999690736482,1.1062507620703988e-21,15
2832,288.15,1.0009999690736482,1.0140961099590231e-21,15
2834,288.15,1.0009999690736482,9.295290650663657e-22,15
2836,288.15,1.0009999690736482,8.519324089040558e-22,15
2838,288.15,1.0009999690736482,7.807385054548627e-22,15
2840,288.15,1.0009999690736482,7.154253696076808e-22,15
2842,288.15,1.0009999690736482,6.555130431497192e-22,15
2844,288.15,1.0009999690736482,6.005602545930673e-22,15
2846,288.15,1.0009999690736482,5.501613409161625e-22,15
2848,288.15,1.0009999690736482,5.039434109686017e-22,15
2850,288.15,1.0009999690736482,4.615637318308689e-22,15
2852,288.15,1.0009999690736482,4.2270732084778616e-22,15
2854,288.15,1.0009999690736482,3.8708472737484296e-22,15
2856,288.15,1.0009999690736482,3.5442998949704624e-22,15
2858,288.15,1.0009999690736482,3.2449875210871854e-22,15
2860,288.15,1.0009999690736482,2.9706653378656746e-22,15
2862,288.15,1.0009999690736482,2.7192713085299864e-22,15
2864,288.15,1.0009999690736482,2.488911479185099e-22,15
2866,288.15,1.0009999690736482,2.2778464501644103e-22,15
2868,288.15,1.0009999690736482,2.0844789220516892e-22,15
2870,288.15,1.0009999690736482,1.907342232168078e-22,15
2872,288.15,1.0009999690736482,1.7450898038203766e-22,15
2874,288.15,1.0009999690736482,1.5964854366159475e-22,15
2876,288.15,1.0009999690736482,1.4603943717026973e-22,15
2878,288.15,1.0009999690736482,1.3357750709199395e-22,15
2880,288.15,1.0009999690736482,1.2216716535830187e-22,15
2882,288.15,1.0009999690736482,1.1172069389983798e-22,15
2884,288.15,1.0009999690736482,1.0215760468457775e-22,15
2886,288.15,1.0009999690736482,9.340405112929624e-23,15
2888,288.15,1.0009999690736482,8.539228681513361e-23,15
2890,288.15,1.0009999690736482,7.806016775602603e-23,15
2892,288.15,1.0009999690736482,7.135069476202738e-23,15
2894,288.15,1.0009999690736482,6.521159271038907e-23,15
2896,288.15,1.0009999690736482,5.959492378707928e-23,15
2898,288.15,1.0009999690736482,5.445673199200965e-23,15
2900,288.15,1.0009999690736482,4.9756716413940804e-23,15
2902,288.15,1.0009999690736482,4.545793097727174e-23,15
2904,288.15,1.0009999690736482,4.152650854394454e-23,15
2906,288.15,1.0009999690736482,3.7931407420661904e-23,15
2908,288.15,1.0009999690736482,3.464417847558802e-23,15
2910,288.15,1.0009999690736482,3.163875121068635e-23,15
2912,288.15,1.0009999690736482,2.88912372667776e-23,15
2914,288.15,1.0009999690736482,2.6379749959115623e-23,15
2916,288.15,1.0009999690736482,2.408423855253087e-23,15
2918,288.15,1.0009999690736482,2.198633608776381e-23,15
2920,288.15,1.0009999690736482,2.0069219665152248e-23,15
2922,288.15,1.0009999690736482,1.831748217893631e-23,15
2924,288.15,1.0009999690736482,1.6717014575728703e-23,15
2926,288.15,1.0009999690736482,1.5254897784654233e-23,15
2928,288.15,1.0009999690736482,1.391930353480965e-23,15
2930,288.15,1.0009999690736482,1.2699403338456428e-23,15
2932,288.15,1.0009999690736482,1.1585284976173665e-23,15
2934,288.15,1.0009999690736482,1.0567875873447014e-23,15
2936,288.15,1.0009999690736482,9.638872807203122e-24,15
2938,288.15,1.0009999690736482,8.790677425943844e-24,15
2940,288.15,1.0009999690736482,8.016337108707083e-24,15
2942,288.15,1.0009999690736482,7.30949072634418e-24,15
2944,288.15,1.0009999690736482,6.664318903834172e-24,15
2946,288.15,1.0009999690736482,6.0754984147704045e-24,15
2948,288.15,1.0009999690736482,5.538160368993579e-24,15
2950,288.15,1.0009999690736482,5.0478518818043316e-24,15
2952,288.15,1.0009999690736482,4.6005009384452815e-24,15
2954,288.15,1.0009999690736482,4.192384190788362e-24,15
2956,288.15,1.0009999690736482,3.820097444541028e-24,15
2958,288.15,1.0009999690736482,3.4805286149517944e-24,15
2960,288.15,1.0009999690736482,3.1708329470812175e-24,15
2962,288.15,1.0009999690736482,2.888410313338675e-24,15
2964,288.15,1.0009999690736482,2.630884416278388e-24,15
2966,288.15,1.0009999690736482,2.3960837387110215e-24,15
2968,288.15,1.0009999690736482,2.1820240961146954e-24,15
2970,288.15,1.0009999690736482,1.986892658211907e-24,15
2972,288.15,1.0009999690736482,1.8090333175017888e-24,15
2974,288.15,1.0009999690736482,1.6469332925755187e-24,15
2976,288.15,1.0009999690736482,1.4992108632662212e-24,15
2978,288.15,1.0009999690736482,1.3646041431605853e-24,15
2980,288.15,1.0009999690736482,1.2419608027872835e-24,15
2982,288.15,1.0009999690736482,1.1302286639491767e-24,15
2984,288.15,1.0009999690736482,1.0284470922385689e-24,15
2986,288.15,1.0009999690736482,9.35739120808365e-25,15
2988,288.15,1.0009999690736482,8.513042440155904e-25,15
2990,288.15,1.0009999690736482,7.744118246415394e-25,15
2992,288.15,1.0009999690736482,7.043950630664594e-25,15
2994,288.15,1.0009999690736482,6.4064548106567e-25,15
2996,288.15,1.0009999690736482,5.82607876832659e-25,15
2998,288.15,1.0009999690736482,5.297757114483337e-25,15
3000,288.15,1.0009999690736482,4.816868903333999e-25,15
3002,288.15,1.0009999690736482,4.379199062644371e-25,15
3004,288.15,1.0009999690736482,3.980903133279112e-25,15
3006,288.15,1.0009999690736482,3.618475037486181e-25,15
3008,288.15,1.0009999690736482,3.2887176188012354e-25,15
3010,288.15,1.0009999690736482,2.9887157180139507e-25,15
3012,288.15,1.0009999690736482,2.715811569414022e-25,15
3014,288.15,1.0009999690736482,2.4675823196764884e-25,15
3016,288.15,1.0009999690736482,2.24181948837557e-25,15
3018,288.15,1.0009999690736482,2.03651020437126e-25,15
3020,288.15,1.0009999690736482,1.849820066290301e-25,15
3022,288.15,1.0009999690736482,1.6800774881435573e-25,15
3024,288.15,1.0009999690736482,1.5257594028675109e-25,15
3026,288.15,1.0009999690736482,1.3854782073462548e-25,15
3028,288.15,1.0009999690736482,1.2579698423364958e-25,15
3030,288.15,1.0009999690736482,1.142082909759618e-25,15
3032,288.15,1.0009999690736482,1.0367687381079558e-25,15
3034,288.15,1.0009999690736482,9.41072314301894e-26,15
3036,288.15,1.0009999690736482,8.541240072853091e-26,15
3038,288.15,1.0009999690736482,7.751320150132076e-26,15
3040,288.15,1.0009999690736482,7.033754723173932e-26,15
3042,288.15,1.0009999690736482,6.381981624744667e-26,15
3044,288.15,1.0009999690736482,5.79002780189706e-26,15
3046,288.15,1.0009999690736482,5.25245698186288e-26,15
3048,288.15,1.0009999690736482,4.7643219368675614e-26,15
3050,288.15,1.0009999690736482,4.321120948238808e-26,15
3052,288.15,1.0009999690736482,3.918758104507044e-26,15
3054,288.15,1.0009999690736482,3.5535070996073866e-26,15
3056,288.15,1.0009999690736482,3.2219782260367487e-26,15
3058,288.15,1.0009999690736482,2.921088284117429e-26,15
3060,288.15,1.0009999690736482,2.6480331525773153e-26,15
3062,288.15,1.0009999690736482,2.4002627876644692e-26,15
3064,288.15,1.0009999690736482,2.1754584381436707e-26,15
3066,288.15,1.0009999690736482,1.971511881931179e-26,15
3068,288.15,1.0009999690736482,1.7865065069572211e-26,15
3070,288.15,1.0009999690736482,1.6187000742404584e-26,15
3072,288.15,1.0009999690736482,1.4665090152287344e-26,15
3074,288.15,1.0009999690736482,1.3284941283267648e-26,15
3076,288.15,1.0009999690736482,1.2033475512892372e-26,15
3078,288.15,1.0009999690736482,1.0898808969060055e-26,15
3080,288.15,1.0009999690736482,9.870144492266304e-27,15
3082,288.15,1.0009999690736482,8.937673265471128e-27,15
3084,288.15,1.0009999690736482,8.092485255801167e-27,15
3086,288.15,1.0009999690736482,7.326487687226115e-27,15
3088,288.15,1.0009999690736482,6.632330831765532e-27,15
3090,288.15,1.0009999690736482,6.003340469287848e-27,15
3092,288.15,1.0009999690736482,5.43345642304543e-27,15
3094,288.15,1.0009999690736482,4.917176630213771e-27,15
3096,288.15,1.0009999690736482,4.449506254296283e-27,15
3098,288.15,1.0009999690736482,4.025911389710788e-27,15
3100,288.15,1.0009999690736482,3.6422769485412635e-27,15
3102,288.15,1.0009999690736482,3.294868355645586e-27,15
3104,288.15,1.0009999690736482,2.98029671135836e-27,15
3106,288.15,1.0009999690736482,2.695487111184076e-27,15
3108,288.15,1.0009999690736482,2.4376498393980676e-27,15
3110,288.15,1.0009999690736482,2.2042541785784823e-27,15
3112,288.15,1.0009999690736482,1.9930046000004647e-27,15
3114,288.15,1.0009999690736482,1.8018191207182174e-27,15
3116,288.15,1.0009999690736482,1.6288096322203417e-27,15
3118,288.15,1.0009999690736482,1.4722640229240351e-27,15
3120,288.15,1.0009999690736482,1.3306299326253177e-27,15
3122,288.15,1.0009999690736482,1.2024999914737347e-27,15
3124,288.15,1.0009999690736482,1.0865984092181206e-27,15
3126,288.15,1.0009999690736482,9.817687924803629e-28,15
3128,288.15,1.0009999690736482,8.869630787637952e-28,15
3130,288.15,1.0009999690736482,8.012314858821646e-28,15
3132,288.15,1.0009999690736482,7.237133845888756e-28,15
3134,288.15,1.0009999690736482,6.536290104732641e-28,15
3136,288.15,1.0009999690736482,5.9027193874058e-28,15
3138,288.15,1.0009999690736482,5.330022523716559e-28,15
3140,288.15,1.0009999690736482,4.812403404229772e-28,15
3142,288.15,1.0009999690736482,4.344612689360059e-28,15
3144,288.15,1.0009999690736482,3.921896721213171e-28,15
3146,288.15,1.0009999690736482,3.5399511621707486e-28,15
3148,288.15,1.0009999690736482,3.1948789273032083e-28,15
3150,288.15,1.0009999690736482,2.883152016938417e-28,15
3152,288.15,1.0009999690736482,2.6015768914270765e-28,15
3154,288.15,1.0009999690736482,2.3472630626644326e-28,15
3156,288.15,1.0009999690736482,2.1175946065139458e-28,15
3158,288.15,1.0009999690736482,1.9102043272111846e-28,15
3160,288.15,1.0009999690736482,1.7229503293294561e-28,15
3162,288.15,1.0009999690736482,1.553894775183612e-28,15
3164,288.15,1.0009999690736482,1.4012846258322733e-28,15
3166,288.15,1.0009999690736482,1.2635341822882945e-28,15
3168,288.15,1.0009999690736482,1.1392092603300805e-28,15
3170,288.15,1.0009999690736482,1.027012847567743e-28,15
3172,288.15,1.0009999690736482,9.257721052976172e-29,15
3174,288.15,1.0009999690736482,8.344265902973304e-29,15
3176,288.15,1.0009999690736482,7.520175831878903e-29,15
3178,288.15,1.0009999690736482,6.776784204178627e-29,15
3180,288.15,1.0009999690736482,6.106257364060449e-29,15
3182,288.15,1.0009999690736482,5.501515309945091e-29,15
3184,288.15,1.0009999690736482,4.956159851950221e-29,15
3186,288.15,1.0009999690736482,4.4644095532645794e-29,15
3188,288.15,1.0009999690736482,4.0210408210521335e-29,15
3190,288.15,1.0009999690736482,3.6213345712446514e-29,15
3192,288.15,1.0009999690736482,3.2610279449193414e-29,15
3194,288.15,1.0009999690736482,2.936270602419239e-29,15
3196,288.15,1.0009999690736482,2.643585165378194e-29,15
3198,288.15,1.0009999690736482,2.3798314167725887e-29,15
3200,288.15,1.0009999690736482,2.1421739054069443e-29,15
3202,288.15,1.0009999690736482,1.9280526341809392e-29,15
3204,288.15,1.0009999690736482,1.7351565413887315e-29,15
3206,288.15,1.0009999690736482,1.5613995114469214e-29,15
3208,288.15,1.0009999690736482,1.404898676079582e-29,15
3210,288.15,1.0009999690736482,1.2639547893470518e-29,15
3212,288.15,1.0009999690736482,1.1370344801891748e-29,15
3214,288.15,1.0009999690736482,1.022754204560045e-29,15
3216,288.15,1.0009999690736482,9.198657359273752e-30,15
3218,288.15,1.0009999690736482,8.272430480554533e-30,15
3220,288.15,1.0009999690736482,7.438704577286092e-30,15
3222,288.15,1.0009999690736482,6.68831907529352e-30,15
3224,288.15,1.0009999690736482,6.013012800833851e-30,15
3226,288.15,1.0009999690736482,5.4053364542615356e-30,15
3228,288.15,1.0009999690736482,4.858573524329632e-30,15
3230,288.15,1.0009999690736482,4.366668836722282e-30,15
3232,288.15,1.0009999690736482,3.924164006723535e-30,15
3234,288.15,1.0009999690736482,3.526139135079698e-30,15
3236,288.15,1.0009999690736482,3.1681601487847934e-30,15
3238,288.15,1.0009999690736482,2.8462312453009638e-30,15
3240,288.15,1.0009999690736482,2.5567519501767442e-30,15
3242,288.15,1.0009999690736482,2.296478344632617e-30,15
3244,288.15,1.0009999690736482,2.062488061901557e-30,15
3246,288.15,1.0009999690736482,1.8521486893525835e-30,15
3248,288.15,1.0009999690736482,1.663089248049509e-30,15
3250,288.15,1.0009999690736482,1.4931744527603848e-30,15
3252,288.15,1.0009999690736482,1.3404814838199835e-30,15
3254,288.15,1.0009999690736482,1.2032790279541841e-30,15
3256,288.15,1.0009999690736482,1.0800083684413516e-30,15
3258,288.15,1.0009999690736482,9.69266326046852e-31,15
3260,288.15,1.0009999690736482,8.697898712264495e-31,15
3262,288.15,1.0009999690736482,7.804422453426716e-31,15
3264,288.15,1.0009999690736482,7.0020044424435445e-31,15
3266,288.15,1.0009999690736482,6.281439316801354e-31,15
3268,288.15,1.0009999690736482,5.63444462789238e-31,15
3270,288.15,1.0009999690736482,5.053569094670607e-31,15
3272,288.15,1.0009999690736482,4.532109898527194e-31,15
3274,288.15,1.0009999690736482,4.064038136361327e-31,15
3276,288.15,1.0009999690736482,3.6439316342682846e-31,15
3278,288.15,1.0009999690736482,3.2669144015320884e-31,15
3280,288.15,1.0009999690736482,2.9286020744542707e-31,15
3282,288.15,1.0009999690736482,2.6250527626887852e-31,15
3284,288.15,1.0009999690736482,2.3527227678186208e-31,15
3286,288.15,1.0009999690736482,2.108426695483823e-31,15
3288,288.15,1.0009999690736482,1.8893015289758835e-31,15
3290,288.15,1.0009999690736482,1.692774274321396e-31,15
3292,288.15,1.0009999690736482,1.5165328249224035e-31,15
3294,288.15,1.0009999690736482,1.3584997281876886e-31,15
3296,288.15,1.0009999690736482,1.216808567631101e-31,15
3298,288.15,1.0009999690736482,1.0897827019484705e-31,15
3300,288.15,1.0009999690736482,9.759161279030871e-32,15
3302,288.15,1.0009999690736482,8.738562567094221e-32,15
3304,288.15,1.0009999690736482,7.823884142460586e-32,15
3306,288.15,1.0009999690736482,7.004218940610334e-32,15
3308,288.15,1.0009999690736482,6.269774089521109e-32,15
3310,288.15,1.0009999690736482,5.611758020852113e-32,15
3312,288.15,1.0009999690736482,5.022278923138921e-32,15
3314,288.15,1.0009999690736482,4.4942534072463455e-32,15
3316,288.15,1.0009999690736482,4.0213243658688227e-32,15
3318,288.15,1.0009999690736482,3.5977871094960604e-32,15
3320,288.15,1.0009999690736482,3.2185229520289566e-32,15
3322,288.15,1.0009999690736482,2.878939501110491e-32,15
3324,288.15,1.0009999690736482,2.574916982069084e-32,15
3326,288.15,1.0009999690736482,2.302759990964358e-32,15
3328,288.15,1.0009999690736482,2.059154132258671e-32,15
3330,288.15,1.0009999690736482,1.841127050770226e-32,15
3332,288.15,1.0009999690736482,1.6460134163575223e-32,15
3334,288.15,1.0009999690736482,1.4714234637703737e-32,15
3336,288.15,1.0009999690736482,1.315214729742128e-32,15
3338,288.15,1.0009999690736482,1.1754666651222019e-32,15
3340,288.15,1.0009999690736482,1.0504578320381981e-32,15
3342,288.15,1.0009999690736482,9.386454250786325e-33,15
3344,288.15,1.0009999690736482,8.386468816152188e-33,15
3346,288.15,1.0009999690736482,7.492233699184159e-33,15
3348,288.15,1.0009999690736482,6.692649649187267e-33,15
3350,288.15,1.0009999690736482,5.9777734055523055e-33,15
3352,288.15,1.0009999690736482,5.338698248443049e-33,15
3354,288.15,1.0009999690736482,4.767446792790096e-33,15
3356,288.15,1.0009999690736482,4.2568747810452666e-33,15
3358,288.15,1.0009999690736482,3.8005847555877403e-33,15
3360,288.15,1.0009999690736482,3.3928486045758315e-33,15
3362,288.15,1.0009999690736482,3.0285380766547218e-33,15
3364,288.15,1.0009999690736482,2.7030624513680485e-33,15
3366,288.15,1.0009999690736482,2.4123126344006488e-33,15
3368,288.15,1.0009999690736482,2.1526110208005383e-33,15
3370,288.15,1.0009999690736482,1.920666535923046e-33,15
3372,288.15,1.0009999690736482,1.713534323735446e-33,15
3374,288.15,1.0009999690736482,1.5285796059943399e-33,15
3376,288.15,1.0009999690736482,1.3634452842531347e-33,15
3378,288.15,1.0009999690736482,1.2160229002222715e-33,15
3380,288.15,1.0009999690736482,1.0844266091699231e-33,15
3382,288.15,1.0009999690736482,9.66969856264108e-34,15
3384,288.15,1.0009999690736482,8.621444774070078e-34,15
3386,288.15,1.0009999690736482,7.686019745617211e-34,15
3388,288.15,1.0009999690736482,6.851367411370441e-34,15
3390,288.15,1.0009999690736482,6.106710359701901e-34,15
3392,288.15,1.0009999690736482,5.4424152508907155e-34,15
3394,288.15,1.0009999690736482,4.849872289810866e-34,15
3396,288.15,1.0009999690736482,4.321387297535461e-34,15
3398,288.15,1.0009999690736482,3.850085075341507e-34,15
3400,288.15,1.0009999690736482,3.429822888982924e-34,15
3402,288.15,1.0009999690736482,3.055113021774302e-34,15
3404,288.15,1.0009999690736482,2.7210534533842874e-34,15
3406,288.15,1.0009999690736482,2.4232658185190267e-34,15
3408,288.15,1.0009999690736482,2.1578398870084913e-34,15
3410,288.15,1.0009999690736482,1.9212838851954075e-34,15
3412,288.15,1.0009999690736482,1.7104800488825607e-34,15
3414,288.15,1.0009999690736482,1.5226448612284279e-34,15
3416,288.15,1.0009999690736482,1.3552934856370597e-34,15
3418,288.15,1.0009999690736482,1.2062079545148083e-34,15
3420,288.15,1.0009999690736482,1.0734087203676726e-34,15
3422,288.15,1.0009999690736482,9.5512921661538e-35,15
3424,288.15,1.0009999690736482,8.497931121858893e-35,15
3426,288.15,1.0009999690736482,7.559939768537353e-35,15
3428,288.15,1.0009999690736482,6.72477103788664e-35,15
3430,288.15,1.0009999690736482,5.981232622340802e-35,15
3432,288.15,1.0009999690736482,5.319341769483938e-35,15
3434,288.15,1.0009999690736482,4.730195523018734e-35,15
3436,288.15,1.0009999690736482,4.205854779748936e-35,15
3438,288.15,1.0009999690736482,3.7392407028057444e-35,15
3440,288.15,1.0009999690736482,3.3240421843714476e-35,15
3442,288.15,1.0009999690736482,2.954633188266403e-35,15
3444,288.15,1.0009999690736482,2.625998925607948e-35,15
3446,288.15,1.0009999690736482,2.3336699267942674e-35,15
3448,288.15,1.0009999690736482,2.073663171632558e-35,15
3450,288.15,1.0009999690736482,1.842429527711054e-35,15
3452,288.15,1.0009999690736482,1.6368068261688223e-35,15
3454,288.15,1.0009999690736482,1.4539779748059905e-35,15
3456,288.15,1.0009999690736482,1.2914335718538396e-35,15
3458,288.15,1.0009999690736482,1.1469385404600648e-35,15
3460,288.15,1.0009999690736482,1.0185023547320822e-35,15
3462,288.15,1.0009999690736482,9.043524736342213e-36,15
3464,288.15,1.0009999690736482,8.02910639713598e-36,15
3466,288.15,1.0009999690736482,7.127717360282047e-36,15
3468,288.15,1.0009999690736482,6.326849272189802e-36,15
3470,288.15,1.0009999690736482,5.6153683980240794e-36,15
3472,288.15,1.0009999690736482,4.9833656282267565e-36,15
3474,288.15,1.0009999690736482,4.42202273313002e-36,15
3476,288.15,1.0009999690736482,3.9234931186303006e-36,15
3478,288.15,1.0009999690736482,3.48079552231097e-36,15
3480,288.15,1.0009999690736482,3.087719256083948e-36,15
3482,288.15,1.0009999690736482,2.7387397504381622e-36,15
3484,288.15,1.0009999690736482,2.428943288594327e-36,15
3486,288.15,1.0009999690736482,2.1539599379297532e-36,15
3488,288.15,1.0009999690736482,1.9099037924496527e-36,15
3490,288.15,1.0009999690736482,1.6933197351753523e-36,15
3492,288.15,1.0009999690736482,1.5011360142852644e-36,15
3494,288.15,1.0009999690736482,1.3306220027571008e-36,15
3496,288.15,1.0009999690736482,1.179350579073459e-36,15
3498,288.15,1.0009999690736482,1.0451646271262e-36,15
3500,288.15,1.0009999690736482,9.261472075532163e-37,15
3502,288.15,1.0009999690736482,8.20595001054325e-37,15
3504,288.15,1.0009999690736482,7.269946673701531e-37,15
3506,288.15,1.0009999690736482,6.440018021250222e-37,15
3508,288.15,1.0009999690736482,5.704222081170331e-37,15
3510,288.15,1.0009999690736482,5.051952283311392e-37,15
3512,288.15,1.0009999690736482,4.473789153432724e-37,15
3514,288.15,1.0009999690736482,3.961368362306474e-37,15
3516,288.15,1.0009999690736482,3.507263339169569e-37,15
3518,288.15,1.0009999690736482,3.104880853437981e-37,15
3520,288.15,1.0009999690736482,2.7483681422412014e-37,15
3522,288.15,1.0009999690736482,2.4325303162092217e-37,15
3524,288.15,1.0009999690736482,2.1527569141009385e-37,15
3526,288.15,1.0009999690736482,1.9049566000581333e-37,15
3528,288.15,1.0009999690736482,1.6854991071387008e-37,15
3530,288.15,1.0009999690736482,1.491163628734239e-37,15
3532,288.15,1.0009999690736482,1.3190929468116743e-37,15
3534,288.15,1.0009999690736482,1.1667526637649392e-37,15
3536,288.15,1.0009999690736482,1.031894974053361e-37,15
3538,288.15,1.0009999690736482,9.125264736432316e-38,15
3540,288.15,1.0009999690736482,8.0687956037743e-38,15
3542,288.15,1.0009999690736482,7.133870275002982e-38,15
3544,288.15,1.0009999690736482,6.306594963125449e-38,15
3546,288.15,1.0009999690736482,5.574653729005427e-38,15
3548,288.15,1.0009999690736482,4.927130485972607e-38,15
3550,288.15,1.0009999690736482,4.3543509474763136e-38,15
3552,288.15,1.0009999690736482,3.847742298816297e-38,15
3554,288.15,1.0009999690736482,3.3997086191323674e-38,15
3556,288.15,1.0009999690736482,3.003520298086291e-38,15
3558,288.15,1.0009999690736482,2.653215885971019e-38,15
3560,288.15,1.0009999690736482,2.3435149889282497e-38,15
3562,288.15,1.0009999690736482,2.0697409748848811e-38,15
3564,288.15,1.0009999690736482,1.827752392803043e-38,15
3566,288.15,1.0009999690736482,1.613882129731923e-38,15
3568,288.15,1.0009999690736482,1.4248834385977192e-38,15
3570,288.15,1.0009999690736482,1.2578820661501318e-38,15
3572,288.15,1.0009999690736482,1.1103337963026668e-38,15
3574,288.15,1.0009999690736482,9.79986800437392e-39,15
3576,288.15,1.0009999690736482,8.648482541262153e-39,15
3578,288.15,1.0009999690736482,7.631547400841052e-39,15
3580,288.15,1.0009999690736482,6.733460108405687e-39,15
3582,288.15,1.0009999690736482,5.940417323288027e-39,15
3584,288.15,1.0009999690736482,5.2402087200627224e-39,15
3586,288.15,1.0009999690736482,4.62203432818269e-39,15
3588,288.15,1.0009999690736482,4.0763426782041886e-39,15
3590,288.15,1.0009999690736482,3.594687400465852e-39,15
3592,288.15,1.0009999690736482,3.1696001866225885e-39,15
3594,288.15,1.0009999690736482,2.794478259442617e-39,15
3596,288.15,1.0009999690736482,2.4634847050441436e-39,15
3598,288.15,1.0009999690736482,2.1714602071749454e-39,15
3600,288.15,1.0009999690736482,1.9138448878237333e-39,15
3602,288.15,1.0009999690736482,1.6866091046919295e-39,15
3604,288.15,1.0009999690736482,1.4861921859072466e-39,15
3606,288.15,1.0009999690736482,1.3094481976426312e-39,15
3608,288.15,1.0009999690736482,1.1535979426435656e-39,15
3610,288.15,1.0009999690736482,1.0161864785059852e-39,15
3612,288.15,1.0009999690736482,8.95045525165765e-40,15
3614,288.15,1.0009999690736482,7.882602026055355e-40,15
3616,288.15,1.0009999690736482,6.941396032656173e-40,15
3618,288.15,1.0009999690736482,6.11190759968644e-40,15
3620,288.15,1.0009999690736482,5.380956201306735e-40,15
3622,288.15,1.0009999690736482,4.736906813508926e-40,15
3624,288.15,1.0009999690736482,4.169489827786824e-40,15
3626,288.15,1.0009999690736482,3.6696418151504347e-40,15
3628,288.15,1.0009999690736482,3.229364742137706e-40,15
3630,288.15,1.0009999690736482,2.84160151452511e-40,15
3632,288.15,1.0009999690736482,2.5001259673750217e-40,15
3634,288.15,1.0009999690736482,2.199445635407693e-40,15
3636,288.15,1.0009999690736482,1.934715828546508e-40,15
3638,288.15,1.0009999690736482,1.701663706629124e-40,15
3640,288.15,1.0009999690736482,1.4965211971612026e-40,15
3642,288.15,1.0009999690736482,1.3159657327809717e-40,15
3644,288.15,1.0009999690736482,1.1570679027503122e-40,15
3646,288.15,1.0009999690736482,1.0172452169966225e-40,15
3648,288.15,1.0009999690736482,8.942212735309259e-41,15
3650,288.15,1.0009999690736482,7.859897018079582e-41,15
3652,288.15,1.0009999690736482,6.907823269766416e-41,15
3654,288.15,1.0009999690736482,6.070410640569407e-41,15
3656,288.15,1.0009999690736482,5.33393107816171e-41,15
3658,288.15,1.0009999690736482,4.686290343414514e-41,15
3660,288.15,1.0009999690736482,4.1168347475840934e-41,15
3662,288.15,1.0009999690736482,3.6161806088702506e-41,15
3664,288.15,1.0009999690736482,3.176063774389919e-41,15
3666,288.15,1.0009999690736482,2.7892068616328846e-41,15
3668,288.15,1.0009999690736482,2.449202145974845e-41,15
3670,288.15,1.0009999690736482,2.150408261890982e-41,15
3672,288.15,1.0009999690736482,1.887859098726289e-41,15
3674,288.15,1.0009999690736482,1.6571834604527134e-41,15
3676,288.15,1.0009999690736482,1.454534225594523e-41,15
3678,288.15,1.0009999690736482,1.2765258909446816e-41,15
3680,288.15,1.0009999690736482,1.1201795130471378e-41,15
3682,288.15,1.0009999690736482,9.828741766513928e-42,15
3684,288.15,1.0009999690736482,8.62304221195763e-42,15
3686,288.15,1.0009999690736482,7.56441546393511e-42,15
3688,288.15,1.0009999690736482,6.635023975403341e-42,15
3690,288.15,1.0009999690736482,5.819181014487652e-42,15
3692,288.15,1.0009999690736482,5.103092860119519e-42,15
3694,288.15,1.0009999690736482,4.474631712554145e-42,15
3696,288.15,1.0009999690736482,3.9231356818869425e-42,15
3698,288.15,1.0009999690736482,3.439232645624239e-42,15
3700,288.15,1.0009999690736482,3.01468514427121e-42,15
3702,288.15,1.0009999690736482,2.6422538175801593e-42,15
3704,288.15,1.0009999690736482,2.315577178708586e-42,15
3706,288.15,1.0009999690736482,2.029065783607771e-42,15
3708,288.15,1.0009999690736482,1.7778090825245086e-42,15
3710,288.15,1.0009999690736482,1.5574934431036446e-42,15
3712,288.15,1.0009999690736482,1.3643300133766044e-42,15
3714,288.15,1.0009999690736482,1.1949912506846273e-42,15
3716,288.15,1.0009999690736482,1.0465550817830387e-42,15
3718,288.15,1.0009999690736482,9.164557821620733e-43,15
3720,288.15,1.0009999690736482,8.024407709362234e-43,15
3722,288.15,1.0009999690736482,7.0253261318195445e-43,15
3724,288.15,1.0009999690736482,6.149956058496335e-43,15
3726,288.15,1.0009999690736482,5.383063976603715e-43,15
3728,288.15,1.0009999690736482,4.711281588936614e-43,15
3730,288.15,1.0009999690736482,4.12287874710544e-43,15
3732,288.15,1.0009999690736482,3.607563865516416e-43,15
3734,288.15,1.0009999690736482,3.1563085100704232e-43,15
3736,288.15,1.0009999690736482,2.7611932508578965e-43,15
3738,288.15,1.0009999690736482,2.4152722164677228e-43,15
3740,288.15,1.0009999690736482,2.1124540944318313e-43,15
3742,288.15,1.0009999690736482,1.847397592704476e-43,15
3744,288.15,1.0009999690736482,1.6154196152348707e-43,15
3746,288.15,1.0009999690736482,1.4124146144599463e-43,15
3748,288.15,1.0009999690736482,1.2347837682741684e-43,15
3750,288.15,1.0009999690736482,1.079372791700695e-43,15
3752,288.15,1.0009999690736482,9.434173367108065e-44,15
3754,288.15,1.0009999690736482,8.244950597254776e-44,15
3756,288.15,1.0009999690736482,7.204835473204708e-44,15
3758,288.15,1.0009999690736482,6.295233883442348e-44,15
3760,288.15,1.0009999690736482,5.499857666280471e-44,15
3762,288.15,1.0009999690736482,4.804440241166372e-44,15
3764,288.15,1.0009999690736482,4.196487108086295e-44,15
3766,288.15,1.0009999690736482,3.665056964521169e-44,15
3768,288.15,1.0009999690736482,3.2005697045018766e-44,15
3770,288.15,1.0009999690736482,2.794638017356458e-44,15
3772,288.15,1.0009999690736482,2.4399197021778055e-44,15
3774,288.15,1.0009999690736482,2.129988164391546e-44,15
3776,288.15,1.0009999690736482,1.8592188688627826e-44,15
3778,288.15,1.0009999690736482,1.622689794793019e-44,15
3780,288.15,1.0009999690736482,1.4160941757266108e-44,15
3782,288.15,1.0009999690736482,1.235664017223401e-44,15
3784,288.15,1.0009999690736482,1.0781030686493151e-44,15
3786,288.15,1.0009999690736482,9.405280871237757e-45,15
3788,288.15,1.0009999690736482,8.204173736441929e-45,15
3790,288.15,1.0009999690736482,7.155656861423337e-45,15
3792,288.15,1.0009999690736482,6.24044743796811e-45,15
3794,288.15,1.0009999690736482,5.44168633165632e-45,15
3796,288.15,1.0009999690736482,4.744635112226115e-45,15
3798,288.15,1.0009999690736482,4.1364107460180735e-45,15
3800,288.15,1.0009999690736482,3.605753295198174e-45,15
3802,288.15,1.0009999690736482,3.1428225405838127e-45,15
3804,288.15,1.0009999690736482,2.7390199471064172e-45,15
3806,288.15,1.0009999690736482,2.386832831760096e-45,15
3808,288.15,1.0009999690736482,2.0796979807405552e-45,15
3810,288.15,1.0009999690736482,1.8118823019630423e-45,15
3812,288.15,1.0009999690736482,1.5783783970091173e-45,15
3814,288.15,1.0009999690736482,1.374813197878617e-45,15
3816,288.15,1.0009999690736482,1.1973680431552037e-45,15
3818,288.15,1.0009999690736482,1.0427087692616957e-45,15
3820,288.15,1.0009999690736482,9.079245688185243e-46,15
3822,288.15,1.0009999690736482,7.904745227497005e-46,15
3824,288.15,1.0009999690736482,6.881408483646711e-46,15
3826,288.15,1.0009999690736482,5.989880245092408e-46,15
3828,288.15,1.0009999690736482,5.213270590794397e-46,15
3830,288.15,1.0009999690736482,4.5368425552158504e-46,15
3832,288.15,1.0009999690736482,3.947739149850485e-46,15
3834,288.15,1.0009999690736482,3.4347448093555444e-46,15
3836,288.15,1.0009999690736482,2.988076944946302e-46,15
3838,288.15,1.0009999690736482,2.5992038261378333e-46,15
3840,288.15,1.0009999690736482,2.260685483585371e-46,15
3842,288.15,1.0009999690736482,1.9660347388984777e-46,15
3844,288.15,1.0009999690736482,1.7095958291223565e-46,15
3846,288.15,1.0009999690736482,1.4864384104120085e-46,15
3848,288.15,1.0009999690736482,1.2922650028474227e-46,15
3850,288.15,1.0009999690736482,1.1233301812140863e-46,15
3852,288.15,1.0009999690736482,9.763700291826308e-47,15
3854,288.15,1.0009999690736482,8.485405604200175e-47,15
3856,288.15,1.0009999690736482,7.3736397302822565e-47,15
3858,288.15,1.0009999690736482,6.406817462308205e-47,15
3860,288.15,1.0009999690736482,5.5661371293047575e-47,15
3862,288.15,1.0009999690736482,4.835223508610238e-47,15
3864,288.15,1.0009999690736482,4.199816304962693e-47,15
3866,288.15,1.0009999690736482,3.647498413551808e-47,15
3868,288.15,1.0009999690736482,3.1674589134931312e-47,15
3870,288.15,1.0009999690736482,2.7502863766229306e-47,15
3872,288.15,1.0009999690736482,2.387788634712964e-47,15
3874,288.15,1.0009999690736482,2.072835636246065e-47,15
3876,288.15,1.0009999690736482,1.799222450510375e-47,15
3878,288.15,1.0009999690736482,1.5615498496598764e-47,15
3880,288.15,1.0009999690736482,1.3551202252853366e-47,15
3882,288.15,1.0009999690736482,1.1758468808206178e-47,15
3884,288.15,1.0009999690736482,1.0201749899455876e-47,15
3886,288.15,1.0009999690736482,8.850127285372841e-48,15
3888,288.15,1.0009999690736482,7.676712776281386e-48,15
3890,288.15,1.0009999690736482,6.65812560701448e-48,15
3892,288.15,1.0009999690736482,5.774037235202812e-48,15
3894,288.15,1.0009999690736482,5.0067749118789366e-48,15
3896,288.15,1.0009999690736482,4.3409764759378574e-48,15
3898,288.15,1.0009999690736482,3.763289788312229e-48,15
3900,288.15,1.0009999690736482,3.2621110635289655e-48,15
3902,288.15,1.0009999690736482,2.8273570910557884e-48,15
3904,288.15,1.0009999690736482,2.4502669801050153e-48,15
3906,288.15,1.0009999690736482,2.1232296211302913e-48,15
3908,288.15,1.0009999690736482,1.839633545505712e-48,15
3910,288.15,1.0009999690736482,1.5937362908370395e-48,15
3912,288.15,1.0009999690736482,1.380550750935107e-48,15
3914,288.15,1.0009999690736482,1.1957463135878987e-48,15
3916,288.15,1.0009999690736482,1.0355628719205455e-48,15
3918,288.15,1.0009999690736482,8.967360416216228e-49,15
3920,288.15,1.0009999690736482,7.76432131226092e-49,15
3922,288.15,1.0009999690736482,6.721916000144074e-49,15
3924,288.15,1.0009999690736482,5.818799014168613e-49,15
3926,288.15,1.0009999690736482,5.036447521753106e-49,15
3928,288.15,1.0009999690736482,4.358789915830162e-49,15
3930,288.15,1.0009999690736482,3.7718830324140814e-49,15
3932,288.15,1.0009999690736482,3.2636316597303576e-49,15
3934,288.15,1.0009999690736482,2.823544826010264e-49,15
3936,288.15,1.0009999690736482,2.4425240679615026e-49,15
3938,288.15,1.0009999690736482,2.1126795046176547e-49,15
3940,288.15,1.0009999690736482,1.8271700835729606e-49,15
3942,288.15,1.0009999690736482,1.5800648388386506e-49,15
3944,288.15,1.0009999690736482,1.3662224107362235e-49,15
3946,288.15,1.0009999690736482,1.1811864362025369e-49,15
3948,288.15,1.0009999690736482,1.0210947294880555e-49,15
3950,288.15,1.0009999690736482,8.82600444447268e-50,15
3952,288.15,1.0009999690736482,7.628036456562012e-50,15
3954,288.15,1.0009999690736482,6.591919209878235e-50,15
3956,288.15,1.0009999690736482,5.695888469873702e-50,15
3958,288.15,1.0009999690736482,4.921092738637885e-50,15
3960,288.15,1.0009999690736482,4.2512053215861184e-50,15
3962,288.15,1.0009999690736482,3.6720878078472963e-50,15
3964,288.15,1.0009999690736482,3.171498184294643e-50,15
3966,288.15,1.0009999690736482,2.738837692743318e-50,15
3968,288.15,1.0009999690736482,2.3649313133045835e-50,15
3970,288.15,1.0009999690736482,2.0418374293096194e-50,15
3972,288.15,1.0009999690736482,1.762682813725398e-50,15
3974,288.15,1.0009999690736482,1.5215195850290713e-50,15
3976,288.15,1.0009999690736482,1.313201222012054e-50,15
3978,288.15,1.0009999690736482,1.1332751106473855e-50,15
3980,288.15,1.0009999690736482,9.77889429491246e-51,15
3982,288.15,1.0009999690736482,8.437124696827393e-51,15
3984,288.15,1.0009999690736482,7.2786273715676e-51,15
3986,288.15,1.0009999690736482,6.278484031717658e-51,15
3988,288.15,1.0009999690736482,5.415148589953202e-51,15
3990,288.15,1.0009999690736482,4.669992953530185e-51,15
3992,288.15,1.0009999690736482,4.026913702975222e-51,15
3994,288.15,1.0009999690736482,3.47199153344204e-51,15
3996,288.15,1.0009999690736482,2.993196415200282e-51,15
3998,288.15,1.0009999690736482,2.580132365357682e-51,15
4000,288.15,1.0009999690736482,2.223816534891041e-51,15
4002,288.15,1.0009999690736482,1.9164880196234966e-51,15
4004,288.15,1.0009999690736482,1.6514424150994653e-51,15
4006,288.15,1.0009999690736482,1.4228886656153245e-51,15
4008,288.15,1.0009999690736482,1.2258252176796833e-51,15
4010,288.15,1.0009999690736482,1.0559328871479671e-51,15
4012,288.15,1.0009999690736482,9.094821952712984e-52,15
4014,288.15,1.0009999690736482,7.832532289171649e-52,15
4016,288.15,1.0009999690736482,6.744663403366641e-52,15
4018,288.15,1.0009999690736482,5.807222273498816e-52,15
4020,288.15,1.0009999690736482,4.999501302851295e-52,15
4022,288.15,1.0009999690736482,4.303630514133317e-52,15
4024,288.15,1.0009999690736482,3.704190494282832e-52,15
4026,288.15,1.0009999690736482,3.1878778873248692e-52,15
4028,288.15,1.0009999690736482,2.7432163350097466e-52,15
4030,288.15,1.0009999690736482,2.3603067197251453e-52,15
4032,288.15,1.0009999690736482,2.030611391178647e-52,15
4034,288.15,1.0009999690736482,1.74676777461505e-52,15
4036,288.15,1.0009999690736482,1.5024273785926377e-52,15
4038,288.15,1.0009999690736482,1.2921167574278279e-52,15
4040,288.15,1.0009999690736482,1.1111174484059278e-52,15
4042,288.15,1.0009999690736482,9.553623063868956e-53,15
4044,288.15,1.0009999690736482,8.213460068555648e-53,15
4046,288.15,1.0009999690736482,7.060477900125322e-53,15
4048,288.15,1.0009999690736482,6.068647794493592e-53,15
4050,288.15,1.0009999690736482,5.215544347439031e-53,15
4052,288.15,1.0009999690736482,4.481848926530736e-53,15
4054,288.15,1.0009999690736482,3.8509212056709365e-53,15
4056,288.15,1.0009999690736482,3.3084295205215064e-53,15
4058,288.15,1.0009999690736482,2.842032007194408e-53,15
4060,288.15,1.0009999690736482,2.441101579718227e-53,15
4062,288.15,1.0009999690736482,2.096488746970971e-53,15
4064,288.15,1.0009999690736482,1.8003170869196858e-53,15
4066,288.15,1.0009999690736482,1.5458069023786808e-53,15
4068,288.15,1.0009999690736482,1.327123193053487e-53,15
4070,288.15,1.0009999690736482,1.1392446062916878e-53,15
4072,288.15,1.0009999690736482,9.778504849328823e-54,15
4074,288.15,1.0009999690736482,8.39223524617644e-54,15
4076,288.15,1.0009999690736482,7.2016589327888e-54,15
4078,288.15,1.0009999690736482,6.17926959549425e-54,15
4080,288.15,1.0009999690736482,5.301410307684142e-54,15
4082,288.15,1.0009999690736482,4.5477372057768296e-54,15
4084,288.15,1.0009999690736482,3.9007575548092625e-54,15
4086,288.15,1.0009999690736482,3.345431932507287e-54,15
4088,288.15,1.0009999690736482,2.868831672304625e-54,15
4090,288.15,1.0009999690736482,2.4598439243076872e-54,15
4092,288.15,1.0009999690736482,2.1089177449120293e-54,15
4094,288.15,1.0009999690736482,1.807845533411211e-54,15
4096,288.15,1.0009999690736482,1.5495749171256883e-54,15
4098,288.15,1.0009999690736482,1.3280468623160284e-54,15
4100,288.15,1.0009999690736482,1.1380563710975534e-54,15
4102,288.15,1.0009999690736482,9.751326274184282e-55,15
4104,288.15,1.0009999690736482,8.35435888864501e-55,15
4106,288.15,1.0009999690736482,7.156687950685703e-55,15
4108,288.15,1.0009999690736482,6.1300008600709945e-55,15
4110,288.15,1.0009999690736482,5.249990015265056e-55,15
4112,288.15,1.0009999690736482,4.495788731451906e-55,15
4114,288.15,1.0009999690736482,3.849486257984472e-55,15
4116,288.15,1.0009999690736482,3.295710852723623e-55,15
4118,288.15,1.0009999690736482,2.8212714053452552e-55,15
4120,288.15,1.0009999690736482,2.4148494240280716e-55,15
4122,288.15,1.0009999690736482,2.066734339187429e-55,15
4124,288.15,1.0009999690736482,1.768596059355071e-55,15
4126,288.15,1.0009999690736482,1.51328955964834e-55,15
4128,288.15,1.0009999690736482,1.294687011336286e-55,15
4130,288.15,1.0009999690736482,1.1075335879748105e-55,15
4132,288.15,1.0009999690736482,9.473236234271383e-56,15
4134,288.15,1.0009999690736482,8.101942618611452e-56,15
4136,288.15,1.0009999690736482,6.928341399082224e-56,15
4138,288.15,1.0009999690736482,5.92404985544002e-56,15
4140,288.15,1.0009999690736482,5.064743146317112e-56,15
4142,288.15,1.0009999690736482,4.329576611102154e-56,15
4144,288.15,1.0009999690736482,3.700689962549258e-56,15
4146,288.15,1.0009999690736482,3.162781812327449e-56,15
4148,288.15,1.0009999690736482,2.7027445957495547e-56,15
4150,288.15,1.0009999690736482,2.3093513587823306e-56,15
4152,288.15,1.0009999690736482,1.9729870717390099e-56,15
4154,288.15,1.0009999690736482,1.6854181670822611e-56,15
4156,288.15,1.0009999690736482,1.4395948869506668e-56,15
4158,288.15,1.0009999690736482,1.2294817896042037e-56,15
4160,288.15,1.0009999690736482,1.0499124203575656e-56,15
4162,288.15,1.0009999690736482,8.964647167175117e-57,15
4164,288.15,1.0009999690736482,7.653542022652166e-57,15
4166,288.15,1.0009999690736482,6.533424404292267e-57,15
4168,288.15,1.0009999690736482,5.576585772334032e-57,15
4170,288.15,1.0009999690736482,4.7593210960559827e-57,15
4172,288.15,1.0009999690736482,4.0613527996699915e-57,15
4174,288.15,1.0009999690736482,3.4653372468161125e-57,15
4176,288.15,1.0009999690736482,2.956441987666836e-57,15
4178,288.15,1.0009999690736482,2.521983665496294e-57,15
4180,288.15,1.0009999690736482,2.1511179158429968e-57,15
4182,288.15,1.0009999690736482,1.8345738243541032e-57,15
4184,288.15,1.0009999690736482,1.5644265677449912e-57,15
4186,288.15,1.0009999690736482,1.3339027706180726e-57,15
4188,288.15,1.0009999690736482,1.1372138903616043e-57,15
4190,288.15,1.0009999690736482,9.694136111779399e-58,15
4192,288.15,1.0009999690736482,8.262758021052542e-58,15
4194,288.15,1.0009999690736482,7.04190086138861e-58,15
4196,288.15,1.0009999690736482,6.000724897752888e-58,15
4198,288.15,1.0009999690736482,5.1128900440637524e-58,15
4200,288.15,1.0009999690736482,4.355902015093607e-58,15
4202,288.15,1.0009999690736482,3.710553098229893e-58,15
4204,288.15,1.0009999690736482,3.1604439095914678e-58,15
4206,288.15,1.0009999690736482,2.6915744556731623e-58,15
4208,288.15,1.0009999690736482,2.291994498788349e-58,15
4210,288.15,1.0009999690736482,1.951504661882309e-58,15
4212,288.15,1.0009999690736482,1.6614009399165332e-58,15
4214,288.15,1.0009999690736482,1.4142563403022447e-58,15
4216,288.15,1.0009999690736482,1.2037342789073048e-58,15
4218,288.15,1.0009999690736482,1.024429132576032e-58,15
4220,288.15,1.0009999690736482,8.71730012378714e-59,15
4222,288.15,1.0009999690736482,7.417043898337188e-59,15
4224,288.15,1.0009999690736482,6.3099869474024676e-59,15
4226,288.15,1.0009999690736482,5.367534197024076e-59,15
4228,288.15,1.0009999690736482,4.565306229337098e-59,15
4230,288.15,1.0009999690736482,3.882520260961834e-59,15
4232,288.15,1.0009999690736482,3.3014616510764903e-59,15
4234,288.15,1.0009999690736482,2.8070327536338723e-59,15
4236,288.15,1.0009999690736482,2.386367840685136e-59,15
4238,288.15,1.0009999690736482,2.0285044600472095e-59,15
4240,288.15,1.0009999690736482,1.7241029903152143e-59,15
4242,288.15,1.0009999690736482,1.4652073535093628e-59,15
4244,288.15,1.0009999690736482,1.2450408696422208e-59,15
4246,288.15,1.0009999690736482,1.0578321131451494e-59,15
4248,288.15,1.0009999690736482,8.986663798254496e-60,15
4250,288.15,1.0009999690736482,7.633590131433272e-60,15
4252,288.15,1.0009999690736482,6.483473857934866e-60,15
4254,288.15,1.0009999690736482,5.505988002845274e-60,15
4256,288.15,1.0009999690736482,4.675319719237542e-60,15
4258,288.15,1.0009999690736482,3.969500991833552e-60,15
4260,288.15,1.0009999690736482,3.3698381826661784e-60,15
4262,288.15,1.0009999690736482,2.8604258801857597e-60,15
4264,288.15,1.0009999690736482,2.4277326430395575e-60,15
4266,288.15,1.0009999690736482,2.0602480488224023e-60,15
4268,288.15,1.0009999690736482,1.7481820115864796e-60,15
4270,288.15,1.0009999690736482,1.4832086584394746e-60,15
4272,288.15,1.0009999690736482,1.258248188146163e-60,15
4274,288.15,1.0009999690736482,1.0672811015451026e-60,15
4276,288.15,1.0009999690736482,9.051900189136431e-61,15
4278,288.15,1.0009999690736482,7.676250038257112e-61,15
4280,288.15,1.0009999690736482,6.50888914174933e-61,15
4282,288.15,1.0009999690736482,5.518398139661126e-61,15
4284,288.15,1.0009999690736482,4.6780791710045425e-61,15
4286,288.15,1.0009999690736482,3.965249077003027e-61,15
4288,288.15,1.0009999690736482,3.360637999513595e-61,15
4290,288.15,1.0009999690736482,2.8478777201916833e-61,15
4292,288.15,1.0009999690736482,2.4130664018785893e-61,15
4294,288.15,1.0009999690736482,2.0443983683759584e-61,15
4296,288.15,1.0009999690736482,1.7318492422853797e-61,15
4298,288.15,1.0009999690736482,1.4669081957059727e-61,15
4300,288.15,1.0009999690736482,1.2423502917911134e-61,15
4302,288.15,1.0009999690736482,1.052042937633705e-61,15
4304,288.15,1.0009999690736482,8.907813572759923e-62,15
4306,288.15,1.0009999690736482,7.541487505214703e-62,15
4308,288.15,1.0009999690736482,6.383974480349261e-62,15
4310,288.15,1.0009999690736482,5.403479224828287e-62,15
4312,288.15,1.0009999690736482,4.573029832844426e-62,15
4314,288.15,1.0009999690736482,3.8697488094807827e-62,15
4316,288.15,1.0009999690736482,3.2742338621155805e-62,15
4318,288.15,1.0009999690736482,2.770031980415392e-62,15
4320,288.15,1.0009999690736482,2.343192804350819e-62,15
4322,288.15,1.0009999690736482,1.9818893726497853e-62,15
4324,288.15,1.0009999690736482,1.6760961254493467e-62,15
4326,288.15,1.0009999690736482,1.417315550813112e-62,15
4328,288.15,1.0009999690736482,1.1983461546452806e-62,15
4330,288.15,1.0009999690736482,1.013085530932005e-62,15
4332,288.15,1.0009999690736482,8.563632427726145e-63,15
4334,288.15,1.0009999690736482,7.23799018707192e-63,15
4336,288.15,1.0009999690736482,6.116824441541782e-63,15
4338,288.15,1.0009999690736482,5.168709020349139e-63,15
4340,288.15,1.0009999690736482,4.3670300493402e-63,15
4342,288.15,1.0009999690736482,3.6892517625594844e-63,15
4344,288.15,1.0009999690736482,3.1162939070364766e-63,15
4346,288.15,1.0009999690736482,2.632003843249428e-63,15
4348,288.15,1.0009999690736482,2.2227089925711414e-63,15
4350,288.15,1.0009999690736482,1.8768374488775887e-63,15
4352,288.15,1.0009999690736482,1.584596411699482e-63,15
4354,288.15,1.0009999690736482,1.337699661617944e-63,15
4356,288.15,1.0009999690736482,1.1291366265321597e-63,15
4358,288.15,1.0009999690736482,9.529767152727272e-64,15
4360,288.15,1.0009999690736482,8.042035528226878e-64,15
4362,288.15,1.0009999690736482,6.785745646827805e-64,15
4364,288.15,1.0009999690736482,5.72502048401894e-64,15
4366,288.15,1.0009999690736482,4.829524564459181e-64,15
4368,288.15,1.0009999690736482,4.073611121123213e-64,15
4370,288.15,1.0009999690736482,3.435600024519918e-64,15
4372,288.15,1.0009999690736482,2.8971665048415388e-64,15
4374,288.15,1.0009999690736482,2.4428237302503213e-64,15
4376,288.15,1.0009999690736482,2.0594848839074294e-64,15
4378,288.15,1.0009999690736482,1.7360925703974485e-64,15
4380,288.15,1.0009999690736482,1.4633052380757642e-64,15
4382,288.15,1.0009999690736482,1.2332318777649279e-64,15
4384,288.15,1.0009999690736482,1.0392075928620622e-64,15
4386,288.15,1.0009999690736482,8.756037675011552e-65,15
4388,288.15,1.0009999690736482,7.376675187303377e-65,15
4390,288.15,1.0009999690736482,6.213859318333591e-65,15
4392,288.15,1.0009999690736482,5.233712671277715e-65,15
4394,288.15,1.0009999690736482,4.407639106394246e-65,15
4396,288.15,1.0009999690736482,3.711503359538152e-65,15
4398,288.15,1.0009999690736482,3.1249376384884183e-65,15
4400,288.15,1.0009999690736482,2.6307556151776406e-65,15
4402,288.15,1.0009999690736482,2.2144572406172187e-65,15
4404,288.15,1.0009999690736482,1.8638103574493358e-65,15
4406,288.15,1.0009999690736482,1.5684972428910827e-65,15
4408,288.15,1.0009999690736482,1.3198160418939635e-65,15
4410,288.15,1.0009999690736482,1.1104285971703444e-65,15
4412,288.15,1.0009999690736482,9.341474921266682e-66,15
4414,288.15,1.0009999690736482,7.857562310246949e-66,15
4416,288.15,1.0009999690736482,6.608574186249476e-66,15
4418,288.15,1.0009999690736482,5.557445952421636e-66,15
4420,288.15,1.0009999690736482,4.6729405466470246e-66,15
4422,288.15,1.0009999690736482,3.928735404854693e-66,15
4424,288.15,1.0009999690736482,3.3026519693769225e-66,15
4426,288.15,1.0009999690736482,2.776005567587467e-66,15
4428,288.15,1.0009999690736482,2.3330569231559367e-66,15
4430,288.15,1.0009999690736482,1.960549468532353e-66,15
4432,288.15,1.0009999690736482,1.647319084443784e-66,15
4434,288.15,1.0009999690736482,1.3839649693627057e-66,15
4436,288.15,1.0009999690736482,1.1625720976582863e-66,15
4438,288.15,1.0009999690736482,9.764772090055203e-67,15
4440,288.15,1.0009999690736482,8.200715255691911e-67,15
4442,288.15,1.0009999690736482,6.886344529760811e-67,15
4444,288.15,1.0009999690736482,5.7819341619593415e-67,15
4446,288.15,1.0009999690736482,4.854057375738447e-67,15
4448,288.15,1.0009999690736482,4.0745910289832e-67,15
4450,288.15,1.0009999690736482,3.419877007357301e-67,15
4452,288.15,1.0009999690736482,2.8700157569534514e-67,15
4454,288.15,1.0009999690736482,2.4082712081866287e-67,15
4456,288.15,1.0009999690736482,2.020569589071269e-67,15
4458,288.15,1.0009999690736482,1.6950773661809265e-67,15
4460,288.15,1.0009999690736482,1.4218458642610466e-67,15
4462,288.15,1.0009999690736482,1.1925120671241577e-67,15
4464,288.15,1.0009999690736482,1.0000467492412373e-67,15
4466,288.15,1.0009999690736482,8.38542476811606e-68,15
4468,288.15,1.0009999690736482,7.0303518913673e-68,15
4470,288.15,1.0009999690736482,5.893540597132313e-68,15
4472,288.15,1.0009999690736482,4.93995170205324e-68,15
4474,288.15,1.0009999690736482,4.140152335291987e-68,15
4476,288.15,1.0009999690736482,3.469421950816649e-68,15
4478,288.15,1.0009999690736482,2.907000409110257e-68,15
4480,288.15,1.0009999690736482,2.4354556290535615e-68,15
4482,288.15,1.0009999690736482,2.040151861454238e-68,15
4484,288.15,1.0009999690736482,1.7088026280463174e-68,15
4486,288.15,1.0009999690736482,1.4310948912340718e-68,15
4488,288.15,1.0009999690736482,1.1983731442722392e-68,15
4490,288.15,1.0009999690736482,1.0033739012336192e-68,15
4492,288.15,1.0009999690736482,8.400025735910495e-69,15
4494,288.15,1.0009999690736482,7.031459898593713e-69,15
4496,288.15,1.0009999690736482,5.885148839101684e-69,15
4498,288.15,1.0009999690736482,4.925115778141502e-69,15
4500,288.15,1.0009999690736482,4.121188429892109e-69,15
4502,288.15,1.0009999690736482,3.448065614450355e-69,15
4504,288.15,1.0009999690736482,2.8845334593022823e-69,15
4506,288.15,1.0009999690736482,2.412807297319345e-69,15
4508,288.15,1.0009999690736482,2.0179791718281274e-69,15
4510,288.15,1.0009999690736482,1.6875540590956534e-69,15
4512,288.15,1.0009999690736482,1.4110606104830424e-69,15
4514,288.15,1.0009999690736482,1.1797244808741028e-69,15
4516,288.15,1.0009999690736482,9.861942144453794e-70,15
4518,288.15,1.0009999690736482,8.243112604246273e-70,15
4520,288.15,1.0009999690736482,6.889170381774716e-70,15
4522,288.15,1.0009999690736482,5.756911031930818e-70,15
4524,288.15,1.0009999690736482,4.8101541734613754e-70,15
4526,288.15,1.0009999690736482,4.0186052683967086e-70,15
4528,288.15,1.0009999690736482,3.356901236071829e-70,15
4530,288.15,1.0009999690736482,2.8038103096705084e-70,15
4532,288.15,1.0009999690736482,2.3415612906059063e-70,15
4534,288.15,1.0009999690736482,1.955281344434591e-70,15
4536,288.15,1.0009999690736482,1.6325248322952597e-70,15
4538,288.15,1.0009999690736482,1.3628784858080411e-70,15
4540,288.15,1.0009999690736482,1.1376305965370186e-70,15
4542,288.15,1.0009999690736482,9.494938754639636e-71,15
4544,288.15,1.0009999690736482,7.9237330397384e-71,15
4546,288.15,1.0009999690736482,6.61171696479291e-71,15
4548,288.15,1.0009999690736482,5.516268688022325e-71,15
4550,288.15,1.0009999690736482,4.601752917337862e-71,15
4552,288.15,1.0009999690736482,3.838379360373819e-71,15
4554,288.15,1.0009999690736482,3.201247089368057e-71,15
4556,288.15,1.0009999690736482,2.669544641869354e-71,15
4558,288.15,1.0009999690736482,2.225880560859347e-71,15
4560,288.15,1.0009999690736482,1.855723173209121e-71,15
4562,288.15,1.0009999690736482,1.5469318399122984e-71,15
4564,288.15,1.0009999690736482,1.289364791552755e-71,15
4566,288.15,1.0009999690736482,1.0745510771704647e-71,15
4568,288.15,1.0009999690736482,8.954161790247057e-72,15
4570,288.15,1.0009999690736482,7.460525426044818e-72,15
4572,288.15,1.0009999690736482,6.21527693408885e-72,15
4574,288.15,1.0009999690736482,5.177238038268409e-72,15
4576,288.15,1.0009999690736482,4.312035720741616e-72,15
4578,288.15,1.0009999690736482,3.590981118060544e-72,15
4580,288.15,1.0009999690736482,2.990132518951378e-72,15
4582,288.15,1.0009999690736482,2.489512329138717e-72,15
4584,288.15,1.0009999690736482,2.0724527850828398e-72,15
4586,288.15,1.0009999690736482,1.7250493155074051e-72,15
4588,288.15,1.0009999690736482,1.4357038966791534e-72,15
4590,288.15,1.0009999690736482,1.194743633229236e-72,15
4592,288.15,1.0009999690736482,9.941022119430571e-73,15
4594,288.15,1.0009999690736482,8.2705389775416e-73,15
4596,288.15,1.0009999690736482,6.87991433152168e-73,15
4598,288.15,1.0009999690736482,5.722406179800308e-73,15
4600,288.15,1.0009999690736482,4.7590553109968985e-73,15
4602,288.15,1.0009999690736482,3.957393462934872e-73,15
4604,288.15,1.0009999690736482,3.290365235896011e-73,15
4606,288.15,1.0009999690736482,2.7354285036861918e-73,15
4608,288.15,1.0009999690736482,2.273803862581532e-73,15
4610,288.15,1.0009999690736482,1.8898485048101986e-73,15
4612,288.15,1.0009999690736482,1.570533955057116e-73,15
4614,288.15,1.0009999690736482,1.3050104954640744e-73,15
4616,288.15,1.0009999690736482,1.0842439354626514e-73,15
4618,288.15,1.0009999690736482,9.007127485400846e-74,15
4620,288.15,1.0009999690736482,7.481555748657418e-74,15
4622,288.15,1.0009999690736482,6.213607403225866e-74,15
4624,288.15,1.0009999690736482,5.159908222331756e-74,15
4626,288.15,1.0009999690736482,4.284364445405375e-74,15
4628,288.15,1.0009999690736482,3.5569444772158516e-74,15
4630,288.15,1.0009999690736482,2.9526638248049717e-74,15
4632,288.15,1.0009999690736482,2.4507394738774806e-74,15
4634,288.15,1.0009999690736482,2.0338855092223125e-74,15
4636,288.15,1.0009999690736482,1.6877264607748252e-74,15
4638,288.15,1.0009999690736482,1.400308760625789e-74,15
4640,288.15,1.0009999690736482,1.1616939540830605e-74,15
4642,288.15,1.0009999690736482,9.636200263227069e-75,15
4644,288.15,1.0009999690736482,7.992194742399862e-75,15
4646,288.15,1.0009999690736482,6.627846452034657e-75,15
4648,288.15,1.0009999690736482,5.495724426446614e-75,15
4650,288.15,1.0009999690736482,4.556418146908408e-75,15
4652,288.15,1.0009999690736482,3.777185396980013e-75,15
4654,288.15,1.0009999690736482,3.130827377713199e-75,15
4656,288.15,1.0009999690736482,2.594753003854663e-75,15
4658,288.15,1.0009999690736482,2.1502006627064226e-75,15
4660,288.15,1.0009999690736482,1.7815910187378844e-75,15
4662,288.15,1.0009999690736482,1.4759888651659757e-75,15
4664,288.15,1.0009999690736482,1.2226557052529345e-75,15
4666,288.15,1.0009999690736482,1.0126778134046528e-75,15
4668,288.15,1.0009999690736482,8.38657081461014e-76,15
4670,288.15,1.0009999690736482,6.944540840325506e-76,15
4672,288.15,1.0009999690736482,5.749745694430876e-76,15
4674,288.15,1.0009999690736482,4.7599205905671725e-76,15
4676,288.15,1.0009999690736482,3.9400046693392975e-76,15
4678,288.15,1.0009999690736482,3.2609167508805524e-76,15
4680,288.15,1.0009999690736482,2.6985385146705763e-76,15
4682,288.15,1.0009999690736482,2.2328700680373927e-76,15
4684,288.15,1.0009999690736482,1.8473287654015817e-76,15
4686,288.15,1.0009999690736482,1.5281670503191597e-76,15
4688,288.15,1.0009999690736482,1.2639891775512824e-76,15
4690,288.15,1.0009999690736482,1.0453500708658403e-76,15
4692,288.15,1.0009999690736482,8.644223991241076e-77,15
4694,288.15,1.0009999690736482,7.147203042818678e-77,15
4696,288.15,1.0009999690736482,5.90870170057162e-77,15
4698,288.15,1.0009999690736482,4.884204456692268e-77,15
4700,288.15,1.0009999690736482,4.0368389058321334e-77,15
4702,288.15,1.0009999690736482,3.336067296819977e-77,15
4704,288.15,1.0009999690736482,2.7566014209033106e-77,15
4706,288.15,1.0009999690736482,2.2775028292357698e-77,15
4708,288.15,1.0009999690736482,1.88143682091951e-77,15
4710,288.15,1.0009999690736482,1.554054000723332e-77,15
4712,288.15,1.0009999690736482,1.283477656542026e-77,15
4714,288.15,1.0009999690736482,1.059878903796041e-77,15
4716,288.15,1.0009999690736482,8.751246145485e-78,15
4718,288.15,1.0009999690736482,7.224856990033702e-78,15
4720,288.15,1.0009999690736482,5.963954242719985e-78,15
4722,288.15,1.0009999690736482,4.922492130402509e-78,15
4724,288.15,1.0009999690736482,4.062388238914758e-78,15
4726,288.15,1.0009999690736482,3.352150261116594e-78,15
4728,288.15,1.0009999690736482,2.7657388687040253e-78,15
4730,288.15,1.0009999690736482,2.2816262266515323e-78,15
4732,288.15,1.0009999690736482,1.8820165886926343e-78,15
4734,288.15,1.0009999690736482,1.5522011525399686e-78,15
4736,288.15,1.0009999690736482,1.2800241149720958e-78,15
4738,288.15,1.0009999690736482,1.0554408158825986e-78,15
4740,288.15,1.0009999690736482,8.701521351238602e-79,15
4742,288.15,1.0009999690736482,7.173020212364666e-79,15
4744,288.15,1.0009999690736482,5.91227282247611e-79,15
4746,288.15,1.0009999690736482,4.872506347494543e-79,15
4748,288.15,1.0009999690736482,4.015095541045942e-79,15
4750,288.15,1.0009999690736482,3.308147503734511e-79,15
4752,288.15,1.0009999690736482,2.725331566485097e-79,15
4754,288.15,1.0009999690736482,2.2449119644608437e-79,15
4756,288.15,1.0009999690736482,1.8489482578013538e-79,15
4758,288.15,1.0009999690736482,1.5226344936114293e-79,15
4760,288.15,1.0009999690736482,1.253753104459141e-79,15
4762,288.15,1.0009999690736482,1.0322236798193828e-79,15
4764,288.15,1.0009999690736482,8.497301757605807e-80,15
4766,288.15,1.0009999690736482,6.994129668730104e-80,15
4768,288.15,1.0009999690736482,5.756144942584287e-80,15
4770,288.15,1.0009999690736482,4.736692082867424e-80,15
4772,288.15,1.0009999690736482,3.8973011434675275e-80,15
4774,288.15,1.0009999690736482,3.2062556163932864e-80,15
4776,288.15,1.0009999690736482,2.637410169488178e-80,15
4778,288.15,1.0009999690736482,2.169214768662897e-80,15
4780,288.15,1.0009999690736482,1.7839092591015926e-80,15
4782,288.15,1.0009999690736482,1.4668587155362543e-80,15
4784,288.15,1.0009999690736482,1.2060050281336056e-80,15
4786,288.15,1.0009999690736482,9.91414454020312e-81,15
4788,288.15,1.0009999690736482,8.149043891824431e-81,15
4790,288.15,1.0009999690736482,6.697355290467483e-81,15
4792,288.15,1.0009999690736482,5.503579941432314e-81,15
4794,288.15,1.0009999690736482,4.522019872985454e-81,15
4796,288.15,1.0009999690736482,3.715051931808729e-81,15
4798,288.15,1.0009999690736482,3.05170489579264e-81,15
4800,288.15,1.0009999690736482,2.5064866208734334e-81,15
4802,288.15,1.0009999690736482,2.0584174084422688e-81,15
4804,288.15,1.0009999690736482,1.6902334355527699e-81,15
4806,288.15,1.0009999690736482,1.3877304119638423e-81,15
4808,288.15,1.0009999690736482,1.1392228477143538e-81,15
4810,288.15,1.0009999690736482,9.350986240401765e-82,15
4812,288.15,1.0009999690736482,7.674521173823359e-82,15
4814,288.15,1.0009999690736482,6.297820619340435e-82,15
4816,288.15,1.0009999690736482,5.1674275880518167e-82,15
4818,288.15,1.0009999690736482,4.2393923887410666e-82,15
4820,288.15,1.0009999690736482,3.477586356060329e-82,15
4822,288.15,1.0009999690736482,2.8523138457959334e-82,15
4824,288.15,1.0009999690736482,2.3391698858580972e-82,15
4826,288.15,1.0009999690736482,1.9181001258495214e-82,15
4828,288.15,1.0009999690736482,1.5726273590540145e-82,15
4830,288.15,1.0009999690736482,1.2892151824017649e-82,15
4832,288.15,1.0009999690736482,1.0567445467460443e-82,15
4834,288.15,1.0009999690736482,8.660832251579775e-83,15
4836,288.15,1.0009999690736482,7.097317505918148e-83,15
4838,288.15,1.0009999690736482,5.81532277991354e-83,15
4840,288.15,1.0009999690736482,4.7642921846592954e-83,15
4842,288.15,1.0009999690736482,3.902724642790908e-83,15
4844,288.15,1.0009999690736482,3.196556471031113e-83,15
4846,288.15,1.0009999690736482,2.6178320934312296e-83,15
4848,288.15,1.0009999690736482,2.1436116969712566e-83,15
4850,288.15,1.0009999690736482,1.7550737100978126e-83,15
4852,288.15,1.0009999690736482,1.4367774514533141e-83,15
4854,288.15,1.0009999690736482,1.1760574427438115e-83,15
4856,288.15,1.0009999690736482,9.62525939108107e-84,15
4858,288.15,1.0009999690736482,7.876643942748624e-84,15
4860,288.15,1.0009999690736482,6.444880042896263e-84,15
4862,288.15,1.0009999690736482,5.272702928800177e-84,15
4864,288.15,1.0009999690736482,4.313170209240051e-84,15
4866,288.15,1.0009999690736482,3.5278061037156757e-84,15
4868,288.15,1.0009999690736482,2.8850784215804256e-84,15
4870,288.15,1.0009999690736482,2.359148780957014e-84,15
4872,288.15,1.0009999690736482,1.9288471781608809e-84,15
4874,288.15,1.0009999690736482,1.5768307421379238e-84,15
4876,288.15,1.0009999690736482,1.2888936797762998e-84,15
4878,288.15,1.0009999690736482,1.0534013124108966e-84,15
4880,288.15,1.0009999690736482,8.60825948104258e-85,15
4882,288.15,1.0009999690736482,7.033663149711365e-85,15
4884,288.15,1.0009999690736482,5.746355514326626e-85,15
4886,288.15,1.0009999690736482,4.694054361573369e-85,15
4888,288.15,1.0009999690736482,3.833967474678059e-85,15
4890,288.15,1.0009999690736482,3.131074546330712e-85,15
4892,288.15,1.0009999690736482,2.556719319968229e-85,15
4894,288.15,1.0009999690736482,2.0874560911778044e-85,15
4896,288.15,1.0009999690736482,1.70410473523639e-85,15
4898,288.15,1.0009999690736482,1.390976663717827e-85,15
4900,288.15,1.0009999690736482,1.1352408737373697e-85,15
4902,288.15,1.0009999690736482,9.264048016160522e-86,15
4904,288.15,1.0009999690736482,7.55889245399765e-86,15
4906,288.15,1.0009999690736482,6.16680355892406e-86,15
4908,288.15,1.0009999690736482,5.030447600511756e-86,15
4910,288.15,1.0009999690736482,4.10296393955938e-86,15
4912,288.15,1.0009999690736482,3.346056838638556e-86,15
4914,288.15,1.0009999690736482,2.7284340417801404e-86,15
4916,288.15,1.0009999690736482,2.2245292708891773e-86,15
4918,288.15,1.0009999690736482,1.81345714849676e-86,15
4920,288.15,1.0009999690736482,1.4781583700273013e-86,15
4922,288.15,1.0009999690736482,1.204700582144962e-86,15
4924,288.15,1.0009999690736482,9.817066792843064e-87,15
4926,288.15,1.0009999690736482,7.998873561760129e-87,15
4928,288.15,1.0009999690736482,6.5165895358317725e-87,15
4930,288.15,1.0009999690736482,5.308310745088134e-87,15
4932,288.15,1.0009999690736482,4.323512657699926e-87,15
4934,288.15,1.0009999690736482,3.520963673725133e-87,15
4936,288.15,1.0009999690736482,2.867020216584695e-87,15
4938,288.15,1.0009999690736482,2.3342338125969095e-87,15
4940,288.15,1.0009999690736482,1.9002132137868234e-87,15
4942,288.15,1.0009999690736482,1.5466949858604198e-87,15
4944,288.15,1.0009999690736482,1.2587844676219462e-87,15
4946,288.15,1.0009999690736482,1.0243359510890747e-87,15
4948,288.15,1.0009999690736482,8.334466124102029e-88,15
4950,288.15,1.0009999690736482,6.780433712594235e-88,15
4952,288.15,1.0009999690736482,5.515456580997153e-88,15
4954,288.15,1.0009999690736482,4.485901781263474e-88,15
4956,288.15,1.0009999690736482,3.648063035509395e-88,15
4958,288.15,1.0009999690736482,2.9663280513345996e-88,15
4960,288.15,1.0009999690736482,2.4116833381408634e-88,15
4962,288.15,1.0009999690736482,1.960494529500186e-88,15
4964,288.15,1.0009999690736482,1.593511575158905e-88,15
4966,288.15,1.0009999690736482,1.2950574490911656e-88,15
4968,288.15,1.0009999690736482,1.0523666054941069e-88,15
4970,288.15,1.0009999690736482,8.550456122785931e-89,15
4972,288.15,1.0009999690736482,6.946334547103619e-89,15
4974,288.15,1.0009999690736482,5.642431375531686e-89,15
4976,288.15,1.0009999690736482,4.582695917857605e-89,15
4978,288.15,1.0009999690736482,3.721516502685252e-89,15
4980,288.15,1.0009999690736482,3.0217810892274897e-89,15
4982,288.15,1.0009999690736482,2.4532972867424945e-89,15
4984,288.15,1.0009999690736482,1.9915053433468808e-89,15
4986,288.15,1.0009999690736482,1.616429916280036e-89,15
4988,288.15,1.0009999690736482,1.311826433015456e-89,15
4990,288.15,1.0009999690736482,1.064486010192088e-89,15
4992,288.15,1.0009999690736482,8.636695528626882e-90,15
4994,288.15,1.0009999690736482,7.006470858961123e-90,15
4996,288.15,1.0009999690736482,5.683227978399737e-90,15
4998,288.15,1.0009999690736482,4.609298891942172e-90,15
5000,288.15,1.0009999690736482,3.7378226213594414e-90,15
5002,288.15,1.0009999690736482,3.0307248997423225e-90,15
5004,288.15,1.0009999690736482,2.4570746217546486e-90,15
5006,288.15,1.0009999690736482,1.9917469645370974e-90,15
5008,288.15,1.0009999690736482,1.6143360990334966e-90,15
5010,288.15,1.0009999690736482,1.308271009288523e-90,15
5012,288.15,1.0009999690736482,1.0600965723406711e-90,15
5014,288.15,1.0009999690736482,8.588890863114454e-91,15
5016,288.15,1.0009999690736482,6.957811648990805e-91,15
5018,288.15,1.0009999690736482,5.63575583965616e-91,15
5020,288.15,1.0009999690736482,4.564314669881292e-91,15
5022,288.15,1.0009999690736482,3.6960929124587546e-91,15
5024,288.15,1.0009999690736482,2.992637165299239e-91,15
5026,288.15,1.0009999690736482,2.4227528950942734e-91,15
5028,288.15,1.0009999690736482,1.9611374658011585e-91,15
5030,288.15,1.0009999690736482,1.5872699688495168e-91,15
5032,288.15,1.0009999690736482,1.284509729506788e-91,15
5034,288.15,1.0009999690736482,1.0393643605687418e-91,15
5036,288.15,1.0009999690736482,8.408955535590876e-92,15
5038,288.15,1.0009999690736482,6.802367510158525e-92,15
5040,288.15,1.0009999690736482,5.5020168538343876e-92,15
5042,288.15,1.0009999690736482,4.449667074883977e-92,15
5044,288.15,1.0009999690736482,3.598130291057089e-92,15
5046,288.15,1.0009999690736482,2.9091760691753063e-92,15
5048,288.15,1.0009999690736482,2.3518351092712356e-92,15
5050,288.15,1.0009999690736482,1.9010234002182898e-92,15
5052,288.15,1.0009999690736482,1.53642644864375e-92,15
5054,288.15,1.0009999690736482,1.2415945383189453e-92,15
5056,288.15,1.0009999690736482,1.0032092029155275e-92,15
5058,288.15,1.0009999690736482,8.104885894832928e-93,15
5060,288.15,1.0009999690736482,6.5470547728256525e-93,15
5062,288.15,1.0009999690736482,5.287966602756619e-93,15
5064,288.15,1.0009999690736482,4.270464159612534e-93,15
5066,288.15,1.0009999690736482,3.4483004257877086e-93,15
5068,288.15,1.0009999690736482,2.7840609267677464e-93,15
5070,288.15,1.0009999690736482,2.247480787806741e-93,15
5072,288.15,1.0009999690736482,1.814081699924857e-93,15
5074,288.15,1.0009999690736482,1.4640681286005216e-93,15
5076,288.15,1.0009999690736482,1.1814335755797303e-93,15
5078,288.15,1.0009999690736482,9.532370152608342e-94,15
5080,288.15,1.0009999690736482,7.690171799338246e-94,15
5082,288.15,1.0009999690736482,6.203184939510473e-94,15
5084,288.15,1.0009999690736482,5.003074246499028e-94,15
5086,288.15,1.0009999690736482,4.034620459259961e-94,15
5088,288.15,1.0009999690736482,3.2532087608171203e-94,15
5090,288.15,1.0009999690736482,2.6227969888079525e-94,15
5092,288.15,1.0009999690736482,2.1142722244908847e-94,15
5094,288.15,1.0009999690736482,1.7041216958605183e-94,15
5096,288.15,1.0009999690736482,1.3733580212283716e-94,15
5098,288.15,1.0009999690736482,1.1066502359857596e-94,15
5100,288.15,1.0009999690736482,8.916212936436136e-95,15
5102,288.15,1.0009999690736482,7.1828022333247e-95,15
5104,288.15,1.0009999690736482,5.785631928663322e-95,15
5106,288.15,1.0009999690736482,4.659626393180567e-95,15
5108,288.15,1.0009999690736482,3.752276068381589e-95,15
5110,288.15,1.0009999690736482,3.02121651710821e-95,15
5112,288.15,1.0009999690736482,2.4322728129956663e-95,15
5114,288.15,1.0009999690736482,1.9578800323168075e-95,15
5116,288.15,1.0009999690736482,1.5758076842032877e-95,15
5118,288.15,1.0009999690736482,1.268129729200911e-95,15
5120,288.15,1.0009999690736482,1.0203930119714298e-95,15
5122,288.15,1.0009999690736482,8.209459743292022e-96,15
5124,288.15,1.0009999690736482,6.603968267690793e-96,15
5126,288.15,1.0009999690736482,5.311762698701841e-96,15
5128,288.15,1.0009999690736482,4.271846383873761e-96,15
5130,288.15,1.0009999690736482,3.4350720658396052e-96,15
5132,288.15,1.0009999690736482,2.7618451836112962e-96,15
5134,288.15,1.0009999690736482,2.2202713160859735e-96,15
5136,288.15,1.0009999690736482,1.784662075293909e-96,15
5138,288.15,1.0009999690736482,1.434330252143818e-96,15
5140,288.15,1.0009999690736482,1.1526183448155736e-96,15
5142,288.15,1.0009999690736482,9.261153664625435e-97,15
5144,288.15,1.0009999690736482,7.440255254428294e-97,15
5146,288.15,1.0009999690736482,5.976593949241e-97,15
5148,288.15,1.0009999690736482,4.800238604736786e-97,15
5150,288.15,1.0009999690736482,3.8549171374064646e-97,15
5152,288.15,1.0009999690736482,3.0953545741471727e-97,15
5154,288.15,1.0009999690736482,2.4851287094848167e-97,15
5156,288.15,1.0009999690736482,1.9949429515188484e-97,15
5158,288.15,1.0009999690736482,1.6012353750097814e-97,15
5160,288.15,1.0009999690736482,1.285058683713804e-97,15
5162,288.15,1.0009999690736482,1.031178437255633e-97,15
5164,288.15,1.0009999690736482,8.273471047812847e-98,15
5166,288.15,1.0009999690736482,6.637197401512699e-98,15
5168,288.15,1.0009999690736482,5.323837125879735e-98,15
5170,288.15,1.0009999690736482,4.2698028015008634e-98,15
5172,288.15,1.0009999690736482,3.4240010957502945e-98,15
5174,288.15,1.0009999690736482,2.7453832543573893e-98,15
5176,288.15,1.0009999690736482,2.2009747604208436e-98,15
5178,288.15,1.0009999690736482,1.7642906370266903e-98,15
5180,288.15,1.0009999690736482,1.4140610824251214e-98,15
5182,288.15,1.0009999690736482,1.1332068008227716e-98,15
5184,288.15,1.0009999690736482,9.080152132515845e-99,15
5186,288.15,1.0009999690736482,7.274782549655514e-99,15
5188,288.15,1.0009999690736482,5.827601346555307e-99,15
5190,288.15,1.0009999690736482,4.6676960628577335e-99,15
5192,288.15,1.0009999690736482,3.738162766662009e-99,15
5194,288.15,1.0009999690736482,2.9933447488387786e-99,15
5196,288.15,1.0009999690736482,2.396614319418597e-99,15
5198,288.15,1.0009999690736482,1.918591123454676e-99,15
5200,288.15,1.0009999690736482,1.5357112637219803e-99,15
5202,288.15,1.0009999690736482,1.2290783102168925e-99,15
5204,288.15,1.0009999690736482,9.835407864389707e-100,15
5206,288.15,1.0009999690736482,7.869515900881021e-100,15
5208,288.15,1.0009999690736482,6.295735467528212e-100,15
5210,288.15,1.0009999690736482,5.036023246246765e-100,15
5212,288.15,1.0009999690736482,4.027835906126161e-100,15
5214,288.15,1.0009999690736482,3.221058326287857e-100,15
5216,288.15,1.0009999690736482,2.575539259557691e-100,15
5218,288.15,1.0009999690736482,2.059114578910022e-100,15
5220,288.15,1.0009999690736482,1.646021846488862e-100,15
5222,288.15,1.0009999690736482,1.3156289071753663e-100,15
5224,288.15,1.0009999690736482,1.0514144438013435e-100,15
5226,288.15,1.0009999690736482,8.401506701017897e-101,15
5228,288.15,1.0009999690736482,6.712481682669407e-101,15
5230,288.15,1.0009999690736482,5.3623077329769064e-101,15
5232,288.15,1.0009999690736482,4.28314746471506e-101,15
5234,288.15,1.0009999690736482,3.420715707688729e-101,15
5236,288.15,1.0009999690736482,2.7315778780894994e-101,15
5238,288.15,1.0009999690736482,2.1809857622504648e-101,15
5240,288.15,1.0009999690736482,1.7411440420375906e-101,15
5242,288.15,1.0009999690736482,1.3898220168025176e-101,15
5244,288.15,1.0009999690736482,1.109241929100195e-101,15
5246,288.15,1.0009999690736482,8.851889016253238e-102,15
5248,288.15,1.0009999690736482,7.062984023672795e-102,15
5250,288.15,1.0009999690736482,5.634859050040038e-102,15
5252,288.15,1.0009999690736482,4.494904285706718e-102,15
5254,288.15,1.0009999690736482,3.585092669373992e-102,15
5256,288.15,1.0009999690736482,2.859057295547122e-102,15
5258,288.15,1.0009999690736482,2.2797533097462515e-102,15
5260,288.15,1.0009999690736482,1.817587649687466e-102,15
5262,288.15,1.0009999690736482,1.4489232178915579e-102,15
5264,288.15,1.0009999690736482,1.154882683139966e-102,15
5266,288.15,1.0009999690736482,9.203920199160623e-103,15
5268,288.15,1.0009999690736482,7.334158405056746e-103,15
5270,288.15,1.0009999690736482,5.843461425137532e-103,15
5272,288.15,1.0009999690736482,4.655137573208876e-103,15
5274,288.15,1.0009999690736482,3.707979210501392e-103,15
5276,288.15,1.0009999690736482,2.953143024550339e-103,15
5278,288.15,1.0009999690736482,2.3516575509118154e-103,15
5280,288.15,1.0009999690736482,1.872432092193474e-103,15
5282,288.15,1.0009999690736482,1.4906663839219917e-103,15
5284,288.15,1.0009999690736482,1.1865805184352444e-103,15
5286,288.15,1.0009999690736482,9.444007696301416e-104,15
5288,288.15,1.0009999690736482,7.515498668252122e-104,15
5290,288.15,1.0009999690736482,5.98000589055963e-104,15
5292,288.15,1.0009999690736482,4.757598074099611e-104,15
5294,288.15,1.0009999690736482,3.784567054460798e-104,15
5296,288.15,1.0009999690736482,3.0101418688977033e-104,15
5298,288.15,1.0009999690736482,2.393867003172373e-104,15
5300,288.15,1.0009999690736482,1.903510842617743e-104,15
5302,288.15,1.0009999690736482,1.5133973263490873e-104,15
5304,288.15,1.0009999690736482,1.203075352207858e-104,15
5306,288.15,1.0009999690736482,9.562576982301753e-105,15
5308,288.15,1.0009999690736482,7.599749825903344e-105,15
5310,288.15,1.0009999690736482,6.039011727143412e-105,15
5312,288.15,1.0009999690736482,4.798159311312332e-105,15
5314,288.15,1.0009999690736482,3.811760949196299e-105,15
5316,288.15,1.0009999690736482,3.0277418252022697e-105,15
5318,288.15,1.0009999690736482,2.4046629022120466e-105,15
5320,288.15,1.0009999690736482,1.9095530778805015e-105,15
5322,288.15,1.0009999690736482,1.5161822993827394e-105,15
5324,288.15,1.0009999690736482,1.2036861264858903e-105,15
5326,288.15,1.0009999690736482,9.554703647919196e-106,15
5328,288.15,1.0009999690736482,7.58338857675966e-106,15
5330,288.15,1.0009999690736482,6.017990661741118e-106,15
5332,288.15,1.0009999690736482,4.775092714116568e-106,15
5334,288.15,1.0009999690736482,3.7883857569907485e-106,15
5336,288.15,1.0009999690736482,3.005167327364554e-106,15
5338,288.15,1.0009999690736482,2.3835550509895294e-106,15
5340,288.15,1.0009999690736482,1.8902696832936514e-106,15
5342,288.15,1.0009999690736482,1.498871470926807e-106,15
5344,288.15,1.0009999690736482,1.1883573283047367e-106,15
5346,288.15,1.0009999690736482,9.42045161729836e-107,15
5348,288.15,1.0009999690736482,7.466866835079797e-107,15
5350,288.15,1.0009999690736482,5.917620163513307e-107,15
5352,288.15,1.0009999690736482,4.6891891352912286e-107,15
5354,288.15,1.0009999690736482,3.715270065866492e-107,15
5356,288.15,1.0009999690736482,2.943235338092784e-107,15
5358,288.15,1.0009999690736482,2.3313181296821102e-107,15
5360,288.15,1.0009999690736482,1.8463755155319883e-107,15
5362,288.15,1.0009999690736482,1.4621113619964985e-107,15
5364,288.15,1.0009999690736482,1.1576646936237505e-107,15
5366,288.15,1.0009999690736482,9.164885219033677e-108,15
5368,288.15,1.0009999690736482,7.254594897193194e-108,15
5370,288.15,1.0009999690736482,5.7417090878768005e-108,15
5372,288.15,1.0009999690736482,4.543714910048878e-108,15
5374,288.15,1.0009999690736482,3.5951980858522054e-108,15
5376,288.15,1.0009999690736482,2.8443066841978157e-108,15
5378,288.15,1.0009999690736482,2.2499447676434736e-108,15
5380,288.15,1.0009999690736482,1.7795455870001734e-108,15
5382,288.15,1.0009999690736482,1.4073048781981778e-108,15
5384,288.15,1.0009999690736482,1.1127793844007496e-108,15
5386,288.15,1.0009999690736482,8.797752515840963e-109,15
5388,288.15,1.0009999690736482,6.954664609498132e-109,15
5390,288.15,1.0009999690736482,5.496957885073052e-109,15
5392,288.15,1.0009999690736482,4.344205747670511e-109,15
5394,288.15,1.0009999690736482,3.432733657114418e-109,15
5396,288.15,1.0009999690736482,2.7121366359214147e-109,15
5398,288.15,1.0009999690736482,2.142519314403277e-109,15
5400,288.15,1.0009999690736482,1.6923088988218954e-109,15
