t,T,x,xdot,idx
0.0,338.15,0.001,0.0017683650614035372,65
2.0,338.15,0.0045367301228070745,0.0017683650614035372,65
4.0,338.15,0.008060939264671635,0.0017621045709322804,65
6.0,338.15,0.011572671753251808,0.001755866244290086,65
8.0,338.15,0.015071971759273821,0.001749650003011006,65
10.0,338.15,0.01855888329708759,0.0017434557689068836,65
11.999999999999998,338.15,0.022033450225220325,0.0017372834640663683,65
13.999999999999998,338.15,0.0254957162469282,0.0017311330108539377,65
16.0,338.15,0.02894572491074604,0.0017250043319089197,65
18.0,338.15,0.03238351961103508,0.0017188973501445204,65
20.0,338.15,0.03580914358852879,0.0017128119887468533,65
22.0,338.15,0.03922263993087674,0.0017067481711739744,65
23.999999999999996,338.15,0.04262405157318658,0.0017007058211549184,65
25.999999999999996,338.15,0.04601342129856406,0.0016946848626887402,65
27.999999999999996,338.15,0.04939079173865118,0.0016886852200435586,65
29.999999999999996,338.15,0.05275620537416238,0.0016827068177556036,65
32.0,338.15,0.056109704535418914,0.0016767495806282672,65
34.0,338.15,0.05945133140288123,0.0016708134337311581,65
36.0,338.15,0.06278112800767954,0.0016648983023991582,65
38.0,338.15,0.06609913623214252,0.0016590041122314851,65
40.0,338.15,0.06940539781032402,0.0016531307890907546,65
42.0,338.15,0.07269995432852812,0.0016472782591020487,65
44.0,338.15,0.0759828472258321,0.0016414464486519873,65
46.0,338.15,0.0792541177946077,0.0016356352843878007,65
47.99999999999999,338.15,0.08251380718104051,0.001629844693216409,65
49.99999999999999,338.15,0.08576195638564751,0.0016240746023035004,65
51.99999999999999,338.15,0.08899860626379275,0.0016183249390726167,65
53.99999999999999,338.15,0.09222379752620123,0.0016125956312042404,65
55.99999999999999,338.15,0.095437570739471,0.001606886606634884,65
57.99999999999999,338.15,0.09863996632658337,0.0016011977935561843,65
59.99999999999999,338.15,0.10183102456741136,0.0015955291204139998,65
61.99999999999999,338.15,0.10501078559922637,0.0015898805159075093,65
64.0,338.15,0.108179289417203,0.0015842519089883159,65
66.0,338.15,0.11133657587492211,0.0015786432288595535,65
68.00000000000001,338.15,0.1144826846848721,0.001573054404974996,65
70.00000000000001,338.15,0.11761765541894845,0.0015674853670381698,65
72.00000000000003,338.15,0.12074152750895138,0.0015619360450014699,65
74.00000000000003,338.15,0.12385434024708195,0.0015564063690652788,65
76.00000000000004,338.15,0.1269561327864361,0.0015508962696770886,65
78.00000000000004,338.15,0.13004694414149737,0.0015454056775306261,65
80.00000000000004,338.15,0.13312681318862732,0.001539934523564981,65
82.00000000000006,338.15,0.1361957786665548,0.0015344827389637368,65
84.00000000000006,338.15,0.13925387917686302,0.0015290502551541065,65
86.00000000000007,338.15,0.14230115318447517,0.0015236370038060692,65
88.00000000000007,338.15,0.1453376390181382,0.0015182429168315102,65
90.00000000000009,338.15,0.14836337487090492,0.0015128679263833654,65
92.00000000000009,338.15,0.15137839880061446,0.0015075119648547684,65
94.00000000000009,338.15,0.15438274873037086,0.0015021749648781977,65
96.0000000000001,338.15,0.15737646244902012,0.0014968568593246327,65
98.0000000000001,338.15,0.16035957761162553,0.001491557581302707,65
100.00000000000011,338.15,0.16333213173994127,0.0014862770641578676,65
102.00000000000011,338.15,0.16629416222288435,0.001481015241471537,65
104.00000000000013,338.15,0.1692457063170049,0.0014757720470602767,65
106.00000000000013,338.15,0.1721868011469548,0.001470547414974957,65
108.00000000000014,338.15,0.17511748370595465,0.0014653412794999236,65
110.00000000000014,338.15,0.178037790856259,0.0014601535751521762,65
112.00000000000014,338.15,0.1809477593296201,0.0014549842366805392,65
114.00000000000016,338.15,0.18384742572774979,0.001449833199064846,65
116.00000000000016,338.15,0.18673682652278,0.0014447003975151178,65
118.00000000000017,338.15,0.1896159980577215,0.0014395857674707505,65
120.00000000000016,338.15,0.1924849765469209,0.0014344892445997013,65
122.00000000000016,338.15,0.19534379807651625,0.0014294107647976808,65
124.00000000000014,338.15,0.19819249860489094,0.0014243502641873458,65
126.00000000000014,338.15,0.20103111396312592,0.0014193076791174963,65
128.00000000000014,338.15,0.20385967985545048,0.0014142829461622748,65
130.0000000000001,338.15,0.20667823185969122,0.0014092760021203684,65
132.0000000000001,338.15,0.20948680542771966,0.001404286784014214,65
134.0000000000001,338.15,0.21228543588589807,0.001399315229089206,65
136.0000000000001,338.15,0.21507415843552388,0.0013943612748129072,65
138.00000000000009,338.15,0.2178530081532724,0.001389424858874262,65
140.00000000000009,338.15,0.22062201999163802,0.0013845059191828133,65
142.00000000000009,338.15,0.22338122877937386,0.0013796043938679198,65
144.00000000000009,338.15,0.22613066922192981,0.0013747202212779802,65
146.00000000000006,338.15,0.22887037590188913,0.001369853339979656,65
148.00000000000006,338.15,0.23160038327940333,0.0013650036887570996,65
150.00000000000006,338.15,0.2343207256926257,0.0013601712066111835,65
152.00000000000006,338.15,0.23703143735814317,0.0013553558327587347,65
154.00000000000003,338.15,0.2397325523714067,0.0013505575066317674,65
156.00000000000003,338.15,0.24242410470716014,0.0013457761678767246,65
158.00000000000003,338.15,0.24510612821986758,0.0013410117563537162,65
160.00000000000003,338.15,0.2477786566441391,0.0013362642121357636,65
162.0,338.15,0.2504417235951552,0.0013315334755080463,65
164.0,338.15,0.2530953625690895,0.00132681948696715,65
166.0,338.15,0.25573960694353015,0.0013221221872203191,65
168.0,338.15,0.2583744899778996,0.0013174415171847097,65
169.99999999999997,338.15,0.2610000448138729,0.001312777417986648,65
171.99999999999997,338.15,0.26361630447579465,0.0013081298309608877,65
173.99999999999997,338.15,0.2662233018710944,0.0013034986976498749,65
175.99999999999997,338.15,0.2688210697907004,0.0012988839598030099,65
177.99999999999994,338.15,0.27140964090945224,0.0012942855593759167,65
179.99999999999994,338.15,0.2739890477865117,0.0012897034385297116,65
181.99999999999994,338.15,0.27655932286577223,0.001285137539630276,65
183.99999999999994,338.15,0.2791204984762673,0.0012805878052475328,65
185.99999999999991,338.15,0.2816726068325767,0.0012760541781547217,65
187.99999999999991,338.15,0.28421568003523207,0.0012715366013276808,65
189.99999999999991,338.15,0.2867497500711203,0.0012670350179441302,65
191.99999999999991,338.15,0.2892748488138862,0.0012625493713829547,65
193.9999999999999,338.15,0.2917910080243332,0.001258079605223494,65
195.9999999999999,338.15,0.2942982593508229,0.001253625663244832,65
197.9999999999999,338.15,0.29679663432967307,0.0012491874894250902,65
199.9999999999999,338.15,0.2992861643855545,0.0012447650279407225,65
201.99999999999986,338.15,0.30176688083188613,0.0012403582231658129,65
203.99999999999986,338.15,0.3042388148712289,0.0012359670196713764,65
205.99999999999986,338.15,0.30670199759567823,0.0012315913622246617,65
207.99999999999986,338.15,0.30915645998725516,0.0012272311957884567,65
209.99999999999983,338.15,0.311602232918296,0.0012228864655203949,65
211.99999999999983,338.15,0.3140393471518405,0.0012185571167722677,65
213.99999999999983,338.15,0.31646783334201917,0.0012142430950893353,65
215.99999999999983,338.15,0.31888772203443844,0.0012099443462096427,65
217.9999999999998,338.15,0.3212990436665651,0.0012056608160633368,65
219.9999999999998,338.15,0.3237018285681091,0.001201392450771986,65
221.9999999999998,338.15,0.3260961069614049,0.0011971391966479037,65
223.9999999999998,338.15,0.32848190896179186,0.0011929010001934714,65
225.99999999999977,338.15,0.3308592645779928,0.0011886778081004676,65
227.99999999999977,338.15,0.3332282037124916,0.001184469567249395,65
229.99999999999977,338.15,0.33558875616190925,0.0011802762247088154,65
231.99999999999977,338.15,0.33794095161737864,0.0011760977277346805,65
233.99999999999974,338.15,0.34028481966491797,0.0011719340237696715,65
235.99999999999974,338.15,0.34262038978580306,0.0011677850604425355,65
237.99999999999974,338.15,0.3449476913569379,0.001163650785567429,65
239.99999999999974,338.15,0.34726675365122445,0.0011595311471432606,65
241.99999999999972,338.15,0.3495776058379305,0.0011554260933530358,65
243.99999999999972,338.15,0.3518802769830569,0.001151335572563207,65
245.99999999999972,338.15,0.354174796049703,0.0011472595333230232,65
247.99999999999972,338.15,0.35646119189843073,0.0011431979243638828,65
249.9999999999997,338.15,0.3587394932876281,0.0011391506945986893,65
251.9999999999997,338.15,0.3610097288738705,0.0011351177931212082,65
253.9999999999997,338.15,0.36327192721228135,0.0011310991692054264,65
255.9999999999997,338.15,0.3655261167568912,0.001127094772304915,65
257.99999999999966,338.15,0.36777232586099556,0.001123104552052193,65
259.99999999999966,338.15,0.37001058277751175,0.0011191284582580943,65
261.99999999999966,338.15,0.37224091565933404,0.0011151664409111352,65
263.99999999999966,338.15,0.3744633525596878,0.001111218450176887,65
265.99999999999966,338.15,0.3766779214324825,0.0011072844363973478,65
267.99999999999966,338.15,0.37888465013266315,0.0011033643500903188,65
269.9999999999996,338.15,0.3810835664165607,0.0010994581419487815,65
271.9999999999996,338.15,0.3832746979422413,0.0010955657628402772,65
273.9999999999996,338.15,0.38545807226985385,0.00109168716380629,65
275.9999999999996,338.15,0.3876337168619771,0.0010878222960616296,65
277.9999999999996,338.15,0.38980165908396475,0.0010839711109938196,65
279.9999999999996,338.15,0.3919619262042897,0.0010801335601624835,65
281.9999999999996,338.15,0.3941145453948872,0.0010763095952987384,65
283.9999999999996,338.15,0.3962595437314964,0.0010724991683045849,65
285.99999999999955,338.15,0.398396948194001,0.0010687022312523041,65
287.99999999999955,338.15,0.4005267856667687,0.0010649187363838545,65
289.99999999999955,338.15,0.4026490829389892,0.0010611486361102706,65
291.99999999999955,338.15,0.40476386670501135,0.0010573918830110646,65
293.99999999999955,338.15,0.4068711635646786,0.0010536484298336304,65
295.99999999999955,338.15,0.40897100002366393,0.0010499182294926481,65
297.99999999999955,338.15,0.4110634024938029,0.0010462012350694943,65
299.99999999999955,338.15,0.41314839729342623,0.001042497399811648,65
301.9999999999995,338.15,0.41522601064769044,0.0010388066771321067,65
303.9999999999995,338.15,0.417296268688908,0.0010351290206087973,65
305.9999999999995,338.15,0.419359197456876,0.0010314643839839934,65
307.9999999999995,338.15,0.42141482289920346,0.0010278127211637343,65
309.9999999999995,338.15,0.42346317087163793,0.001024173986217244,65
311.9999999999995,338.15,0.4255042671383906,0.0010205481333763532,65
313.9999999999995,338.15,0.4275381373724605,0.001016935117034925,65
315.9999999999995,338.15,0.4295648071559571,0.0010133348917482805,65
317.99999999999943,338.15,0.4315843019804223,0.0010097474122326272,65
319.99999999999943,338.15,0.4335966472471513,0.0010061726333644894,65
321.99999999999943,338.15,0.43560186826751157,0.0010026105101801409,65
323.99999999999943,338.15,0.43759999026326163,0.0009990609978750386,65
325.99999999999943,338.15,0.43959103836686814,0.0009955240518032605,65
327.99999999999943,338.15,0.44157503762182204,0.0009919996274769425,65
329.99999999999943,338.15,0.4435520129829535,0.0009884876805657204,65
331.99999999999943,338.15,0.44552198931674586,0.0009849881668961703,65
333.9999999999994,338.15,0.4474849914016484,0.000981501042451255,65
335.9999999999994,338.15,0.4494410439283879,0.00097802626336977,65
337.9999999999994,338.15,0.4513901715002795,0.0009745637859457895,65
339.9999999999994,338.15,0.45333239863353575,0.0009711135666281204,65
341.9999999999994,338.15,0.4552677497575753,0.0009676755620197516,65
343.9999999999994,338.15,0.4571962492153299,0.0009642497288773098,65
345.9999999999994,338.15,0.45911792126355094,0.000960836024110514,65
347.9999999999994,338.15,0.4610327900731142,0.0009574344047816351,65
349.9999999999993,338.15,0.46294087972932413,0.0009540448281049556,65
351.9999999999993,338.15,0.4648422142322166,0.0009506672514462296,65
353.9999999999993,338.15,0.4667368174968609,0.0009473016323221494,65
355.9999999999993,338.15,0.4686247133536605,0.0009439479283998091,65
357.9999999999993,338.15,0.47050592554865284,0.0009406060974961725,65
359.9999999999993,338.15,0.4723804777438079,0.0009372760975775433,65
361.9999999999993,338.15,0.474248393517326,0.0009339578867590352,65
363.9999999999993,338.15,0.4761096963639341,0.0009306514233040461,65
365.99999999999926,338.15,0.47796440969518156,0.0009273566656237332,65
367.99999999999926,338.15,0.47981255683973456,0.0009240735722764884,65
369.99999999999926,338.15,0.4816541610436694,0.0009208021019674193,65
371.99999999999926,338.15,0.4834892454707651,0.0009175422135478273,65
373.99999999999926,338.15,0.4853178332027945,0.0009142938660146925,65
375.99999999999926,338.15,0.4871399472398148,0.000911057018510156,65
377.99999999999926,338.15,0.4889556105004568,0.0009078316303210073,65
379.99999999999926,338.15,0.4907648458222132,0.0009046176608781709,65
381.9999999999992,338.15,0.49256767596172557,0.000901415069756198,65
383.9999999999992,338.15,0.4943641235950711,0.0008982238166727555,65
385.9999999999992,338.15,0.4961542113180473,0.0008950438614881216,65
387.9999999999992,338.15,0.4979379616464567,0.0008918751642046797,65
389.9999999999992,338.15,0.49971539701638956,0.000888717684966415,65
391.9999999999992,338.15,0.5014865397845064,0.0008855713840584149,65
393.9999999999992,338.15,0.5032514122283192,0.0008824362219063675,65
395.9999999999992,338.15,0.5050100365464713,0.0008793121590760649,65
397.99999999999915,338.15,0.5067624348590171,0.000876199156272907,65
399.99999999999915,338.15,0.5085086292076999,0.0008730971743414069,65
401.99999999999915,338.15,0.5102486415562293,0.0008700061742646991,65
403.99999999999915,338.15,0.5119824937905574,0.0008669261171640484,65
405.99999999999915,338.15,0.5137102077191541,0.0008638569642983604,65
407.99999999999915,338.15,0.5154318050732815,0.0008607986770636951,65
409.99999999999915,338.15,0.517147307507267,0.0008577512169927806,65
411.99999999999915,338.15,0.5188567365987761,0.0008547145457545296,65
413.9999999999991,338.15,0.5205601138490832,0.0008516886251535573,65
415.9999999999991,338.15,0.5222574606833426,0.0008486734171297007,65
417.9999999999991,338.15,0.5239487984508576,0.0008456688837575403,65
419.9999999999991,338.15,0.5256341484253495,0.0008426749872459228,65
421.9999999999991,338.15,0.5273135318052244,0.0008396916899374856,65
423.9999999999991,338.15,0.5289869697138408,0.0008367189543081837,65
425.9999999999991,338.15,0.5306544831997745,0.0008337567429668168,65
427.9999999999991,338.15,0.5323160932370836,0.0008308050186545603,65
429.99999999999903,338.15,0.5339718207255726,0.0008278637442444953,65
431.99999999999903,338.15,0.5356216864910549,0.0008249328827411427,65
433.99999999999903,338.15,0.5372657112856148,0.0008220123972799968,65
435.99999999999903,338.15,0.538903915787869,0.0008191022511270629,65
437.99999999999903,338.15,0.5405363206032258,0.000816202407678394,65
439.99999999999903,338.15,0.5421629462641451,0.0008133128304596315,65
441.99999999999903,338.15,0.5437838132303962,0.0008104334831255453,65
443.99999999999903,338.15,0.5453989418893153,0.0008075643294595777,65
445.999999999999,338.15,0.5470083525560621,0.0008047053333733874,65
447.999999999999,338.15,0.5486120654738749,0.0008018564589063952,65
449.999999999999,338.15,0.5502101008143255,0.0007990176702253324,65
451.999999999999,338.15,0.5518024786775731,0.0007961889316237898,65
453.999999999999,338.15,0.5533892190926167,0.0007933702075217683,65
455.999999999999,338.15,0.5549703420175472,0.0007905614624652318,65
457.999999999999,338.15,0.5565458673397986,0.0007877626611256608,65
459.999999999999,338.15,0.5581158148763978,0.0007849737682996089,65
461.9999999999989,338.15,0.5596802043742144,0.000782194748908259,65
463.9999999999989,338.15,0.5612390555102084,0.0007794255679969823,65
465.9999999999989,338.15,0.5627923878916782,0.0007766661907348993,65
467.9999999999989,338.15,0.564340221056507,0.0007739165824144408,65
469.9999999999989,338.15,0.5658825744734088,0.0007711767084509122,65
471.9999999999989,338.15,0.567419467542173,0.0007684465343820579,65
473.9999999999989,338.15,0.5689509195939082,0.0007657260258676277,65
475.9999999999989,338.15,0.5704769498912861,0.0007630151486889457,65
477.99999999999886,338.15,0.571997577628783,0.0007603138687484791,65
479.99999999999886,338.15,0.5735128219329219,0.0007576221520694093,65
481.9999999999989,338.15,0.5750227018625123,0.0007549399647952051,65
483.9999999999989,338.15,0.5765272364088907,0.0007522672731891971,65
485.9999999999989,338.15,0.578026444496159,0.0007496040436341518,65
487.9999999999989,338.15,0.5795203449814227,0.0007469502426318505,65
489.9999999999989,338.15,0.581008956655028,0.0007443058368026673,65
491.99999999999886,338.15,0.5824922982407984,0.0007416707928851486,65
493.99999999999886,338.15,0.5839703883962696,0.0007390450777355959,65
495.99999999999886,338.15,0.5854432457129248,0.0007364286583276482,65
497.99999999999886,338.15,0.5869108887164286,0.0007338215017518667,65
499.99999999999886,338.15,0.5883733358668592,0.0007312235752153207,65
501.99999999999886,338.15,0.5898306055589416,0.0007286348460411758,65
503.99999999999886,338.15,0.5912827161222782,0.0007260552816682822,65
505.99999999999886,338.15,0.5927296858215798,0.0007234848496507652,65
507.99999999999886,338.15,0.5941715328568951,0.0007209235176576176,65
509.9999999999988,338.15,0.5956082753638396,0.0007183712534722925,65
511.9999999999988,338.15,0.5970399314138243,0.0007158280249922983,65
513.9999999999989,338.15,0.5984665190142818,0.0007132938002287951,65
515.9999999999989,338.15,0.5998880561088942,0.0007107685473061918,65
517.9999999999987,338.15,0.6013045605778177,0.0007082522344617457,65
519.9999999999987,338.15,0.602716050237908,0.0007057448300451628,65
521.9999999999987,338.15,0.6041225428429444,0.0007032463025181999,65
523.9999999999987,338.15,0.605524056083853,0.000700756620454267,65
525.9999999999987,338.15,0.6069206075889291,0.0006982757525380337,65
527.9999999999987,338.15,0.6083122149240592,0.0006958036675650336,65
529.9999999999987,338.15,0.6096988955929418,0.0006933403344412728,65
531.9999999999987,338.15,0.6110806670373075,0.0006908857221828387,65
533.9999999999987,338.15,0.6124575466371385,0.00068843979991551,65
535.9999999999987,338.15,0.6138295517108872,0.0006860025368743684,65
537.9999999999987,338.15,0.615196699515694,0.0006835739024034119,65
539.9999999999987,338.15,0.6165590072476044,0.0006811538659551688,65
541.9999999999987,338.15,0.617916492041785,0.0006787423970903137,65
543.9999999999987,338.15,0.6192691709727396,0.0006763394654772851,65
545.9999999999987,338.15,0.6206170610545234,0.0006739450408919029,65
547.9999999999986,338.15,0.6219601792409574,0.0006715590932169891,65
549.9999999999986,338.15,0.6232985424258414,0.0006691815924419886,65
551.9999999999986,338.15,0.6246321674431665,0.0006668125086625916,65
553.9999999999986,338.15,0.6259610710673272,0.0006644518120803579,65
555.9999999999986,338.15,0.6272852700133319,0.0006620994730023415,65
557.9999999999986,338.15,0.6286047809370133,0.0006597554618407178,65
559.9999999999986,338.15,0.6299196204352382,0.000657419749112411,65
561.9999999999986,338.15,0.6312298050461156,0.0006550923054387231,65
563.9999999999986,338.15,0.6325353512492056,0.0006527731015449652,65
565.9999999999986,338.15,0.6338362754657257,0.0006504621082600879,65
567.9999999999986,338.15,0.6351325940587583,0.0006481592965163161,65
569.9999999999986,338.15,0.6364243233334559,0.0006458646373487819,65
571.9999999999986,338.15,0.6377114795372462,0.000643578101895161,65
573.9999999999986,338.15,0.6389940788600368,0.0006412996613953096,65
575.9999999999986,338.15,0.6402721374344186,0.0006390292871909025,65
577.9999999999986,338.15,0.6415456713358687,0.0006367669507250727,65
579.9999999999986,338.15,0.6428146965829528,0.0006345126235420524,65
581.9999999999985,338.15,0.6440792291375264,0.0006322662772868146,65
583.9999999999985,338.15,0.6453392849049358,0.0006300278837047173,65
585.9999999999985,338.15,0.646594879734218,0.0006277974146411469,65
587.9999999999985,338.15,0.6478460294183004,0.0006255748420411651,65
589.9999999999985,338.15,0.6490927496941987,0.0006233601379491559,65
591.9999999999985,338.15,0.6503350562432156,0.0006211532745084732,65
593.9999999999985,338.15,0.6515729646911378,0.0006189542239610914,65
595.9999999999985,338.15,0.6528064906084323,0.0006167629586472558,65
597.9999999999985,338.15,0.6540356495104426,0.0006145794510051343,65
599.9999999999985,338.15,0.6552604568575835,0.0006124036735704716,65
601.9999999999985,338.15,0.6564809280555359,0.0006102355989762429,65
603.9999999999985,338.15,0.6576970784554406,0.0006080751999523106,65
605.9999999999985,338.15,0.6589089233540907,0.0006059224493250801,65
607.9999999999985,338.15,0.660116477994125,0.0006037773200171593,65
609.9999999999985,338.15,0.661319757564219,0.0006016397850470167,65
611.9999999999984,338.15,0.6625187771992763,0.0005995098175286433,65
613.9999999999984,338.15,0.6637135519806188,0.0005973873906712138,65
615.9999999999984,338.15,0.6649040969361762,0.0005952724777787493,65
617.9999999999984,338.15,0.6660904270406758,0.0005931650522497822,65
619.9999999999984,338.15,0.6672725572158298,0.0005910650875770213,65
621.9999999999984,338.15,0.6684505023305238,0.0005889725573470181,65
623.9999999999984,338.15,0.6696242772010035,0.000586887435239835,65
625.9999999999984,338.15,0.6707938965910609,0.0005848096950287142,65
627.9999999999984,338.15,0.6719593752122204,0.0005827393105797476,65
629.9999999999984,338.15,0.6731207277239235,0.0005806762558515482,65
631.9999999999984,338.15,0.6742779687337134,0.0005786205048949225,65
633.9999999999984,338.15,0.6754311127974184,0.0005765720318525444,65
635.9999999999984,338.15,0.6765801744193357,0.0005745308109586295,65
637.9999999999984,338.15,0.6777251680524129,0.0005724968165386113,65
639.9999999999984,338.15,0.6788661080984305,0.0005704700230088184,65
641.9999999999984,338.15,0.6800030089081828,0.000568450404876152,65
643.9999999999984,338.15,0.6811358847816583,0.0005664379367377663,65
645.9999999999983,338.15,0.6822647499682198,0.0005644325932807481,65
647.9999999999983,338.15,0.6833896186667835,0.000562434349281799,65
649.9999999999983,338.15,0.6845105050259973,0.0005604431796069177,65
651.9999999999983,338.15,0.6856274231444195,0.0005584590592110844,65
653.9999999999983,338.15,0.6867403870706954,0.0005564819631379448,65
655.9999999999983,338.15,0.6878494108037344,0.0005545118665194975,65
657.9999999999983,338.15,0.688954508292886,0.0005525487445757803,65
659.9999999999983,338.15,0.6900556934381151,0.0005505925726145587,65
661.9999999999983,338.15,0.6911529800901771,0.0005486433260310154,65
663.9999999999983,338.15,0.692246382050792,0.0005467009803074409,65
665.9999999999983,338.15,0.6933359130728178,0.0005447655110129248,65
667.9999999999983,338.15,0.6944215868604239,0.0005428368938030493,65
669.9999999999983,338.15,0.695503417069263,0.0005409151044195816,65
671.9999999999983,338.15,0.6965814173066434,0.0005390001186901702,65
673.9999999999983,338.15,0.6976556011316994,0.0005370919125280399,65
675.9999999999982,338.15,0.6987259820555628,0.0005351904619316896,65
677.9999999999982,338.15,0.699792573541532,0.0005332957429845897,65
679.9999999999982,338.15,0.7008553890052418,0.0005314077318548815,65
681.9999999999982,338.15,0.701914441814832,0.0005295264047950779,65
683.9999999999982,338.15,0.7029697452911156,0.000527651738141764,65
685.9999999999982,338.15,0.7040213127077461,0.0005257837083153,65
687.9999999999982,338.15,0.7050691572913852,0.0005239222918195244,65
689.9999999999982,338.15,0.7061132922218681,0.0005220674652414581,65
691.9999999999982,338.15,0.7071537306323702,0.0005202192052510106,65
693.9999999999982,338.15,0.7081904856095715,0.0005183774886006862,65
695.9999999999982,338.15,0.7092235701938221,0.0005165422921252917,65
697.9999999999982,338.15,0.7102529973793054,0.0005147135927416448,65
699.9999999999982,338.15,0.711278780114202,0.0005128913674482838,65
701.9999999999982,338.15,0.7123009313008524,0.0005110755933251785,65
703.9999999999982,338.15,0.7133194637959193,0.0005092662475334421,65
705.9999999999982,338.15,0.7143343904105494,0.0005074633073150433,65
707.9999999999982,338.15,0.7153457239105344,0.0005056667499925203,65
709.9999999999981,338.15,0.7163534770164718,0.0005038765529686959,65
711.9999999999981,338.15,0.7173576624039246,0.000502092693726393,65
713.9999999999981,338.15,0.718358292703581,0.0005003151498281513,65
715.9999999999981,338.15,0.7193553805014129,0.000498543898915945,65
717.9999999999981,338.15,0.7203489383388347,0.0004967789187109022,65
719.9999999999981,338.15,0.7213389787128608,0.0004950201870130239,65
721.9999999999981,338.15,0.7223255140762626,0.0004932676817009052,65
723.9999999999981,338.15,0.7233085568377254,0.0004915213807314571,65
725.9999999999981,338.15,0.7242881193620047,0.0004897812621396286,65
727.9999999999981,338.15,0.7252642139700809,0.0004880473040381315,65
729.9999999999981,338.15,0.7262368529393152,0.00048631948461716414,65
731.9999999999981,338.15,0.7272060485036035,0.0004845977821441377,65
733.9999999999981,338.15,0.7281718128535303,0.0004828821749634022,65
735.9999999999981,338.15,0.7291341581365223,0.00048117264149597513,65
737.9999999999981,338.15,0.7300930964570008,0.00047946916023926885,65
739.999999999998,338.15,0.7310486398765345,0.00047777170976682115,65
741.999999999998,338.15,0.7320008004139905,0.000476080268728025,65
743.999999999998,338.15,0.7329495900456863,0.00047439481584786035,65
745.999999999998,338.15,0.7338950207055396,0.0004727153299266264,65
747.999999999998,338.15,0.734837104285219,0.00047104178983967517,65
749.999999999998,338.15,0.7357758526342932,0.00046937417453714564,65
751.999999999998,338.15,0.7367112775603807,0.000467712463043699,65
753.999999999998,338.15,0.7376433908292972,0.00046605663445825455,65
755.999999999998,338.15,0.7385722041652046,0.00046440666795372743,65
757.999999999998,338.15,0.7394977292507582,0.00046276254277676605,65
759.999999999998,338.15,0.7404199777272532,0.0004611242382474914,65
761.999999999998,338.15,0.7413389611947717,0.00045949173375923666,65
763.999999999998,338.15,0.7422546912123283,0.00045786500877828854,65
765.999999999998,338.15,0.7431671792980156,0.0004562440428436283,65
767.999999999998,338.15,0.7440764369291489,0.00045462881556667506,65
769.999999999998,338.15,0.744982475542411,0.0004530193066310286,65
771.999999999998,338.15,0.7458853065339954,0.00045141549579221456,65
773.9999999999978,338.15,0.7467849412597503,0.00044981736287742964,65
775.9999999999978,338.15,0.7476813910353208,0.0004482248877852873,65
777.9999999999978,338.15,0.748574667136292,0.00044663805048556556,65
779.9999999999978,338.15,0.7494647807983299,0.0004450568310189548,65
781.9999999999978,338.15,0.7503517432173236,0.0004434812094968068,65
783.9999999999978,338.15,0.7512355655495253,0.00044191116610088453,65
785.9999999999978,338.15,0.7521162589116915,0.000440346681083113,65
787.9999999999978,338.15,0.7529938343812222,0.00043878773476533045,65
789.9999999999978,338.15,0.7538683029963004,0.00043723430753904127,65
791.9999999999978,338.15,0.7547396757560307,0.0004356863798651693,65
793.9999999999978,338.15,0.7556079636205784,0.000434143932273812,65
795.9999999999978,338.15,0.7564731775113064,0.00043260694536399546,65
797.9999999999978,338.15,0.7573353283109132,0.00043107539980343044,65
799.9999999999978,338.15,0.7581944268635697,0.00042954927632826945,65
801.9999999999978,338.15,0.7590504839750555,0.00042802855574286384,65
803.9999999999977,338.15,0.7599035104128945,0.00042651321891952314,65
805.9999999999977,338.15,0.7607535169064911,0.00042500324679827384,65
807.9999999999977,338.15,0.7616005141472643,0.00042349862038661986,65
809.9999999999977,338.15,0.7624445127887829,0.00042199932075930404,65
811.9999999999977,338.15,0.763285523446899,0.0004205053290580692,65
813.9999999999977,338.15,0.7641235566998819,0.000419016626491422,65
815.9999999999977,338.15,0.7649586230885507,0.0004175331943343958,65
817.9999999999977,338.15,0.7657907331164073,0.00041605501392831534,65
819.9999999999977,338.15,0.7666198972497684,0.00041458206668056237,65
821.9999999999977,338.15,0.7674461259178971,0.0004131143340643414,65
823.9999999999977,338.15,0.7682694295131339,0.00041165179761844684,65
825.9999999999977,338.15,0.769089818391028,0.00041019443894703064,65
827.9999999999977,338.15,0.7699073028704667,0.0004087422397193711,65
829.9999999999977,338.15,0.770721893233806,0.0004072951816696423,65
831.9999999999977,338.15,0.7715335997269994,0.00040585324659668406,65
833.9999999999977,338.15,0.772342432559727,0.00040441641636377354,65
835.9999999999977,338.15,0.7731484019055238,0.0004029846728983967,65
837.9999999999976,338.15,0.7739515179019079,0.000401557998192021,65
839.9999999999976,338.15,0.7747517906505076,0.000400136374299869,65
841.9999999999976,338.15,0.775549230217189,0.0003987197833406927,65
843.9999999999976,338.15,0.7763438466321821,0.0003973082074965483,65
845.9999999999976,338.15,0.7771356498902073,0.00039590162901257276,65
847.9999999999976,338.15,0.7779246499506008,0.0003945000301967597,65
849.9999999999976,338.15,0.7787108567374403,0.0003931033934197375,65
851.9999999999976,338.15,0.7794942801396695,0.000391711701114547,65
853.9999999999976,338.15,0.7802749300112223,0.000390324935776421,65
855.9999999999976,338.15,0.7810528161711474,0.000388943079962564,65
857.9999999999976,338.15,0.7818279484037313,0.0003875661162919324,65
859.9999999999976,338.15,0.7826003364586213,0.00038619402744501644,65
861.9999999999976,338.15,0.7833699900509485,0.0003848267961636222,65
863.9999999999976,338.15,0.7841369188614499,0.0003834644052506539,65
865.9999999999976,338.15,0.7849011325365897,0.00038210683756989886,65
867.9999999999975,338.15,0.7856626406886813,0.00038075407604581073,65
869.9999999999975,338.15,0.7864214528960078,0.0003794061036632954,65
871.9999999999975,338.15,0.7871775787029428,0.00037806290346749686,65
873.9999999999975,338.15,0.78793102762007,0.0003767244585635836,65
875.9999999999975,338.15,0.788681809124303,0.0003753907521165366,65
877.9999999999975,338.15,0.7894299326590049,0.0003740617673509373,65
879.9999999999975,338.15,0.7901754076341063,0.0003727374875507566,65
881.9999999999975,338.15,0.7909182434262246,0.0003714178960591449,65
883.9999999999975,338.15,0.791658449378781,0.0003701029762782219,65
885.9999999999975,338.15,0.7923960348021187,0.00036879271166886886,65
887.9999999999975,338.15,0.7931310089736198,0.00036748708575051964,65
889.9999999999975,338.15,0.7938633811378216,0.00036618608210095365,65
891.9999999999975,338.15,0.7945931605065338,0.0003648896843560897,65
893.9999999999975,338.15,0.7953203562589534,0.0003635978762097796,65
895.9999999999975,338.15,0.7960449775417806,0.0003623106414136037,65
897.9999999999975,338.15,0.796767033469334,0.0003610279637766656,65
899.9999999999975,338.15,0.7974865331236648,0.00035974982716538965,65
901.9999999999974,338.15,0.7982034855546715,0.000358476215503317,65
903.9999999999974,338.15,0.7989178997802133,0.00035720711277090406,65
905.9999999999974,338.15,0.7996297847862239,0.0003559425030053206,65
907.9999999999974,338.15,0.8003391495268244,0.00035468237030024933,65
909.9999999999974,338.15,0.8010460029244357,0.00035342669880568536,65
911.9999999999974,338.15,0.8017503538698912,0.0003521754727277371,65
913.9999999999974,338.15,0.8024522112225481,0.00035092867632842775,65
915.9999999999974,338.15,0.8031515838103991,0.0003496862939254973,65
917.9999999999974,338.15,0.8038484804301835,0.0003484483098922049,65
919.9999999999974,338.15,0.8045429098474978,0.00034721470865713274,65
921.9999999999974,338.15,0.8052348807969057,0.0003459854747039903,65
923.9999999999974,338.15,0.8059244019820486,0.0003447605925714184,65
925.9999999999974,338.15,0.8066114820757542,0.0003435400468527956,65
927.9999999999974,338.15,0.8072961297201463,0.00034232382219604406,65
929.9999999999974,338.15,0.8079783535267532,0.0003411119033034362,65
931.9999999999973,338.15,0.808658162076616,0.0003399042749314028,65
933.9999999999973,338.15,0.8093355639203967,0.00033870092189034097,65
935.9999999999973,338.15,0.8100105675784856,0.0003375018290444228,65
937.9999999999973,338.15,0.8106831815411084,0.00033630698131140597,65
939.9999999999973,338.15,0.8113534142684333,0.0003351163636624426,65
941.9999999999973,338.15,0.8120212741906772,0.00033392996112189145,65
943.9999999999973,338.15,0.8126867697082114,0.00033274775876712903,65
945.9999999999973,338.15,0.8133499091916682,0.000331569741728362,65
947.9999999999973,338.15,0.8140107009820451,0.00033039589518843996,65
949.9999999999973,338.15,0.8146691533908105,0.0003292262043826694,65
951.9999999999973,338.15,0.8153252747000077,0.0003280606545986276,65
953.9999999999973,338.15,0.8159790731623596,0.0003268992311759782,65
955.9999999999973,338.15,0.8166305570013722,0.00032574191950628605,65
957.9999999999973,338.15,0.8172797344114379,0.00032458870503283366,65
959.9999999999973,338.15,0.8179266135579387,0.0003234395732504387,65
961.9999999999973,338.15,0.8185712025773493,0.0003222945097052709,65
963.9999999999974,338.15,0.8192135095773386,0.0003211534999946703,65
965.9999999999975,338.15,0.8198535426368726,0.0003200165297669665,65
967.9999999999976,338.15,0.8204913098063152,0.0003188835847212978,65
969.9999999999977,338.15,0.82112681910753,0.0003177546506074313,65
971.9999999999978,338.15,0.8217600785339813,0.00031662971322558424,65
973.999999999998,338.15,0.8223910960508337,0.00031550875842624416,65
975.9999999999981,338.15,0.8230198795950537,0.0003143917721099924,65
977.9999999999982,338.15,0.8236464370755084,0.0003132787402273255,65
979.9999999999982,338.15,0.8242707763730655,0.00031216964877847956,65
981.9999999999983,338.15,0.8248929053406919,0.0003110644838132533,65
983.9999999999984,338.15,0.8255128318035536,0.00030996323143083317,65
985.9999999999985,338.15,0.8261305635591129,0.00030886587777961784,65
987.9999999999986,338.15,0.826746108377227,0.00030777240905704485,65
989.9999999999987,338.15,0.8273594740002458,0.00030668281150941627,65
991.9999999999989,338.15,0.8279706681431093,0.00030559707143172605,65
993.9999999999989,338.15,0.8285796984934443,0.00030451517516748755,65
995.999999999999,338.15,0.8291865727116614,0.00030343710910856185,65
997.9999999999991,338.15,0.8297912984310514,0.0003023628596949865,65
999.9999999999992,338.15,0.830393883257881,0.000301292413414805,65
1001.9999999999993,338.15,0.8309943347714888,0.00030022575680389667,65
1003.9999999999994,338.15,0.8315926605243804,0.00029916287644580775,65
1005.9999999999995,338.15,0.8321888680423236,0.00029810375897158195,65
1007.9999999999997,338.15,0.8327829648244428,0.0002970483910595931,65
1009.9999999999998,338.15,0.8333749583433135,0.00029599675943537703,65
1011.9999999999998,338.15,0.8339648560450564,0.00029494885087146477,65
1013.9999999999999,338.15,0.8345526653494308,0.0002939046521872161,65
1016.0,338.15,0.8351383936499281,0.00029286415024865395,65
1018.0000000000001,338.15,0.8357220483138648,0.0002918273319682989,65
1020.0000000000002,338.15,0.8363036366824748,0.0002907941843050049,65
1022.0000000000003,338.15,0.8368831660710023,0.0002897646942637951,65
1024.0000000000005,338.15,0.8374606437687937,0.00028873884889569823,65
1026.0000000000005,338.15,0.8380360770393889,0.0002877166352975861,65
1028.0000000000007,338.15,0.8386094731206128,0.0002866980406120109,65
1030.0000000000007,338.15,0.8391808392246669,0.0002856830520270437,65
1032.000000000001,338.15,0.8397501825382191,0.0002846716567761133,65
1034.000000000001,338.15,0.8403175102224948,0.00028366384213784565,65
1036.000000000001,338.15,0.8408828294133666,0.0002826595954359036,65
1038.0000000000011,338.15,0.8414461472214442,0.00028165890403882796,65
1040.0000000000011,338.15,0.842007470732164,0.00028066175535987814,65
1042.0000000000014,338.15,0.8425668070058777,0.0002796681368568739,65
1044.0000000000014,338.15,0.8431241630779418,0.000278678036032038,65
1046.0000000000016,338.15,0.8436795459588055,0.00027769144043183856,65
1048.0000000000016,338.15,0.8442329626340991,0.00027670833764683266,65
1050.0000000000018,338.15,0.8447844200647221,0.00027572871531151,65
1052.0000000000018,338.15,0.8453339251869304,0.0002747525611041375,65
1054.0000000000018,338.15,0.8458814849124237,0.0002737798627466045,65
1056.000000000002,338.15,0.8464271061284322,0.0002728106080042682,65
1058.000000000002,338.15,0.8469707956978038,0.0002718447846857997,65
1060.0000000000023,338.15,0.8475125604590898,0.0002708823806430307,65
1062.0000000000023,338.15,0.8480524072266314,0.00026992338377080055,65
1064.0000000000025,338.15,0.848590342790645,0.00026896778200680437,65
1066.0000000000025,338.15,0.8491263739173079,0.00026801556333144093,65
1068.0000000000025,338.15,0.8496605073488432,0.0002670667157676617,65
1070.0000000000027,338.15,0.8501927498036049,0.00026612122738082025,65
1072.0000000000027,338.15,0.850723107976162,0.00026517908627852175,65
1074.000000000003,338.15,0.8512515885373829,0.00026424028061047393,65
1076.000000000003,338.15,0.8517781981345196,0.0002633047985683378,65
1078.0000000000032,338.15,0.8523029433912908,0.00026237262838557873,65
1080.0000000000032,338.15,0.8528258309079654,0.00026144375833731914,65
1082.0000000000032,338.15,0.8533468672614457,0.00026051817674019057,65
1084.0000000000034,338.15,0.8538660590053501,0.00025959587195218683,65
1086.0000000000034,338.15,0.8543834126700951,0.00025867683237251754,65
1088.0000000000036,338.15,0.8548989347629781,0.0002577610464414623,65
1090.0000000000036,338.15,0.8554126317682585,0.0002568485026402252,65
1092.0000000000039,338.15,0.8559245101472401,0.0002559391894907901,65
1094.0000000000039,338.15,0.8564345763383517,0.0002550330955557762,65
1096.000000000004,338.15,0.8569428367572284,0.0002541302094382938,65
1098.000000000004,338.15,0.857449297796792,0.0002532305197818015,65
1100.000000000004,338.15,0.857953965827332,0.0002523340152699632,65
1102.0000000000043,338.15,0.858456847196585,0.00025144068462650557,65
1104.0000000000043,338.15,0.8589579482298152,0.0002505505166150763,65
1106.0000000000045,338.15,0.8594572752298933,0.00024966350003910286,65
1108.0000000000045,338.15,0.8599548344773766,0.0002487796237416517,65
1110.0000000000048,338.15,0.8604506322305873,0.0002478988766052877,65
1112.0000000000048,338.15,0.8609446747256911,0.0002470212475519343,65
1114.000000000005,338.15,0.8614369681767766,0.00024614672554273476,65
1116.000000000005,338.15,0.8619275187759324,0.0002452752995779126,65
1118.000000000005,338.15,0.8624163326933257,0.0002444069586966336,65
1120.0000000000052,338.15,0.8629034160772795,0.00024354169197686774,65
1122.0000000000052,338.15,0.86338877505435,0.00024267948853525209,65
1124.0000000000055,338.15,0.8638724157294039,0.0002418203375269538,65
1126.0000000000055,338.15,0.8643543441856949,0.00024096422814553345,65
1128.0000000000057,338.15,0.8648345664849405,0.00024011114962280952,65
1130.0000000000057,338.15,0.865313088667398,0.00023926109122872263,65
1132.0000000000057,338.15,0.8657899167519404,0.00023841404227120075,65
1134.000000000006,338.15,0.8662650567361324,0.0002375699920960248,65
1136.000000000006,338.15,0.8667385145963058,0.00023672893008669447,65
1138.0000000000061,338.15,0.8672102962876344,0.00023589084566429458,65
1140.0000000000061,338.15,0.8676804077442091,0.00023505572828736235,65
1142.0000000000064,338.15,0.8681488548791125,0.0002342235674517545,65
1144.0000000000064,338.15,0.8686156435844936,0.00023339435269051538,65
1146.0000000000064,338.15,0.8690807797316411,0.00023256807357374492,65
1148.0000000000066,338.15,0.8695442691710581,0.00023174471970846815,65
1150.0000000000066,338.15,0.8700061177325351,0.00023092428073850368,65
1152.0000000000068,338.15,0.8704663312252238,0.00023010674634433407,65
1154.0000000000068,338.15,0.8709249154377097,0.0002292921062429756,65
1156.000000000007,338.15,0.8713818761380854,0.00022848035018784916,65
1158.000000000007,338.15,0.8718372190740227,0.00022767146796865106,65
1160.0000000000073,338.15,0.8722909499728452,0.0002268654494112252,65
1162.0000000000073,338.15,0.8727430745416,0.0002260622843774345,65
1164.0000000000073,338.15,0.8731935984671301,0.00022526196276503383,65
1166.0000000000075,338.15,0.8736425274161451,0.00022446447450754267,65
1168.0000000000075,338.15,0.8740898670352933,0.00022366980957411843,65
1170.0000000000077,338.15,0.8745356229512322,0.00022287795796943044,65
1172.0000000000077,338.15,0.8749798007706993,0.00022208890973353433,65
1174.000000000008,338.15,0.8754224060805827,0.0002213026549417466,65
1176.000000000008,338.15,0.8758634444479918,0.00022051918370451974,65
1178.0000000000082,338.15,0.8763029214203264,0.0002197384861673179,65
1180.0000000000082,338.15,0.8767408425253473,0.00021896055251049317,65
1182.0000000000082,338.15,0.8771772132712456,0.00021818537294916157,65
1184.0000000000084,338.15,0.8776120391467118,0.00021741293773308034,65
1186.0000000000084,338.15,0.8780453256210049,0.0002166432371465252,65
1188.0000000000086,338.15,0.8784770781440212,0.00021587626150816822,65
1190.0000000000086,338.15,0.8789073021463631,0.00021511200117095615,65
1192.0000000000089,338.15,0.8793360030394072,0.0002143504465219885,65
1194.0000000000089,338.15,0.879763186215372,0.00021359158798239734,65
1196.0000000000089,338.15,0.8801888570473865,0.00021283541600722664,65
1198.000000000009,338.15,0.8806130208895571,0.0002120819210853117,65
1200.000000000009,338.15,0.8810356830770354,0.0002113310937391604,65
1202.0000000000093,338.15,0.8814568489260851,0.000210582924524833,65
1204.0000000000093,338.15,0.8818765237341487,0.00020983740403182413,65
1206.0000000000095,338.15,0.8822947127799146,0.00020909452288294433,65
1208.0000000000095,338.15,0.882711421323383,0.00020835427173420158,65
1210.0000000000095,338.15,0.8831266546059323,0.00020761664127468414,65
1212.0000000000098,338.15,0.8835404178503852,0.00020688162222644375,65
1214.0000000000098,338.15,0.883952716261074,0.00020614920534437828,65
1216.00000000001,338.15,0.8843635550239062,0.00020541938141611577,65
1218.00000000001,338.15,0.88477293930643,0.0002046921412618988,65
1220.0000000000102,338.15,0.8851808742578989,0.00020396747573446855,65
1222.0000000000102,338.15,0.8855873650093369,0.00020324537571894997,65
1224.0000000000105,338.15,0.8859924166736024,0.00020252583213273723,65
1226.0000000000105,338.15,0.8863960343454531,0.00020180883592537936,65
1228.0000000000105,338.15,0.88679822310161,0.00020109437807846661,65
1230.0000000000107,338.15,0.8871989880008211,0.00020038244960551637,65
1232.0000000000107,338.15,0.8875983340839249,0.00019967304155186103,65
1234.000000000011,338.15,0.8879962663739139,0.00019896614499453463,65
1236.000000000011,338.15,0.8883927898759982,0.00019826175104216127,65
1238.0000000000111,338.15,0.888787909577668,0.0001975598508348427,65
1240.0000000000111,338.15,0.8891816304487561,0.000196860435544047,65
1242.0000000000114,338.15,0.889573957441501,0.0001961634963724978,65
1244.0000000000114,338.15,0.8899648954906092,0.0001954690245540637,65
1246.0000000000114,338.15,0.8903544495133164,0.00019477701135364714,65
1248.0000000000116,338.15,0.8907426244094506,0.0001940874480670759,65
1250.0000000000116,338.15,0.8911294250614926,0.00019340032602099217,65
1252.0000000000118,338.15,0.8915148563346381,0.00019271563657274475,65
1254.0000000000118,338.15,0.8918989230768587,0.0001920333711102795,65
1256.000000000012,338.15,0.8922816301189628,0.0001913535210520313,65
1258.000000000012,338.15,0.8926629822746565,0.00019067607784681615,65
1260.000000000012,338.15,0.8930429843406039,0.00019000103297372341,65
1262.0000000000123,338.15,0.8934216410964879,0.00018932837794200904,65
1264.0000000000123,338.15,0.8937989573050699,0.00018865810429098836,65
1266.0000000000125,338.15,0.8941749377122498,0.00018799020358992974,65
1268.0000000000125,338.15,0.8945495870471256,0.00018732466743794855,65
1270.0000000000127,338.15,0.8949229100220534,0.00018666148746390197,65
1272.0000000000127,338.15,0.8952949113327059,0.00018600065532628287,65
1274.0000000000127,338.15,0.8956655956581321,0.00018534216271311548,65
1276.000000000013,338.15,0.8960349676608158,0.00018468600134185058,65
1278.000000000013,338.15,0.8964030319867343,0.00018403216295926144,65
1280.0000000000132,338.15,0.896769793265417,0.00018338063934134017,65
1282.0000000000132,338.15,0.8971352561100033,0.000182731422293194,65
1284.0000000000134,338.15,0.8974994251173012,0.00018208450364894202,65
1286.0000000000134,338.15,0.8978623048678445,0.00018143987527161317,65
1288.0000000000136,338.15,0.8982238999259505,0.00018079752905304303,65
1290.0000000000136,338.15,0.8985842148397781,0.0001801574569137728,65
1292.0000000000136,338.15,0.898943254141384,0.00017951965080294664,65
1294.0000000000139,338.15,0.8993010223467804,0.00017888410269821138,65
1296.0000000000139,338.15,0.8996575239559916,0.00017825080460561463,65
1298.000000000014,338.15,0.9000127634531107,0.00017761974855950532,65
1300.000000000014,338.15,0.9003667453063555,0.0001769909266224324,65
1302.0000000000143,338.15,0.9007194739681256,0.00017636433088504593,65
1304.0000000000143,338.15,0.9010709538750575,0.0001757399534659971,65
1306.0000000000146,338.15,0.9014211894480813,0.00017511778651183908,65
1308.0000000000146,338.15,0.9017701850924751,0.0001744978221969284,65
1310.0000000000146,338.15,0.9021179451979218,0.00017388005272332672,65
1312.0000000000148,338.15,0.9024644741385631,0.00017326447032070218,65
1314.0000000000148,338.15,0.9028097762730556,0.00017265106724623236,65
1316.000000000015,338.15,0.9031538559446246,0.00017203983578450608,65
1318.000000000015,338.15,0.9034967174811195,0.00017143076824742716,65
1320.0000000000152,338.15,0.9038383651950677,0.00017082385697411717,65
1322.0000000000152,338.15,0.9041788033837292,0.00017021909433081951,65
1324.0000000000152,338.15,0.9045180363291508,0.00016961647271080286,65
1326.0000000000155,338.15,0.9048560682982194,0.00016901598453426575,65
1328.0000000000155,338.15,0.9051929035427159,0.00016841762224824143,65
1330.0000000000157,338.15,0.9055285462993689,0.00016782137832650285,65
1332.0000000000157,338.15,0.9058630007899078,0.00016722724526946749,65
1334.000000000016,338.15,0.906196271221116,0.00016663521560410357,65
1336.000000000016,338.15,0.9065283617848837,0.00016604528188383577,65
1338.000000000016,338.15,0.9068592766582606,0.00016545743668845177,65
1340.0000000000161,338.15,0.9071890200035087,0.00016487167262400887,65
1342.0000000000161,338.15,0.9075175959681542,0.00016428798232274064,65
1344.0000000000164,338.15,0.9078450086850401,0.00016370635844296474,65
1346.0000000000164,338.15,0.9081712622723781,0.0001631267936689904,65
1348.0000000000166,338.15,0.9084963608338001,0.00016254928071102645,65
1350.0000000000166,338.15,0.9088203084584103,0.0001619738123050892,65
1352.0000000000168,338.15,0.9091431092208362,0.0001614003812129117,65
1354.0000000000168,338.15,0.9094647671812799,0.00016082898022185235,65
1356.0000000000168,338.15,0.9097852863855695,0.00016025960214480434,65
1358.000000000017,338.15,0.9101046708652097,0.00015969223982010495,65
1360.000000000017,338.15,0.9104229246374327,0.000159126886111446,65
1362.0000000000173,338.15,0.9107400517052483,0.00015856353390778343,65
1364.0000000000173,338.15,0.9110560560574948,0.0001580021761232484,65
1366.0000000000175,338.15,0.911370941668889,0.00015744280569705797,65
1368.0000000000175,338.15,0.9116847125000759,0.00015688541559342624,65
1370.0000000000177,338.15,0.9119973724976789,0.00015632999880147585,65
1372.0000000000177,338.15,0.9123089255943492,0.00015577654833514988,65
1374.0000000000177,338.15,0.9126193757088155,0.000155225057233124,65
1376.000000000018,338.15,0.912928726745933,0.00015467551855871868,65
1378.000000000018,338.15,0.9132369825967326,0.00015412792539981225,65
1380.0000000000182,338.15,0.9135441471384701,0.00015358227086875392,65
1382.0000000000182,338.15,0.9138502242346747,0.0001530385481022768,65
1384.0000000000184,338.15,0.9141552177351975,0.00015249675026141193,65
1386.0000000000184,338.15,0.9144591314762602,0.0001519568705314022,65
1388.0000000000184,338.15,0.9147619692805035,0.0001514189021216166,65
1390.0000000000186,338.15,0.9150637349570344,0.00015088283826546455,65
1392.0000000000186,338.15,0.915364432301475,0.00015034867222031125,65
1394.0000000000189,338.15,0.9156640650960098,0.00014981639726739275,65
1396.0000000000189,338.15,0.9159626371094333,0.00014928600671173102,65
1398.000000000019,338.15,0.9162601520971974,0.00014875749388205045,65
1400.000000000019,338.15,0.9165566138014587,0.00014823085213069316,65
1402.000000000019,338.15,0.9168520259511258,0.0001477060748335361,65
1404.0000000000193,338.15,0.9171463922619056,0.00014718315538990705,65
1406.0000000000193,338.15,0.9174397164363507,0.00014666208722250232,65
1408.0000000000196,338.15,0.9177320021639053,0.00014614286377730347,65
1410.0000000000196,338.15,0.9180232531209522,0.00014562547852349522,65
1412.0000000000198,338.15,0.918313472970859,0.0001451099249533829,65
1414.0000000000198,338.15,0.9186026653640236,0.00014459619658231099,65
1416.00000000002,338.15,0.9188908339379207,0.0001440842869485813,65
1418.00000000002,338.15,0.9191779823171474,0.00014357418961337192,65
1420.00000000002,338.15,0.9194641141134687,0.000143065898160656,65
1422.0000000000202,338.15,0.919749232925863,0.00014255940619712124,65
1424.0000000000202,338.15,0.9200333423405671,0.00014205470735208938,65
1426.0000000000205,338.15,0.9203164459311219,0.00014155179527743612,65
1428.0000000000205,338.15,0.9205985472584169,0.00014105066364751114,65
1430.0000000000207,338.15,0.920879649870735,0.00014055130615905865,65
1432.0000000000207,338.15,0.9211597573037973,0.0001400537165311382,65
1434.000000000021,338.15,0.9214388730808074,0.00013955788850504534,65
1436.000000000021,338.15,0.9217170007124958,0.00013906381584423332,65
1438.000000000021,338.15,0.9219941436971644,0.00013857149233423456,65
1440.0000000000211,338.15,0.9222703055207295,0.000138080911782582,65
1442.0000000000211,338.15,0.922545489656767,0.00013759206801873205,65
1444.0000000000214,338.15,0.922819699566555,0.00013710495489398618,65
1446.0000000000214,338.15,0.9230929386991178,0.0001366195662814139,65
1448.0000000000216,338.15,0.9233652104912693,0.00013613589607577595,65
1450.0000000000216,338.15,0.9236365183676561,0.00013565393819344718,65
1452.0000000000216,338.15,0.9239068657408008,0.00013517368657233996,65
1454.0000000000218,338.15,0.9241762560111445,0.00013469513517182818,65
1456.0000000000218,338.15,0.9244446925670898,0.00013421827797267122,65
1458.000000000022,338.15,0.9247121787850437,0.00013374310897693826,65
1460.000000000022,338.15,0.9249787180294596,0.00013326962220793257,65
1462.0000000000223,338.15,0.9252443136528798,0.0001327978117101168,65
1464.0000000000223,338.15,0.9255089689959779,0.00013232767154903774,65
1466.0000000000223,338.15,0.9257726873876004,0.00013185919581125158,65
1468.0000000000225,338.15,0.926035472144809,0.00013139237860424976,65
1470.0000000000225,338.15,0.9262973265729217,0.00013092721405638492,65
1472.0000000000227,338.15,0.9265582539655554,0.00013046369631679688,65
1474.0000000000227,338.15,0.9268182576046661,0.00013000181955533902,65
1476.000000000023,338.15,0.9270773407605911,0.00012954157796250503,65
1478.000000000023,338.15,0.9273355066920899,0.00012908296574935587,65
1480.0000000000232,338.15,0.9275927586463848,0.00012862597714744688,65
1482.0000000000232,338.15,0.9278490998592023,0.00012817060640875526,65
1484.0000000000232,338.15,0.9281045335548135,0.00012771684780560786,65
1486.0000000000234,338.15,0.9283590629460747,0.00012726469563060881,65
1488.0000000000234,338.15,0.9286126912344679,0.00012681414419656807,65
1490.0000000000236,338.15,0.9288654216101407,0.0001263651878364299,65
1492.0000000000236,338.15,0.9291172572519472,0.0001259178209032014,65
1494.0000000000239,338.15,0.9293682013274869,0.00012547203776988147,65
1496.0000000000239,338.15,0.9296182569931457,0.00012502783282939035,65
1498.000000000024,338.15,0.9298674273941347,0.00012458520049449836,65
1500.000000000024,338.15,0.9301157156645302,0.00012414413519775669,65
1502.000000000024,338.15,0.9303631249273131,0.0001237046313914267,65
1504.0000000000243,338.15,0.9306096582944079,0.00012326668354740983,65
1506.0000000000243,338.15,0.9308553188667222,0.000122830286157179,65
1508.0000000000246,338.15,0.9311001097341857,0.00012239543373170845,65
1510.0000000000246,338.15,0.9313440339757885,0.00012196212080140514,65
1512.0000000000248,338.15,0.9315870946596205,0.00012153034191604003,65
1514.0000000000248,338.15,0.9318292948429099,0.00012110009164467921,65
1516.0000000000248,338.15,0.9320706375720611,0.0001206713645756157,65
1518.000000000025,338.15,0.9323111258826937,0.0001202441553163016,65
1520.000000000025,338.15,0.9325507627996803,0.0001198184584932799,65
1522.0000000000252,338.15,0.9327895513371846,0.00011939426875211722,65
1524.0000000000252,338.15,0.9330274944986993,0.00011897158075733626,65
1526.0000000000255,338.15,0.9332645952770839,0.00011855038919234877,65
1528.0000000000255,338.15,0.9335008566546027,0.00011813068875938875,65
1530.0000000000255,338.15,0.9337362816029616,0.00011771247417944557,65
1532.0000000000257,338.15,0.933970873083346,0.00011729574019219766,65
1534.0000000000257,338.15,0.9342046340464579,0.0001168804815559467,65
1536.000000000026,338.15,0.934437567432553,0.00011646669304755118,65
1538.000000000026,338.15,0.9346696761714778,0.00011605436946236101,65
1540.0000000000261,338.15,0.9349009631827061,0.00011564350561415181,65
1542.0000000000261,338.15,0.9351314313753762,0.00011523409633506012,65
1544.0000000000264,338.15,0.9353610836483273,0.00011482613647551787,65
1546.0000000000264,338.15,0.9355899228901357,0.00011441962090418805,65
1548.0000000000264,338.15,0.9358179519791514,0.00011401454450789974,65
1550.0000000000266,338.15,0.9360451737835346,0.00011361090219158428,65
1552.0000000000266,338.15,0.936271591161291,0.00011320868887821064,65
1554.0000000000268,338.15,0.9364972069603085,0.0001128078995087221,65
1556.0000000000268,338.15,0.9367220240183924,0.0001124085290419722,65
1558.000000000027,338.15,0.9369460451633017,0.00011201057245466167,65
1560.000000000027,338.15,0.9371692732127843,0.00011161402474127512,65
1562.0000000000273,338.15,0.9373917109746124,0.00011121888091401756,65
1564.0000000000273,338.15,0.9376133612466179,0.00011082513600275274,65
1566.0000000000273,338.15,0.9378342268167278,0.00011043278505493983,65
1568.0000000000275,338.15,0.9380543104629989,0.0001100418231355711,65
1570.0000000000275,338.15,0.9382736149536531,0.00010965224532711049,65
1572.0000000000277,338.15,0.938492143047112,0.00010926404672943098,65
1574.0000000000277,338.15,0.9387098974920316,0.00010887722245975345,65
1576.000000000028,338.15,0.9389268810273368,0.00010849176765258522,65
1578.000000000028,338.15,0.9391430963822561,0.00010810767745965877,65
1580.000000000028,338.15,0.9393585462763558,0.00010772494704987067,65
1582.0000000000282,338.15,0.9395732334195743,0.00010734357160922098,65
1584.0000000000282,338.15,0.9397871605122559,0.00010696354634075241,65
1586.0000000000284,338.15,0.9400003302451848,0.00010658486646449048,65
1588.0000000000284,338.15,0.9402127452996196,0.0001062075272173831,65
1590.0000000000286,338.15,0.9404244083473261,0.00010583152385324031,65
1592.0000000000286,338.15,0.9406353220506114,0.00010545685164267541,65
1594.0000000000286,338.15,0.9408454890623575,0.00010508350587304483,65
1596.0000000000289,338.15,0.9410549120260543,0.00010471148184838871,65
1598.0000000000289,338.15,0.941263593575833,0.00010434077488937278,65
1600.000000000029,338.15,0.9414715363364995,0.00010397138033322842,65
1602.000000000029,338.15,0.9416787429235669,0.00010360329353369447,65
1604.0000000000293,338.15,0.9418852159432888,0.00010323650986095905,65
1606.0000000000293,338.15,0.9420909579926919,0.00010287102470160105,65
1608.0000000000296,338.15,0.942295971659609,0.00010250683345853187,65
1610.0000000000296,338.15,0.9425002595227109,0.00010214393155093794,65
1612.0000000000296,338.15,0.9427038241515393,0.00010178231441422305,65
1614.0000000000298,338.15,0.9429066681065392,0.00010142197749995102,65
1616.0000000000298,338.15,0.9431087939390908,0.00010106291627578809,65
1618.00000000003,338.15,0.9433102041915417,0.00010070512622544652,65
1620.00000000003,338.15,0.9435109013972389,0.00010034860284862705,65
1622.0000000000302,338.15,0.9437108880805608,9.999334166096303e-05,65
1624.0000000000302,338.15,0.9439101667569487,9.963933819396364e-05,65
1626.0000000000305,338.15,0.9441087399329386,9.928658799495749e-05,65
1628.0000000000305,338.15,0.9443066101061928,9.893508662703706e-05,65
1630.0000000000305,338.15,0.9445037797655308,9.858482966900257e-05,65
1632.0000000000307,338.15,0.9447002513909614,9.823581271530667e-05,65
1634.0000000000307,338.15,0.9448960274537134,9.788803137599877e-05,65
1636.000000000031,338.15,0.9450911104162667,9.754148127666965e-05,65
1638.000000000031,338.15,0.9452855027323835,9.719615805839697e-05,65
1640.0000000000312,338.15,0.9454792068471389,9.685205737768993e-05,65
1642.0000000000312,338.15,0.9456722251969518,9.650917490643515e-05,65
1644.0000000000312,338.15,0.9458645602096155,9.616750633184168e-05,65
1646.0000000000314,338.15,0.9460562143043283,9.582704735638714e-05,65
1648.0000000000314,338.15,0.9462471898917238,9.548779369776352e-05,65
1650.0000000000316,338.15,0.9464374893739015,9.514974108882325e-05,65
1652.0000000000316,338.15,0.9466271151444565,9.481288527752585e-05,65
1654.0000000000318,338.15,0.9468160695885103,9.447722202688395e-05,65
1656.0000000000318,338.15,0.9470043550827401,9.414274711491038e-05,65
1658.0000000000318,338.15,0.9471919739954092,9.3809456334565e-05,65
1660.000000000032,338.15,0.9473789286863966,9.347734549370146e-05,65
1662.000000000032,338.15,0.9475652215072267,9.314641041501517e-05,65
1664.0000000000323,338.15,0.9477508548010987,9.281664693598998e-05,65
1666.0000000000323,338.15,0.9479358309029163,9.248805090884634e-05,65
1668.0000000000325,338.15,0.9481201521393173,9.2160618200489e-05,65
1670.0000000000325,338.15,0.9483038208287022,9.183434469245473e-05,65
1672.0000000000327,338.15,0.948486839281264,9.15092262808611e-05,65
1674.0000000000327,338.15,0.9486692097990167,9.118525887635425e-05,65
1676.0000000000327,338.15,0.9488509346758248,9.086243840405798e-05,65
1678.000000000033,338.15,0.9490320161974318,9.054076080352211e-05,65
1680.000000000033,338.15,0.9492124566414891,9.022022202867163e-05,65
1682.0000000000332,338.15,0.9493922582775847,8.990081804775565e-05,65
1684.0000000000332,338.15,0.9495714233672713,8.958254484329664e-05,65
1686.0000000000334,338.15,0.9497499541640954,8.926539841204032e-05,65
1688.0000000000334,338.15,0.9499278529136251,8.894937476490499e-05,65
1690.0000000000337,338.15,0.950105121853479,8.863446992693117e-05,65
1692.0000000000337,338.15,0.9502817632133534,8.832067993723193e-05,65
1694.0000000000337,338.15,0.9504577792150514,8.800800084894277e-05,65
1696.0000000000339,338.15,0.9506331720725097,8.769642872917245e-05,65
1698.0000000000339,338.15,0.9508079439918277,8.738595965895311e-05,65
1700.000000000034,338.15,0.950982097171294,8.70765897331911e-05,65
1702.000000000034,338.15,0.9511556338014152,8.676831506061791e-05,65
1704.0000000000343,338.15,0.9513285560649427,8.646113176374099e-05,65
1706.0000000000343,338.15,0.9515008661369003,8.61550359787952e-05,65
1708.0000000000343,338.15,0.9516725661846117,8.585002385569433e-05,65
1710.0000000000346,338.15,0.9518436583677277,8.554609155798248e-05,65
1712.0000000000346,338.15,0.9520141448382532,8.524323526278577e-05,65
1714.0000000000348,338.15,0.9521840277405748,8.49414511607644e-05,65
1716.0000000000348,338.15,0.9523533092114869,8.464073545606442e-05,65
1718.000000000035,338.15,0.9525219913802194,8.434108436627065e-05,65
1720.000000000035,338.15,0.9526900763684641,8.404249412235831e-05,65
1722.000000000035,338.15,0.9528575662904014,8.37449609686462e-05,65
1724.0000000000352,338.15,0.9530244632527269,8.344848116274923e-05,65
1726.0000000000352,338.15,0.953190769354678,8.315305097553118e-05,65
1728.0000000000355,338.15,0.9533564866880601,8.285866669105833e-05,65
1730.0000000000355,338.15,0.9535216173372731,8.256532460655193e-05,65
1732.0000000000357,338.15,0.9536861633793379,8.227302103234243e-05,65
1734.0000000000357,338.15,0.9538501268839216,8.19817522918224e-05,65
1736.000000000036,338.15,0.9540135099133644,8.169151472140089e-05,65
1738.000000000036,338.15,0.9541763145227053,8.140230467045693e-05,65
1740.000000000036,338.15,0.954338542759708,8.111411850129383e-05,65
1742.0000000000362,338.15,0.9545001966648862,8.082695258909308e-05,65
1744.0000000000362,338.15,0.9546612782715299,8.054080332186931e-05,65
1746.0000000000364,338.15,0.9548217896057307,8.025566710042432e-05,65
1748.0000000000364,338.15,0.9549817326864073,7.997154033830222e-05,65
1750.0000000000366,338.15,0.9551411095253308,7.968841946174397e-05,65
1752.0000000000366,338.15,0.9552999221271501,7.940630090964256e-05,65
1754.0000000000368,338.15,0.9554581724894171,7.912518113349862e-05,65
1756.0000000000368,338.15,0.9556158626026119,7.884505659737504e-05,65
1758.0000000000368,338.15,0.9557729944501676,7.856592377785311e-05,65
1760.000000000037,338.15,0.9559295700084955,7.828777916398792e-05,65
1762.000000000037,338.15,0.9560855912470101,7.801061925726433e-05,65
1764.0000000000373,338.15,0.9562410601281532,7.773444057155259e-05,65
1766.0000000000373,338.15,0.9563959786074193,7.745923963306505e-05,65
1768.0000000000375,338.15,0.95655034863338,7.718501298031241e-05,65
1770.0000000000375,338.15,0.9567041721477081,7.69117571640594e-05,65
1772.0000000000375,338.15,0.9568574510852027,7.663946874728245e-05,65
1774.0000000000377,338.15,0.9570101873738129,7.636814430512575e-05,65
1776.0000000000377,338.15,0.9571623829346626,7.60977804248587e-05,65
1778.000000000038,338.15,0.9573140396820743,7.582837370583241e-05,65
1780.000000000038,338.15,0.9574651595235931,7.555992075943709e-05,65
1782.0000000000382,338.15,0.9576157443600113,7.529241820905996e-05,65
1784.0000000000382,338.15,0.9577657960853914,7.50258626900419e-05,65
1786.0000000000382,338.15,0.9579153165870906,7.476025084963605e-05,65
1788.0000000000384,338.15,0.9580643077457845,7.449557934696489e-05,65
1790.0000000000384,338.15,0.9582127714354906,7.423184485297853e-05,65
1792.0000000000387,338.15,0.9583607095235914,7.396904405041281e-05,65
1794.0000000000387,338.15,0.9585081238708589,7.370717363374772e-05,65
1796.0000000000389,338.15,0.9586550163314773,7.344623030916567e-05,65
1798.0000000000389,338.15,0.9588013887530663,7.318621079450987e-05,65
1800.000000000039,338.15,0.9589472429767048,7.29271118192436e-05,65
1802.000000000039,338.15,0.9590925808369536,7.26689301244084e-05,65
1804.000000000039,338.15,0.9592374041618787,7.241166246258339e-05,65
1806.0000000000393,338.15,0.9593817147730744,7.215530559784471e-05,65
1808.0000000000393,338.15,0.9595255144856859,7.189985630572434e-05,65
1810.0000000000396,338.15,0.9596688051084322,7.16453113731698e-05,65
1812.0000000000396,338.15,0.9598115884436292,7.139166759850379e-05,65
1814.0000000000398,338.15,0.959953866287212,7.113892179138359e-05,65
1816.0000000000398,338.15,0.9600956404287575,7.088707077276134e-05,65
1818.00000000004,338.15,0.9602369126515072,7.063611137484391e-05,65
1820.00000000004,338.15,0.9603776847323894,7.038604044105267e-05,65
1822.00000000004,338.15,0.9605179584420414,7.013685482598455e-05,65
1824.0000000000402,338.15,0.9606577355448321,6.988855139537193e-05,65
1826.0000000000402,338.15,0.9607970177988843,6.964112702604316e-05,65
1828.0000000000405,338.15,0.960935806956096,6.939457860588368e-05,65
1830.0000000000405,338.15,0.9610741047621636,6.914890303379666e-05,65
1832.0000000000407,338.15,0.9612119129566029,6.89040972196639e-05,65
1834.0000000000407,338.15,0.9613492332727716,6.866015808430695e-05,65
1836.0000000000407,338.15,0.9614860674378904,6.841708255944858e-05,65
1838.000000000041,338.15,0.9616224171730658,6.817486758767423e-05,65
1840.000000000041,338.15,0.9617582841933107,6.793351012239314e-05,65
1842.0000000000412,338.15,0.9618936702075662,6.76930071278006e-05,65
1844.0000000000412,338.15,0.9620285769187239,6.745335557883944e-05,65
1846.0000000000414,338.15,0.9621630060236462,6.721455246116167e-05,65
1848.0000000000414,338.15,0.9622969592131885,6.697659477109117e-05,65
1850.0000000000414,338.15,0.9624304381722196,6.673947951558562e-05,65
1852.0000000000416,338.15,0.962563444579644,6.650320371219903e-05,65
1854.0000000000416,338.15,0.9626959801084222,6.626776438904373e-05,65
1856.0000000000418,338.15,0.9628280464255917,6.603315858475356e-05,65
1858.0000000000418,338.15,0.9629596451922886,6.579938334844638e-05,65
1860.000000000042,338.15,0.963090778063768,6.556643573968705e-05,65
1862.000000000042,338.15,0.9632214466894249,6.533431282845018e-05,65
1864.0000000000423,338.15,0.9633516527128151,6.51030116950835e-05,65
1866.0000000000423,338.15,0.9634813977716756,6.487252943027117e-05,65
1868.0000000000423,338.15,0.9636106834979457,6.464286313499717e-05,65
1870.0000000000425,338.15,0.9637395115177867,6.44140099205086e-05,65
1872.0000000000425,338.15,0.9638678834516032,6.418596690827966e-05,65
1874.0000000000427,338.15,0.9639958009140632,6.395873122997539e-05,65
1876.0000000000427,338.15,0.9641232655141181,6.373230002741518e-05,65
1878.000000000043,338.15,0.9642502788550231,6.350667045253751e-05,65
1880.000000000043,338.15,0.9643768425343578,6.328183966736373e-05,65
1882.0000000000432,338.15,0.9645029581440457,6.305780484396212e-05,65
1884.0000000000432,338.15,0.9646286272703746,6.283456316441289e-05,65
1886.0000000000432,338.15,0.9647538514940162,6.261211182077225e-05,65
1888.0000000000434,338.15,0.9648786323900462,6.239044801503734e-05,65
1890.0000000000434,338.15,0.9650029715279644,6.216956895911121e-05,65
1892.0000000000437,338.15,0.965126870471714,6.194947187476727e-05,65
1894.0000000000437,338.15,0.9652503307797012,6.173015399361465e-05,65
1896.0000000000439,338.15,0.9653733540048154,6.151161255706329e-05,65
1898.0000000000439,338.15,0.965495941694448,6.129384481628947e-05,65
1900.0000000000439,338.15,0.9656180953905124,6.107684803220095e-05,65
1902.000000000044,338.15,0.9657398166294632,6.0860619475402585e-05,65
1904.000000000044,338.15,0.9658611069423155,6.0645156426161954e-05,65
1906.0000000000443,338.15,0.9659819678546643,6.043045617437537e-05,65
1908.0000000000443,338.15,0.9661024008867033,6.0216516019533636e-05,65
1910.0000000000446,338.15,0.9662224075532446,6.000333327068811e-05,65
1912.0000000000446,338.15,0.9663419893637375,5.979090524641665e-05,65
1914.0000000000446,338.15,0.9664611478222871,5.957922927479004e-05,65
1916.0000000000448,338.15,0.9665798844276737,5.936830269333878e-05,65
1918.0000000000448,338.15,0.9666982006733718,5.9158122849019076e-05,65
1920.0000000000448,338.15,0.9668160980475681,5.894868709817941e-05,65
1922.0000000000446,338.15,0.9669335780331811,5.873999280652777e-05,65
1924.0000000000446,338.15,0.9670506421078794,5.8532037349098005e-05,65
1926.0000000000443,338.15,0.9671672917440999,5.8324818110217205e-05,65
1928.0000000000443,338.15,0.9672835284090668,5.8118332483472715e-05,65
1930.000000000044,338.15,0.9673993535648102,5.791257787167928e-05,65
1932.000000000044,338.15,0.9675147686681839,5.770755168684623e-05,65
1934.0000000000439,338.15,0.9676297751708841,5.7503251350145295e-05,65
1936.0000000000439,338.15,0.9677443745194678,5.7299674291877706e-05,65
1938.0000000000437,338.15,0.9678585681553707,5.709681795144223e-05,65
1940.0000000000437,338.15,0.9679723575149254,5.689467977730272e-05,65
1942.0000000000434,338.15,0.9680857440293793,5.6693257226956465e-05,65
1944.0000000000434,338.15,0.9681987291249131,5.649254776690178e-05,65
1946.0000000000432,338.15,0.9683113142226584,5.629254887260615e-05,65
1948.0000000000432,338.15,0.9684235007387153,5.6093258028474604e-05,65
1950.000000000043,338.15,0.9685352900841709,5.589467272781828e-05,65
1952.000000000043,338.15,0.9686466836651166,5.569679047282236e-05,65
1954.0000000000427,338.15,0.9687576828826656,5.549960877451506e-05,65
1956.0000000000427,338.15,0.9688682891329711,5.530312515273654e-05,65
1958.0000000000425,338.15,0.9689785038072433,5.5107337136106886e-05,65
1960.0000000000425,338.15,0.9690883282917673,5.4912242261995857e-05,65
1962.0000000000423,338.15,0.9691977639679202,5.4717838076491436e-05,65
1964.0000000000423,338.15,0.969306812212189,5.452412213436935e-05,65
1966.000000000042,338.15,0.969415474396187,5.4331091999061844e-05,65
1968.000000000042,338.15,0.9695237518866723,5.413874524262741e-05,65
1970.0000000000418,338.15,0.9696316460455637,5.394707944571993e-05,65
1972.0000000000418,338.15,0.9697391582299588,5.37560921975586e-05,65
1974.0000000000416,338.15,0.9698462897921506,5.3565781095897495e-05,65
1976.0000000000416,338.15,0.9699530420796446,5.337614374699507e-05,65
1978.0000000000414,338.15,0.9700594164351758,5.318717776558434e-05,65
1980.0000000000414,338.15,0.9701654141967255,5.299888077484294e-05,65
1982.0000000000412,338.15,0.9702710366975382,5.281125040636292e-05,65
1984.0000000000412,338.15,0.9703762852661385,5.2624284300121446e-05,65
1986.000000000041,338.15,0.9704811612263474,5.24379801044503e-05,65
1988.000000000041,338.15,0.9705856658972994,5.2252335476007265e-05,65
1990.0000000000407,338.15,0.9706898005934589,5.206734807974598e-05,65
1992.0000000000407,338.15,0.9707935666246367,5.188301558888689e-05,65
1994.0000000000405,338.15,0.9708969652960064,5.1699335684887575e-05,65
1996.0000000000405,338.15,0.9709999979081213,5.1516306057414254e-05,65
1998.0000000000402,338.15,0.9711026657569299,5.133392440431209e-05,65
2000.0000000000402,338.15,0.9712049701337931,5.1152188431576705e-05,65
2002.00000000004,338.15,0.9713069123254998,5.09710958533249e-05,65
2004.00000000004,338.15,0.9714084936142834,5.079064439176636e-05,65
2006.0000000000398,338.15,0.9715097152778377,5.061083177717456e-05,65
2008.0000000000398,338.15,0.9716105785893334,5.043165574785867e-05,65
2010.0000000000396,338.15,0.9717110848174337,5.025311405013444e-05,65
2012.0000000000396,338.15,0.9718112352263103,5.007520443829655e-05,65
2014.0000000000393,338.15,0.9719110310756595,4.989792467459025e-05,65
2016.0000000000393,338.15,0.9720104736207178,4.972127252918269e-05,65
2018.000000000039,338.15,0.9721095641122781,4.9545245780135435e-05,65
2020.000000000039,338.15,0.9722083037967049,4.936984221337611e-05,65
2022.0000000000389,338.15,0.9723066939159503,4.9195059622671125e-05,65
2024.0000000000389,338.15,0.9724047357075695,4.9020895809597164e-05,65
2026.0000000000387,338.15,0.9725024304047365,4.884734858351427e-05,65
2028.0000000000387,338.15,0.9725997792362596,4.867441576153772e-05,65
2030.0000000000384,338.15,0.9726967834265966,4.8502095168510744e-05,65
2032.0000000000384,338.15,0.9727934441958705,4.8330384636977555e-05,65
2034.0000000000382,338.15,0.9728897627598848,4.8159282007155296e-05,65
2036.0000000000382,338.15,0.9729857403301386,4.798878512690766e-05,65
2038.000000000038,338.15,0.9730813781138421,4.781889185171722e-05,65
2040.000000000038,338.15,0.9731766773139314,4.7649600044658876e-05,65
2042.0000000000377,338.15,0.9732716391290842,4.748090757637292e-05,65
2044.0000000000377,338.15,0.9733662647537343,4.731281232503794e-05,65
2046.0000000000375,338.15,0.9734605553780871,4.7145312176344484e-05,65
2048.0000000000373,338.15,0.973554512188134,4.6978405023468306e-05,65
2050.0000000000373,338.15,0.9736481363656682,4.681208876704388e-05,65
2052.0000000000373,338.15,0.9737414290882984,4.6646361315138e-05,65
2054.0000000000373,338.15,0.9738343915294648,4.648122058322353e-05,65
2056.000000000037,338.15,0.9739270248584532,4.6316664494152995e-05,65
2058.000000000037,338.15,0.9740193302404094,4.615269097813249e-05,65
2060.000000000037,338.15,0.9741113088363548,4.5989297972696094e-05,65
2062.000000000037,338.15,0.9742029618032001,4.582648342267939e-05,65
2064.0000000000364,338.15,0.9742942902937605,4.566424528019365e-05,65
2066.0000000000364,338.15,0.9743852954567697,4.550258150460037e-05,65
2068.0000000000364,338.15,0.9744759784368946,4.5341490062485463e-05,65
2070.0000000000364,338.15,0.9745663403747499,4.518096892763373e-05,65
2072.000000000036,338.15,0.9746563824069119,4.502101608100311e-05,65
2074.000000000036,338.15,0.9747461056659332,4.4861629510699735e-05,65
2076.000000000036,338.15,0.9748355112803572,4.4702807211952384e-05,65
2078.000000000036,338.15,0.9749246003747314,4.45445471870869e-05,65
2080.0000000000355,338.15,0.9750133740696224,4.4386847445501866e-05,65
2082.0000000000355,338.15,0.9751018334816297,4.422970600364303e-05,65
2084.0000000000355,338.15,0.9751899797233997,4.4073120884978354e-05,65
2086.0000000000355,338.15,0.9752778139036397,4.3917090119973245e-05,65
2088.000000000035,338.15,0.9753653371271318,4.3761611746066e-05,65
2090.000000000035,338.15,0.9754525504947471,4.3606683807642646e-05,65
2092.000000000035,338.15,0.9755394551034592,4.3452304356012774e-05,65
2094.000000000035,338.15,0.975626052046358,4.3298471449384765e-05,65
2096.0000000000346,338.15,0.9757123424126637,4.314518315284161e-05,65
2098.0000000000346,338.15,0.9757983272877403,4.2992437538316373e-05,65
2100.0000000000346,338.15,0.9758840077531095,4.284023268456801e-05,65
2102.0000000000346,338.15,0.9759693848864638,4.268856667715697e-05,65
2104.000000000034,338.15,0.9760544597616806,4.253743760842166e-05,65
2106.000000000034,338.15,0.9761392334488355,4.238684357745402e-05,65
2108.000000000034,338.15,0.9762237070142156,4.223678269007562e-05,65
2110.000000000034,338.15,0.9763078815203332,4.208725305881399e-05,65
2112.0000000000337,338.15,0.9763917580259389,4.193825280287872e-05,65
2114.0000000000337,338.15,0.9764753375860352,4.1789780048138234e-05,65
2116.0000000000337,338.15,0.9765586212518894,4.164183292709541e-05,65
2118.0000000000337,338.15,0.9766416100710471,4.149440957886501e-05,65
2120.000000000033,338.15,0.9767243050873454,4.13475081491497e-05,65
2122.000000000033,338.15,0.9768067073409259,4.1201126790216625e-05,65
2124.000000000033,338.15,0.9768888178682477,4.105526366087467e-05,65
2126.000000000033,338.15,0.9769706377021006,4.090991692645101e-05,65
2128.0000000000327,338.15,0.9770521678716181,4.076508475876799e-05,65
2130.0000000000327,338.15,0.9771334094022903,4.062076533612027e-05,65
2132.0000000000327,338.15,0.9772143633159768,4.0476956843251675e-05,65
2134.0000000000327,338.15,0.9772950306309195,4.0333657471332756e-05,65
2136.0000000000323,338.15,0.9773754123617554,4.019086541793742e-05,65
2138.0000000000323,338.15,0.9774555095195294,4.004857888702114e-05,65
2140.0000000000323,338.15,0.9775353231117072,3.990679608889772e-05,65
2142.0000000000323,338.15,0.9776148541421876,3.976551524021672e-05,65
2144.000000000032,338.15,0.9776941036113155,3.962473456394145e-05,65
2146.000000000032,338.15,0.9777730725158942,3.948445228932637e-05,65
2148.000000000032,338.15,0.977851761849198,3.934466665189465e-05,65
2150.000000000032,338.15,0.9779301726009848,3.92053758934166e-05,65
2152.0000000000314,338.15,0.9780083057575085,3.906657826188686e-05,65
2154.0000000000314,338.15,0.9780861623015316,3.892827201150276e-05,65
2156.0000000000314,338.15,0.9781637432123368,3.8790455402641934e-05,65
2158.0000000000314,338.15,0.9782410494657404,3.8653126701841304e-05,65
2160.000000000031,338.15,0.978318082034104,3.8516284181774245e-05,65
2162.000000000031,338.15,0.9783948418863464,3.837992612122941e-05,65
2164.000000000031,338.15,0.9784713299879566,3.824405080508927e-05,65
2166.000000000031,338.15,0.9785475473010052,3.8108656524307915e-05,65
2168.0000000000305,338.15,0.978623494784157,3.797374157589024e-05,65
2170.0000000000305,338.15,0.9786991733926828,3.783930426287011e-05,65
2172.0000000000305,338.15,0.9787745840784713,3.770534289428895e-05,65
2174.0000000000305,338.15,0.9788497277900416,3.757185578517491e-05,65
2176.00000000003,338.15,0.9789246054725547,3.743884125652105e-05,65
2178.00000000003,338.15,0.9789992180678252,3.730629763526491e-05,65
2180.00000000003,338.15,0.9790735665143337,3.717422325426686e-05,65
2182.00000000003,338.15,0.9791476517472383,3.7042616452289526e-05,65
2184.0000000000296,338.15,0.9792214746983863,3.69114755739769e-05,65
2186.0000000000296,338.15,0.979295036296326,3.6780798969832944e-05,65
2188.0000000000296,338.15,0.9793683374663184,3.665058499620174e-05,65
2190.0000000000296,338.15,0.9794413791303488,3.652083201524625e-05,65
2192.000000000029,338.15,0.9795141622071386,3.639153839492773e-05,65
2194.000000000029,338.15,0.9795866876121566,3.626270250898523e-05,65
2196.000000000029,338.15,0.9796589562576304,3.613432273691517e-05,65
2198.000000000029,338.15,0.9797309690525583,3.600639746395133e-05,65
2200.0000000000286,338.15,0.9798027269027204,3.5878925081043985e-05,65
2202.0000000000286,338.15,0.9798742307106901,3.575190398483967e-05,65
2204.0000000000286,338.15,0.9799454813758455,3.5625332577661535e-05,65
2206.0000000000286,338.15,0.9800164797943804,3.549920926748889e-05,65
2208.000000000028,338.15,0.9800872268593164,3.537353246793719e-05,65
2210.000000000028,338.15,0.9801577234605129,3.524830059823794e-05,65
2212.000000000028,338.15,0.9802279704846794,3.5123512083219316e-05,65
2214.000000000028,338.15,0.9802979688153859,3.499916535328583e-05,65
2216.0000000000277,338.15,0.9803677193330746,3.487525884439894e-05,65
2218.0000000000277,338.15,0.9804372229150707,3.475179099805698e-05,65
2220.0000000000277,338.15,0.9805064804355933,3.462876026127592e-05,65
2222.0000000000277,338.15,0.9805754927657664,3.4506165086569684e-05,65
2224.0000000000273,338.15,0.9806442607736302,3.438400393193091e-05,65
2226.0000000000273,338.15,0.9807127853241518,3.4262275260811084e-05,65
2228.0000000000273,338.15,0.9807810672792361,3.414097754210152e-05,65
2230.0000000000273,338.15,0.9808491074977363,3.402010925011425e-05,65
2232.000000000027,338.15,0.9809169068354655,3.389966886456256e-05,65
2234.000000000027,338.15,0.9809844661452066,3.3779654870542e-05,65
2236.000000000027,338.15,0.9810517862767236,3.366006575851124e-05,65
2238.000000000027,338.15,0.9811188680767722,3.354090002427325e-05,65
2240.0000000000264,338.15,0.9811857123891101,3.3422156168956015e-05,65
2242.0000000000264,338.15,0.9812523200545081,3.3303832698994084e-05,65
2244.0000000000264,338.15,0.9813186919107604,3.31859281261097e-05,65
2246.0000000000264,338.15,0.981384828792695,3.306844096729392e-05,65
2248.000000000026,338.15,0.9814507315321845,3.2951369744788135e-05,65
2250.000000000026,338.15,0.9815164009581566,3.283471298606525e-05,65
2252.000000000026,338.15,0.9815818378966042,3.271846922381154e-05,65
2254.000000000026,338.15,0.981647043170596,3.260263699590764e-05,65
2256.0000000000255,338.15,0.9817120176002868,3.248721484541082e-05,65
2258.0000000000255,338.15,0.9817767620029278,3.237220132053616e-05,65
2260.0000000000255,338.15,0.9818412771928772,3.2257594974638404e-05,65
2262.0000000000255,338.15,0.9819055639816096,3.214339436619377e-05,65
2264.000000000025,338.15,0.9819696231777271,3.202959805878218e-05,65
2266.000000000025,338.15,0.9820334555869692,3.1916204621068655e-05,65
2268.000000000025,338.15,0.9820970620122228,3.180321262678538e-05,65
2270.000000000025,338.15,0.9821604432535322,3.169062065471406e-05,65
2272.0000000000246,338.15,0.9822236001081096,3.1578427288668005e-05,65
2274.0000000000246,338.15,0.9822865333703446,3.1466631117474064e-05,65
2276.0000000000246,338.15,0.9823492438318144,3.135523073495512e-05,65
2278.0000000000246,338.15,0.9824117322812943,3.124422473991224e-05,65
2280.000000000024,338.15,0.9824739995047665,3.1133611736106955e-05,65
2282.000000000024,338.15,0.982536046285431,3.102339033224417e-05,65
2284.000000000024,338.15,0.982597873403715,3.091355914195428e-05,65
2286.000000000024,338.15,0.9826594816372826,3.08041167837755e-05,65
2288.0000000000236,338.15,0.9827208717610448,3.0695061881137127e-05,65
2290.0000000000236,338.15,0.9827820445471696,3.0586393062341886e-05,65
2292.0000000000236,338.15,0.9828430007650907,3.047810896054843e-05,65
2294.0000000000236,338.15,0.9829037411815182,3.0370208213754617e-05,65
2296.000000000023,338.15,0.9829642665604478,3.0262689464780037e-05,65
2298.000000000023,338.15,0.9830245776631703,3.0155551361249312e-05,65
2300.000000000023,338.15,0.9830846752482815,3.0048792555574393e-05,65
2302.000000000023,338.15,0.9831445600716914,2.994241170493845e-05,65
2304.0000000000227,338.15,0.9832042328866339,2.9836407471278392e-05,65
2306.0000000000227,338.15,0.9832636944436765,2.9730778521268345e-05,65
2308.0000000000227,338.15,0.9833229454907291,2.962552352630276e-05,65
2310.0000000000227,338.15,0.983381986773054,2.9520641162479502e-05,65
2312.0000000000223,338.15,0.9834408190332752,2.941613011058375e-05,65
2314.0000000000223,338.15,0.9834994430113874,2.9311989056070687e-05,65
2316.0000000000223,338.15,0.9835578594447655,2.92082166890496e-05,65
2318.0000000000223,338.15,0.983616069068174,2.9104811704267146e-05,65
2320.000000000022,338.15,0.9836740726137762,2.900177280109088e-05,65
2322.000000000022,338.15,0.9837318708111431,2.889909868349292e-05,65
2324.000000000022,338.15,0.9837894643872632,2.8796788060033632e-05,65
2326.000000000022,338.15,0.9838468540665509,2.869483964384534e-05,65
2328.0000000000214,338.15,0.9839040405708561,2.859325215261659e-05,65
2330.0000000000214,338.15,0.9839610246194733,2.8492024308575438e-05,65
2332.0000000000214,338.15,0.9840178069291503,2.839115483847335e-05,65
2334.0000000000214,338.15,0.9840743882140974,2.8290642473569874e-05,65
2336.000000000021,338.15,0.9841307691859966,2.8190485949616114e-05,65
2338.000000000021,338.15,0.9841869505540103,2.8090684006838824e-05,65
2340.000000000021,338.15,0.9842429330247902,2.7991235389924695e-05,65
2342.000000000021,338.15,0.9842987173024862,2.7892138848004607e-05,65
2344.0000000000205,338.15,0.9843543040887555,2.7793393134637938e-05,65
2346.0000000000205,338.15,0.984409694082771,2.7694997007796816e-05,65
2348.0000000000205,338.15,0.9844648879812307,2.7596949229850417e-05,65
2350.0000000000205,338.15,0.9845198864783657,2.7499248567549416e-05,65
2352.00000000002,338.15,0.9845746902659498,2.7401893792010494e-05,65
2354.00000000002,338.15,0.9846293000333072,2.730488367870098e-05,65
2356.00000000002,338.15,0.984683716467322,2.7208217007423527e-05,65
2358.00000000002,338.15,0.9847379402524467,2.7111892562300415e-05,65
2360.0000000000196,338.15,0.9847919720707101,2.7015909131758385e-05,65
2362.0000000000196,338.15,0.9848458126017271,2.692026550851392e-05,65
2364.0000000000196,338.15,0.9848994625227062,2.6824960489557124e-05,65
2366.0000000000196,338.15,0.9849529225084585,2.6729992876137177e-05,65
2368.000000000019,338.15,0.9850061932314059,2.6635361473747404e-05,65
2370.000000000019,338.15,0.9850592753615901,2.6541065092109744e-05,65
2372.000000000019,338.15,0.9851121695666805,2.644710254516022e-05,65
2374.000000000019,338.15,0.9851648765119825,2.6353472651033587e-05,65
2376.0000000000186,338.15,0.9852173968604466,2.626017423204921e-05,65
2378.0000000000186,338.15,0.985269731272676,2.616720611469512e-05,65
2380.0000000000186,338.15,0.9853218804069352,2.607456712961447e-05,65
2382.0000000000186,338.15,0.9853738449191585,2.5982256111590004e-05,65
2384.000000000018,338.15,0.9854256254629575,2.589027189952952e-05,65
2386.000000000018,338.15,0.9854772226896304,2.5798613336451705e-05,65
2388.000000000018,338.15,0.9855286372481694,2.570727926947102e-05,65
2390.000000000018,338.15,0.985579869785269,2.561626854978354e-05,65
2392.0000000000177,338.15,0.9856309209453343,2.5525580032652416e-05,65
2394.0000000000177,338.15,0.9856817913704892,2.5435212577393527e-05,65
2396.0000000000177,338.15,0.9857324817005839,2.534516504736094e-05,65
2398.0000000000177,338.15,0.9857829925732038,2.5255436309932944e-05,65
2400.0000000000173,338.15,0.9858333246236768,2.516602523649753e-05,65
2402.0000000000173,338.15,0.9858834784850816,2.5076930702438215e-05,65
2404.0000000000173,338.15,0.9859334547882559,2.4988151587120113e-05,65
2406.0000000000173,338.15,0.9859832541618037,2.489968677387538e-05,65
2408.000000000017,338.15,0.9860328772321036,2.481153514998984e-05,65
2410.000000000017,338.15,0.986082324623317,2.472369560668847e-05,65
2412.000000000017,338.15,0.9861315969573953,2.463616703912162e-05,65
2414.000000000017,338.15,0.986180694854088,2.454894834635106e-05,65
2416.0000000000164,338.15,0.9862296189309506,2.4462038431336242e-05,65
2418.0000000000164,338.15,0.9862783698033525,2.4375436200920527e-05,65
2420.0000000000164,338.15,0.9863269480844841,2.4289140565817033e-05,65
2422.0000000000164,338.15,0.9863753543853653,2.420315044059568e-05,65
2424.000000000016,338.15,0.9864235893148526,2.4117464743668635e-05,65
2426.000000000016,338.15,0.9864716534796472,2.4032082397277538e-05,65
2428.000000000016,338.15,0.9865195474843022,2.394700232747956e-05,65
2430.000000000016,338.15,0.9865672719312304,2.3862223464133627e-05,65
2432.0000000000155,338.15,0.9866148274207122,2.377774474088767e-05,65
2434.0000000000155,338.15,0.9866622145509025,2.369356509516445e-05,65
2436.0000000000155,338.15,0.9867094339178388,2.3609683468148607e-05,65
2438.0000000000155,338.15,0.9867564861154484,2.352609880477348e-05,65
2440.000000000015,338.15,0.9868033717355559,2.3442810053707367e-05,65
2442.000000000015,338.15,0.9868500913678906,2.3359816167340723e-05,65
2444.000000000015,338.15,0.9868966456000942,2.327711610177283e-05,65
2446.000000000015,338.15,0.9869430350177277,2.3194708816798603e-05,65
2448.0000000000146,338.15,0.9869892602042796,2.311259327589563e-05,65
2450.0000000000146,338.15,0.987035321741172,2.303076844621081e-05,65
2452.0000000000146,338.15,0.9870812202077691,2.2949233298547968e-05,65
2454.0000000000146,338.15,0.9871269561813838,2.2867986807354496e-05,65
2456.000000000014,338.15,0.9871725302372852,2.2787027950708375e-05,65
2458.000000000014,338.15,0.9872179429487058,2.270635571030541e-05,65
2460.000000000014,338.15,0.9872631948868487,2.2625969071446838e-05,65
2462.000000000014,338.15,0.9873082866208948,2.254586702302578e-05,65
2464.0000000000136,338.15,0.9873532187180097,2.246604855751505e-05,65
2466.0000000000136,338.15,0.9873979917433516,2.2386512670954767e-05,65
2468.0000000000136,338.15,0.9874426062600775,2.2307258362938813e-05,65
2470.0000000000136,338.15,0.9874870628293507,2.2228284636603022e-05,65
2472.000000000013,338.15,0.987531362010348,2.214959049861242e-05,65
2474.000000000013,338.15,0.9875755043602663,2.207117495914864e-05,65
2476.000000000013,338.15,0.9876194904343301,2.1993037031897545e-05,65
2478.000000000013,338.15,0.9876633207857981,2.191517573403704e-05,65
2480.0000000000127,338.15,0.9877069959659706,2.18375900862241e-05,65
2482.0000000000127,338.15,0.9877505165241958,2.176027911258299e-05,65
2484.0000000000127,338.15,0.9877938830078772,2.1683241840692863e-05,65
2486.0000000000127,338.15,0.9878370959624804,2.1606477301575602e-05,65
2488.0000000000123,338.15,0.9878801559315398,2.1529984529683412e-05,65
2490.0000000000123,338.15,0.9879230634566656,2.1453762562886855e-05,65
2492.0000000000123,338.15,0.9879658190775505,2.137781044246265e-05,65
2494.0000000000123,338.15,0.9880084233319767,2.130212721308169e-05,65
2496.000000000012,338.15,0.9880508767558223,2.1226711922797057e-05,65
2498.000000000012,338.15,0.9880931798830683,2.1151563623031833e-05,65
2500.000000000012,338.15,0.9881353332458055,2.1076681368567314e-05,65
2502.000000000012,338.15,0.9881773373742405,2.100206421753121e-05,65
2504.0000000000114,338.15,0.9882191927967033,2.092771123138586e-05,65
2506.0000000000114,338.15,0.9882609000396532,2.085362147491585e-05,65
2508.0000000000114,338.15,0.9883024596276856,2.0779794016217205e-05,65
2510.0000000000114,338.15,0.9883438720835389,2.0706227926684807e-05,65
2512.000000000011,338.15,0.9883851379281009,2.0632922281001202e-05,65
2514.000000000011,338.15,0.9884262576804151,2.0559876157124595e-05,65
2516.000000000011,338.15,0.9884672318576877,2.048708863627767e-05,65
2518.000000000011,338.15,0.9885080609752935,2.0414558802935783e-05,65
2520.0000000000105,338.15,0.9885487455467832,2.034228574481557e-05,65
2522.0000000000105,338.15,0.9885892860838889,2.0270268552863152e-05,65
2524.0000000000105,338.15,0.9886296830965313,2.019850632124333e-05,65
2526.0000000000105,338.15,0.988669937092826,2.01269981473274e-05,65
2528.00000000001,338.15,0.9887100485790894,2.005574313168233e-05,65
2530.00000000001,338.15,0.9887500180598455,1.998474037805959e-05,65
2532.00000000001,338.15,0.9887898460378323,1.9913988993383334e-05,65
2534.00000000001,338.15,0.9888295330140078,1.984348808773959e-05,65
2536.0000000000095,338.15,0.9888690794875565,1.9773236774364687e-05,65
2538.0000000000095,338.15,0.9889084859558958,1.9703234169634615e-05,65
2540.0000000000095,338.15,0.9889477529146818,1.9633479393053652e-05,65
2542.0000000000095,338.15,0.9889868808578163,1.956397156724295e-05,65
2544.000000000009,338.15,0.9890258702774521,1.9494709817930125e-05,65
2546.000000000009,338.15,0.9890647216640001,1.9425693273937655e-05,65
2548.000000000009,338.15,0.9891034355061344,1.9356921067172483e-05,65
2550.000000000009,338.15,0.9891420122907997,1.9288392332614783e-05,65
2552.0000000000086,338.15,0.9891804525032163,1.922010620830719e-05,65
2554.0000000000086,338.15,0.989218756626887,1.9152061835343756e-05,65
2556.0000000000086,338.15,0.9892569251436026,1.9084258357859373e-05,65
2558.0000000000086,338.15,0.9892949585334487,1.9016694923018935e-05,65
2560.000000000008,338.15,0.9893328572748108,1.894937068100635e-05,65
2562.000000000008,338.15,0.9893706218443808,1.888228478501452e-05,65
2564.000000000008,338.15,0.9894082527171634,1.881543639123411e-05,65
2566.000000000008,338.15,0.9894457503664811,1.8748824658842984e-05,65
2568.0000000000077,338.15,0.989483115263981,1.8682448749995942e-05,65
2570.0000000000077,338.15,0.9895203478796406,1.861630782981393e-05,65
2572.0000000000077,338.15,0.9895574486817733,1.8550401066373424e-05,65
2574.0000000000077,338.15,0.9895944181370347,1.8484727630696223e-05,65
2576.0000000000073,338.15,0.9896312567104282,1.841928669673882e-05,65
2578.0000000000073,338.15,0.989667964865311,1.8354077441382575e-05,65
2580.0000000000073,338.15,0.9897045430633998,1.8289099044422336e-05,65
2582.0000000000073,338.15,0.9897409917647769,1.8224350688556984e-05,65
2584.000000000007,338.15,0.9897773114278957,1.815983155937903e-05,65
2586.000000000007,338.15,0.9898135025095864,1.80955408453638e-05,65
2588.000000000007,338.15,0.9898495654650622,1.803147773786001e-05,65
2590.000000000007,338.15,0.9898855007479244,1.796764143107895e-05,65
2592.0000000000064,338.15,0.9899213088101685,1.790403112208485e-05,65
2594.0000000000064,338.15,0.9899569901021901,1.7840646010784477e-05,65
2596.0000000000064,338.15,0.9899925450727899,1.7777485299916904e-05,65
2598.0000000000064,338.15,0.99002797416918,1.7714548195044087e-05,65
2600.000000000006,338.15,0.9900632778369891,1.7651833904540243e-05,65
2602.000000000006,338.15,0.9900984565202683,1.7589341639582225e-05,65
2604.000000000006,338.15,0.9901335106614966,1.7527070614139702e-05,65
2606.000000000006,338.15,0.9901684407015865,1.746502004496492e-05,65
2608.0000000000055,338.15,0.9902032470798897,1.7403189151583098e-05,65
2610.0000000000055,338.15,0.9902379302342023,1.734157715628239e-05,65
2612.0000000000055,338.15,0.9902724906007705,1.7280183284104643e-05,65
2614.0000000000055,338.15,0.9903069286142961,1.7219006762834805e-05,65
2616.000000000005,338.15,0.9903412447079422,1.7158046822992058e-05,65
2618.000000000005,338.15,0.9903754393133378,1.7097302697819425e-05,65
2620.000000000005,338.15,0.9904095128605844,1.7036773623274705e-05,65
2622.000000000005,338.15,0.9904434657782605,1.697645883802047e-05,65
2624.0000000000045,338.15,0.9904772984934274,1.691635758341483e-05,65
2626.0000000000045,338.15,0.9905110114316343,1.6856469103501384e-05,65
2628.0000000000045,338.15,0.9905446050169243,1.679679264500041e-05,65
2630.0000000000045,338.15,0.9905780796718389,1.6737327457298625e-05,65
2632.000000000004,338.15,0.9906114358174237,1.6678072792440344e-05,65
2634.000000000004,338.15,0.990644673873234,1.6619027905117664e-05,65
2636.000000000004,338.15,0.9906777942573393,1.6560192052661403e-05,65
2638.000000000004,338.15,0.9907107973863293,1.6501564495031695e-05,65
2640.0000000000036,338.15,0.9907436836753188,1.6443144494808532e-05,65
2642.0000000000036,338.15,0.9907764535379532,1.638493131718254e-05,65
2644.0000000000036,338.15,0.990809107386413,1.6326924229945742e-05,65
2646.0000000000036,338.15,0.99084164563142,1.6269122503482513e-05,65
2648.000000000003,338.15,0.9908740686822415,1.6211525410760148e-05,65
2650.000000000003,338.15,0.9909063769466961,1.6154132227319824e-05,65
2652.000000000003,338.15,0.9909385708311587,1.6096942231267564e-05,65
2654.000000000003,338.15,0.9909706507405652,1.6039954703265184e-05,65
2656.0000000000027,338.15,0.9910026170784183,1.5983168926520873e-05,65
2658.0000000000027,338.15,0.9910344702467918,1.5926584186780737e-05,65
2660.0000000000027,338.15,0.9910662106463365,1.587019977231956e-05,65
2662.0000000000027,338.15,0.9910978386762843,1.5814014973931378e-05,65
2664.0000000000023,338.15,0.9911293547344542,1.5758029084921602e-05,65
2666.0000000000023,338.15,0.9911607592172563,1.5702241401097025e-05,65
2668.0000000000023,338.15,0.9911920525196979,1.5646651220757924e-05,65
2670.0000000000023,338.15,0.9912232350353872,1.559125784468827e-05,65
2672.000000000002,338.15,0.9912543071565395,1.5536060576148025e-05,65
2674.000000000002,338.15,0.9912852692739812,1.548105872086336e-05,65
2676.000000000002,338.15,0.9913161217771552,1.5426251587018553e-05,65
2678.000000000002,338.15,0.9913468650541257,1.537163848524699e-05,65
2680.0000000000014,338.15,0.9913774994915829,1.5317218728622677e-05,65
2682.0000000000014,338.15,0.9914080254748482,1.5262991632651624e-05,65
2684.0000000000014,338.15,0.9914384433878787,1.5208956515262977e-05,65
2686.0000000000014,338.15,0.9914687536132722,1.5155112696800586e-05,65
2688.000000000001,338.15,0.9914989565322723,1.5101459500014544e-05,65
2690.000000000001,338.15,0.9915290525247724,1.5047996250052542e-05,65
2692.000000000001,338.15,0.9915590419693213,1.499472227445142e-05,65
2694.000000000001,338.15,0.9915889252431276,1.4941636903128913e-05,65
2696.0000000000005,338.15,0.9916187027220643,1.4888739468374807e-05,65
2698.0000000000005,338.15,0.991648374780674,1.4836029304842878e-05,65
2700.0000000000005,338.15,0.9916779417921731,1.478350574954225e-05,65
2702.0000000000005,338.15,0.9917074041284567,1.4731168141829532e-05,65
2704.0,338.15,0.9917367621601035,1.467901582339978e-05,65
2706.0,338.15,0.9917660162563801,1.4627048138278822e-05,65
2708.0,338.15,0.9917951667852457,1.4575264432815024e-05,65
2710.0,338.15,0.9918242141133571,1.4523664055670427e-05,65
2711.9999999999995,338.15,0.9918531586060727,1.4472246357813288e-05,65
2713.9999999999995,338.15,0.9918820006274577,1.442101069250963e-05,65
2715.9999999999995,338.15,0.9919107405402883,1.4369956415314987e-05,65
2717.9999999999995,338.15,0.9919393787060564,1.4319082884066341e-05,65
2719.999999999999,338.15,0.9919679154849742,1.4268389458874075e-05,65
2721.999999999999,338.15,0.9919963512359784,1.4217875502114104e-05,65
2723.999999999999,338.15,0.9920246863167352,1.4167540378419818e-05,65
2725.999999999999,338.15,0.9920529210836446,1.4117383454673635e-05,65
2727.9999999999986,338.15,0.9920810558918446,1.4067404099999532e-05,65
2729.9999999999986,338.15,0.9921090910952161,1.4017601685755181e-05,65
2731.9999999999986,338.15,0.9921370270463871,1.3967975585523503e-05,65
2733.9999999999986,338.15,0.9921648640967373,1.3918525175105194e-05,65
2735.999999999998,338.15,0.9921926025964023,1.386924983251068e-05,65
2737.999999999998,338.15,0.9922202428942782,1.3820148937952825e-05,65
2739.999999999998,338.15,0.9922477853380259,1.3771221873838108e-05,65
2741.999999999998,338.15,0.9922752302740755,1.372246802475993e-05,65
2743.9999999999977,338.15,0.9923025780476304,1.3673886777490166e-05,65
2745.9999999999977,338.15,0.9923298290026724,1.3625477520971894e-05,65
2747.9999999999977,338.15,0.992356983481965,1.3577239646311137e-05,65
2749.9999999999977,338.15,0.9923840418270585,1.3529172546769994e-05,65
2751.9999999999973,338.15,0.992411004378294,1.3481275617758177e-05,65
2753.9999999999973,338.15,0.9924378714748077,1.3433548256826145e-05,65
2755.9999999999973,338.15,0.992464643454535,1.3385989863656841e-05,65
2757.9999999999973,338.15,0.9924913206542151,1.3338599840058819e-05,65
2759.999999999997,338.15,0.992517903409395,1.3291377589958378e-05,65
2761.999999999997,338.15,0.9925443920544338,1.3244322519391706e-05,65
2763.999999999997,338.15,0.9925707869225068,1.3197434036498392e-05,65
2765.999999999997,338.15,0.9925970883456098,1.315071155151278e-05,65
2767.9999999999964,338.15,0.9926232966545633,1.3104154476757482e-05,65
2769.9999999999964,338.15,0.9926494121790166,1.3057762226635518e-05,65
2771.9999999999964,338.15,0.9926754352474518,1.3011534217623048e-05,65
2773.9999999999964,338.15,0.9927013661871884,1.2965469868262288e-05,65
2775.999999999996,338.15,0.9927272053243867,1.2919568599153663e-05,65
2777.999999999996,338.15,0.9927529529840526,1.2873829832949108e-05,65
2779.999999999996,338.15,0.9927786094900414,1.282825299434442e-05,65
2781.999999999996,338.15,0.9928041751650615,1.2782837510071977e-05,65
2783.9999999999955,338.15,0.9928296503306793,1.2737582808894056e-05,65
2785.9999999999955,338.15,0.9928550353073224,1.2692488321594781e-05,65
2787.9999999999955,338.15,0.9928803304142844,1.264755348097383e-05,65
2789.9999999999955,338.15,0.9929055359697281,1.2602777721838768e-05,65
2791.999999999995,338.15,0.9929306522906901,1.2558160480997986e-05,65
2793.999999999995,338.15,0.9929556796930846,1.2513701197253997e-05,65
2795.999999999995,338.15,0.9929806184917074,1.2469399311395986e-05,65
2797.999999999995,338.15,0.9930054690002398,1.2425254266192928e-05,65
2799.9999999999945,338.15,0.9930302315312526,1.2381265506386308e-05,65
2801.9999999999945,338.15,0.99305490639621,1.2337432478683647e-05,65
2803.9999999999945,338.15,0.9930794939054735,1.2293754631751223e-05,65
2805.9999999999945,338.15,0.9931039943683059,1.2250231416207197e-05,65
2807.999999999994,338.15,0.9931284080928751,1.2206862284614533e-05,65
2809.999999999994,338.15,0.993152735386258,1.216364669147452e-05,65
2811.999999999994,338.15,0.9931769765544445,1.2120584093219298e-05,65
2813.999999999994,338.15,0.9932011319023409,1.2077673948205768e-05,65
2815.9999999999936,338.15,0.9932252017337744,1.2034915716708124e-05,65
2817.9999999999936,338.15,0.9932491863514962,1.1992308860911564e-05,65
2819.9999999999936,338.15,0.993273086057186,1.1949852844905215e-05,65
2821.9999999999936,338.15,0.9932969011514553,1.1907547134675255e-05,65
2823.999999999993,338.15,0.9933206319338515,1.1865391198098823e-05,65
2825.999999999993,338.15,0.9933442787028613,1.1823384504936542e-05,65
2827.999999999993,338.15,0.993367841755915,1.1781526526826246e-05,65
2829.999999999993,338.15,0.9933913213893896,1.1739816737276676e-05,65
2831.9999999999927,338.15,0.9934147178986129,1.1698254611660017e-05,65
2833.9999999999927,338.15,0.9934380315778674,1.1656839627206205e-05,65
2835.9999999999927,338.15,0.9934612627203934,1.1615571262995646e-05,65
2837.9999999999927,338.15,0.9934844116183933,1.1574448999953133e-05,65
2839.9999999999923,338.15,0.993507478563035,1.153347232084096e-05,65
2841.9999999999923,338.15,0.9935304638444555,1.1492640710252634e-05,65
2843.9999999999923,338.15,0.9935533677517647,1.1451953654606397e-05,65
2845.9999999999923,338.15,0.993576190573049,1.1411410642138731e-05,65
2847.999999999992,338.15,0.9935989325953748,1.1371011162897684e-05,65
2849.999999999992,338.15,0.9936215941047922,1.1330754708736967e-05,65
2851.999999999992,338.15,0.9936441753863389,1.1290640773309086e-05,65
2853.999999999992,338.15,0.993666676724043,1.125066885205904e-05,65
2855.9999999999914,338.15,0.9936890984009275,1.1210838442218436e-05,65
2857.9999999999914,338.15,0.9937114406990131,1.1171149042798408e-05,65
2859.9999999999914,338.15,0.9937337038993223,1.113160015458412e-05,65
2861.9999999999914,338.15,0.9937558882818825,1.109219128012788e-05,65
2863.999999999991,338.15,0.99377799412573,1.1052921923743056e-05,65
2865.999999999991,338.15,0.993800021708913,1.1013791591498172e-05,65
2867.999999999991,338.15,0.9938219713084955,1.097479979120984e-05,65
2869.999999999991,338.15,0.9938438432005604,1.0935946032437647e-05,65
2871.9999999999905,338.15,0.9938656376602134,1.0897229826477278e-05,65
2873.9999999999905,338.15,0.9938873549615861,1.0858650686354617e-05,65
2875.9999999999905,338.15,0.9939089953778397,1.0820208126819662e-05,65
2877.9999999999905,338.15,0.9939305591811683,1.078190166434003e-05,65
2879.99999999999,338.15,0.9939520466428026,1.0743730817095463e-05,65
2881.99999999999,338.15,0.9939734580330125,1.070569510497114e-05,65
2883.99999999999,338.15,0.9939947936211116,1.0667794049552373e-05,65
2885.99999999999,338.15,0.9940160536754599,1.063002717411793e-05,65
2887.9999999999895,338.15,0.9940372384634671,1.059239400363452e-05,65
2889.9999999999895,338.15,0.9940583482515967,1.0554894064750326e-05,65
2891.9999999999895,338.15,0.9940793833053683,1.0517526885789482e-05,65
2893.9999999999895,338.15,0.9941003438893617,1.0480291996745994e-05,65
2895.999999999989,338.15,0.9941212302672203,1.0443188929277843e-05,65
2897.999999999989,338.15,0.9941420427016537,1.040621721670089e-05,65
2899.999999999989,338.15,0.9941627814544417,1.036937639398337e-05,65
2901.999999999989,338.15,0.9941834467864372,1.0332665997739807e-05,65
2903.9999999999886,338.15,0.9942040389575697,1.0296085566225113e-05,65
2905.9999999999886,338.15,0.9942245582268484,1.0259634639329092e-05,65
2907.9999999999886,338.15,0.9942450048523656,1.0223312758570336e-05,65
2909.9999999999886,338.15,0.9942653790912998,1.0187119467090735e-05,65
2911.999999999988,338.15,0.994285681199919,1.0151054309649375e-05,65
2913.999999999988,338.15,0.9943059114335843,1.0115116832617237e-05,65
2915.999999999988,338.15,0.9943260700467522,1.0079306583970909e-05,65
2917.999999999988,338.15,0.9943461572929788,1.0043623113287668e-05,65
2919.9999999999877,338.15,0.9943661734249223,1.0008065971739197e-05,65
2921.9999999999877,338.15,0.9943861186943465,9.972634712086272e-06,65
2923.9999999999877,338.15,0.9944059933521238,9.937328888672874e-06,65
2925.9999999999877,338.15,0.9944257976482386,9.90214805742088e-06,65
2927.9999999999873,338.15,0.9944455318317902,9.867091775824159e-06,65
2929.9999999999873,338.15,0.994465196150996,9.832159602943283e-06,65
2931.9999999999873,338.15,0.9944847908531949,9.797351099399814e-06,65
2933.9999999999873,338.15,0.9945043161848496,9.7626658273708e-06,65
2935.999999999987,338.15,0.9945237723915508,9.728103350583483e-06,65
2937.999999999987,338.15,0.9945431597180194,9.693663234309388e-06,65
2939.999999999987,338.15,0.9945624784081102,9.659345045359223e-06,65
2941.999999999987,338.15,0.9945817287048143,9.625148352077371e-06,65
2943.9999999999864,338.15,0.994600910850263,9.591072724336392e-06,65
2945.9999999999864,338.15,0.9946200250857301,9.557117733531317e-06,65
2947.9999999999864,338.15,0.9946390716516352,9.523282952574941e-06,65
2949.9999999999864,338.15,0.994658050787547,9.489567955891919e-06,65
2951.999999999986,338.15,0.9946769627321859,9.455972319413462e-06,65
2953.999999999986,338.15,0.994695807723427,9.42249562057203e-06,65
2955.999999999986,338.15,0.9947145859983036,9.389137438296429e-06,65
2957.999999999986,338.15,0.9947332977930097,9.355897353005893e-06,65
2959.9999999999854,338.15,0.9947519433429028,9.322774946605198e-06,65
2961.9999999999854,338.15,0.9947705228825078,9.289769802479333e-06,65
2963.9999999999854,338.15,0.9947890366455188,9.256881505488012e-06,65
2965.9999999999854,338.15,0.9948074848648026,9.224109641960753e-06,65
2967.999999999985,338.15,0.994825867772402,9.19145379969177e-06,65
2969.999999999985,338.15,0.9948441855995379,9.158913567934282e-06,65
2971.999999999985,338.15,0.9948624385766127,9.12648853739578e-06,65
2973.999999999985,338.15,0.9948806269332132,9.094178300232929e-06,65
2975.9999999999845,338.15,0.9948987508981133,9.061982450046067e-06,65
2977.9999999999845,338.15,0.9949168106992771,9.02990058187448e-06,65
2979.9999999999845,338.15,0.9949348065638615,8.997932292190907e-06,65
2981.9999999999845,338.15,0.9949527387182192,8.966077178896815e-06,65
2983.999999999984,338.15,0.9949706073879019,8.934334841317301e-06,65
2985.999999999984,338.15,0.9949884127976623,8.902704880195576e-06,65
2987.999999999984,338.15,0.9950061551714576,8.87118689768885e-06,65
2989.999999999984,338.15,0.9950238347324524,8.839780497362429e-06,65
2991.9999999999836,338.15,0.9950414517030207,8.808485284185194e-06,65
2993.9999999999836,338.15,0.9950590063047497,8.777300864524697e-06,65
2995.9999999999836,338.15,0.9950764987584421,8.746226846141842e-06,65
2997.9999999999836,338.15,0.9950939292841184,8.71526283818618e-06,65
2999.999999999983,338.15,0.9951112981010208,8.684408451191183e-06,65
3001.999999999983,338.15,0.9951286054276149,8.653663297068948e-06,65
3003.999999999983,338.15,0.9951458514815932,8.623026989105665e-06,65
3005.999999999983,338.15,0.9951630364798771,8.592499141956322e-06,65
3007.9999999999827,338.15,0.9951801606386205,8.562079371640373e-06,65
3009.9999999999827,338.15,0.9951972241732115,8.531767295536634e-06,65
3011.9999999999827,338.15,0.9952142272982764,8.501562532378564e-06,65
3013.9999999999827,338.15,0.9952311702276808,8.471464702249155e-06,65
3015.9999999999823,338.15,0.995248053174534,8.441473426576805e-06,65
3017.9999999999823,338.15,0.9952648763511903,8.411588328129622e-06,65
3019.9999999999823,338.15,0.9952816399692523,8.381809031011683e-06,65
3021.9999999999823,338.15,0.9952983442395736,8.352135160657739e-06,65
3023.999999999982,338.15,0.9953149893722613,8.322566343828482e-06,65
3025.999999999982,338.15,0.9953315755766785,8.293102208606047e-06,65
3027.999999999982,338.15,0.9953481030614473,8.263742384389074e-06,65
3029.999999999982,338.15,0.9953645720344511,8.234486501888604e-06,65
3031.9999999999814,338.15,0.9953809827028373,8.205334193122755e-06,65
3033.9999999999814,338.15,0.9953973352730201,8.176285091412606e-06,65
3035.9999999999814,338.15,0.9954136299506828,8.147338831377081e-06,65
3037.9999999999814,338.15,0.9954298669407807,8.118495048929026e-06,65
3039.999999999981,338.15,0.9954460464475433,8.089753381269894e-06,65
3041.999999999981,338.15,0.9954621686744771,8.061113466885818e-06,65
3043.999999999981,338.15,0.9954782338243682,8.032574945542703e-06,65
3045.999999999981,338.15,0.9954942420992847,8.004137458281892e-06,65
3047.9999999999804,338.15,0.9955101937005796,7.975800647415263e-06,65
3049.9999999999804,338.15,0.9955260888288926,7.947564156521097e-06,65
3051.9999999999804,338.15,0.9955419276841535,7.919427630439755e-06,65
3053.9999999999804,338.15,0.9955577104655841,7.891390715268566e-06,65
3055.99999999998,338.15,0.9955734373717008,7.8634530583581e-06,65
3057.99999999998,338.15,0.9955891086003174,7.835614308307248e-06,65
3059.99999999998,338.15,0.9956047243485473,7.807874114959099e-06,65
3061.99999999998,338.15,0.9956202848128061,7.780232129396024e-06,65
3063.9999999999795,338.15,0.995635790188814,7.75268800393614e-06,65
3065.9999999999795,338.15,0.9956512406715983,7.725241392128005e-06,65
3067.9999999999795,338.15,0.9956666364554958,7.697891948747078e-06,65
3069.9999999999795,338.15,0.9956819777341553,7.670639329790808e-06,65
3071.999999999979,338.15,0.9956972647005403,7.643483192474702e-06,65
3073.999999999979,338.15,0.9957124975469308,7.616423195227414e-06,65
3075.999999999979,338.15,0.9957276764649262,7.589458997687205e-06,65
3077.999999999979,338.15,0.9957428016454476,7.562590260697229e-06,65
3079.9999999999786,338.15,0.9957578732787402,7.535816646301403e-06,65
3081.9999999999786,338.15,0.9957728915543756,7.509137817739889e-06,65
3083.9999999999786,338.15,0.9957878566612546,7.48255343944536e-06,65
3085.9999999999786,338.15,0.9958027687876086,7.456063177038087e-06,65
3087.999999999978,338.15,0.9958176281210033,7.429666697322596e-06,65
3089.999999999978,338.15,0.9958324348483398,7.403363668282757e-06,65
3091.999999999978,338.15,0.995847189155858,7.377153759077854e-06,65
3093.999999999978,338.15,0.995861891229138,7.351036640038456e-06,65
3095.9999999999777,338.15,0.9958765412531033,7.325011982662486e-06,65
3097.9999999999777,338.15,0.9958911394120226,7.29907945961051e-06,65
3099.9999999999777,338.15,0.995905685889512,7.2732387447019955e-06,65
3101.9999999999777,338.15,0.9959201808685378,7.247489512911384e-06,65
3103.9999999999773,338.15,0.9959346245314186,7.221831440363771e-06,65
3105.9999999999773,338.15,0.9959490170598272,7.196264204330772e-06,65
3107.9999999999773,338.15,0.9959633586347937,7.170787483226598e-06,65
3109.9999999999773,338.15,0.9959776494367069,7.145400956603731e-06,65
3111.999999999977,338.15,0.9959918896453172,7.12010430514958e-06,65
3113.999999999977,338.15,0.9960060794397385,7.094897210681569e-06,65
3115.999999999977,338.15,0.9960202189984508,7.0697793561438e-06,65
3117.999999999977,338.15,0.9960343084993021,7.044750425602723e-06,65
3119.9999999999764,338.15,0.9960483481195106,7.019810104243408e-06,65
3121.9999999999764,338.15,0.9960623380356673,6.994958078365414e-06,65
3123.9999999999764,338.15,0.9960762784237381,6.9701940353788595e-06,65
3125.9999999999764,338.15,0.9960901694590657,6.945517663800493e-06,65
3127.999999999976,338.15,0.9961040113163722,6.920928653249959e-06,65
3129.999999999976,338.15,0.996117804169761,6.8964266944454735e-06,65
3131.999999999976,338.15,0.9961315481927194,6.8720114792002854e-06,65
3133.999999999976,338.15,0.9961452435581203,6.847682700418749e-06,65
3135.9999999999754,338.15,0.9961588904382245,6.823440052092394e-06,65
3137.9999999999754,338.15,0.996172489004683,6.799283229296185e-06,65
3139.9999999999754,338.15,0.9961860394285394,6.775211928184599e-06,65
3141.9999999999754,338.15,0.9961995418802314,6.751225845987494e-06,65
3143.999999999975,338.15,0.9962129965295934,6.7273246810071625e-06,65
3145.999999999975,338.15,0.9962264035458586,6.703508132613613e-06,65
3147.999999999975,338.15,0.996239763097661,6.679775901241234e-06,65
3149.999999999975,338.15,0.9962530753530379,6.6561276883848555e-06,65
3151.9999999999745,338.15,0.9962663404794311,6.6325631965962194e-06,65
3153.9999999999745,338.15,0.99627955864369,6.609082129480243e-06,65
3155.9999999999745,338.15,0.9962927300120734,6.585684191691084e-06,65
3157.9999999999745,338.15,0.9963058547502512,6.562369088928217e-06,65
3159.999999999974,338.15,0.9963189330233071,6.5391365279334835e-06,65
3161.999999999974,338.15,0.9963319649957401,6.515986216486567e-06,65
3163.999999999974,338.15,0.9963449508314669,6.492917863401854e-06,65
3165.999999999974,338.15,0.996357890693824,6.469931178524504e-06,65
3167.9999999999736,338.15,0.9963707847455694,6.4470258727271025e-06,65
3169.9999999999736,338.15,0.9963836331488852,6.42420165790574e-06,65
3171.9999999999736,338.15,0.9963964360653792,6.4014582469762664e-06,65
3173.9999999999736,338.15,0.9964091936560869,6.378795353871157e-06,65
3175.999999999973,338.15,0.996421906081474,6.356212693535577e-06,65
3177.999999999973,338.15,0.9964345735014378,6.333709981923843e-06,65
3179.999999999973,338.15,0.9964471960753098,6.311286935995694e-06,65
3181.999999999973,338.15,0.9964597739618573,6.2889432737131405e-06,65
3183.9999999999727,338.15,0.9964723073192854,6.266678714036736e-06,65
3185.9999999999727,338.15,0.9964847963052392,6.244492976921644e-06,65
3187.9999999999727,338.15,0.9964972410768058,6.222385783314887e-06,65
3189.9999999999727,338.15,0.9965096417905162,6.20035685515122e-06,65
3191.9999999999723,338.15,0.9965219986023468,6.178405915349591e-06,65
3193.9999999999723,338.15,0.9965343116677224,6.156532687810394e-06,65
3195.9999999999723,338.15,0.9965465811415173,6.1347368974109425e-06,65
3197.9999999999723,338.15,0.9965588071780573,6.113018270002923e-06,65
3199.999999999972,338.15,0.9965709899311221,6.091376532408456e-06,65
3201.999999999972,338.15,0.996583129553947,6.069811412416958e-06,65
3203.999999999972,338.15,0.9965952261992246,6.048322638781206e-06,65
3205.999999999972,338.15,0.996607280019107,6.026909941214592e-06,65
3207.9999999999714,338.15,0.9966192911652078,6.0055730503871855e-06,65
3209.9999999999714,338.15,0.9966312597886036,5.9843116979227924e-06,65
3211.9999999999714,338.15,0.9966431860398364,5.963125616395021e-06,65
3213.9999999999714,338.15,0.9966550700689151,5.942014539324332e-06,65
3215.999999999971,338.15,0.9966669120253174,5.920978201174703e-06,65
3217.999999999971,338.15,0.9966787120579921,5.900016337350283e-06,65
3219.999999999971,338.15,0.9966904703153605,5.879128684191859e-06,65
3221.999999999971,338.15,0.9967021869453184,5.858314978973313e-06,65
3223.9999999999704,338.15,0.9967138620952383,5.83757495989927e-06,65
3225.9999999999704,338.15,0.9967254959119705,5.816908366100573e-06,65
3227.9999999999704,338.15,0.9967370885418457,5.796314937632122e-06,65
3229.9999999999704,338.15,0.9967486401306767,5.775794415468753e-06,65
3231.99999999997,338.15,0.9967601508237597,5.755346541502476e-06,65
3233.99999999997,338.15,0.9967716207658768,5.734971058538947e-06,65
3235.99999999997,338.15,0.9967830501012974,5.714667710294515e-06,65
3237.99999999997,338.15,0.9967944389737802,5.694436241392686e-06,65
3239.9999999999695,338.15,0.9968057875265749,5.674276397361372e-06,65
3241.9999999999695,338.15,0.9968170959024242,5.654187924628962e-06,65
3243.9999999999695,338.15,0.9968283642435652,5.634170570521762e-06,65
3245.9999999999695,338.15,0.9968395926917317,5.614224083260659e-06,65
3247.999999999969,338.15,0.9968507813881556,5.594348211957975e-06,65
3249.999999999969,338.15,0.9968619304735689,5.5745427066139315e-06,65
3251.999999999969,338.15,0.9968730400882051,5.55480731811409e-06,65
3253.999999999969,338.15,0.9968841103718016,5.535141798225817e-06,65
3255.9999999999686,338.15,0.9968951414636008,5.51554589959534e-06,65
3257.9999999999686,338.15,0.9969061335023522,5.496019375744596e-06,65
3259.9999999999686,338.15,0.9969170866263144,5.476561981068291e-06,65
3261.9999999999686,338.15,0.9969280009732561,5.457173470830157e-06,65
3263.999999999968,338.15,0.9969388766804584,5.437853601160801e-06,65
3265.999999999968,338.15,0.9969497138847165,5.4186021290539624e-06,65
3267.999999999968,338.15,0.9969605127223413,5.399418812363961e-06,65
3269.999999999968,338.15,0.9969712733291609,5.380303409801966e-06,65
3271.9999999999677,338.15,0.9969819958405228,5.361255680933828e-06,65
3273.9999999999677,338.15,0.9969926803912952,5.3422753861761565e-06,65
3275.9999999999677,338.15,0.9970033271158688,5.32336228679415e-06,65
3277.9999999999677,338.15,0.9970139361481586,5.304516144897866e-06,65
3279.9999999999673,338.15,0.9970245076216054,5.285736723439865e-06,65
3281.9999999999673,338.15,0.9970350416691779,5.267023786211668e-06,65
3283.9999999999673,338.15,0.9970455384233736,5.2483770978410095e-06,65
3285.9999999999673,338.15,0.9970559980162212,5.229796423789084e-06,65
3287.999999999967,338.15,0.997066420579282,5.2112815303474005e-06,65
3289.999999999967,338.15,0.9970768062436512,5.192832184634837e-06,65
3291.999999999967,338.15,0.9970871551399605,5.1744481545946925e-06,65
3293.999999999967,338.15,0.9970974673983785,5.156129208991737e-06,65
3295.9999999999663,338.15,0.9971077431486133,5.137875117409659e-06,65
3297.9999999999663,338.15,0.9971179825199138,5.119685650247527e-06,65
3299.9999999999663,338.15,0.9971281856410712,5.101560578717431e-06,65
3301.9999999999663,338.15,0.9971383526404208,5.083499674841536e-06,65
3303.999999999966,338.15,0.9971484836458437,5.065502711448933e-06,65
3305.999999999966,338.15,0.9971585787847681,5.047569462172895e-06,65
3307.999999999966,338.15,0.997168638184171,5.0296997014483176e-06,65
3309.999999999966,338.15,0.99717866197058,5.011893204508575e-06,65
3311.9999999999654,338.15,0.9971886502700748,4.994149747382768e-06,65
3313.9999999999654,338.15,0.9971986032082886,4.976469106892975e-06,65
3315.9999999999654,338.15,0.9972085209104099,4.958851060651107e-06,65
3317.9999999999654,338.15,0.9972184035011841,4.941295387056742e-06,65
3319.999999999965,338.15,0.9972282511049146,4.9238018652937905e-06,65
3321.999999999965,338.15,0.9972380638454653,4.906370275328133e-06,65
3323.999999999965,338.15,0.9972478418462611,4.889000397904279e-06,65
3325.999999999965,338.15,0.9972575852302902,4.871692014543207e-06,65
3327.9999999999645,338.15,0.9972672941201053,4.854444907539417e-06,65
3329.9999999999645,338.15,0.9972769686378252,4.837258859957782e-06,65
3331.9999999999645,338.15,0.9972866089051365,4.820133655631589e-06,65
3333.9999999999645,338.15,0.9972962150432949,4.803069079159192e-06,65
3335.999999999964,338.15,0.9973057871731267,4.78606491590166e-06,65
3337.999999999964,338.15,0.9973153254150307,4.769120951980018e-06,65
3339.999999999964,338.15,0.9973248298889792,4.752236974272111e-06,65
3341.999999999964,338.15,0.99733430071452,4.73541277041063e-06,65
3343.9999999999636,338.15,0.9973437380107776,4.718648128779975e-06,65
3345.9999999999636,338.15,0.9973531418964546,4.701942838513699e-06,65
3347.9999999999636,338.15,0.9973625124898337,4.685296689491948e-06,65
3349.9999999999636,338.15,0.9973718499087784,4.6687094723387144e-06,65
3351.999999999963,338.15,0.9973811542707351,4.652180978419282e-06,65
3353.999999999963,338.15,0.9973904256927348,4.635710999837668e-06,65
3355.999999999963,338.15,0.9973996642913937,4.619299329433483e-06,65
3357.999999999963,338.15,0.9974088701829152,4.602945760780159e-06,65
3359.9999999999627,338.15,0.9974180434830916,4.586650088181807e-06,65
3361.9999999999627,338.15,0.9974271843073049,4.570412106670659e-06,65
3363.9999999999627,338.15,0.9974362927705289,4.554231612004713e-06,65
3365.9999999999627,338.15,0.9974453689873303,4.5381084006649825e-06,65
3367.9999999999623,338.15,0.99745441307187,4.522042269852937e-06,65
3369.9999999999623,338.15,0.997463425137905,4.506033017488148e-06,65
3371.9999999999623,338.15,0.9974724052987894,4.490080442205535e-06,65
3373.9999999999623,338.15,0.9974813536674761,4.474184343352813e-06,65
3375.999999999962,338.15,0.9974902703565182,4.458344520988329e-06,65
3377.999999999962,338.15,0.9974991554780699,4.4425607758779185e-06,65
3379.999999999962,338.15,0.9975080091438888,4.426832909493136e-06,65
3381.999999999962,338.15,0.9975168314653369,4.411160724008111e-06,65
3383.9999999999613,338.15,0.9975256225533815,4.3955440222971895e-06,65
3385.9999999999613,338.15,0.9975343825185974,4.37998260793297e-06,65
3387.9999999999613,338.15,0.9975431114711677,4.364476285183354e-06,65
3389.9999999999613,338.15,0.9975518095208857,4.3490248590091885e-06,65
3391.999999999961,338.15,0.9975604767771559,4.333628135061514e-06,65
3393.999999999961,338.15,0.9975691133489952,4.3182859196797965e-06,65
3395.999999999961,338.15,0.997577719345035,4.3029980198889795e-06,65
3397.999999999961,338.15,0.9975862948735218,4.287764243397127e-06,65
3399.9999999999604,338.15,0.997594840042319,4.272584398593257e-06,65
3401.9999999999604,338.15,0.9976033549589081,4.2574582945444e-06,65
3403.9999999999604,338.15,0.99761183973039,4.2423857409940226e-06,65
3405.9999999999604,338.15,0.9976202944634868,4.227366548358688e-06,65
3407.99999999996,338.15,0.9976287192645422,4.212400527726286e-06,65
3409.99999999996,338.15,0.997637114239524,4.197487490853678e-06,65
3411.99999999996,338.15,0.9976454794940243,4.1826272501639415e-06,65
3413.99999999996,338.15,0.9976538151332618,4.167819618744408e-06,65
3415.9999999999595,338.15,0.9976621212620824,4.1530644103439085e-06,65
3417.9999999999595,338.15,0.9976703979849612,4.138361439371009e-06,65
3419.9999999999595,338.15,0.9976786454060029,4.123710520890863e-06,65
3421.9999999999595,338.15,0.9976868636289442,4.109111470623638e-06,65
3423.999999999959,338.15,0.9976950527571541,4.09456410494177e-06,65
3425.999999999959,338.15,0.9977032128936358,4.080068240867992e-06,65
3427.999999999959,338.15,0.997711344141028,4.0656236960725866e-06,65
3429.999999999959,338.15,0.9977194466016057,4.051230288871417e-06,65
3431.9999999999586,338.15,0.9977275203772822,4.036887838223771e-06,65
3433.9999999999586,338.15,0.9977355655696096,4.022596163729406e-06,65
3435.9999999999586,338.15,0.9977435822797809,4.008355085627181e-06,65
3437.9999999999586,338.15,0.9977515706086305,3.994164424792101e-06,65
3439.999999999958,338.15,0.997759530656636,3.9800240027333565e-06,65
3441.999999999958,338.15,0.9977674625239192,3.965933641592163e-06,65
3443.999999999958,338.15,0.9977753663102475,3.951893164139399e-06,65
3445.999999999958,338.15,0.9977832421150351,3.937902393773248e-06,65
3447.9999999999577,338.15,0.9977910900373441,3.923961154517235e-06,65
3449.9999999999577,338.15,0.9977989101758862,3.910069271017869e-06,65
3451.9999999999577,338.15,0.9978067026290233,3.896226568542282e-06,65
3453.9999999999577,338.15,0.9978144674947692,3.882432872976462e-06,65
3455.9999999999573,338.15,0.9978222048707909,3.868688010822698e-06,65
3457.9999999999573,338.15,0.9978299148544093,3.854991809197418e-06,65
3459.9999999999573,338.15,0.9978375975426009,3.841344095829222e-06,65
3461.9999999999573,338.15,0.997845253031999,3.827744699056724e-06,65
3463.999999999957,338.15,0.9978528814188946,3.8141934478259963e-06,65
3465.999999999957,338.15,0.997860482799238,3.8006901716887965e-06,65
3467.999999999957,338.15,0.9978680572686396,3.7872347008002145e-06,65
3469.999999999957,338.15,0.9978756049223714,3.773826865916901e-06,65
3471.9999999999563,338.15,0.9978831258553682,3.7604664983945137e-06,65
3473.9999999999563,338.15,0.9978906201622286,3.747153430185554e-06,65
3475.9999999999563,338.15,0.9978980879372163,3.733887493837798e-06,65
3477.9999999999563,338.15,0.9979055292742613,3.720668522491738e-06,65
3479.999999999956,338.15,0.9979129442669611,3.707496349878619e-06,65
3481.999999999956,338.15,0.9979203330085817,3.6943708103182776e-06,65
3483.999999999956,338.15,0.9979276955920592,3.681291738716979e-06,65
3485.999999999956,338.15,0.9979350321100003,3.6682589705656496e-06,65
3487.9999999999554,338.15,0.9979423426546842,3.655272341937516e-06,65
3489.9999999999554,338.15,0.9979496273180631,3.642331689486339e-06,65
3491.9999999999554,338.15,0.997956886191764,3.6294368504438596e-06,65
3493.9999999999554,338.15,0.9979641193670893,3.6165876626182224e-06,65
3495.999999999955,338.15,0.9979713269350181,3.6037839643918184e-06,65
3497.999999999955,338.15,0.9979785089862075,3.5910255947191203e-06,65
3499.999999999955,338.15,0.9979856656109938,3.578312393124916e-06,65
3501.999999999955,338.15,0.9979927968993931,3.5656441997019474e-06,65
3503.9999999999545,338.15,0.9979999029411033,3.5530208551091458e-06,65
3505.9999999999545,338.15,0.9980069838255045,3.5404422005694655e-06,65
3507.9999999999545,338.15,0.9980140396416602,3.527908077867922e-06,65
3509.9999999999545,338.15,0.9980210704783189,3.5154183293498226e-06,65
3511.999999999954,338.15,0.9980280764239148,3.502972797918799e-06,65
3513.999999999954,338.15,0.9980350575665689,3.4905713270340596e-06,65
3515.999999999954,338.15,0.9980420139940903,3.4782137607096e-06,65
3517.999999999954,338.15,0.9980489457939773,3.465899943511257e-06,65
3519.9999999999536,338.15,0.9980558530534184,3.4536297205555283e-06,65
3521.9999999999536,338.15,0.9980627358592934,3.441402937506824e-06,65
3523.9999999999536,338.15,0.9980695942981745,3.429219440576086e-06,65
3525.9999999999536,338.15,0.9980764284563276,3.4170790765188278e-06,65
3527.999999999953,338.15,0.9980832384197129,3.4049816926329696e-06,65
3529.999999999953,338.15,0.9980900242739864,3.3929271367570695e-06,65
3531.999999999953,338.15,0.9980967861045009,3.3809152572685576e-06,65
3533.999999999953,338.15,0.9981035239963071,3.3689459030813747e-06,65
3535.9999999999527,338.15,0.9981102380341543,3.357018923644401e-06,65
3537.9999999999527,338.15,0.9981169283024922,3.345134168939689e-06,65
3539.9999999999527,338.15,0.9981235948854712,3.3332914894801024e-06,65
3541.9999999999527,338.15,0.9981302378669438,3.321490736307942e-06,65
3543.9999999999523,338.15,0.9981368573304658,3.3097317609929812e-06,65
3545.9999999999523,338.15,0.998143453359297,3.298014415630107e-06,65
3547.9999999999523,338.15,0.9981500260364027,3.2863385528381385e-06,65
3549.9999999999523,338.15,0.9981565754444542,3.2747040257574735e-06,65
3551.999999999952,338.15,0.9981631016658303,3.263110688048512e-06,65
3553.999999999952,338.15,0.9981696047826181,3.2515583938898895e-06,65
3555.999999999952,338.15,0.998176084876614,3.2400469979763148e-06,65
3557.999999999952,338.15,0.9981825420293251,3.228576355516801e-06,65
3559.9999999999513,338.15,0.9981889763219696,3.217146322233094e-06,65
3561.9999999999513,338.15,0.9981953878354782,3.205756754357903e-06,65
3563.9999999999513,338.15,0.9982017766504955,3.19440750863274e-06,65
3565.9999999999513,338.15,0.9982081428473801,3.1830984423061483e-06,65
3567.999999999951,338.15,0.9982144865062064,3.1718294131321343e-06,65
3569.999999999951,338.15,0.9982208077067651,3.1606002793685916e-06,65
3571.999999999951,338.15,0.9982271065285647,3.1494108997747485e-06,65
3573.999999999951,338.15,0.998233383050832,3.1382611336101848e-06,65
3575.9999999999504,338.15,0.9982396373525132,3.127150840632669e-06,65
3577.9999999999504,338.15,0.9982458695122753,3.116079881096588e-06,65
3579.9999999999504,338.15,0.9982520796085068,3.105048115750784e-06,65
3581.9999999999504,338.15,0.9982582677193185,3.094055405837178e-06,65
3583.99999999995,338.15,0.9982644339225446,3.0831016130890045e-06,65
3585.99999999995,338.15,0.9982705782957441,3.0721865997290385e-06,65
3587.99999999995,338.15,0.998276700916201,3.061310228467633e-06,65
3589.99999999995,338.15,0.998282801860926,3.050472362501343e-06,65
3591.9999999999495,338.15,0.998288881206657,3.0396728655111548e-06,65
3593.9999999999495,338.15,0.9982949390298603,3.0289116016603274e-06,65
3595.9999999999495,338.15,0.9983009754067315,3.018188435593408e-06,65
3597.9999999999495,338.15,0.9983069904131964,3.0075032324338734e-06,65
3599.999999999949,338.15,0.998312984124912,2.996855857782559e-06,65
