t,x,xdot,xdot_pred
1.0,0.0005,0.00050968,0.0003719692872277546
2.0,0.001,0.00052324,0.00042323379910998534
3.0,0.0016,0.00053671,0.0004618480260476657
4.0,0.0021,0.00054949,0.00048571070237344655
5.0,0.0026,0.00056227,0.0005052641348242432
6.0,0.0032,0.00057443,0.0005249741103213228
7.0,0.0038,0.00058616,0.0005418159255965053
8.0,0.0044,0.00059605,0.0005565650692396534
9.0,0.005,0.00060604,0.0005697131027662575
10.0,0.0056,0.00061562,0.0005815925325348705
11.0,0.0062,0.00062469,0.0005924394588539252
12.0,0.0068,0.00063304,0.0006024279661931395
13.0,0.0075,0.00064157,0.0006131710522729689
14.0,0.0081,0.00064985,0.0006217149250577435
15.0,0.0088,0.0006579,0.0006310186573248085
16.0,0.0094,0.00066508,0.0006384961655082509
17.0,0.0101,0.00067226,0.0006467118412364895
18.0,0.0108,0.00067918,0.0006544436293215943
19.0,0.0115,0.00068599,0.0006617466014715009
20.0,0.0122,0.00069193,0.0006686666326254575
21.0,0.0129,0.00069812,0.000675242368575637
22.0,0.0136,0.00070428,0.0006815066901331212
23.0,0.0143,0.00071039,0.0006874878216302541
24.0,0.015,0.00071604,0.0006932101831318103
25.0,0.0157,0.0007217,0.0006986950546693487
26.0,0.0164,0.00072721,0.0007039611004010992
27.0,0.0172,0.00073262,0.0007097325241825195
28.0,0.0179,0.0007375,0.0007145827325702399
29.0,0.0186,0.00074246,0.0007192599522214015
30.0,0.0194,0.00074735,0.0007244081968368765
31.0,0.0201,0.00075216,0.0007287519173871291
32.0,0.0209,0.00075648,0.0007335445171273344
33.0,0.0216,0.00076081,0.0007375971481639206
34.0,0.0224,0.00076499,0.0007420777547684903
35.0,0.0232,0.00076907,0.0007464070205906861
36.0,0.0239,0.00077256,0.000750078222399577
37.0,0.0247,0.00077613,0.0007541478092767795
38.0,0.0255,0.00077959,0.0007580902588091664
39.0,0.0263,0.00078294,0.0007619125864360613
40.0,0.0271,0.00078586,0.000765621217394477
41.0,0.0278,0.00078891,0.0007687776530860781
42.0,0.0286,0.00079192,0.0007722886373906821
43.0,0.0294,0.00079496,0.000775701666191612
44.0,0.0302,0.00079773,0.0007790214215635081
45.0,0.031,0.00080051,0.0007822522423072241
46.0,0.0318,0.00080318,0.0007853981572953465
47.0,0.0326,0.00080576,0.0007884629148260401
48.0,0.0334,0.00080796,0.0007914500085486443
49.0,0.0342,0.00081026,0.000794362700433417
50.0,0.0351,0.00081255,0.0007975543362125548
51.0,0.0359,0.00081471,0.0008003188137198006
52.0,0.0367,0.00081656,0.0008030178019308452
53.0,0.0375,0.00081848,0.0008056538000537863
54.0,0.0383,0.00082039,0.0008082291596544042
55.0,0.0391,0.00082228,0.000810746096277941
56.0,0.04,0.00082403,0.0008135104140007406
57.0,0.0408,0.00082585,0.000815909997146288
58.0,0.0416,0.00082756,0.0008182573139750956
59.0,0.0424,0.00082922,0.0008205541194275482
60.0,0.0433,0.00083095,0.0008230797162608402
61.0,0.0441,0.00083266,0.0008252746015748842
62.0,0.0449,0.00083436,0.0008274238972299761
63.0,0.0458,0.00083609,0.0008297891207271873
64.0,0.0466,0.00083772,0.0008318461530391422
65.0,0.0475,0.00083931,0.0008341109033918126
66.0,0.0483,0.00084092,0.0008360814352113432
67.0,0.0491,0.00084255,0.0008380130947806038
68.0,0.05,0.00084408,0.0008401411160796698
69.0,0.0508,0.00084578,0.0008419937665777364
70.0,0.0517,0.00084757,0.0008440355045343575
71.0,0.0525,0.00084935,0.000845813667366043
72.0,0.0534,0.00085116,0.0008477739770778763
73.0,0.0542,0.00085295,0.0008494817744463871
74.0,0.0551,0.00085475,0.000851365089095952
75.0,0.0559,0.00085651,0.0008530062905461875
76.0,0.0568,0.00085809,0.0008548166698451516
77.0,0.0576,0.00085977,0.0008563947321481616
78.0,0.0585,0.00086141,0.0008581359039527631
79.0,0.0594,0.00086299,0.0008598418433803349
80.0,0.0602,0.00086452,0.0008613294016779531
81.0,0.0611,0.00086619,0.0008629712734156595
82.0,0.062,0.00086784,0.00086458047175713
83.0,0.0628,0.00086943,0.0008659841019325884
84.0,0.0637,0.00087095,0.0008675337866685084
85.0,0.0646,0.00087246,0.0008690530713429514
86.0,0.0654,0.00087403,0.000870378614904819
87.0,0.0663,0.00087559,0.000871842441746664
88.0,0.0672,0.0008769,0.0008732778980076509
89.0,0.0681,0.00087828,0.0008746856358316963
90.0,0.069,0.00087968,0.0008760662835580294
91.0,0.0698,0.00088111,0.0008772712738258985
92.0,0.0707,0.00088252,0.0008786023865360962
93.0,0.0716,0.00088399,0.0008799081010390228
94.0,0.0725,0.00088554,0.0008811889635891707
95.0,0.0734,0.00088705,0.0008824455017206249
96.0,0.0743,0.00088849,0.0008836782251121011
97.0,0.0752,0.0008899,0.0008848876264019954
98.0,0.076,0.0008913,0.0008859434561762613
99.0,0.0769,0.0008927,0.0008871100917401799
100.0,0.0778,0.00089385,0.0008882547395096604
101.0,0.0787,0.00089506,0.0008893778327763621
102.0,0.0796,0.00089626,0.0008904797911624135
103.0,0.0805,0.00089742,0.0008915610212027347
104.0,0.0814,0.00089851,0.0008926219168963024
105.0,0.0823,0.0008997,0.0008936628602283352
106.0,0.0832,0.00090091,0.0008946842216652372
107.0,0.0841,0.00090211,0.0008956863606239985
108.0,0.085,0.00090334,0.0008966696259176324
109.0,0.0859,0.00090464,0.0008976343561781099
110.0,0.0868,0.00090595,0.0008985808802581573
111.0,0.0877,0.00090724,0.000899509517613178
112.0,0.0886,0.00090846,0.0009004205786644745
113.0,0.0895,0.00090957,0.0009013143651448732
114.0,0.0905,0.00091064,0.0009022875574849474
115.0,0.0914,0.00091172,0.0009031458290744926
116.0,0.0923,0.0009125,0.0009039877127504268
117.0,0.0932,0.00091342,0.0009048134778180325
118.0,0.0941,0.00091447,0.0009056233864210597
119.0,0.095,0.00091549,0.0009064176937996219
120.0,0.0959,0.00091656,0.0009071966485364356
121.0,0.0969,0.00091758,0.0009080444419386417
122.0,0.0978,0.0009186,0.000908791773255692
123.0,0.0987,0.00091962,0.0009095244852284761
124.0,0.0996,0.00092062,0.0009102428014311436
125.0,0.1005,0.00092161,0.000910946939878924
126.0,0.1015,0.00092266,0.0009117129461583351
127.0,0.1024,0.00092374,0.0009123878457923692
128.0,0.1033,0.00092487,0.0009130492123878063
129.0,0.1042,0.00092595,0.0009136972429909174
130.0,0.1052,0.00092693,0.0009144018698322512
131.0,0.1061,0.00092796,0.0009150223728897317
132.0,0.107,0.00092861,0.000915630123727676
133.0,0.1079,0.00092849,0.0009162253010882507
134.0,0.1089,0.00092888,0.0009168720748765289
135.0,0.1098,0.00092943,0.0009174412769266851
136.0,0.1107,0.00093014,0.0009179984359463112
137.0,0.1117,0.00093098,0.0009186035747328696
138.0,0.1126,0.00093196,0.0009191358394550971
139.0,0.1135,0.00093297,0.0009196565555808479
140.0,0.1145,0.00093452,0.0009202217689530023
141.0,0.1154,0.0009357,0.0009207185993055728
142.0,0.1163,0.00093674,0.0009212043427482488
143.0,0.1173,0.00093774,0.0009217312270436563
144.0,0.1182,0.00093859,0.0009221940272428931
145.0,0.1191,0.00093952,0.0009226461723701792
146.0,0.1201,0.00094044,0.0009231362207039255
147.0,0.121,0.00094139,0.0009235663048969013
148.0,0.122,0.00094231,0.0009240321594675383
149.0,0.1229,0.0009432,0.0009244407497801957
150.0,0.1239,0.00094412,0.0009248830271861318
151.0,0.1248,0.00094506,0.000925270666787421
152.0,0.1257,0.00094605,0.0009256485654177556
153.0,0.1267,0.00094704,0.0009260571673866191
154.0,0.1276,0.00094799,0.0009264148750691887
155.0,0.1286,0.00094893,0.0009268013174603183
156.0,0.1295,0.0009498,0.0009271393239090809
157.0,0.1305,0.00095058,0.0009275041398287758
158.0,0.1314,0.00095129,0.0009278229151896474
159.0,0.1324,0.00095197,0.0009281666165986196
160.0,0.1333,0.0009525,0.0009284666125052541
161.0,0.1343,0.00095314,0.0009287896913513139
162.0,0.1352,0.00095383,0.0009290713419096354
163.0,0.1362,0.00095454,0.0009293742711844796
164.0,0.1372,0.00095541,0.00092966677928906
165.0,0.1381,0.00095625,0.0009299212286178862
166.0,0.1391,0.00095704,0.0009301942747563344
167.0,0.14,0.00095783,0.0009304314033748279
168.0,0.141,0.00095858,0.0009306854169016945
169.0,0.1419,0.00095928,0.0009309056040486117
170.0,0.1429,0.00095993,0.000931140998567413
171.0,0.1439,0.00096057,0.0009313667546438827
172.0,0.1448,0.00096121,0.0009315617838076909
173.0,0.1458,0.00096192,0.0009317695235543978
174.0,0.1467,0.00096266,0.0009319485093025713
175.0,0.1477,0.00096342,0.0009321386099028078
176.0,0.1487,0.00096431,0.0009323195737504326
177.0,0.1496,0.00096497,0.0009324747111182761
178.0,0.1506,0.00096553,0.0009326385862770654
179.0,0.1516,0.00096608,0.0009327936067251562
180.0,0.1525,0.00096632,0.0009329256319446889
181.0,0.1535,0.00096665,0.0009330640855818569
182.0,0.1545,0.00096704,0.0009331939520468753
183.0,0.1554,0.00096749,0.0009333035634873195
184.0,0.1564,0.00096789,0.0009334173584356411
185.0,0.1574,0.0009684,0.0009335228202504193
186.0,0.1583,0.00096898,0.0009336106810380765
187.0,0.1593,0.00096955,0.0009337005418689551
188.0,0.1603,0.00097022,0.0009337823110218184
189.0,0.1613,0.00097081,0.0009338560689938244
190.0,0.1622,0.00097149,0.0009339156670407143
191.0,0.1632,0.00097219,0.0009339744206811393
192.0,0.1642,0.00097276,0.0009340253889844317
193.0,0.1651,0.00097332,0.0009340646663005982
194.0,0.1661,0.00097384,0.0009341010490350887
195.0,0.1671,0.00097436,0.0009341298615519919
196.0,0.1681,0.00097484,0.0009341511756699163
197.0,0.169,0.00097531,0.0009341640056625512
198.0,0.17,0.00097574,0.0009341712665255844
199.0,0.171,0.00097614,0.0009341712307587968
200.0,0.172,0.00097649,0.0009341639657748098
201.0,0.1729,0.00097683,0.0009341513011625813
202.0,0.1739,0.00097718,0.0009341304825748288
203.0,0.1749,0.00097751,0.0009341026242990862
204.0,0.1759,0.00097793,0.0009340677897043419
205.0,0.1769,0.00097836,0.0009340260411765257
206.0,0.1778,0.00097882,0.0009339826068749258
207.0,0.1788,0.00097932,0.0009339278903174585
208.0,0.1798,0.00097982,0.00093386643537652
209.0,0.1808,0.00098025,0.0009337983007977004
210.0,0.1818,0.00098067,0.0009337235444402519
211.0,0.1827,0.0009811,0.0009336506492186508
212.0,0.1837,0.0009813,0.0009335634677892343
213.0,0.1847,0.00098156,0.0009334698275270936
214.0,0.1857,0.00098186,0.000933369783004639
215.0,0.1867,0.00098216,0.000933263387992875
216.0,0.1876,0.00098244,0.0009331622466225369
217.0,0.1886,0.0009827,0.0009330439310200395
218.0,0.1896,0.00098294,0.0009329194164786163
219.0,0.1906,0.00098315,0.0009327887537933897
220.0,0.1916,0.00098344,0.0009326519930329215
221.0,0.1926,0.00098373,0.0009325091835533782
222.0,0.1935,0.00098402,0.0009323755235966935
223.0,0.1945,0.00098426,0.0009322213550360571
224.0,0.1955,0.00098455,0.0009320612769867767
225.0,0.1965,0.00098483,0.0009318953361556117
226.0,0.1975,0.00098514,0.0009317235786014787
227.0,0.1985,0.00098541,0.0009315460497477002
228.0,0.1994,0.00098562,0.0009313813763577366
229.0,0.2004,0.0009858,0.0009311930049517241
230.0,0.2014,0.00098591,0.0009309989904885844
231.0,0.2024,0.00098598,0.0009307993760244473
232.0,0.2034,0.00098605,0.0009305942040357757
233.0,0.2044,0.00098627,0.000930383516430001
234.0,0.2054,0.00098651,0.0009301673545559089
235.0,0.2064,0.00098668,0.0009299457592137861
236.0,0.2073,0.00098693,0.0009297417110779772
237.0,0.2083,0.00098712,0.0009295099026302513
238.0,0.2093,0.00098733,0.0009292727760241377
239.0,0.2103,0.00098752,0.0009290303700134272
240.0,0.2113,0.00098754,0.0009287827228498733
241.0,0.2123,0.00098758,0.0009285298722920503
242.0,0.2133,0.00098759,0.0009282718556140125
243.0,0.2143,0.00098758,0.000928008709613763
244.0,0.2152,0.00098763,0.0009277675226795164
245.0,0.2162,0.0009877,0.0009274947306767613
246.0,0.2172,0.00098782,0.000927216913449603
247.0,0.2182,0.00098793,0.0009269341060168852
248.0,0.2192,0.00098815,0.000926646342960268
249.0,0.2202,0.00098821,0.0009263536584316567
250.0,0.2212,0.00098819,0.0009260560861604715
251.0,0.2222,0.00098815,0.0009257536594607606
252.0,0.2231,0.00098813,0.0009254773520994686
253.0,0.2241,0.00098813,0.0009251657923085288
254.0,0.2251,0.00098813,0.0009248494724145218
255.0,0.2261,0.00098815,0.0009245284241767057
256.0,0.2271,0.00098822,0.0009242026789716946
257.0,0.2281,0.00098819,0.0009238722677997299
258.0,0.2291,0.0009881,0.0009235372212908203
259.0,0.2301,0.00098798,0.0009231975697107535
260.0,0.231,0.00098759,0.0009228879706786781
261.0,0.232,0.00098725,0.0009225396515669451
262.0,0.233,0.00098698,0.0009221868131490383
263.0,0.234,0.00098676,0.0009218294843254493
264.0,0.235,0.00098643,0.0009214676936601756
265.0,0.236,0.00098622,0.0009211014693860435
266.0,0.237,0.00098606,0.0009207308394099265
267.0,0.238,0.00098591,0.0009203558313178556
268.0,0.2389,0.00098597,0.000920014603291118
269.0,0.2399,0.00098596,0.0009196313516510593
270.0,0.2409,0.00098593,0.0009192438001260195
271.0,0.2419,0.00098589,0.000918851975097711
272.0,0.2429,0.00098583,0.000918455902650625
273.0,0.2439,0.00098568,0.0009180556085765765
274.0,0.2449,0.00098546,0.0009176511183791608
275.0,0.2458,0.0009852,0.0009172835103659234
276.0,0.2468,0.0009848,0.0009168711167833619
277.0,0.2478,0.00098453,0.0009164545994479714
278.0,0.2488,0.00098429,0.0009160339827802741
279.0,0.2498,0.00098398,0.000915609290933197
280.0,0.2508,0.00098364,0.0009151805477960475
281.0,0.2517,0.00098329,0.0009147912346547588
282.0,0.2527,0.00098291,0.0009143548589544085
283.0,0.2537,0.00098257,0.0009139144997879027
284.0,0.2547,0.00098226,0.0009134701800530207
285.0,0.2557,0.00098199,0.0009130219224023424
286.0,0.2567,0.00098169,0.0009125697492468053
287.0,0.2576,0.00098139,0.0009121594639808378
288.0,0.2586,0.00098127,0.0009116999122580128
289.0,0.2596,0.00098103,0.0009112365086875021
290.0,0.2606,0.00098074,0.0009107692747705885
291.0,0.2616,0.00098048,0.0009102982317834081
292.0,0.2625,0.00098026,0.0009098710537456823
293.0,0.2635,0.00097994,0.0009093928313483323
294.0,0.2645,0.00097952,0.0009089108603375047
295.0,0.2655,0.0009791,0.000908425161141201
296.0,0.2665,0.00097871,0.0009079357539773588
297.0,0.2674,0.00097839,0.0009074921337608072
298.0,0.2684,0.00097814,0.0009069957364194734
299.0,0.2694,0.00097786,0.0009064956885814279
300.0,0.2704,0.00097749,0.000905992009672761
301.0,0.2714,0.0009771,0.0009054847189233107
302.0,0.2723,0.00097677,0.0009050250848623603
303.0,0.2733,0.00097647,0.0009045109839024388
304.0,0.2743,0.00097597,0.0009039933257829485
305.0,0.2753,0.0009755,0.000903472128993466
306.0,0.2762,0.00097499,0.0009030000414537439
307.0,0.2772,0.00097447,0.0009024721714745281
308.0,0.2782,0.00097385,0.0009019408154156762
309.0,0.2792,0.00097324,0.0009014059910645154
310.0,0.2801,0.00097262,0.0009009216983193225
311.0,0.2811,0.00097197,0.0009003803325946544
312.0,0.2821,0.00097135,0.0008998355491837641
313.0,0.283,0.00097081,0.0008993423361458642
314.0,0.284,0.00097026,0.0008987911061616209
315.0,0.285,0.00096973,0.0008982365076867573
316.0,0.286,0.00096927,0.0008976785573678167
317.0,0.2869,0.00096869,0.000897173549883992
318.0,0.2879,0.00096811,0.0008966092763533952
319.0,0.2889,0.00096754,0.0008960416983597618
320.0,0.2898,0.00096683,0.0008955280661068675
321.0,0.2908,0.00096621,0.0008949542536885886
322.0,0.2918,0.00096554,0.0008943771828970022
323.0,0.2927,0.00096485,0.0008938550461736087
324.0,0.2937,0.00096426,0.0008932718273359058
325.0,0.2947,0.00096369,0.0008926853949701919
326.0,0.2956,0.00096312,0.0008921548708266953
327.0,0.2966,0.00096253,0.0008915623744718916
328.0,0.2975,0.0009619,0.0008910264170807871
329.0,0.2985,0.00096129,0.0008904279105899708
330.0,0.2995,0.00096072,0.0008898262621821368
331.0,0.3004,0.00096012,0.0008892821042821144
332.0,0.3014,0.0009594,0.0008886745261333112
333.0,0.3023,0.00095875,0.0008881250547547584
334.0,0.3033,0.00095809,0.0008875115983892126
335.0,0.3043,0.00095742,0.000886895068620684
336.0,0.3052,0.00095687,0.0008863375755608587
337.0,0.3062,0.0009563,0.0008857152445191917
338.0,0.3071,0.00095574,0.0008851525526078625
339.0,0.3081,0.00095515,0.0008845244696212182
340.0,0.309,0.00095453,0.0008839566228759193
341.0,0.31,0.00095385,0.0008833228364377142
342.0,0.3109,0.00095313,0.0008827498781332011
343.0,0.3119,0.0009524,0.0008821104359208369
344.0,0.3128,0.00095153,0.0008815324086056974
345.0,0.3138,0.00095079,0.0008808873574987497
346.0,0.3148,0.0009501,0.0008802393729071923
347.0,0.3157,0.0009494,0.0008796536891094236
348.0,0.3166,0.00094885,0.0008790656485943299
349.0,0.3176,0.00094814,0.000878409517233473
350.0,0.3185,0.00094734,0.0008778165311555547
351.0,0.3195,0.00094657,0.0008771549269260622
352.0,0.3204,0.00094568,0.0008765570350860382
353.0,0.3214,0.00094477,0.0008758900018479096
354.0,0.3223,0.00094388,0.0008752872433965427
355.0,0.3233,0.00094302,0.0008746148242954246
356.0,0.3242,0.00094208,0.0008740072377475014
357.0,0.3252,0.00094126,0.0008733294752300033
358.0,0.3261,0.00094047,0.0008727170984779264
359.0,0.327,0.00093962,0.0008721024657315727
360.0,0.328,0.00093894,0.0008714169046335183
361.0,0.3289,0.00093819,0.0008707975364178213
362.0,0.3299,0.00093745,0.000870106733994002
363.0,0.3308,0.00093675,0.0008694826667178052
364.0,0.3317,0.00093597,0.0008688563861118344
365.0,0.3327,0.00093514,0.000868157932593858
366.0,0.3336,0.00093429,0.0008675270055324542
367.0,0.3345,0.00093344,0.0008668938897687099
368.0,0.3355,0.00093247,0.0008661878702907975
369.0,0.3364,0.00093153,0.0008655501594595208
370.0,0.3373,0.00093056,0.0008649102839855713
371.0,0.3383,0.00092959,0.0008641967817192016
372.0,0.3392,0.00092874,0.00086355236138514
373.0,0.3401,0.00092784,0.0008629057999173396
374.0,0.341,0.00092688,0.0008622571047579922
375.0,0.342,0.00092593,0.0008615338388644188
376.0,0.3429,0.00092506,0.0008608806634395366
377.0,0.3438,0.00092412,0.0008602253771292944
378.0,0.3447,0.00092313,0.0008595679871544301
379.0,0.3457,0.00092211,0.0008588350953047769
380.0,0.3466,0.00092107,0.0008581732877367659
381.0,0.3475,0.00092009,0.0008575093986347209
382.0,0.3484,0.00091916,0.0008568434350064285
383.0,0.3493,0.00091827,0.0008561754038091142
384.0,0.3503,0.00091754,0.0008554307303958969
385.0,0.3512,0.00091674,0.0008547583569530012
386.0,0.3521,0.00091586,0.0008540839372675518
387.0,0.353,0.00091493,0.0008534074780938088
388.0,0.3539,0.00091398,0.0008527289861378232
389.0,0.3548,0.00091301,0.000852048468057882
390.0,0.3558,0.00091207,0.0008512899685789057
391.0,0.3567,0.00091115,0.0008506051947792144
392.0,0.3576,0.00091005,0.0008499184152695222
393.0,0.3585,0.000909,0.0008492296365162955
394.0,0.3594,0.00090793,0.0008485388649404213
395.0,0.3603,0.00090685,0.0008478461069176175
396.0,0.3612,0.00090584,0.0008471513687788416
397.0,0.3621,0.00090481,0.0008464546568106913
398.0,0.363,0.00090374,0.0008457559772558032
399.0,0.3639,0.00090269,0.0008450553363132447
400.0,0.3648,0.0009018,0.0008443527401389024
401.0,0.3657,0.00090079,0.0008436481948458654
402.0,0.3666,0.00089973,0.0008429417065048045
403.0,0.3675,0.00089868,0.0008422332811443468
404.0,0.3684,0.00089764,0.0008415229247514452
405.0,0.3693,0.00089654,0.0008408106432717454
406.0,0.3702,0.00089546,0.0008400964426099466
407.0,0.3711,0.0008944,0.0008393803286301589
408.0,0.372,0.0008933,0.0008386623071562576
409.0,0.3729,0.00089225,0.0008379423839722309
410.0,0.3738,0.00089123,0.000837220564822526
411.0,0.3747,0.00089027,0.0008364968554123901
412.0,0.3756,0.0008893,0.0008357712614082076
413.0,0.3765,0.00088825,0.0008350437884378334
414.0,0.3773,0.00088719,0.0008343955729133884
415.0,0.3782,0.0008861,0.0008336645660048148
416.0,0.3791,0.00088496,0.0008329316961748675
417.0,0.38,0.00088384,0.0008321969689046639
418.0,0.3809,0.00088271,0.0008314603896383679
419.0,0.3818,0.0008816,0.0008307219637835019
420.0,0.3826,0.00088049,0.0008300640393662909
421.0,0.3835,0.00087938,0.0008293221401363841
422.0,0.3844,0.00087829,0.0008285784097366172
423.0,0.3853,0.00087721,0.0008278328534349151
424.0,0.3862,0.00087619,0.0008270854764640341
425.0,0.387,0.0008751,0.000826419617118607
426.0,0.3879,0.00087402,0.0008256688152598494
427.0,0.3888,0.00087294,0.000824916207653875
428.0,0.3897,0.00087176,0.0008241617993994203
429.0,0.3905,0.00087059,0.0008234897067241725
430.0,0.3914,0.00086944,0.000822731911036947
431.0,0.3923,0.00086828,0.0008219723292421877
432.0,0.3931,0.00086696,0.0008212956499940165
433.0,0.394,0.00086571,0.0008205327079713571
434.0,0.3949,0.00086449,0.0008197679941068292
435.0,0.3957,0.0008633,0.0008190867649191373
436.0,0.3966,0.00086212,0.0008183187175176734
437.0,0.3975,0.00086092,0.0008175489122711061
438.0,0.3983,0.00085976,0.0008168631690867688
439.0,0.3992,0.00085863,0.0008160900564921873
440.0,0.4,0.0008576,0.0008154013809587919
441.0,0.4009,0.00085655,0.0008146249778737899
442.0,0.4017,0.00085548,0.0008139333848836998
443.0,0.4026,0.00085442,0.0008131537079592912
444.0,0.4035,0.00085344,0.0008123723044972648
445.0,0.4043,0.00085237,0.000811676277906299
446.0,0.4052,0.00085129,0.0008108916256785039
447.0,0.406,0.0008502,0.000810192718492354
448.0,0.4069,0.00084899,0.0008094048336408259
449.0,0.4077,0.00084781,0.0008087030601205162
450.0,0.4086,0.00084665,0.0008079119585912593
451.0,0.4094,0.00084549,0.0008072073328248397
452.0,0.4102,0.00084427,0.0008065013696510455
453.0,0.4111,0.00084309,0.0008057055662757374
454.0,0.4119,0.00084193,0.0008049967712645902
455.0,0.4128,0.00084077,0.0008041977897852389
456.0,0.4136,0.00083963,0.0008034861766080988
457.0,0.4145,0.00083849,0.0008026840323121428
458.0,0.4153,0.00083736,0.0008019696144758974
459.0,0.4161,0.00083625,0.000801253881427449
460.0,0.417,0.00083515,0.0008004471133164731
461.0,0.4178,0.00083402,0.0007997285951781175
462.0,0.4186,0.00083285,0.000799008770955328
463.0,0.4195,0.00083167,0.000798197411119603
464.0,0.4203,0.00083045,0.0007974748210327333
465.0,0.4211,0.00082915,0.0007967509338292872
466.0,0.422,0.00082788,0.0007959350137968798
467.0,0.4228,0.00082666,0.0007952083796188673
468.0,0.4236,0.00082546,0.0007944804571354976
469.0,0.4244,0.00082432,0.0007937512491338
470.0,0.4253,0.00082314,0.0007929293569859011
471.0,0.4261,0.00082197,0.0007921974264404253
472.0,0.4269,0.00082088,0.0007914642189859316
473.0,0.4277,0.0008197,0.0007907297373457025
474.0,0.4285,0.0008185,0.0007899939842278201
475.0,0.4294,0.0008173,0.0007891647455095624
476.0,0.4302,0.00081596,0.000788426299424525
477.0,0.431,0.00081465,0.000787686590227696
478.0,0.4318,0.0008133,0.0007869456205654813
479.0,0.4326,0.00081195,0.0007862033930695778
480.0,0.4334,0.00081069,0.0007854599103570663
481.0,0.4342,0.00080946,0.0007847151750305045
482.0,0.435,0.00080819,0.0007839691896780166
483.0,0.4359,0.00080688,0.00078312846518896
484.0,0.4367,0.00080584,0.0007823798320594018
485.0,0.4375,0.00080476,0.0007816299568997789
486.0,0.4383,0.00080357,0.0007808788422396306
487.0,0.4391,0.00080236,0.0007801264905945198
488.0,0.4399,0.00080113,0.0007793729044661181
489.0,0.4407,0.00079986,0.0007786180863422925
490.0,0.4415,0.0007986,0.0007778620386971905
491.0,0.4423,0.0007974,0.0007771047639913235
492.0,0.4431,0.00079609,0.0007763462646716502
493.0,0.4439,0.00079485,0.0007755865431716603
494.0,0.4447,0.00079359,0.0007748256019114547
495.0,0.4454,0.00079233,0.0007741587796166084
496.0,0.4462,0.00079121,0.0007733955577826625
497.0,0.447,0.00079004,0.0007726311230724489
498.0,0.4478,0.00078884,0.0007718654778549509
499.0,0.4486,0.00078763,0.0007710986244861527
500.0,0.4494,0.00078639,0.0007703305653091173
501.0,0.4502,0.00078517,0.0007695613026540635
502.0,0.451,0.00078398,0.0007687908388384413
503.0,0.4517,0.00078285,0.0007681156994849002
504.0,0.4525,0.00078158,0.0007673429896953363
505.0,0.4533,0.00078033,0.0007665690853374354
506.0,0.4541,0.00077915,0.0007657939886798807
507.0,0.4549,0.00077801,0.0007650177019789497
508.0,0.4556,0.00077677,0.0007643374766725186
509.0,0.4564,0.00077555,0.0007635589646787498
510.0,0.4572,0.0007743,0.0007627792690599542
511.0,0.458,0.00077306,0.0007619983920250179
512.0,0.4587,0.00077184,0.0007613141572163129
513.0,0.4595,0.00077061,0.0007605310709378208
514.0,0.4603,0.00076939,0.0007597468095268058
515.0,0.4611,0.00076817,0.0007589613751458117
516.0,0.4618,0.00076696,0.0007582731595515709
517.0,0.4626,0.00076573,0.0007574855316395943
518.0,0.4634,0.00076447,0.0007566967369094968
519.0,0.4641,0.00076318,0.000756005586029871
520.0,0.4649,0.0007619,0.000755214609213293
521.0,0.4656,0.00076055,0.0007545215522397312
522.0,0.4664,0.00075922,0.0007537284007042112
523.0,0.4672,0.00075795,0.0007529340923051435
524.0,0.4679,0.00075664,0.0007522381250883951
525.0,0.4687,0.00075539,0.0007514416531217597
526.0,0.4694,0.0007542,0.0007507437959323718
527.0,0.4702,0.00075296,0.0007499451675770635
528.0,0.4709,0.00075185,0.0007492454266645004
529.0,0.4717,0.00075071,0.0007484446490263074
530.0,0.4724,0.00074951,0.0007477430305763955
531.0,0.4732,0.00074827,0.0007469401106887506
532.0,0.4739,0.00074714,0.0007462366208243287
533.0,0.4747,0.00074602,0.0007454315656490467
534.0,0.4754,0.00074484,0.0007447262104306069
535.0,0.4762,0.00074366,0.0007439190268586106
536.0,0.4769,0.00074257,0.0007432118122849286
537.0,0.4777,0.00074138,0.0007424025071369629
538.0,0.4784,0.00074013,0.0007416934391457172
539.0,0.4791,0.00073885,0.0007409835082412378
540.0,0.4799,0.00073747,0.0007401711036414336
541.0,0.4806,0.00073617,0.0007394593279187402
542.0,0.4813,0.00073494,0.0007387466932658004
543.0,0.4821,0.00073373,0.0007379312035205191
544.0,0.4828,0.00073259,0.0007372167325204832
545.0,0.4835,0.00073143,0.0007365014065137795
546.0,0.4843,0.00073031,0.0007356828457159915
547.0,0.485,0.0007292,0.0007349656917069188
548.0,0.4857,0.00072824,0.000734247686556196
549.0,0.4865,0.00072711,0.0007334260685885298
550.0,0.4872,0.00072587,0.000732706243655571
551.0,0.4879,0.00072458,0.0007319855713882483
552.0,0.4886,0.0007233,0.0007312640529859956
553.0,0.4894,0.00072215,0.0007304384259737008
554.0,0.4901,0.00072105,0.0007297150984374344
555.0,0.4908,0.00071995,0.0007289909284986556
556.0,0.4915,0.00071876,0.0007282659173331949
557.0,0.4922,0.00071745,0.0007275400661112508
558.0,0.493,0.00071616,0.0007267094947106861
559.0,0.4937,0.00071488,0.0007259818472821207
560.0,0.4944,0.00071337,0.0007252533634384392
561.0,0.4951,0.00071199,0.0007245240443267636
562.0,0.4958,0.00071066,0.0007237938910887082
563.0,0.4965,0.00070943,0.0007230629048604027
564.0,0.4972,0.00070827,0.0007223310867725158
565.0,0.4979,0.00070711,0.0007215984379502794
566.0,0.4986,0.00070598,0.0007208649595135104
567.0,0.4993,0.00070484,0.0007201306525766344
568.0,0.5001,0.00070369,0.0007192904315813017
569.0,0.5008,0.00070248,0.0007185543530147778
570.0,0.5015,0.00070124,0.0007178174494157828
571.0,0.5022,0.00069992,0.0007170797218766481
572.0,0.5029,0.00069855,0.000716341171484429
573.0,0.5036,0.00069729,0.000715601799320927
574.0,0.5043,0.00069609,0.0007148616064627114
575.0,0.5049,0.00069488,0.0007142265030476363
576.0,0.5056,0.00069375,0.0007134847888805413
577.0,0.5063,0.00069263,0.0007127422570660065
578.0,0.507,0.00069148,0.0007119989086606205
579.0,0.5077,0.00069031,0.0007112547447158433
580.0,0.5084,0.00068918,0.0007105097662780265
581.0,0.5091,0.00068806,0.0007097639743884346
582.0,0.5098,0.00068691,0.000709017370083265
583.0,0.5105,0.00068578,0.0007082699543936685
584.0,0.5112,0.00068468,0.000707521728345769
585.0,0.5118,0.00068355,0.0007068797475283868
586.0,0.5125,0.00068238,0.0007061300192346614
587.0,0.5132,0.00068126,0.0007053794834868973
588.0,0.5139,0.00068024,0.0007046281412920174
589.0,0.5146,0.00067921,0.000703875993652013
590.0,0.5152,0.00067822,0.0007032306553622344
591.0,0.5159,0.00067723,0.000702477014537175
592.0,0.5166,0.00067629,0.0007017225711028258
593.0,0.5173,0.00067523,0.000700967326042338
594.0,0.5179,0.00067414,0.0007003193358460903
595.0,0.5186,0.00067307,0.0006995626046432158
596.0,0.5193,0.00067184,0.000698805074596609
597.0,0.52,0.00067068,0.0006980467466708598
598.0,0.5206,0.00066949,0.0006973961169869583
599.0,0.5213,0.00066833,0.0006966363098285242
600.0,0.522,0.0006672,0.0006958757075207078
601.0,0.5226,0.00066605,0.0006952231305288757
602.0,0.5233,0.00066488,0.000694461054022086
603.0,0.524,0.0006637,0.0006936981850571667
604.0,0.5246,0.00066262,0.000693043667348263
605.0,0.5253,0.00066158,0.000692279329146949
606.0,0.526,0.00066046,0.0006915142011406583
607.0,0.5266,0.00065931,0.0006908577492122343
608.0,0.5273,0.00065821,0.0006900911568617413
609.0,0.5279,0.00065707,0.0006894334511311639
610.0,0.5286,0.00065591,0.0006886653975789956
611.0,0.5292,0.0006547,0.0006880064407273098
612.0,0.5299,0.00065356,0.0006872369290867598
613.0,0.5305,0.00065247,0.0006865767237700371
614.0,0.5312,0.00065138,0.0006858057571253605
615.0,0.5319,0.00065024,0.0006850340082843074
616.0,0.5325,0.00064917,0.0006843718873814669
617.0,0.5332,0.00064808,0.00068359868822503
618.0,0.5338,0.00064699,0.000682935325488442
619.0,0.5344,0.00064587,0.0006822713904657591
620.0,0.5351,0.00064459,0.0006814960770266869
621.0,0.5357,0.00064343,0.0006808309039167776
622.0,0.5364,0.00064233,0.0006800541475239809
623.0,0.537,0.00064127,0.0006793877388604721
624.0,0.5377,0.00064018,0.0006786095424558159
625.0,0.5383,0.00063913,0.0006779419007483138
626.0,0.5389,0.00063805,0.0006772736907834075
627.0,0.5396,0.00063695,0.0006764933949799651
628.0,0.5402,0.00063588,0.0006758239555960526
629.0,0.5408,0.00063481,0.0006751539496161167
630.0,0.5415,0.00063367,0.0006743715605517961
631.0,0.5421,0.00063253,0.0006737003287273101
632.0,0.5427,0.0006314,0.0006730285319449637
633.0,0.5434,0.0006303,0.0006722440556718969
634.0,0.544,0.00062918,0.0006715710365693754
635.0,0.5446,0.00062806,0.0006708974541241443
636.0,0.5453,0.00062702,0.0006701108966094449
637.0,0.5459,0.00062601,0.000669436095318772
638.0,0.5465,0.000625,0.0006687607322777284
639.0,0.5471,0.00062398,0.0006680848079844496
640.0,0.5478,0.00062303,0.0006672955209432681
641.0,0.5484,0.000622,0.0006666183823016555
642.0,0.549,0.0006209,0.0006659406839704289
643.0,0.5496,0.00061981,0.0006652624264383923
644.0,0.5502,0.00061878,0.0006645836101921248
645.0,0.5509,0.00061774,0.0006637909523981696
646.0,0.5515,0.00061669,0.0006631109272630767
647.0,0.5521,0.00061564,0.0006624303449399788
648.0,0.5527,0.00061478,0.0006617492059062492
649.0,0.5533,0.00061385,0.000661067510637066
650.0,0.5539,0.0006129,0.000660385259605419
651.0,0.5546,0.00061189,0.0006595885982744772
652.0,0.5552,0.00061095,0.0006589051447030444
653.0,0.5558,0.00061004,0.000658221136852568
654.0,0.5564,0.00060914,0.000657536575186975
655.0,0.557,0.00060819,0.000656851460168032
656.0,0.5576,0.00060702,0.0006561657922553502
657.0,0.5582,0.00060583,0.0006554795719063898
658.0,0.5588,0.00060469,0.0006547927995764671
659.0,0.5594,0.00060361,0.0006541054757187576
660.0,0.56,0.00060234,0.0006534176007843029
661.0,0.5606,0.00060123,0.0006527291752220154
662.0,0.5612,0.00060019,0.0006520401994786822
663.0,0.5618,0.00059918,0.000651350673998972
664.0,0.5624,0.00059833,0.0006506605992254384
665.0,0.563,0.00059737,0.0006499699755985266
666.0,0.5636,0.00059647,0.0006492788035565764
667.0,0.5642,0.00059553,0.0006485870835358286
668.0,0.5648,0.00059447,0.0006478948159704296
669.0,0.5654,0.00059345,0.000647202001292435
670.0,0.566,0.00059245,0.000646508639931816
671.0,0.5666,0.00059143,0.0006458147323164633
672.0,0.5672,0.00059034,0.0006451202788721915
673.0,0.5678,0.00058927,0.0006444252800227445
674.0,0.5684,0.0005882,0.0006437297361897992
675.0,0.5689,0.00058717,0.0006431497003249663
676.0,0.5695,0.00058613,0.0006424531584439574
677.0,0.5701,0.00058507,0.0006417560727630198
678.0,0.5707,0.00058402,0.0006410584436959512
679.0,0.5713,0.00058296,0.0006403602716545039
680.0,0.5719,0.00058193,0.0006396615570483902
681.0,0.5724,0.00058087,0.0006390788807116876
682.0,0.573,0.00057979,0.0006383791724610443
683.0,0.5736,0.0005787,0.0006376789227955419
684.0,0.5742,0.00057773,0.0006369781321171107
685.0,0.5748,0.00057677,0.000636276800825661
686.0,0.5753,0.00057579,0.0006356919454016292
687.0,0.5759,0.00057482,0.00063498962401828
688.0,0.5765,0.00057398,0.0006342867631440567
689.0,0.5771,0.00057309,0.0006335833631711648
690.0,0.5776,0.00057222,0.0006329967849971784
691.0,0.5782,0.00057138,0.0006322923976887347
692.0,0.5788,0.00057057,0.00063158747238202
693.0,0.5793,0.00056967,0.0006309996239330224
694.0,0.5799,0.00056875,0.0006302937132934952
695.0,0.5805,0.00056784,0.0006295872657401255
696.0,0.5811,0.00056701,0.0006288802816518564
697.0,0.5816,0.00056615,0.0006282907186639408
698.0,0.5822,0.00056523,0.0006275827519060049
699.0,0.5827,0.00056429,0.0006269923705508756
700.0,0.5833,0.00056333,0.0006262834223781726
701.0,0.5839,0.00056229,0.0006255739394129214
702.0,0.5844,0.00056127,0.0006249822953518695
703.0,0.585,0.00056025,0.0006242718328874661
704.0,0.5856,0.00055909,0.0006235608366675459
705.0,0.5861,0.00055805,0.0006229679323491252
706.0,0.5867,0.00055706,0.0006222559585169273
707.0,0.5872,0.00055602,0.0006216622400252546
708.0,0.5878,0.00055512,0.0006209492897864508
709.0,0.5883,0.00055414,0.0006203547581212754
710.0,0.5889,0.00055317,0.0006196408326696023
711.0,0.5894,0.0005522,0.0006190454888207436
712.0,0.59,0.00055129,0.0006183305893380395
713.0,0.5905,0.0005504,0.0006177344342854166
714.0,0.5911,0.00054943,0.000617018561941659
715.0,0.5916,0.00054842,0.0006164215966553215
716.0,0.5922,0.00054752,0.0006157047526086612
717.0,0.5927,0.00054657,0.0006151069780488184
718.0,0.5933,0.00054554,0.0006143891634456149
719.0,0.5938,0.00054447,0.0006137905805626644
720.0,0.5944,0.0005434,0.0006130717965375206
721.0,0.5949,0.00054238,0.0006124724062720759
722.0,0.5955,0.00054145,0.0006117526539478708
723.0,0.596,0.00054057,0.0006111524572307895
724.0,0.5965,0.00053978,0.0006105518942498713
725.0,0.5971,0.00053888,0.0006098307354711213
726.0,0.5976,0.00053791,0.0006092293673751804
727.0,0.5982,0.00053693,0.0006085072430040248
728.0,0.5987,0.00053602,0.0006079050707000844
729.0,0.5992,0.00053509,0.0006073025331442803
730.0,0.5998,0.00053415,0.0006065790062045649
731.0,0.6003,0.00053325,0.0006059756657428195
732.0,0.6008,0.0005324,0.0006053719606164195
733.0,0.6014,0.00053154,0.0006046470333630324
734.0,0.6019,0.00053068,0.0006040425266123742
735.0,0.6024,0.00052981,0.0006034376557750257
736.0,0.603,0.00052889,0.0006027113304273557
737.0,0.6035,0.00052793,0.0006021056592271297
738.0,0.604,0.00052702,0.0006014996245089662
739.0,0.6045,0.00052613,0.0006008932264487156
740.0,0.6051,0.00052509,0.0006001650694111344
741.0,0.6056,0.00052411,0.0005995578726128754
742.0,0.6061,0.00052318,0.0005989503130292384
743.0,0.6066,0.00052232,0.0005983423908323182
744.0,0.6072,0.00052146,0.0005976124057874722
745.0,0.6077,0.00052058,0.0005970036864427109
746.0,0.6082,0.00051974,0.0005963946050293827
747.0,0.6087,0.00051893,0.0005957851617158421
748.0,0.6092,0.00051821,0.0005951753566695565
749.0,0.6098,0.00051746,0.0005944431133612715
750.0,0.6103,0.00051666,0.0005938325130880578
751.0,0.6108,0.00051583,0.0005932215516120327
752.0,0.6113,0.00051499,0.0005926102290969415
753.0,0.6118,0.00051406,0.0005919985457056445
754.0,0.6123,0.00051314,0.0005913865016001187
755.0,0.6128,0.00051224,0.0005907740969414586
756.0,0.6134,0.00051118,0.0005900387356464468
757.0,0.6139,0.00051028,0.0005894255383335989
758.0,0.6144,0.00050944,0.0005888119809771959
759.0,0.6149,0.00050858,0.0005881980637346324
760.0,0.6154,0.00050777,0.000587583786762425
761.0,0.6159,0.00050694,0.0005869691502162108
762.0,0.6164,0.00050612,0.0005863541542507502
763.0,0.6169,0.0005053,0.0005857387990199256
764.0,0.6174,0.00050442,0.0005851230846767439
765.0,0.6179,0.00050359,0.0005845070113733356
766.0,0.6184,0.00050278,0.0005838905792609565
767.0,0.6189,0.00050198,0.0005832737884899871
768.0,0.6194,0.00050127,0.0005826566392099351
769.0,0.6199,0.00050048,0.0005820391315694333
770.0,0.6204,0.00049966,0.000581421265716243
771.0,0.6209,0.00049879,0.0005808030417972523
772.0,0.6214,0.00049795,0.0005801844599584781
773.0,0.6219,0.00049717,0.0005795655203450657
774.0,0.6224,0.00049636,0.0005789462231012902
775.0,0.6229,0.0004955,0.0005783265683705555
776.0,0.6234,0.0004946,0.0005777065562953969
777.0,0.6239,0.00049375,0.0005770861870174797
778.0,0.6244,0.00049292,0.0005764654606776013
779.0,0.6249,0.0004921,0.0005758443774156895
780.0,0.6254,0.00049122,0.0005752229373708053
781.0,0.6259,0.00049035,0.000574601140681142
782.0,0.6264,0.00048951,0.0005739789874840257
783.0,0.6269,0.00048867,0.000573356477915916
784.0,0.6273,0.00048786,0.0005728582137654609
785.0,0.6278,0.00048706,0.0005722350630706767
786.0,0.6283,0.00048619,0.000571611556382379
787.0,0.6288,0.00048526,0.0005709876938337379
788.0,0.6293,0.00048438,0.0005703634755570587
789.0,0.6298,0.00048345,0.0005697389016837821
790.0,0.6303,0.00048248,0.0005691139723444847
791.0,0.6307,0.00048156,0.0005686137730247078
792.0,0.6312,0.00048069,0.0005679882041728691
793.0,0.6317,0.0004799,0.0005673622802160295
794.0,0.6322,0.00047913,0.000566736001281485
795.0,0.6327,0.00047835,0.0005661093674956681
796.0,0.6331,0.00047762,0.0005656078050585109
797.0,0.6336,0.00047679,0.0005649805328562621
798.0,0.6341,0.00047599,0.0005643529061521661
799.0,0.6346,0.00047524,0.0005637249250693788
800.0,0.635,0.00047439,0.000563222285132703
801.0,0.6355,0.00047354,0.0005625936664758772
802.0,0.636,0.00047269,0.0005619646937806163
803.0,0.6365,0.00047187,0.000561335367166804
804.0,0.6369,0.00047106,0.000560831651134409
805.0,0.6374,0.00047025,0.0005602016877665629
806.0,0.6379,0.00046954,0.0005595713708112594
807.0,0.6383,0.00046885,0.0005590668627424406
808.0,0.6388,0.00046808,0.0005584359096230009
809.0,0.6393,0.00046733,0.0005578046032404522
810.0,0.6397,0.0004666,0.0005572993038617485
811.0,0.6402,0.00046593,0.0005566673618928194
812.0,0.6407,0.00046527,0.0005560350669783843
813.0,0.6411,0.00046453,0.0005555289770012279
814.0,0.6416,0.00046369,0.0005548960470660298
815.0,0.6421,0.00046285,0.0005542627644961869
816.0,0.6425,0.00046207,0.0005537558846169056
817.0,0.643,0.00046136,0.000553121967579781
818.0,0.6434,0.00046064,0.0005526145802669551
819.0,0.6439,0.00045992,0.0005519800291119501
820.0,0.6444,0.00045941,0.0005513451258183637
821.0,0.6448,0.00045887,0.000550836949714595
822.0,0.6453,0.00045826,0.0005502014128366727
823.0,0.6457,0.00045765,0.0005496927300005888
824.0,0.6462,0.00045698,0.000549056559874914
825.0,0.6467,0.0004563,0.0005484200380885234
826.0,0.6471,0.00045561,0.0005479105675319158
827.0,0.6476,0.00045489,0.0005472734130113759
828.0,0.648,0.00045385,0.0005467634363974738
829.0,0.6485,0.00045292,0.0005461256494665463
830.0,0.6489,0.00045214,0.0005456151670523514
831.0,0.6494,0.00045142,0.000544976748029778
832.0,0.6498,0.00045061,0.0005444657600682755
833.0,0.6503,0.00044986,0.0005438267092677772
834.0,0.6507,0.00044911,0.0005433152160079348
835.0,0.6512,0.00044836,0.0005426755337382089
836.0,0.6516,0.00044773,0.0005421635354249751
837.0,0.6521,0.00044701,0.0005415232219896944
838.0,0.6525,0.0004462,0.0005410107188639963
839.0,0.653,0.00044537,0.0005403697745618063
840.0,0.6534,0.00044453,0.0005398567668605485
841.0,0.6539,0.0004437,0.0005392151919850641
842.0,0.6543,0.0004428,0.000538701679941126
843.0,0.6547,0.00044186,0.0005381879438185837
844.0,0.6552,0.00044096,0.0005375454586231633
845.0,0.6556,0.00044014,0.0005370312184872107
846.0,0.6561,0.00043934,0.0005363881034150281
847.0,0.6565,0.00043855,0.0005358733594886954
848.0,0.6569,0.00043788,0.0005353583917260616
849.0,0.6574,0.00043718,0.0005347143673182995
850.0,0.6578,0.00043645,0.0005341988960803169
851.0,0.6583,0.00043574,0.0005335542424622035
852.0,0.6587,0.00043503,0.0005330382679620352
853.0,0.6591,0.00043428,0.0005325220698571497
854.0,0.6596,0.00043356,0.0005318765078442654
855.0,0.66,0.00043288,0.0005313598067779596
856.0,0.6604,0.00043221,0.0005308428822387347
857.0,0.6609,0.00043157,0.0005301964123665065
858.0,0.6613,0.00043097,0.0005296789851581825
859.0,0.6617,0.00043037,0.0005291613346049812
860.0,0.6621,0.00042988,0.000528643460745544
861.0,0.6626,0.00042924,0.0005279958044551444
862.0,0.663,0.00042856,0.0005274774282961129
863.0,0.6634,0.00042786,0.0005269588289539683
864.0,0.6639,0.00042712,0.0005263102659815595
865.0,0.6643,0.00042642,0.0005257911646126082
866.0,0.6647,0.00042575,0.0005252718401798974
867.0,0.6651,0.00042509,0.0005247522927193922
868.0,0.6656,0.00042446,0.0005241025448151367
869.0,0.666,0.00042377,0.000523582495671739
870.0,0.6664,0.00042305,0.0005230622236149626
871.0,0.6668,0.00042238,0.0005225417286792513
872.0,0.6673,0.00042177,0.0005218907966380026
873.0,0.6677,0.00042117,0.0005213698003487659
874.0,0.6681,0.00042056,0.0005208485812900597
875.0,0.6685,0.00041993,0.0005203271394948027
876.0,0.6689,0.00041927,0.0005198054749955544
877.0,0.6694,0.00041855,0.0005191530812430261
878.0,0.6698,0.0004179,0.0005186309157769791
879.0,0.6702,0.00041728,0.000518108527710273
880.0,0.6706,0.0004165,0.0005175859170739378
881.0,0.671,0.00041578,0.0005170630838986411
882.0,0.6714,0.00041515,0.0005165400282146911
883.0,0.6719,0.00041454,0.0005158858957525461
884.0,0.6723,0.00041386,0.0005153623395330659
885.0,0.6727,0.00041313,0.0005148385609009357
886.0,0.6731,0.00041244,0.000514314559884926
887.0,0.6735,0.00041174,0.0005137903365134451
888.0,0.6739,0.00041085,0.0005132658908145386
889.0,0.6743,0.0004101,0.0005127412228158897
890.0,0.6747,0.00040937,0.0005122163325448177
891.0,0.6752,0.00040867,0.000511559907176414
892.0,0.6756,0.00040801,0.0005110345168903947
893.0,0.676,0.00040732,0.000510508904418229
894.0,0.6764,0.00040658,0.0005099830697856907
895.0,0.6768,0.00040584,0.0005094570130181873
896.0,0.6772,0.00040522,0.000508930734140762
897.0,0.6776,0.00040464,0.0005084042331780929
898.0,0.678,0.00040402,0.0005078775101544916
899.0,0.6784,0.00040337,0.0005073505650939042
900.0,0.6788,0.00040279,0.0005068233980199108
901.0,0.6792,0.00040221,0.0005062960089557238
902.0,0.6796,0.00040165,0.0005057683979241898
903.0,0.68,0.00040106,0.0005052405649477871
904.0,0.6804,0.00040033,0.0005047125100486271
905.0,0.6808,0.00039972,0.0005041842332484524
906.0,0.6812,0.00039921,0.0005036557345686375
907.0,0.6816,0.00039871,0.0005031270140301886
908.0,0.682,0.00039819,0.000502598071653742
909.0,0.6824,0.00039767,0.0005020689074595653
910.0,0.6828,0.00039714,0.0005015395214675556
911.0,0.6832,0.00039659,0.00050100991369724
912.0,0.6836,0.00039591,0.0005004800841677753
913.0,0.684,0.00039526,0.0004999500328979466
914.0,0.6844,0.00039465,0.0004994197599061687
915.0,0.6848,0.00039397,0.0004988892652104834
916.0,0.6852,0.00039312,0.0004983585488285611
917.0,0.6856,0.0003924,0.0004978276107776995
918.0,0.686,0.0003917,0.0004972964510748232
919.0,0.6863,0.00039099,0.0004968979358485019
920.0,0.6867,0.00039035,0.0004963663882942015
921.0,0.6871,0.00038973,0.0004958346191325025
922.0,0.6875,0.00038913,0.0004953026283789274
923.0,0.6879,0.00038857,0.0004947704160486233
924.0,0.6883,0.00038807,0.000494237982156362
925.0,0.6887,0.00038753,0.0004937053267165398
926.0,0.6891,0.00038699,0.0004931724497431761
927.0,0.6895,0.00038642,0.0004926393512499141
928.0,0.6898,0.0003857,0.0004922393820155288
929.0,0.6902,0.00038497,0.0004917058958941382
930.0,0.6906,0.00038428,0.0004911721882884213
931.0,0.691,0.00038362,0.0004906382592106041
932.0,0.6914,0.00038276,0.0004901041086725336
933.0,0.6918,0.000382,0.0004895697366856779
934.0,0.6921,0.0003813,0.0004891688123764548
935.0,0.6925,0.00038063,0.0004886340528806762
936.0,0.6929,0.00037999,0.0004880990719656884
937.0,0.6933,0.00037929,0.00048756386964153185
938.0,0.6937,0.00037861,0.0004870284459178659
939.0,0.694,0.00037806,0.0004866267328372833
940.0,0.6944,0.00037757,0.00048609092168656724
941.0,0.6948,0.00037707,0.00048555488916093154
942.0,0.6952,0.00037654,0.00048501863526859867
943.0,0.6956,0.00037601,0.00048448216001740775
944.0,0.6959,0.0003757,0.00048407965831676243
945.0,0.6963,0.00037534,0.0004835427957052742
946.0,0.6967,0.00037495,0.00048300571175449914
947.0,0.6971,0.00037449,0.0004824684064708306
948.0,0.6974,0.00037394,0.0004820652822619958
949.0,0.6978,0.00037334,0.0004815275896599844
950.0,0.6982,0.00037275,0.00048098967574066554
951.0,0.6985,0.0003722,0.0004805860950646801
952.0,0.6989,0.00037156,0.00048004779385172735
953.0,0.6993,0.000371,0.00047950927133411694
954.0,0.6997,0.00037043,0.00047897052751571904
955.0,0.7,0.00036987,0.0004785663244253864
956.0,0.7004,0.0003695,0.00047802719333874677
957.0,0.7008,0.00036902,0.0004774878409599464
958.0,0.7011,0.00036846,0.0004770831814543258
959.0,0.7015,0.00036784,0.0004765434418197891
960.0,0.7019,0.00036718,0.00047600348089875394
961.0,0.7022,0.00036655,0.0004755983649895224
962.0,0.7026,0.00036589,0.00047505801682005717
963.0,0.703,0.00036522,0.0004745174473667782
964.0,0.7033,0.0003646,0.00047411187505947246
965.0,0.7037,0.00036408,0.00047357091835984805
966.0,0.7041,0.0003636,0.00047302974037610426
967.0,0.7044,0.00036314,0.0004726237116700937
968.0,0.7048,0.00036269,0.0004720821464368447
969.0,0.7052,0.00036212,0.0004715403599161675
970.0,0.7055,0.00036153,0.0004711338748046266
971.0,0.7059,0.00036092,0.00047059170102601655
972.0,0.7062,0.00036012,0.00047018492546819276
973.0,0.7066,0.00035943,0.0004696423644235329
974.0,0.707,0.0003588,0.0004690995820795162
975.0,0.7073,0.00035826,0.0004686923500915575
976.0,0.7077,0.00035776,0.0004681491804643911
977.0,0.708,0.00035726,0.0004677416580091614
978.0,0.7084,0.00035668,0.00046719810108518845
979.0,0.7087,0.00035606,0.0004667902881516336
980.0,0.7091,0.00035542,0.00046624634391503195
981.0,0.7095,0.00035481,0.00046570217834898805
982.0,0.7098,0.00035421,0.0004652939089232452
983.0,0.7102,0.0003536,0.0004647493560153162
984.0,0.7105,0.00035299,0.00046434079607534057
985.0,0.7109,0.00035251,0.00046379585580410377
986.0,0.7112,0.00035204,0.00046338700533300753
987.0,0.7116,0.00035148,0.0004628416776748496
988.0,0.7119,0.00035107,0.0004624325366540997
989.0,0.7123,0.00035062,0.00046188682158321
990.0,0.7126,0.00035016,0.00046147738999262284
991.0,0.713,0.00034964,0.000460931287480987
992.0,0.7133,0.00034895,0.0004605215652987228
993.0,0.7137,0.00034831,0.00045997507531611435
994.0,0.714,0.0003477,0.00045956506251867204
995.0,0.7144,0.00034711,0.00045901818503264584
996.0,0.7147,0.00034641,0.0004586078815948577
997.0,0.7151,0.00034575,0.0004580606165707425
998.0,0.7154,0.00034516,0.00045765002246576757
999.0,0.7158,0.00034466,0.000457102369866658
1000.0,0.7161,0.0003443,0.000456691485065978
1001.0,0.7164,0.00034393,0.00045628047567227673
1002.0,0.7168,0.0003435,0.0004557322693261391
1003.0,0.7171,0.00034309,0.0004553209691930689
1004.0,0.7175,0.00034277,0.0004547723751729623
1005.0,0.7178,0.00034233,0.0004543607842679044
1006.0,0.7182,0.00034184,0.00045381180252920643
1007.0,0.7185,0.00034125,0.0004533999208178436
1008.0,0.7188,0.00034057,0.00045298791446428003
1009.0,0.7192,0.00034003,0.0004524383787599737
1010.0,0.7195,0.00033953,0.0004520260815481227
1011.0,0.7199,0.00033903,0.00045147615800739425
1012.0,0.7202,0.00033859,0.0004510635698987891
1013.0,0.7205,0.00033809,0.00045065085710794465
1014.0,0.7209,0.00033756,0.0004501003794236577
1015.0,0.7212,0.00033702,0.00044968737567812174
1016.0,0.7215,0.00033646,0.0004492742472247614
1017.0,0.7219,0.00033588,0.00044872321528320293
1018.0,0.7222,0.0003353,0.00044830979581368603
1019.0,0.7226,0.00033476,0.0004477583758207715
1020.0,0.7229,0.0003343,0.00044734466528996317
1021.0,0.7232,0.00033383,0.0004469308300043525
1022.0,0.7236,0.00033335,0.00044637885554537244
1023.0,0.7239,0.00033284,0.0004459647291309644
1024.0,0.7242,0.00033242,0.0004455504779320569
1025.0,0.7246,0.00033199,0.0004449979488750229
1026.0,0.7249,0.00033152,0.0004445834064762324
1027.0,0.7252,0.00033104,0.00044416873926170713
1028.0,0.7255,0.00033043,0.0004437539472217749
1029.0,0.7259,0.00032984,0.00044320069697869935
1030.0,0.7262,0.00032926,0.0004427856136410881
1031.0,0.7265,0.00032868,0.0004423704054448217
1032.0,0.7269,0.00032811,0.0004418166002741073
1033.0,0.7272,0.00032764,0.00044140110070076626
1034.0,0.7275,0.00032715,0.0004409854762339631
1035.0,0.7278,0.0003267,0.0004405697268629507
1036.0,0.7282,0.00032647,0.0004400152000539904
1037.0,0.7285,0.00032612,0.0004395991591972333
1038.0,0.7288,0.00032574,0.0004391829933994203
1039.0,0.7291,0.00032536,0.00043876670264918986
1040.0,0.7295,0.00032491,0.0004382114539252181
1041.0,0.7298,0.00032442,0.0004377948715743627
1042.0,0.7301,0.00032394,0.00043737816423218795
1043.0,0.7304,0.00032342,0.00043696133188671324
1044.0,0.7308,0.00032276,0.00043640536095552714
1045.0,0.7311,0.00032214,0.0004359882368882886
1046.0,0.7314,0.00032161,0.00043557098777677686
1047.0,0.7317,0.0003211,0.00043515361360838803
1048.0,0.7321,0.00032065,0.00043459692016222635
1049.0,0.7324,0.0003202,0.0004341792541446267
1050.0,0.7327,0.00031974,0.00043376146302708896
1051.0,0.733,0.00031923,0.0004333435467963798
1052.0,0.7333,0.0003188,0.0004329255054391202
1053.0,0.7337,0.00031825,0.0004323679222980752
1054.0,0.734,0.00031768,0.0004319495889260137
1055.0,0.7343,0.00031713,0.0004315311303817481
1056.0,0.7346,0.00031651,0.0004311125466512643
1057.0,0.7349,0.00031603,0.00043069383772040087
1058.0,0.7352,0.00031558,0.00043027500357484873
1059.0,0.7356,0.00031514,0.00042971636324403247
1060.0,0.7359,0.0003148,0.0004292972368743957
1061.0,0.7362,0.00031437,0.0004288779852413036
1062.0,0.7365,0.00031387,0.0004284586083298042
1063.0,0.7368,0.0003133,0.0004280391061247966
1064.0,0.7371,0.00031268,0.0004276194786110303
1065.0,0.7374,0.00031215,0.0004271997257731049
1066.0,0.7377,0.00031165,0.0004267798475954704
1067.0,0.7381,0.0003112,0.0004262198150252517
1068.0,0.7384,0.00031092,0.00042579964432697793
1069.0,0.7387,0.0003105,0.00042537934823607353
1070.0,0.739,0.00031006,0.000424958926736335
1071.0,0.7393,0.00030969,0.0004245383798114071
1072.0,0.7396,0.00030932,0.00042411770744478245
1073.0,0.7399,0.00030885,0.0004236969096198018
1074.0,0.7402,0.00030835,0.000423275986319653
1075.0,0.7405,0.00030784,0.0004228549375273711
1076.0,0.7408,0.00030714,0.0004224337632258383
1077.0,0.7412,0.00030653,0.0004218720022239748
1078.0,0.7415,0.00030598,0.0004214505350000905
1079.0,0.7418,0.00030552,0.00042102894220878527
1080.0,0.7421,0.0003051,0.00042060722383227355
1081.0,0.7424,0.00030466,0.00042018537985261524
1082.0,0.7427,0.00030419,0.00041976341025171473
1083.0,0.743,0.00030369,0.0004193413150113216
1084.0,0.7433,0.00030335,0.0004189190941130289
1085.0,0.7436,0.00030294,0.00041849674753827355
1086.0,0.7439,0.00030245,0.0004180742752683365
1087.0,0.7442,0.00030191,0.00041765167728434157
1088.0,0.7445,0.00030139,0.00041722895356725506
1089.0,0.7448,0.00030094,0.0004168061040978864
1090.0,0.7451,0.0003005,0.0004163831288568869
1091.0,0.7454,0.00030005,0.0004159600278247496
1092.0,0.7457,0.00029968,0.0004155368009818088
1093.0,0.746,0.0002993,0.0004151134483082409
1094.0,0.7463,0.00029888,0.00041468996978406196
1095.0,0.7466,0.00029845,0.00041426636538912894
1096.0,0.7469,0.00029807,0.0004138426351031391
1097.0,0.7472,0.00029765,0.0004134187789056293
1098.0,0.7475,0.00029727,0.00041299479677597525
1099.0,0.7478,0.00029692,0.0004125706886933927
1100.0,0.7481,0.00029661,0.00041214645463693537
1101.0,0.7484,0.00029625,0.00041172209458549536
1102.0,0.7487,0.00029588,0.00041129760851780264
1103.0,0.749,0.00029544,0.0004108729964124254
1104.0,0.7493,0.00029503,0.0004104482582477683
1105.0,0.7496,0.0002946,0.00041002339400207297
1106.0,0.7499,0.00029413,0.0004095984036534182
1107.0,0.7501,0.00029365,0.00040931500668621527
1108.0,0.7504,0.00029316,0.0004088898061168007
1109.0,0.7507,0.00029279,0.00040846447938516604
1110.0,0.751,0.00029237,0.0004080390264687871
1111.0,0.7513,0.00029189,0.0004076134473449741
1112.0,0.7516,0.00029153,0.0004071877419908714
1113.0,0.7519,0.00029111,0.00040676191038345786
1114.0,0.7522,0.00029065,0.0004063359524995456
1115.0,0.7525,0.0002902,0.00040590986831578
1116.0,0.7528,0.00028978,0.00040548365780863877
1117.0,0.7531,0.0002894,0.000405057320954433
1118.0,0.7534,0.00028904,0.0004046308577293052
1119.0,0.7536,0.0002887,0.00040434647869462743
1120.0,0.7539,0.00028847,0.0004039198047978219
1121.0,0.7542,0.00028815,0.0004034930044656501
1122.0,0.7545,0.0002878,0.00040306607767363526
1123.0,0.7548,0.00028743,0.0004026390243971306
1124.0,0.7551,0.00028693,0.0004022118446113194
1125.0,0.7554,0.00028647,0.0004017845382912142
1126.0,0.7557,0.00028597,0.0004013571054116561
1127.0,0.7559,0.00028544,0.00040107207983530876
1128.0,0.7562,0.00028484,0.00040064443596695554
1129.0,0.7565,0.00028429,0.0004002166654712203
1130.0,0.7568,0.00028371,0.00039978876832231337
1131.0,0.7571,0.00028311,0.0003993607444942728
1132.0,0.7574,0.00028273,0.00039893259396096224
1133.0,0.7576,0.00028236,0.0003986470898672864
1134.0,0.7579,0.00028196,0.00039821872809997353
1135.0,0.7582,0.00028152,0.0003977902395568437
1136.0,0.7585,0.00028119,0.0003973616242111213
1137.0,0.7588,0.00028078,0.00039693288203585496
1138.0,0.759,0.00028034,0.0003966469834447645
1139.0,0.7593,0.00027989,0.0003962180298265562
1140.0,0.7596,0.00027935,0.0003957889493060735
1141.0,0.7599,0.00027898,0.0003953597418557182
1142.0,0.7602,0.00027865,0.0003949304074477148
1143.0,0.7604,0.00027832,0.00039464411396322204
1144.0,0.7607,0.00027809,0.00039421456789693064
1145.0,0.761,0.00027776,0.00039378489479805113
1146.0,0.7613,0.00027738,0.00039335509463815296
1147.0,0.7616,0.00027701,0.000392925167388626
1148.0,0.7618,0.00027641,0.0003926384786027154
1149.0,0.7621,0.00027584,0.00039220833947307314
1150.0,0.7624,0.00027531,0.0003917780731766267
1151.0,0.7627,0.00027479,0.0003913476796841031
1152.0,0.7629,0.00027427,0.00039106068001006235
1153.0,0.7632,0.00027387,0.00039063007445853276
1154.0,0.7635,0.00027348,0.00039019934163197535
1155.0,0.7638,0.00027312,0.0003897684815004483
1156.0,0.764,0.00027283,0.00038948117067291147
1157.0,0.7643,0.00027245,0.00038905009829939954
1158.0,0.7646,0.00027205,0.00038861889854017475
1159.0,0.7648,0.00027166,0.0003883313612490724
1160.0,0.7651,0.00027117,0.00038789994911219686
1161.0,0.7654,0.00027079,0.0003874684095075508
1162.0,0.7657,0.00027041,0.00038703674240402167
1163.0,0.7659,0.00027004,0.0003867488934868409
1164.0,0.7662,0.00026982,0.00038631701381552767
1165.0,0.7665,0.00026955,0.00038588500656145123
1166.0,0.7667,0.00026926,0.00038559693083039154
1167.0,0.767,0.00026893,0.0003851647108676181
1168.0,0.7673,0.00026851,0.0003847323632368641
1169.0,0.7675,0.00026808,0.0003844440605404279
1170.0,0.7678,0.00026768,0.0003840115000578279
1171.0,0.7681,0.00026728,0.0003835788118206838
1172.0,0.7683,0.00026669,0.00038329028200497937
1173.0,0.7686,0.00026617,0.00038285738077058825
1174.0,0.7689,0.00026577,0.0003824243516937327
1175.0,0.7691,0.00026548,0.00038213559460245736
1176.0,0.7694,0.00026527,0.00038170235238068495
1177.0,0.7697,0.00026505,0.00038126898222716216
1178.0,0.7699,0.00026474,0.00038097999770158415
1179.0,0.7702,0.00026438,0.0003805464142531891
1180.0,0.7705,0.00026413,0.0003801127027823812
1181.0,0.7707,0.00026383,0.0003798234906613221
1182.0,0.771,0.0002635,0.00037938956574338426
1183.0,0.7713,0.00026318,0.00037895551271098445
1184.0,0.7715,0.00026271,0.0003786660728308011
1185.0,0.7718,0.00026237,0.00037823180619669396
1186.0,0.772,0.00026204,0.0003779422238828551
1187.0,0.7723,0.00026169,0.00037750774354924444
1188.0,0.7726,0.00026136,0.000377073134948608
1189.0,0.7728,0.00026092,0.00037678332460441914
1190.0,0.7731,0.00026046,0.0003763485021458952
1191.0,0.7734,0.00026005,0.00037591355132460697
1192.0,0.7736,0.00025958,0.0003756235127798657
1193.0,0.7739,0.00025923,0.00037518834793994003
1194.0,0.7741,0.00025885,0.0003748981666822976
1195.0,0.7744,0.0002584,0.00037446278772205685
1196.0,0.7746,0.00025813,0.0003741724636834163
1197.0,0.7749,0.00025779,0.00037373687050024627
1198.0,0.7752,0.00025742,0.00037330114873367336
1199.0,0.7754,0.00025705,0.00037301059610223225
1200.0,0.7757,0.00025679,0.00037257465994659046
1201.0,0.7759,0.00025653,0.00037228396435416494
1202.0,0.7762,0.00025625,0.0003718478137043861
1203.0,0.7764,0.00025597,0.00037155697508061417
1204.0,0.7767,0.00025577,0.00037112060983067783
1205.0,0.777,0.00025547,0.00037068411576935935
1206.0,0.7772,0.00025506,0.0003703930481474894
1207.0,0.7775,0.00025462,0.00036995633931438877
1208.0,0.7777,0.00025403,0.0003696651284752438
1209.0,0.778,0.00025357,0.00036922820476184245
1210.0,0.7782,0.0002532,0.00036893685063275433
1211.0,0.7785,0.00025281,0.0003684997119295651
1212.0,0.7787,0.00025247,0.0003682082144372179
1213.0,0.779,0.00025211,0.0003677708606337788
1214.0,0.7792,0.0002517,0.0003674792197042055
1215.0,0.7795,0.0002513,0.00036704165068907616
1216.0,0.7797,0.00025108,0.00036674986624765535
1217.0,0.78,0.00025082,0.00036631208190841065
1218.0,0.7802,0.00025054,0.0003660201538798635
1219.0,0.7805,0.00025026,0.0003655821541030902
1220.0,0.7807,0.00025004,0.0003652900824114765
1221.0,0.781,0.00024976,0.00036485186708276677
1222.0,0.7812,0.00024949,0.0003645596516514823
1223.0,0.7815,0.00024917,0.0003641212206554298
1224.0,0.7817,0.00024872,0.0003638288614072025
1225.0,0.782,0.00024838,0.000363390214627396
1226.0,0.7822,0.00024806,0.00036309771148428273
1227.0,0.7825,0.00024771,0.0003626588488033022
1228.0,0.7827,0.00024731,0.00036236620168668496
1229.0,0.783,0.00024689,0.00036192712298609554
1230.0,0.7832,0.00024649,0.00036163433181667846
1231.0,0.7835,0.00024609,0.0003611950369770257
1232.0,0.7837,0.00024567,0.0003609021016748311
1233.0,0.784,0.00024528,0.0003604625905756348
1234.0,0.7842,0.00024492,0.0003601695110599998
1235.0,0.7845,0.00024459,0.00035972978357975
1236.0,0.7847,0.00024428,0.0003594365597693228
1237.0,0.7849,0.00024399,0.000359143278218045
1238.0,0.7852,0.00024369,0.0003587032475982093
1239.0,0.7854,0.00024338,0.0003584098216370828
1240.0,0.7857,0.00024311,0.00035796957434033145
1241.0,0.7859,0.00024278,0.0003576760038863362
1242.0,0.7862,0.00024245,0.00035723553978761415
1243.0,0.7864,0.00024213,0.00035694182475702927
1244.0,0.7866,0.00024185,0.0003566480518722088
1245.0,0.7869,0.0002416,0.00035620728403862545
1246.0,0.7871,0.00024133,0.0003559133664588201
1247.0,0.7874,0.00024104,0.00035547238151881954
1248.0,0.7876,0.00024089,0.00035517831915860964
1249.0,0.7878,0.00024059,0.0003548841988621606
1250.0,0.7881,0.00024019,0.00035444290975677843
1251.0,0.7883,0.00023984,0.0003541486445591364
1252.0,0.7886,0.00023939,0.00035370713803673594
1253.0,0.7888,0.00023897,0.0003534127278507604
1254.0,0.789,0.00023858,0.00035311825964488993
1255.0,0.7893,0.00023819,0.0003526764485179153
1256.0,0.7895,0.0002379,0.0003523818352004984
1257.0,0.7898,0.00023767,0.0003519398063396688
1258.0,0.79,0.00023745,0.00035164504782182125
1259.0,0.7902,0.00023726,0.0003513502311987501
1260.0,0.7905,0.00023718,0.0003509078972853669
1261.0,0.7907,0.00023691,0.00035061293533619514
1262.0,0.7909,0.00023647,0.00035031791523124246
1263.0,0.7912,0.00023603,0.0003498752759998802
1264.0,0.7914,0.00023547,0.0003495801104417088
1265.0,0.7917,0.00023507,0.00034913725296188014
1266.0,0.7919,0.00023474,0.000348841941858798
1267.0,0.7921,0.00023435,0.0003485465725119103
1268.0,0.7924,0.00023416,0.000348103409251971
1269.0,0.7926,0.00023395,0.00034780789423054524
1270.0,0.7928,0.00023373,0.00034751232091316775
1271.0,0.7931,0.00023349,0.0003470688515993489
1272.0,0.7933,0.00023327,0.0003467731324763264
1273.0,0.7935,0.00023302,0.00034647735500461184
1274.0,0.7938,0.00023269,0.0003460335793600262
1275.0,0.794,0.00023226,0.0003457376559500685
1276.0,0.7942,0.00023177,0.00034544167413807966
1277.0,0.7945,0.00023142,0.0003449975918826956
1278.0,0.7947,0.00023111,0.00034470146399836284
1279.0,0.7949,0.0002308,0.00034440527765805594
1280.0,0.7951,0.00023047,0.00034410903284625154
1281.0,0.7954,0.00023006,0.00034366455596040606
1282.0,0.7956,0.00022967,0.00034336816490161394
1283.0,0.7958,0.00022932,0.0003430717153165983
1284.0,0.7961,0.00022884,0.00034262693116794105
1285.0,0.7963,0.00022844,0.0003423303351983555
1286.0,0.7965,0.00022809,0.0003420336806472054
1287.0,0.7968,0.00022782,0.0003415885889451964
1288.0,0.797,0.00022759,0.0003412917878703508
1289.0,0.7972,0.00022732,0.0003409949281579802
1290.0,0.7974,0.00022709,0.00034069800979198104
1291.0,0.7977,0.00022686,0.0003402525222320769
1292.0,0.7979,0.00022674,0.00033995545716121824
1293.0,0.7981,0.00022653,0.00033965833337996616
1294.0,0.7983,0.00022625,0.00033936115087198596
1295.0,0.7986,0.00022594,0.0003389152669615419
1296.0,0.7988,0.00022556,0.0003386179375649391
1297.0,0.799,0.00022523,0.00033832054938402994
1298.0,0.7992,0.00022496,0.00033802310240224663
1299.0,0.7995,0.00022473,0.0003375768216415619
1300.0,0.7997,0.00022444,0.00033727922758476544
1301.0,0.7999,0.00022421,0.0003369815746686947
1302.0,0.8001,0.00022398,0.0003366838628765461
1303.0,0.8004,0.00022374,0.00033623718475878805
1304.0,0.8006,0.00022352,0.00033593932570258
1305.0,0.8008,0.00022323,0.00033564140771106334
1306.0,0.801,0.00022294,0.0003353434307671952
1307.0,0.8013,0.0002226,0.0003348963547783227
1308.0,0.8015,0.00022219,0.00033459823037866474
1309.0,0.8017,0.00022188,0.00033430004696658535
1310.0,0.8019,0.00022157,0.0003340018045248006
1311.0,0.8021,0.00022121,0.0003337035030359727
1312.0,0.8024,0.00022085,0.00033325594005146584
1313.0,0.8026,0.00022051,0.00033295749086882247
1314.0,0.8028,0.00022019,0.00033265898257802697
1315.0,0.803,0.00021987,0.000332360415161497
1316.0,0.8032,0.00021942,0.00033206178860159595
1317.0,0.8035,0.00021908,0.00033161373782920753
1318.0,0.8037,0.00021879,0.00033131496333335664
1319.0,0.8039,0.00021843,0.00033101612963197264
1320.0,0.8041,0.00021806,0.0003307172367071706
1321.0,0.8043,0.00021767,0.00033041828454101073
1322.0,0.8046,0.00021728,0.00032996974517484354
1323.0,0.8048,0.00021685,0.00032967064482643526
1324.0,0.805,0.00021641,0.0003293714851734396
1325.0,0.8052,0.00021604,0.0003290722661976656
1326.0,0.8054,0.00021567,0.00032877298788086545
1327.0,0.8056,0.00021532,0.0003284736502047354
1328.0,0.8059,0.00021505,0.0003280245323516175
1329.0,0.8061,0.0002148,0.00032772504619671156
1330.0,0.8063,0.00021457,0.0003274255006179663
1331.0,0.8065,0.00021433,0.0003271258955968224
1332.0,0.8067,0.00021417,0.00032682623111466344
1333.0,0.8069,0.00021401,0.00032652650715281583
1334.0,0.8071,0.00021391,0.00032622672369254837
1335.0,0.8074,0.00021385,0.0003257769369014947
1336.0,0.8076,0.0002138,0.0003254770046128518
1337.0,0.8078,0.0002137,0.0003251770127597762
1338.0,0.808,0.00021355,0.0003248769613232765
1339.0,0.8082,0.0002134,0.0003245768502843037
1340.0,0.8084,0.00021321,0.00032427667962374966
1341.0,0.8086,0.00021302,0.00032397644932244797
1342.0,0.8088,0.00021276,0.0003236761593611737
1343.0,0.8091,0.00021247,0.0003232256125146137
1344.0,0.8093,0.00021211,0.00032292517331891163
1345.0,0.8095,0.00021174,0.00032262467439548486
1346.0,0.8097,0.00021134,0.0003223241157248425
1347.0,0.8099,0.00021093,0.00032202349728743395
1348.0,0.8101,0.00021049,0.0003217228190636488
1349.0,0.8103,0.0002101,0.0003214220810338175
1350.0,0.8105,0.00020979,0.0003211212831782099
1351.0,0.8107,0.00020954,0.0003208204254770357
1352.0,0.811,0.00020937,0.0003203690266713978
1353.0,0.8112,0.0002091,0.0003200680192693295
1354.0,0.8114,0.00020882,0.0003197669519519534
1355.0,0.8116,0.00020855,0.00031946582469920666
1356.0,0.8118,0.00020836,0.0003191646374909657
1357.0,0.812,0.00020818,0.0003188633903070455
1358.0,0.8122,0.00020798,0.00031856208312719994
1359.0,0.8124,0.00020774,0.0003182607159311214
1360.0,0.8126,0.00020765,0.00031795928869844024
1361.0,0.8128,0.00020753,0.00031765780140872546
1362.0,0.813,0.00020737,0.0003173562540414837
1363.0,0.8132,0.00020716,0.0003170546465761596
1364.0,0.8135,0.00020696,0.0003166021226491511
1365.0,0.8137,0.00020673,0.0003163003648482826
1366.0,0.8139,0.0002064,0.0003159985468768962
1367.0,0.8141,0.00020601,0.0003156966687141548
1368.0,0.8143,0.00020561,0.00031539473033915854
1369.0,0.8145,0.00020528,0.00031509273173094385
1370.0,0.8147,0.00020491,0.0003147906728684839
1371.0,0.8149,0.00020454,0.0003144885537306884
1372.0,0.8151,0.00020433,0.000314186374296403
1373.0,0.8153,0.00020402,0.00031388413454440985
1374.0,0.8155,0.00020366,0.0003135818344534268
1375.0,0.8157,0.00020328,0.00031327947400210733
1376.0,0.8159,0.00020301,0.00031297705316904055
1377.0,0.8161,0.00020274,0.00031267457193275076
1378.0,0.8163,0.00020245,0.000312372030271698
1379.0,0.8165,0.0002021,0.000312069428164277
1380.0,0.8167,0.00020182,0.000311766765588817
1381.0,0.8169,0.00020156,0.0003114640425235825
1382.0,0.8171,0.00020127,0.0003111612589467719
1383.0,0.8173,0.00020094,0.00031085841483651877
1384.0,0.8175,0.00020064,0.00031055551017088987
1385.0,0.8177,0.00020039,0.0003102525449278864
1386.0,0.8179,0.00020016,0.00030994951908544326
1387.0,0.8181,0.00019991,0.0003096464326214287
1388.0,0.8183,0.00019968,0.00030934328551364496
1389.0,0.8185,0.00019946,0.0003090400777398269
1390.0,0.8187,0.0001992,0.0003087368092776426
1391.0,0.8189,0.00019899,0.00030843348010469303
1392.0,0.8191,0.00019876,0.0003081300901985117
1393.0,0.8193,0.00019851,0.00030782663953656474
1394.0,0.8195,0.00019833,0.00030752312809625054
1395.0,0.8197,0.00019818,0.0003072195558548994
1396.0,0.8199,0.00019796,0.00030691592278977374
1397.0,0.8201,0.00019767,0.0003066122288780673
1398.0,0.8203,0.00019738,0.0003063084740969061
1399.0,0.8205,0.00019708,0.00030600465842334673
1400.0,0.8207,0.00019672,0.0003057007818343772
1401.0,0.8209,0.00019642,0.0003053968443069165
1402.0,0.8211,0.00019616,0.000305092845817814
1403.0,0.8213,0.00019597,0.00030478878634385034
1404.0,0.8215,0.00019583,0.00030448466586173575
1405.0,0.8217,0.00019559,0.00030418048434811113
1406.0,0.8219,0.00019532,0.000303876241779547
1407.0,0.8221,0.00019501,0.00030357193813254353
1408.0,0.8223,0.00019472,0.00030326757338353116
1409.0,0.8225,0.0001945,0.00030296314750886884
1410.0,0.8227,0.00019433,0.00030265866048484507
1411.0,0.8229,0.00019411,0.00030235411228767716
1412.0,0.8231,0.000194,0.00030204950289351116
1413.0,0.8232,0.00019382,0.00030189717524008007
1414.0,0.8234,0.00019361,0.0003015924740055347
1415.0,0.8236,0.00019338,0.00030128771151404345
1416.0,0.8238,0.00019309,0.0003009828877415014
1417.0,0.824,0.00019278,0.00030067800266373135
1418.0,0.8242,0.00019249,0.0003003730562564835
1419.0,0.8244,0.00019222,0.0003000680484954363
1420.0,0.8246,0.00019191,0.0002997629793561943
1421.0,0.8248,0.00019162,0.00029945784881428973
1422.0,0.825,0.00019134,0.00029915265684518107
1423.0,0.8252,0.00019113,0.00029884740342425356
1424.0,0.8254,0.00019103,0.0002985420885268191
1425.0,0.8256,0.00019079,0.0002982367121281152
1426.0,0.8257,0.00019052,0.0002980840008580287
1427.0,0.8259,0.00019029,0.0002977785321608292
1428.0,0.8261,0.00019004,0.00029747300190012966
1429.0,0.8263,0.00018975,0.0002971674100509074
1430.0,0.8265,0.00018948,0.00029686175658806514
1431.0,0.8267,0.00018927,0.00029655604148643013
1432.0,0.8269,0.00018912,0.00029625026472075434
1433.0,0.8271,0.00018895,0.0002959444262657144
1434.0,0.8273,0.00018872,0.0002956385260959107
1435.0,0.8274,0.00018845,0.00029548555286001456
1436.0,0.8276,0.00018827,0.0002951795600702758
1437.0,0.8278,0.00018795,0.00029487350550194236
1438.0,0.828,0.00018759,0.000294567389129348
1439.0,0.8282,0.00018725,0.0002942612109267495
1440.0,0.8284,0.0001869,0.0002939549708683271
1441.0,0.8286,0.00018665,0.0002936486689281833
1442.0,0.8288,0.00018644,0.0002933423050803434
1443.0,0.8289,0.0001863,0.000293189099932899
1444.0,0.8291,0.00018634,0.0002928826431746419
1445.0,0.8293,0.00018621,0.000292576124443411
1446.0,0.8295,0.00018601,0.0002922695437129586
1447.0,0.8297,0.00018576,0.0002919629009569584
1448.0,0.8299,0.00018541,0.000291656196149005
1449.0,0.8301,0.00018512,0.00029134942926261427
1450.0,0.8302,0.00018482,0.0002911960225317069
1451.0,0.8304,0.00018453,0.0002908891624778289
1452.0,0.8306,0.00018415,0.0002905822402789559
1453.0,0.8308,0.00018384,0.0002902752559083252
1454.0,0.831,0.00018362,0.00028996820933909395
1455.0,0.8312,0.00018344,0.000289661100544339
1456.0,0.8314,0.00018332,0.00028935392949705686
1457.0,0.8315,0.00018315,0.0002892003206202573
1458.0,0.8317,0.00018297,0.0002888930561433753
1459.0,0.8319,0.00018283,0.0002885857293461024
1460.0,0.8321,0.00018264,0.00028827834020115093
1461.0,0.8323,0.0001824,0.00028797088868115115
1462.0,0.8324,0.00018214,0.0002878171395219329
1463.0,0.8326,0.00018186,0.0002875095943878639
1464.0,0.8328,0.00018146,0.00028720198680996366
1465.0,0.833,0.00018112,0.00028689431676057496
1466.0,0.8332,0.00018079,0.00028658658421195705
1467.0,0.8334,0.00018048,0.00028627878913628675
1468.0,0.8335,0.00018023,0.0002861248681420893
1469.0,0.8337,0.00017998,0.00028581697922348863
1470.0,0.8339,0.00017979,0.00028550902770791125
1471.0,0.8341,0.00017966,0.0002852010135672406
1472.0,0.8343,0.00017953,0.0002848929367732758
1473.0,0.8344,0.0001793,0.0002847388748724723
1474.0,0.8346,0.00017903,0.0002844307040455049
1475.0,0.8348,0.00017876,0.0002841224704943709
1476.0,0.835,0.00017846,0.0002838141741905722
1477.0,0.8351,0.00017832,0.00028366000249749465
1478.0,0.8353,0.00017825,0.00028335161201107793
1479.0,0.8355,0.00017816,0.00028304315870037713
1480.0,0.8357,0.00017803,0.0002827346425365938
1481.0,0.8359,0.00017779,0.0002824260634908427
1482.0,0.836,0.00017757,0.0002822717503781792
1483.0,0.8362,0.00017738,0.00028196307695512764
1484.0,0.8364,0.00017694,0.0002816543405775165
1485.0,0.8366,0.00017663,0.0002813455412161559
1486.0,0.8367,0.00017636,0.00028119111790742376
1487.0,0.8369,0.00017611,0.0002808822240155165
1488.0,0.8371,0.00017587,0.0002805732670665012
1489.0,0.8373,0.00017563,0.00028026424703088
1490.0,0.8375,0.00017541,0.0002799551638790667
1491.0,0.8376,0.00017518,0.0002798005986253178
1492.0,0.8378,0.0001749,0.0002794914207435466
1493.0,0.838,0.00017461,0.0002791821796712267
1494.0,0.8382,0.00017433,0.00027887287537845917
1495.0,0.8383,0.00017408,0.00027871819951503927
1496.0,0.8385,0.00017386,0.000278408800335342
1497.0,0.8387,0.00017359,0.00027809933786005473
1498.0,0.8388,0.00017325,0.000277944582877126
1499.0,0.839,0.00017289,0.000277635025401771
1500.0,0.8392,0.00017267,0.00027732540455511654
1501.0,0.8394,0.00017241,0.00027701572030671887
1502.0,0.8395,0.00017219,0.0002768608543973277
1503.0,0.8397,0.00017195,0.0002765510749890332
1504.0,0.8399,0.00017187,0.0002762412321024845
1505.0,0.8401,0.00017175,0.0002759313257069158
1506.0,0.8402,0.00017158,0.0002757763486836092
1507.0,0.8404,0.00017136,0.0002754663469666207
1508.0,0.8406,0.00017123,0.0002751562816632906
1509.0,0.8407,0.00017098,0.0002750012251570347
1510.0,0.8409,0.00017068,0.00027469106441586455
1511.0,0.8411,0.0001704,0.0002743808400104457
1512.0,0.8412,0.00017001,0.000274225703923857
1513.0,0.8414,0.0001697,0.0002739153839632965
1514.0,0.8416,0.00016944,0.00027360500025999115
1515.0,0.8418,0.00016917,0.0002732945527823759
1516.0,0.8419,0.00016892,0.00027313930511831206
1517.0,0.8421,0.00016866,0.0002728287619198392
1518.0,0.8423,0.00016844,0.0002725181548677259
1519.0,0.8424,0.00016822,0.00027236282738658926
1520.0,0.8426,0.00016794,0.0002720521244941726
1521.0,0.8428,0.00016773,0.0002717413576681838
1522.0,0.8429,0.00016763,0.0002715859502700591
1523.0,0.8431,0.00016755,0.0002712750874834147
1524.0,0.8433,0.00016744,0.0002709641606826592
1525.0,0.8434,0.00016735,0.000270808673266873
1526.0,0.8436,0.00016722,0.00027049765038419607
1527.0,0.8438,0.00016706,0.00027018656340625785
1528.0,0.8439,0.00016693,0.0002700309958713719
1529.0,0.8441,0.00016677,0.0002697198126893245
1530.0,0.8443,0.00016658,0.00026940856533024817
1531.0,0.8444,0.00016638,0.0002692529175740529
1532.0,0.8446,0.00016615,0.0002689415738877507
1533.0,0.8448,0.00016592,0.00026863016594203004
1534.0,0.8449,0.00016565,0.0002684744378615382
1535.0,0.8451,0.00016535,0.0002681629334645373
1536.0,0.8453,0.00016512,0.0002678513647251005
1537.0,0.8454,0.00016492,0.00026769555621654036
1538.0,0.8456,0.0001647,0.0002673838909008239
1539.0,0.8458,0.00016452,0.00026707216115902176
1540.0,0.8459,0.00016446,0.00026691627211783046
1541.0,0.8461,0.00016432,0.00026660444567379543
1542.0,0.8463,0.00016412,0.00026629255471938594
1543.0,0.8464,0.00016389,0.0002661365850402027
1544.0,0.8466,0.00016369,0.0002658245972566459
1545.0,0.8467,0.00016352,0.00026566857914375974
1546.0,0.8469,0.00016334,0.00026535649445444165
1547.0,0.8471,0.00016321,0.00026504434511854613
1548.0,0.8472,0.0001631,0.0002648882461974137
1549.0,0.8474,0.00016297,0.00026457599982728603
1550.0,0.8476,0.00016284,0.00026426368872460695
1551.0,0.8477,0.00016271,0.0002641075088877604
1552.0,0.8479,0.0001625,0.00026379510062139516
1553.0,0.8481,0.00016229,0.0002634826275358456
1554.0,0.8482,0.00016211,0.00026332636667499373
1555.0,0.8484,0.00016195,0.0002630137962953115
1556.0,0.8485,0.00016175,0.0002628574867677316
1557.0,0.8487,0.00016159,0.00026254481901516946
1558.0,0.8489,0.00016142,0.00026223208630342653
1559.0,0.849,0.00016121,0.0002620756955768453
1560.0,0.8492,0.00016102,0.0002617628653601704
1561.0,0.8493,0.00016086,0.00026160642586121907
1562.0,0.8495,0.00016073,0.00026129349805989455
1563.0,0.8497,0.00016062,0.00026098050515766793
1564.0,0.8498,0.00016036,0.0002608239842825636
1565.0,0.85,0.00016007,0.0002605108936620071
1566.0,0.8501,0.00015984,0.00026035432390758827
1567.0,0.8503,0.00015963,0.0002600411354880004
1568.0,0.8505,0.00015942,0.00025972788182403997
1569.0,0.8506,0.00015921,0.0002595712305141295
1570.0,0.8508,0.00015897,0.00025925787891580606
1571.0,0.8509,0.00015877,0.0002591011786183153
1572.0,0.8511,0.00015858,0.0002587877290039291
1573.0,0.8513,0.00015829,0.00025847421399992576
1574.0,0.8514,0.000158,0.0002583174319653871
1575.0,0.8516,0.00015766,0.00025800381880831404
1576.0,0.8517,0.00015713,0.00025784698767658933
1577.0,0.8519,0.00015683,0.00025753327628373455
1578.0,0.852,0.0001566,0.0002573763960133718
1579.0,0.8522,0.00015634,0.0002570625863016399
1580.0,0.8524,0.00015628,0.00025674871099763544
1581.0,0.8525,0.00015617,0.0002565917487369051
1582.0,0.8527,0.00015597,0.00025627777497467364
1583.0,0.8528,0.00015576,0.00025612076346382486
1584.0,0.853,0.00015572,0.00025580669115923816
1585.0,0.8531,0.00015555,0.00025564963035610926
1586.0,0.8533,0.00015534,0.0002553354594246482
1587.0,0.8535,0.00015515,0.00025502122269478825
1588.0,0.8536,0.0001549,0.0002548640796436335
1589.0,0.8538,0.00015466,0.00025454974414515914
1590.0,0.8539,0.00015442,0.0002543925516883315
1591.0,0.8541,0.0001542,0.00025407811733567
1592.0,0.8542,0.000154,0.0002539208754302837
1593.0,0.8544,0.00015379,0.0002536063421374632
1594.0,0.8545,0.00015366,0.0002534490507404321
1595.0,0.8547,0.00015358,0.00025313441842108
1596.0,0.8548,0.00015343,0.00025297707748911705
1597.0,0.855,0.00015313,0.0002526623460564568
1598.0,0.8551,0.00015284,0.0002525049555460725
1599.0,0.8553,0.00015261,0.0002521901249129219
1600.0,0.8554,0.00015234,0.0002520326847804233
1601.0,0.8556,0.00015217,0.00025171775485919245
1602.0,0.8558,0.00015197,0.0002514027586970444
1603.0,0.8559,0.00015174,0.0002512452357633708
1604.0,0.8561,0.00015176,0.0002509301401662462
1605.0,0.8562,0.00015163,0.00025077256749294095
1606.0,0.8564,0.00015138,0.0002504573723721506
1607.0,0.8565,0.00015109,0.000250299749914765
1608.0,0.8567,0.00015077,0.00024998445518120357
1609.0,0.8568,0.00015061,0.0002498267828950806
1610.0,0.857,0.00015047,0.0002495113884592237
1611.0,0.8571,0.00015032,0.00024935366629949595
1612.0,0.8573,0.00015028,0.0002490381720713983
1613.0,0.8574,0.00015017,0.00024888039999298723
1614.0,0.8576,0.00015002,0.0002485648058822799
1615.0,0.8577,0.00014989,0.00024840698383989514
1616.0,0.8579,0.00014972,0.0002480912897557834
1617.0,0.858,0.00014952,0.00024793341770392054
1618.0,0.8582,0.00014926,0.0002476176235551814
1619.0,0.8583,0.00014897,0.0002474597014481214
1620.0,0.8585,0.00014864,0.00024714380714310085
1621.0,0.8586,0.00014837,0.0002469858349349087
1622.0,0.8588,0.0001481,0.0002466698403815202
1623.0,0.8589,0.00014783,0.00024651181802604364
1624.0,0.8591,0.00014763,0.00024619572313176437
1625.0,0.8592,0.0001475,0.00024603765058263275
1626.0,0.8593,0.00014742,0.0002458795612919402
1627.0,0.8595,0.0001474,0.0002455633324651245
1628.0,0.8596,0.00014736,0.00024540519291860733
1629.0,0.8598,0.00014728,0.0002450888635333065
1630.0,0.8599,0.0001472,0.00024493067368407925
1631.0,0.8601,0.00014714,0.0002446142436463
1632.0,0.8602,0.00014689,0.0002444560034472548
1633.0,0.8604,0.00014663,0.00024413947266255725
1634.0,0.8605,0.00014631,0.00024398118206636198
1635.0,0.8607,0.00014596,0.00024366455043985753
1636.0,0.8608,0.00014561,0.0002435062093989549
1637.0,0.861,0.00014543,0.00024318947683530246
1638.0,0.8611,0.00014529,0.0002430310853019087
1639.0,0.8613,0.0001451,0.00024271425170531292
1640.0,0.8614,0.00014518,0.00024255580963141604
1641.0,0.8615,0.00014513,0.00024239735069997613
1642.0,0.8617,0.00014501,0.0002420803822429838
1643.0,0.8618,0.00014488,0.0002419218727066685
1644.0,0.862,0.00014478,0.00024160480299142788
1645.0,0.8621,0.0001447,0.00024144624280168832
1646.0,0.8623,0.00014457,0.0002411290717308699
1647.0,0.8624,0.00014442,0.0002409704608389247
1648.0,0.8626,0.00014426,0.00024065318831473264
1649.0,0.8627,0.00014407,0.00024049452667156728
1650.0,0.8628,0.00014383,0.00024033584810039565
1651.0,0.863,0.00014356,0.00024001844015210106
1652.0,0.8631,0.00014326,0.00023985971076398983
1653.0,0.8633,0.00014297,0.00023954220113230298
1654.0,0.8634,0.00014268,0.00023938342087768627
1655.0,0.8636,0.00014236,0.00023906580946323735
1656.0,0.8637,0.00014208,0.00023890697829231103
1657.0,0.8638,0.0001418,0.0002387481301381725
1658.0,0.864,0.00014155,0.00023843038285797235
1659.0,0.8641,0.00014134,0.00023827148372074518
1660.0,0.8643,0.00014128,0.0002379536344240556
1661.0,0.8644,0.00014115,0.0002377946842533738
1662.0,0.8646,0.00014101,0.0002374767328392195
1663.0,0.8647,0.0001409,0.0002373177315844737
1664.0,0.8648,0.00014094,0.00023715871329041773
1665.0,0.865,0.00014084,0.00023684062556172838
1666.0,0.8651,0.00014068,0.0002366815561157485
1667.0,0.8653,0.00014055,0.00023636336603208378
1668.0,0.8654,0.00014037,0.0002362042453829975
1669.0,0.8655,0.00014022,0.00023604510765479217
1670.0,0.8657,0.00014003,0.0002357267809381211
1671.0,0.8658,0.00013988,0.00023556759193817995
1672.0,0.866,0.0001396,0.00023524916262632884
1673.0,0.8661,0.00013934,0.00023508992230288786
1674.0,0.8662,0.00013913,0.0002349306648600671
1675.0,0.8664,0.00013898,0.00023461209859312142
1676.0,0.8665,0.00013882,0.00023445278975739046
1677.0,0.8667,0.00013864,0.00023413412065232794
1678.0,0.8668,0.00013841,0.00023397476037133373
1679.0,0.8669,0.00013817,0.00023381538293024026
1680.0,0.8671,0.00013809,0.00023349657654432625
1681.0,0.8672,0.000138,0.0002333371475877674
1682.0,0.8673,0.00013792,0.00023317770144763253
1683.0,0.8675,0.0001378,0.0002328587575930527
1684.0,0.8676,0.00013772,0.000232699259866793
1685.0,0.8678,0.00013753,0.0002323802127867245
1686.0,0.8679,0.00013732,0.00023222066342104284
1687.0,0.868,0.00013711,0.00023206109683033172
1688.0,0.8682,0.00013692,0.00023174191194996874
1689.0,0.8683,0.00013671,0.0002315822936483664
1690.0,0.8684,0.00013647,0.00023142265809783375
1691.0,0.8686,0.00013625,0.00023110333522596857
1692.0,0.8687,0.00013606,0.00023094364789260754
1693.0,0.8688,0.00013592,0.0002307839432862586
1694.0,0.869,0.00013581,0.00023046448223043096
1695.0,0.8691,0.00013569,0.0002303047257688446
1696.0,0.8693,0.00013572,0.000229985160947983
1697.0,0.8694,0.00013571,0.00022982535257654038
1698.0,0.8695,0.00013561,0.00022966552688962814
1699.0,0.8697,0.00013544,0.00022934582354495103
1700.0,0.8698,0.00013535,0.00022918594587493848
1701.0,0.8699,0.00013518,0.00022902605086496137
1702.0,0.8701,0.00013493,0.00022870620880050788
1703.0,0.8702,0.00013469,0.00022854626173370317
1704.0,0.8703,0.00013433,0.00022838629730227735
1705.0,0.8705,0.00013408,0.00022806631632079366
1706.0,0.8706,0.0001339,0.00022790629975832618
1707.0,0.8707,0.00013374,0.00022774626580641805
1708.0,0.8709,0.00013382,0.00022742614570934715
1709.0,0.871,0.00013378,0.00022726605955169244
1710.0,0.8711,0.00013368,0.0002271059559796131
1711.0,0.8713,0.00013357,0.00022678569656708268
1712.0,0.8714,0.00013349,0.00022662554071405683
1713.0,0.8715,0.00013327,0.0002264653674214564
1714.0,0.8717,0.000133,0.00022614496849226851
1715.0,0.8718,0.00013274,0.0002259847428430224
1716.0,0.8719,0.00013233,0.00022582449972888516
1717.0,0.8721,0.000132,0.00022550396108050454
1718.0,0.8722,0.00013169,0.00022534366553351854
1719.0,0.8723,0.00013143,0.00022518335249615596
1720.0,0.8725,0.00013115,0.00022486267392469878
1721.0,0.8726,0.00013088,0.00022470230837777665
1722.0,0.8727,0.00013064,0.00022454192531482252
1723.0,0.8729,0.00013041,0.00022422110661504514
1724.0,0.873,0.0001302,0.00022406067096530848
1725.0,0.8731,0.00013002,0.00022390021777371293
1726.0,0.8733,0.00012986,0.00022357925873899947
1727.0,0.8734,0.00012975,0.00022341875288288168
1728.0,0.8735,0.0001297,0.00022325822945890497
1729.0,0.8736,0.00012953,0.00022309768846054252
1730.0,0.8738,0.00012937,0.0002227765537144965
1731.0,0.8739,0.00012928,0.00022261595995370388
1732.0,0.874,0.00012923,0.00022245534859230718
1733.0,0.8742,0.00012913,0.0002221340730413623
1734.0,0.8743,0.00012902,0.0002219734088386169
1735.0,0.8744,0.0001289,0.00022181272700887289
1736.0,0.8745,0.00012892,0.00022165202754550372
1737.0,0.8747,0.00012889,0.00022133057569132965
1738.0,0.8748,0.00012879,0.00022116982328721594
1739.0,0.8749,0.00012864,0.0002210090532228602
1740.0,0.8751,0.00012843,0.0002206874600866818
1741.0,0.8752,0.00012817,0.0002205266370014607
1742.0,0.8753,0.00012786,0.00022036579622920047
1743.0,0.8754,0.00012753,0.0002202049377631737
1744.0,0.8756,0.00012725,0.0002198831677228531
1745.0,0.8757,0.00012704,0.0002197222561350475
1746.0,0.8758,0.00012682,0.00021956132682645127
1747.0,0.876,0.00012659,0.00021923941501973706
1748.0,0.8761,0.00012657,0.00021907843250801537
1749.0,0.8762,0.00012643,0.0002189174322482956
1750.0,0.8763,0.00012627,0.0002187564142337471
1751.0,0.8765,0.00012612,0.00021843432491278287
1752.0,0.8766,0.00012601,0.00021827325359264745
1753.0,0.8767,0.00012599,0.00021811216449024444
1754.0,0.8768,0.00012598,0.00021795105759868467
1755.0,0.877,0.00012595,0.00021762879042048062
1756.0,0.8771,0.00012595,0.0002174676301199997
1757.0,0.8772,0.00012591,0.0002173064520026889
1758.0,0.8773,0.00012588,0.00021714525606160033
1759.0,0.8775,0.00012584,0.00021682281068023958
1760.0,0.8776,0.00012549,0.00021666156122601227
1761.0,0.8777,0.00012522,0.0002165002939200974
1762.0,0.8778,0.00012497,0.0002163390087554875
1763.0,0.878,0.00012473,0.00021601638482209343
1764.0,0.8781,0.00012436,0.00021585504603923453
1765.0,0.8782,0.00012409,0.00021569368936953114
1766.0,0.8783,0.00012391,0.00021553231480591584
1767.0,0.8785,0.00012375,0.0002152095119686185
1768.0,0.8786,0.00012359,0.00021504808368074055
1769.0,0.8787,0.00012343,0.0002148866374705592
1770.0,0.8788,0.00012327,0.00021472517333094598
1771.0,0.879,0.00012309,0.00021440219123484858
1772.0,0.8791,0.00012296,0.00021424067326404625
1773.0,0.8792,0.00012279,0.00021407913733517548
1774.0,0.8793,0.00012253,0.00021391758344104628
1775.0,0.8794,0.00012226,0.0002137560115744563
1776.0,0.8796,0.0001222,0.00021343281389502202
1777.0,0.8797,0.00012213,0.00021327118806771094
1778.0,0.8798,0.00012204,0.000213109544239005
1779.0,0.8799,0.00012192,0.0002129478824016394
1780.0,0.8801,0.00012188,0.00021262450467180718
1781.0,0.8802,0.0001218,0.00021246278876474795
1782.0,0.8803,0.00012177,0.00021230105481984395
1783.0,0.8804,0.00012175,0.00021213930282976712
1784.0,0.8805,0.00012161,0.00021197753278717695
1785.0,0.8807,0.0001214,0.0002116539385150298
1786.0,0.8808,0.00012123,0.00021149211427072794
1787.0,0.8809,0.00012111,0.00021133027194442236
1788.0,0.881,0.0001209,0.00021116841152870838
1789.0,0.8811,0.00012075,0.00021100653301616847
1790.0,0.8813,0.00012064,0.000210682721670876
1791.0,0.8814,0.0001205,0.00021052078882322366
1792.0,0.8815,0.00012046,0.0002103588378489456
1793.0,0.8816,0.0001203,0.0002101968687405593
1794.0,0.8818,0.00012009,0.00020987287609146755
1795.0,0.8819,0.00011988,0.00020971085253573157
1796.0,0.882,0.00011967,0.00020954881081582658
1797.0,0.8821,0.00011951,0.00020938675092420454
1798.0,0.8822,0.00011934,0.00020922467285330412
1799.0,0.8823,0.00011912,0.0002090625765955507
1800.0,0.8825,0.00011898,0.00020873832948911989
1801.0,0.8826,0.0001188,0.00020857617862522667
1802.0,0.8827,0.00011861,0.00020841400954404898
1803.0,0.8828,0.00011839,0.00020825182223794544
1804.0,0.8829,0.00011814,0.0002080896166992611
1805.0,0.8831,0.00011789,0.00020776515089346388
1806.0,0.8832,0.00011763,0.00020760289061097387
1807.0,0.8833,0.00011733,0.00020744061206514887
1808.0,0.8834,0.00011703,0.00020727831524826657
1809.0,0.8835,0.00011679,0.00020711600015259067
1810.0,0.8836,0.00011658,0.00020695366677037137
1811.0,0.8838,0.00011634,0.00020662894511523557
1812.0,0.8839,0.00011637,0.00020646655682675076
1813.0,0.884,0.00011632,0.00020630415022058625
1814.0,0.8841,0.00011622,0.00020614172528892342
1815.0,0.8842,0.00011614,0.0002059792820239298
1816.0,0.8843,0.0001163,0.00020581682041775912
1817.0,0.8845,0.00011636,0.00020549184215043118
1818.0,0.8846,0.00011633,0.00020532932547351131
1819.0,0.8847,0.00011629,0.0002051667904238895
1820.0,0.8848,0.00011623,0.00020500423699364916
1821.0,0.8849,0.0001161,0.0002048416651748599
1822.0,0.885,0.00011593,0.0002046790749595772
1823.0,0.8852,0.00011567,0.00020435383930768233
1824.0,0.8853,0.00011537,0.00020419119385511008
1825.0,0.8854,0.00011514,0.00020402852997412422
1826.0,0.8855,0.00011496,0.00020386584765670894
1827.0,0.8856,0.00011478,0.0002037031468948341
1828.0,0.8857,0.00011462,0.00020354042768045566
1829.0,0.8858,0.00011449,0.0002033776900055145
1830.0,0.886,0.00011442,0.00020305215924163686
1831.0,0.8861,0.0001144,0.0002028893661365104
1832.0,0.8862,0.00011437,0.00020272655453844129
1833.0,0.8863,0.00011428,0.00020256372443929816
1834.0,0.8864,0.00011413,0.00020240087583093508
1835.0,0.8865,0.00011398,0.00020223800870519145
1836.0,0.8866,0.00011387,0.00020207512305389172
1837.0,0.8868,0.00011374,0.0002017492961418501
1838.0,0.8869,0.00011354,0.0002015863548646836
1839.0,0.887,0.00011333,0.00020142339502911253
1840.0,0.8871,0.00011318,0.00020126041662688743
1841.0,0.8872,0.00011308,0.00020109741964974425
1842.0,0.8873,0.00011297,0.0002009344040894038
1843.0,0.8874,0.00011287,0.00020077136993757206
1844.0,0.8876,0.00011275,0.0002004452458261832
1845.0,0.8877,0.0001126,0.00020028215584996252
1846.0,0.8878,0.00011238,0.00020011904724892386
1847.0,0.8879,0.00011212,0.00019995592001469762
1848.0,0.888,0.00011185,0.00019979277413889897
1849.0,0.8881,0.00011168,0.0001996296096131281
1850.0,0.8882,0.00011153,0.0001994664264289697
1851.0,0.8883,0.00011134,0.00019930322457799329
1852.0,0.8884,0.00011123,0.00019914000405175296
1853.0,0.8886,0.00011102,0.00019881350693962021
1854.0,0.8887,0.00011083,0.00019865023033675878
1855.0,0.8888,0.00011068,0.00019848693502469599
1856.0,0.8889,0.00011044,0.00019832362099490833
1857.0,0.889,0.00011019,0.0001981602882388572
1858.0,0.8891,0.00010996,0.0001979969367479881
1859.0,0.8892,0.00010973,0.0001978335665137311
1860.0,0.8893,0.00010956,0.0001976701775275004
1861.0,0.8894,0.0001094,0.00019750676978069463
1862.0,0.8896,0.0001092,0.00019717989797087294
1863.0,0.8897,0.00010902,0.00019701643389057494
1864.0,0.8898,0.00010891,0.00019685295101513805
1865.0,0.8899,0.00010873,0.0001966894493358814
1866.0,0.89,0.00010857,0.00019652592884410828
1867.0,0.8901,0.00010847,0.000196362389531106
1868.0,0.8902,0.00010845,0.00019619883138814577
1869.0,0.8903,0.00010841,0.0001960352544064828
1870.0,0.8904,0.00010839,0.00019587165857735608
1871.0,0.8905,0.00010837,0.0001957080438919885
1872.0,0.8906,0.00010841,0.0001955444103415866
1873.0,0.8907,0.00010839,0.0001953807579173407
1874.0,0.8909,0.00010832,0.00019505339641199756
1875.0,0.891,0.00010828,0.0001948896873131993
1876.0,0.8911,0.00010824,0.00019472595930515525
1877.0,0.8912,0.00010824,0.000194562212378974
1878.0,0.8913,0.00010821,0.0001943984465257474
1879.0,0.8914,0.00010813,0.00019423466173655102
1880.0,0.8915,0.00010814,0.00019407085800244355
1881.0,0.8916,0.00010804,0.00019390703531446733
1882.0,0.8917,0.00010791,0.00019374319366364758
1883.0,0.8918,0.00010779,0.00019357933304099356
1884.0,0.8919,0.00010749,0.0001934154534374972
1885.0,0.892,0.0001072,0.0001932515548441336
1886.0,0.8921,0.0001069,0.00019308763725186132
1887.0,0.8923,0.00010662,0.0001927597450343397
1888.0,0.8924,0.0001063,0.00019259577039092255
1889.0,0.8925,0.00010611,0.000192431776712261
1890.0,0.8926,0.00010603,0.00019226776398922855
1891.0,0.8927,0.00010597,0.00019210373221268146
1892.0,0.8928,0.00010598,0.0001919396813734594
1893.0,0.8929,0.00010586,0.0001917756114623842
1894.0,0.893,0.00010571,0.00019161152247026075
1895.0,0.8931,0.00010554,0.00019144741438787655
1896.0,0.8932,0.00010521,0.00019128328720600192
1897.0,0.8933,0.00010495,0.00019111914091538958
1898.0,0.8934,0.00010469,0.00019095497550677506
1899.0,0.8935,0.00010447,0.00019079079097087626
1900.0,0.8936,0.00010424,0.0001906265872983937
1901.0,0.8937,0.00010409,0.00019046236448001008
1902.0,0.8938,0.00010398,0.00019029812250639098
1903.0,0.8939,0.0001039,0.000190133861368184
1904.0,0.894,0.00010392,0.00018996958105601893
1905.0,0.8941,0.00010386,0.00018980528156050812
1906.0,0.8943,0.0001037,0.00018947662498180898
1907.0,0.8944,0.0001035,0.000189312267879756
1908.0,0.8945,0.0001033,0.0001891478915566277
1909.0,0.8946,0.00010319,0.00018898349600294698
1910.0,0.8947,0.00010314,0.00018881908120921842
1911.0,0.8948,0.00010308,0.00018865464716592912
1912.0,0.8949,0.00010317,0.00018849019386354743
1913.0,0.895,0.00010316,0.00018832572129252387
1914.0,0.8951,0.00010308,0.00018816122944329065
1915.0,0.8952,0.00010305,0.00018799671830626173
1916.0,0.8953,0.00010304,0.00018783218787183273
1917.0,0.8954,0.00010298,0.00018766763813038098
1918.0,0.8955,0.00010292,0.00018750306907226543
1919.0,0.8956,0.00010289,0.00018733848068782646
1920.0,0.8957,0.00010273,0.00018717387296738586
1921.0,0.8958,0.00010256,0.0001870092459012473
1922.0,0.8959,0.00010242,0.0001868445994796955
1923.0,0.896,0.00010227,0.00018667993369299646
1924.0,0.8961,0.00010208,0.0001865152485313977
1925.0,0.8962,0.00010188,0.0001863505439851278
1926.0,0.8963,0.00010163,0.0001861858200443967
1927.0,0.8964,0.00010137,0.0001860210766993954
1928.0,0.8965,0.00010127,0.00018585631394029605
1929.0,0.8966,0.00010123,0.00018569153175725174
1930.0,0.8967,0.00010119,0.0001855267301403965
1931.0,0.8968,0.0001011,0.0001853619090798458
1932.0,0.8969,0.00010105,0.00018519706856569537
1933.0,0.897,0.00010091,0.00018503220858802214
1934.0,0.8971,0.0001008,0.00018486732913688365
1935.0,0.8972,0.00010067,0.0001847024302023183
1936.0,0.8973,0.00010039,0.00018453751177434518
1937.0,0.8974,0.00010025,0.0001843725738429639
1938.0,0.8975,0.0001001,0.00018420761639815477
1939.0,0.8976,9.996e-05,0.00018404263942987852
1940.0,0.8977,9.993e-05,0.00018387764292807635
1941.0,0.8978,9.985e-05,0.0001837126268826702
1942.0,0.8979,9.969e-05,0.00018354759128356193
1943.0,0.898,9.954e-05,0.00018338253612063403
1944.0,0.8981,9.953e-05,0.000183217461383749
1945.0,0.8982,9.953e-05,0.0001830523670627498
1946.0,0.8983,9.95e-05,0.0001828872531474594
1947.0,0.8984,9.946e-05,0.00018272211962768085
1948.0,0.8985,9.947e-05,0.00018255696649319736
1949.0,0.8986,9.939e-05,0.000182391793733772
1950.0,0.8987,9.927e-05,0.00018222660133914768
1951.0,0.8988,9.911e-05,0.00018206138929904774
1952.0,0.8989,9.879e-05,0.00018189615760317475
1953.0,0.899,9.851e-05,0.0001817309062412113
1954.0,0.8991,9.82e-05,0.0001815656352028196
1955.0,0.8992,9.787e-05,0.0001814003444776416
1956.0,0.8993,9.762e-05,0.00018123503405529886
1957.0,0.8994,9.749e-05,0.00018106970392539235
1958.0,0.8995,9.74e-05,0.00018090435407750277
1959.0,0.8996,9.733e-05,0.00018073898450119
1960.0,0.8997,9.726e-05,0.0001805735951859933
1961.0,0.8998,9.713e-05,0.00018040818612143165
1962.0,0.8999,9.701e-05,0.00018024275729700288
1963.0,0.9,9.695e-05,0.00018007730870218415
1964.0,0.9001,9.662e-05,0.0001799118403264317
1965.0,0.9002,9.636e-05,0.00017974635215918104
1966.0,0.9003,9.614e-05,0.0001795808441898464
1967.0,0.9004,9.602e-05,0.00017941531640782137
1968.0,0.9005,9.593e-05,0.00017924976880247812
1969.0,0.9006,9.584e-05,0.00017908420136316787
1970.0,0.9007,9.577e-05,0.00017891861407922052
1971.0,0.9008,9.572e-05,0.00017875300693994458
1972.0,0.9009,9.578e-05,0.00017858737993462783
1973.0,0.9009,9.57e-05,0.00017858737993462783
1974.0,0.901,9.558e-05,0.00017842173305253602
1975.0,0.9011,9.551e-05,0.00017825606628291368
1976.0,0.9012,9.537e-05,0.00017809037961498384
1977.0,0.9013,9.523e-05,0.00017792467303794798
1978.0,0.9014,9.509e-05,0.0001777589465409859
1979.0,0.9015,9.496e-05,0.00017759320011325575
1980.0,0.9016,9.482e-05,0.0001774274337438939
1981.0,0.9017,9.468e-05,0.00017726164742201504
1982.0,0.9018,9.457e-05,0.0001770958411367116
1983.0,0.9019,9.444e-05,0.00017693001487705472
1984.0,0.902,9.444e-05,0.0001767641686320931
1985.0,0.9021,9.441e-05,0.00017659830239085333
1986.0,0.9022,9.434e-05,0.00017643241614234012
1987.0,0.9023,9.426e-05,0.0001762665098755358
1988.0,0.9024,9.428e-05,0.00017610058357940062
1989.0,0.9025,9.422e-05,0.0001759346372428724
1990.0,0.9026,9.419e-05,0.00017576867085486661
1991.0,0.9027,9.415e-05,0.0001756026844042763
1992.0,0.9027,9.398e-05,0.0001756026844042763
1993.0,0.9028,9.374e-05,0.0001754366778799718
1994.0,0.9029,9.351e-05,0.00017527065127080152
1995.0,0.903,9.334e-05,0.00017510460456559052
1996.0,0.9031,9.305e-05,0.00017493853775314155
1997.0,0.9032,9.292e-05,0.0001747724508222344
1998.0,0.9033,9.283e-05,0.00017460634376162615
1999.0,0.9034,9.268e-05,0.00017444021656005094
2000.0,0.9035,9.269e-05,0.00017427406920622
2001.0,0.9036,9.266e-05,0.0001741079016888214
2002.0,0.9037,9.26e-05,0.00017394171399652038
2003.0,0.9038,9.249e-05,0.00017377550611795853
2004.0,0.9039,9.237e-05,0.00017360927804175495
2005.0,0.904,9.236e-05,0.00017344302975650486
2006.0,0.904,9.238e-05,0.00017344302975650486
2007.0,0.9041,9.234e-05,0.00017327676125078028
2008.0,0.9042,9.228e-05,0.00017311047251312983
2009.0,0.9043,9.222e-05,0.00017294416353207852
2010.0,0.9044,9.215e-05,0.00017277783429612808
2011.0,0.9045,9.21e-05,0.00017261148479375617
2012.0,0.9046,9.194e-05,0.00017244511501341719
2013.0,0.9047,9.181e-05,0.00017227872494354144
2014.0,0.9048,9.168e-05,0.00017211231457253532
2015.0,0.9049,9.153e-05,0.00017194588388878194
2016.0,0.905,9.13e-05,0.00017177943288063972
2017.0,0.9051,9.11e-05,0.00017161296153644337
2018.0,0.9052,9.091e-05,0.0001714464698445033
2019.0,0.9052,9.074e-05,0.0001714464698445033
2020.0,0.9053,9.051e-05,0.0001712799577931059
2021.0,0.9054,9.034e-05,0.00017111342537051315
2022.0,0.9055,9.018e-05,0.00017094687256496283
2023.0,0.9056,9.002e-05,0.00017078029936466816
2024.0,0.9057,8.996e-05,0.000170613705757818
2025.0,0.9058,8.983e-05,0.0001704470917325764
2026.0,0.9059,8.961e-05,0.0001702804572770834
2027.0,0.906,8.942e-05,0.00017011380237945368
2028.0,0.9061,8.933e-05,0.00016994712702777745
2029.0,0.9061,8.925e-05,0.00016994712702777745
2030.0,0.9062,8.92e-05,0.00016978043121012004
2031.0,0.9063,8.914e-05,0.00016961371491452175
2032.0,0.9064,8.907e-05,0.0001694469781289981
2033.0,0.9065,8.9e-05,0.00016928022084153926
2034.0,0.9066,8.894e-05,0.0001691134430401106
2035.0,0.9067,8.892e-05,0.00016894664471265192
2036.0,0.9068,8.868e-05,0.0001687798258470778
2037.0,0.9069,8.85e-05,0.0001686129864312779
2038.0,0.9069,8.835e-05,0.0001686129864312779
2039.0,0.907,8.823e-05,0.0001684461264531158
2040.0,0.9071,8.805e-05,0.00016827924590042992
2041.0,0.9072,8.79e-05,0.00016811234476103292
2042.0,0.9073,8.776e-05,0.00016794542302271193
2043.0,0.9074,8.767e-05,0.00016777848067322815
2044.0,0.9075,8.766e-05,0.00016761151770031712
2045.0,0.9076,8.763e-05,0.0001674445340916883
2046.0,0.9076,8.756e-05,0.0001674445340916883
2047.0,0.9077,8.746e-05,0.0001672775298350254
2048.0,0.9078,8.732e-05,0.00016711050491798561
2049.0,0.9079,8.718e-05,0.0001669434593282007
2050.0,0.908,8.703e-05,0.0001667763930532756
2051.0,0.9081,8.688e-05,0.00016660930608078915
2052.0,0.9082,8.669e-05,0.00016644219839829382
2053.0,0.9083,8.656e-05,0.00016627506999331552
2054.0,0.9083,8.644e-05,0.00016627506999331552
2055.0,0.9084,8.631e-05,0.00016610792085335372
2056.0,0.9085,8.635e-05,0.0001659407509658812
2057.0,0.9086,8.633e-05,0.0001657735603183441
2058.0,0.9087,8.625e-05,0.00016560634889816166
2059.0,0.9088,8.612e-05,0.0001654391166927262
2060.0,0.9089,8.599e-05,0.00016527186368940354
2061.0,0.9089,8.587e-05,0.00016527186368940354
2062.0,0.909,8.574e-05,0.00016510458987553195
2063.0,0.9091,8.562e-05,0.00016493729523842275
2064.0,0.9092,8.545e-05,0.00016476997976536006
2065.0,0.9093,8.535e-05,0.00016460264344360078
2066.0,0.9094,8.529e-05,0.00016443528626037429
2067.0,0.9095,8.522e-05,0.00016426790820288267
2068.0,0.9095,8.534e-05,0.00016426790820288267
2069.0,0.9096,8.538e-05,0.00016410050925830033
2070.0,0.9097,8.542e-05,0.00016393308941377424
2071.0,0.9098,8.54e-05,0.0001637656486564232
2072.0,0.9099,8.535e-05,0.00016359818697333906
2073.0,0.91,8.519e-05,0.00016343070435158509
2074.0,0.9101,8.499e-05,0.0001632632007781967
2075.0,0.9101,8.476e-05,0.0001632632007781967
2076.0,0.9102,8.436e-05,0.00016309567624018143
2077.0,0.9103,8.412e-05,0.00016292813072451846
2078.0,0.9104,8.39e-05,0.000162760564218159
2079.0,0.9105,8.37e-05,0.0001625929767080257
2080.0,0.9106,8.359e-05,0.00016242536818101297
2081.0,0.9106,8.338e-05,0.00016242536818101297
2082.0,0.9107,8.317e-05,0.0001622577386239866
2083.0,0.9108,8.303e-05,0.0001620900880237837
2084.0,0.9109,8.29e-05,0.00016192241636721322
2085.0,0.911,8.278e-05,0.00016175472364105478
2086.0,0.9111,8.267e-05,0.0001615870098320594
2087.0,0.9111,8.257e-05,0.0001615870098320594
2088.0,0.9112,8.255e-05,0.0001614192749269491
2089.0,0.9113,8.252e-05,0.0001612515189124168
2090.0,0.9114,8.246e-05,0.00016108374177512645
2091.0,0.9115,8.247e-05,0.00016091594350171263
2092.0,0.9116,8.24e-05,0.00016074812407878064
2093.0,0.9116,8.231e-05,0.00016074812407878064
2094.0,0.9117,8.228e-05,0.0001605802834929065
2095.0,0.9118,8.229e-05,0.00016041242173063636
2096.0,0.9119,8.209e-05,0.00016024453877848746
2097.0,0.912,8.184e-05,0.00016007663462294677
2098.0,0.912,8.159e-05,0.00016007663462294677
2099.0,0.9121,8.132e-05,0.0001599087092504716
2100.0,0.9122,8.096e-05,0.00015974076264748953
2101.0,0.9123,8.07e-05,0.00015957279480039802
2102.0,0.9124,8.052e-05,0.00015940480569556455
2103.0,0.9124,8.038e-05,0.00015940480569556455
2104.0,0.9125,8.036e-05,0.0001592367953193264
2105.0,0.9126,8.023e-05,0.0001590687636579906
2106.0,0.9127,8.008e-05,0.00015890071069783388
2107.0,0.9128,7.997e-05,0.0001587326364251024
2108.0,0.9129,7.988e-05,0.00015856454082601172
2109.0,0.9129,7.98e-05,0.00015856454082601172
2110.0,0.913,7.978e-05,0.0001583964238867472
2111.0,0.9131,7.983e-05,0.00015822828559346297
2112.0,0.9132,7.982e-05,0.00015806012593228238
2113.0,0.9132,7.974e-05,0.00015806012593228238
2114.0,0.9133,7.968e-05,0.00015789194488929808
2115.0,0.9134,7.963e-05,0.0001577237424505714
2116.0,0.9135,7.962e-05,0.0001575555186021327
2117.0,0.9136,7.969e-05,0.00015738727332998098
2118.0,0.9136,7.975e-05,0.00015738727332998098
2119.0,0.9137,7.976e-05,0.00015721900662008398
2120.0,0.9138,7.989e-05,0.00015705071845837805
2121.0,0.9139,7.991e-05,0.00015688240883076756
2122.0,0.914,7.989e-05,0.0001567140777231261
2123.0,0.914,7.985e-05,0.0001567140777231261
2124.0,0.9141,7.965e-05,0.00015654572512129465
2125.0,0.9142,7.949e-05,0.00015637735101108277
2126.0,0.9143,7.931e-05,0.0001562089553782678
2127.0,0.9144,7.91e-05,0.0001560405382085953
2128.0,0.9144,7.9e-05,0.0001560405382085953
2129.0,0.9145,7.886e-05,0.00015587209948777838
2130.0,0.9146,7.869e-05,0.00015570363920149808
2131.0,0.9147,7.85e-05,0.00015553515733540297
2132.0,0.9148,7.836e-05,0.00015536665387510908
2133.0,0.9148,7.823e-05,0.00015536665387510908
2134.0,0.9149,7.809e-05,0.00015519812880619978
2135.0,0.915,7.79e-05,0.00015502958211422615
2136.0,0.9151,7.777e-05,0.00015486101378470605
2137.0,0.9151,7.768e-05,0.00015486101378470605
2138.0,0.9152,7.759e-05,0.00015469242380312443
2139.0,0.9153,7.75e-05,0.00015452381215493344
2140.0,0.9154,7.748e-05,0.00015435517882555184
2141.0,0.9155,7.739e-05,0.00015418652380036534
2142.0,0.9155,7.73e-05,0.00015418652380036534
2143.0,0.9156,7.718e-05,0.00015401784706472617
2144.0,0.9157,7.712e-05,0.00015384914860395316
2145.0,0.9158,7.705e-05,0.00015368042840333153
2146.0,0.9158,7.698e-05,0.00015368042840333153
2147.0,0.9159,7.69e-05,0.00015351168644811263
2148.0,0.916,7.693e-05,0.0001533429227235146
2149.0,0.9161,7.693e-05,0.00015317413721472093
2150.0,0.9162,7.696e-05,0.00015300532990688155
2151.0,0.9162,7.7e-05,0.00015300532990688155
2152.0,0.9163,7.686e-05,0.00015283650078511203
2153.0,0.9164,7.67e-05,0.00015266764983449375
2154.0,0.9165,7.659e-05,0.00015249877704007377
2155.0,0.9165,7.65e-05,0.00015249877704007377
2156.0,0.9166,7.611e-05,0.00015232988238686452
2157.0,0.9167,7.585e-05,0.000152160965859844
2158.0,0.9168,7.565e-05,0.00015199202744395533
2159.0,0.9168,7.551e-05,0.00015199202744395533
2160.0,0.9169,7.54e-05,0.00015182306712410677
2161.0,0.917,7.527e-05,0.000151654084885172
2162.0,0.9171,7.513e-05,0.00015148508071198923
2163.0,0.9171,7.499e-05,0.00015148508071198923
2164.0,0.9172,7.51e-05,0.00015131605458936154
2165.0,0.9173,7.516e-05,0.00015114700650205678
2166.0,0.9174,7.517e-05,0.00015097793643480738
2167.0,0.9174,7.516e-05,0.00015097793643480738
2168.0,0.9175,7.528e-05,0.00015080884437231013
2169.0,0.9176,7.529e-05,0.00015063973029922628
2170.0,0.9177,7.525e-05,0.00015047059420018113
2171.0,0.9177,7.522e-05,0.00015047059420018113
2172.0,0.9178,7.499e-05,0.0001503014360597642
2173.0,0.9179,7.482e-05,0.00015013225586252868
2174.0,0.918,7.465e-05,0.00014996305359299232
2175.0,0.918,7.449e-05,0.00014996305359299232
2176.0,0.9181,7.435e-05,0.00014979382923563579
2177.0,0.9182,7.422e-05,0.00014962458277490372
2178.0,0.9183,7.406e-05,0.00014945531419520422
2179.0,0.9183,7.393e-05,0.00014945531419520422
2180.0,0.9184,7.381e-05,0.0001492860234809086
2181.0,0.9185,7.371e-05,0.00014911671061635152
2182.0,0.9186,7.366e-05,0.00014894737558583058
2183.0,0.9186,7.362e-05,0.00014894737558583058
2184.0,0.9187,7.35e-05,0.00014877801837360655
2185.0,0.9188,7.335e-05,0.00014860863896390286
2186.0,0.9189,7.323e-05,0.00014843923734090555
2187.0,0.9189,7.313e-05,0.00014843923734090555
2188.0,0.919,7.306e-05,0.00014826981348876374
2189.0,0.9191,7.301e-05,0.0001481003673915885
2190.0,0.9191,7.299e-05,0.0001481003673915885
2191.0,0.9192,7.302e-05,0.00014793089903345334
2192.0,0.9193,7.31e-05,0.00014776140839839398
2193.0,0.9194,7.309e-05,0.0001475918954704083
2194.0,0.9194,7.308e-05,0.0001475918954704083
2195.0,0.9195,7.307e-05,0.00014742236023345588
2196.0,0.9196,7.301e-05,0.0001472528026714583
2197.0,0.9197,7.291e-05,0.00014708322276829868
2198.0,0.9197,7.282e-05,0.00014708322276829868
2199.0,0.9198,7.278e-05,0.00014691362050782173
2200.0,0.9199,7.263e-05,0.0001467439958738333
2201.0,0.9199,7.25e-05,0.0001467439958738333
2202.0,0.92,7.246e-05,0.0001465743488501011
2203.0,0.9201,7.251e-05,0.0001464046794203534
2204.0,0.9202,7.249e-05,0.0001462349875682796
2205.0,0.9202,7.243e-05,0.0001462349875682796
2206.0,0.9203,7.236e-05,0.00014606527327753
2207.0,0.9204,7.227e-05,0.0001458955365317155
2208.0,0.9205,7.203e-05,0.00014572577731440778
2209.0,0.9205,7.181e-05,0.00014572577731440778
2210.0,0.9206,7.162e-05,0.00014555599560913868
2211.0,0.9207,7.146e-05,0.0001453861913994005
2212.0,0.9207,7.118e-05,0.0001453861913994005
2213.0,0.9208,7.096e-05,0.0001452163646686457
2214.0,0.9209,7.074e-05,0.00014504651540028643
2215.0,0.921,7.053e-05,0.0001448766435776954
2216.0,0.921,7.043e-05,0.0001448766435776954
2217.0,0.9211,7.035e-05,0.0001447067491842044
2218.0,0.9212,7.031e-05,0.00014453683220310503
2219.0,0.9212,7.027e-05,0.00014453683220310503
2220.0,0.9213,7.021e-05,0.0001443668926176483
2221.0,0.9214,7.014e-05,0.00014419693041104454
2222.0,0.9214,7.008e-05,0.00014419693041104454
2223.0,0.9215,7.003e-05,0.00014402694556646322
2224.0,0.9216,6.988e-05,0.00014385693806703276
2225.0,0.9217,6.977e-05,0.00014368690789584048
2226.0,0.9217,6.976e-05,0.00014368690789584048
2227.0,0.9218,6.979e-05,0.00014351685503593244
2228.0,0.9219,6.972e-05,0.00014334677947031295
2229.0,0.9219,6.963e-05,0.00014334677947031295
2230.0,0.922,6.955e-05,0.00014317668118194544
2231.0,0.9221,6.948e-05,0.0001430065601537509
2232.0,0.9221,6.945e-05,0.0001430065601537509
2233.0,0.9222,6.947e-05,0.00014283641636860875
2234.0,0.9223,6.939e-05,0.00014266624980935629
2235.0,0.9224,6.92e-05,0.00014249606045878854
2236.0,0.9224,6.912e-05,0.00014249606045878854
2237.0,0.9225,6.899e-05,0.00014232584829965839
2238.0,0.9226,6.889e-05,0.000142155613314676
2239.0,0.9226,6.884e-05,0.000142155613314676
2240.0,0.9227,6.863e-05,0.00014198535548650903
2241.0,0.9228,6.843e-05,0.0001418150747977823
2242.0,0.9228,6.825e-05,0.0001418150747977823
2243.0,0.9229,6.814e-05,0.0001416447712310774
2244.0,0.923,6.813e-05,0.00014147444476893346
2245.0,0.923,6.805e-05,0.00014147444476893346
2246.0,0.9231,6.791e-05,0.0001413040953938457
2247.0,0.9232,6.783e-05,0.00014113372308826615
2248.0,0.9232,6.78e-05,0.00014113372308826615
2249.0,0.9233,6.769e-05,0.00014096332783460319
2250.0,0.9234,6.76e-05,0.00014079290961522146
2251.0,0.9234,6.756e-05,0.00014079290961522146
2252.0,0.9235,6.755e-05,0.0001406224684124417
2253.0,0.9236,6.75e-05,0.00014045200420854053
2254.0,0.9236,6.738e-05,0.00014045200420854053
2255.0,0.9237,6.722e-05,0.00014028151698575035
2256.0,0.9238,6.714e-05,0.00014011100672625923
2257.0,0.9238,6.71e-05,0.00014011100672625923
2258.0,0.9239,6.709e-05,0.0001399404734122104
2259.0,0.924,6.704e-05,0.00013976991702570297
2260.0,0.924,6.697e-05,0.00013976991702570297
2261.0,0.9241,6.69e-05,0.00013959933754879053
2262.0,0.9242,6.682e-05,0.00013942873496348185
2263.0,0.9243,6.672e-05,0.00013925810925174045
2264.0,0.9243,6.663e-05,0.00013925810925174045
2265.0,0.9244,6.657e-05,0.00013908746039548446
2266.0,0.9244,6.651e-05,0.00013908746039548446
2267.0,0.9245,6.639e-05,0.00013891678837658648
2268.0,0.9246,6.624e-05,0.0001387460931768733
2269.0,0.9246,6.614e-05,0.0001387460931768733
2270.0,0.9247,6.603e-05,0.0001385753747781259
2271.0,0.9248,6.589e-05,0.00013840463316207904
2272.0,0.9248,6.568e-05,0.00013840463316207904
2273.0,0.9249,6.55e-05,0.0001382338683104212
2274.0,0.925,6.544e-05,0.00013806308020479494
2275.0,0.925,6.543e-05,0.00013806308020479494
2276.0,0.9251,6.546e-05,0.0001378922688267956
2277.0,0.9252,6.547e-05,0.00013772143415797204
2278.0,0.9252,6.544e-05,0.00013772143415797204
2279.0,0.9253,6.537e-05,0.00013755057617982614
2280.0,0.9254,6.529e-05,0.0001373796948738126
2281.0,0.9254,6.514e-05,0.0001373796948738126
2282.0,0.9255,6.503e-05,0.00013720879022133888
2283.0,0.9256,6.499e-05,0.00013703786220376494
2284.0,0.9256,6.485e-05,0.00013703786220376494
2285.0,0.9257,6.487e-05,0.00013686691080240312
2286.0,0.9258,6.491e-05,0.00013669593599851786
2287.0,0.9258,6.487e-05,0.00013669593599851786
2288.0,0.9259,6.488e-05,0.00013652493777332564
2289.0,0.926,6.476e-05,0.0001363539161079945
2290.0,0.926,6.461e-05,0.0001363539161079945
2291.0,0.9261,6.445e-05,0.00013618287098364468
2292.0,0.9261,6.424e-05,0.00013618287098364468
2293.0,0.9262,6.42e-05,0.0001360118023813473
2294.0,0.9263,6.417e-05,0.0001358407102821249
2295.0,0.9263,6.402e-05,0.0001358407102821249
2296.0,0.9264,6.395e-05,0.00013566959466695106
2297.0,0.9265,6.384e-05,0.0001354984555167503
2298.0,0.9265,6.373e-05,0.0001354984555167503
2299.0,0.9266,6.364e-05,0.00013532729281239778
2300.0,0.9267,6.333e-05,0.00013515610653471913
2301.0,0.9267,6.314e-05,0.00013515610653471913
2302.0,0.9268,6.298e-05,0.00013498489666449037
2303.0,0.9268,6.281e-05,0.00013498489666449037
2304.0,0.9269,6.285e-05,0.00013481366318243753
2305.0,0.927,6.279e-05,0.00013464240606923648
2306.0,0.927,6.276e-05,0.00013464240606923648
2307.0,0.9271,6.28e-05,0.0001344711253055133
2308.0,0.9272,6.283e-05,0.00013429982087184307
2309.0,0.9272,6.277e-05,0.00013429982087184307
2310.0,0.9273,6.271e-05,0.00013412849274875048
2311.0,0.9274,6.267e-05,0.00013395714091670921
2312.0,0.9274,6.252e-05,0.00013395714091670921
2313.0,0.9275,6.234e-05,0.00013378576535614205
2314.0,0.9275,6.222e-05,0.00013378576535614205
2315.0,0.9276,6.211e-05,0.00013361436604742048
2316.0,0.9277,6.207e-05,0.00013344294297086445
2317.0,0.9277,6.196e-05,0.00013344294297086445
2318.0,0.9278,6.184e-05,0.0001332714961067424
2319.0,0.9278,6.17e-05,0.0001332714961067424
2320.0,0.9279,6.164e-05,0.00013310002543527084
2321.0,0.928,6.159e-05,0.00013292853093661408
2322.0,0.928,6.154e-05,0.00013292853093661408
2323.0,0.9281,6.149e-05,0.0001327570125908847
2324.0,0.9282,6.135e-05,0.00013258547037814226
2325.0,0.9282,6.122e-05,0.00013258547037814226
2326.0,0.9283,6.114e-05,0.0001324139042783939
2327.0,0.9283,6.108e-05,0.0001324139042783939
2328.0,0.9284,6.095e-05,0.00013224231427159383
2329.0,0.9285,6.088e-05,0.00013207070033764324
2330.0,0.9285,6.084e-05,0.00013207070033764324
2331.0,0.9286,6.075e-05,0.00013189906245639
2332.0,0.9286,6.079e-05,0.00013189906245639
2333.0,0.9287,6.078e-05,0.00013172740060762842
2334.0,0.9288,6.076e-05,0.00013155571477109924
2335.0,0.9288,6.072e-05,0.00013155571477109924
2336.0,0.9289,6.064e-05,0.0001313840049264892
2337.0,0.9289,6.058e-05,0.0001313840049264892
2338.0,0.929,6.053e-05,0.00013121227105343067
2339.0,0.9291,6.048e-05,0.00013104051313150231
2340.0,0.9291,6.032e-05,0.00013104051313150231
2341.0,0.9292,6.019e-05,0.00013086873114022767
2342.0,0.9292,6.008e-05,0.00013086873114022767
2343.0,0.9293,6e-05,0.00013069692505907564
2344.0,0.9294,5.994e-05,0.0001305250948674602
2345.0,0.9294,5.986e-05,0.0001305250948674602
2346.0,0.9295,5.975e-05,0.00013035324054474
2347.0,0.9295,5.968e-05,0.00013035324054474
2348.0,0.9296,5.969e-05,0.0001301813620702183
2349.0,0.9297,5.959e-05,0.00013000945942314278
2350.0,0.9297,5.945e-05,0.00013000945942314278
2351.0,0.9298,5.937e-05,0.00012983753258270512
2352.0,0.9298,5.932e-05,0.00012983753258270512
2353.0,0.9299,5.92e-05,0.00012966558152804094
2354.0,0.93,5.908e-05,0.00012949360623822938
2355.0,0.93,5.9e-05,0.00012949360623822938
2356.0,0.9301,5.892e-05,0.00012932160669229355
2357.0,0.9301,5.88e-05,0.00012932160669229355
2358.0,0.9302,5.873e-05,0.00012914958286919917
2359.0,0.9303,5.865e-05,0.00012897753474785524
2360.0,0.9303,5.854e-05,0.00012897753474785524
2361.0,0.9304,5.847e-05,0.00012880546230711342
2362.0,0.9304,5.836e-05,0.00012880546230711342
2363.0,0.9305,5.82e-05,0.0001286333655257679
2364.0,0.9306,5.801e-05,0.00012846124438255525
2365.0,0.9306,5.786e-05,0.00012846124438255525
2366.0,0.9307,5.783e-05,0.00012828909885615402
2367.0,0.9307,5.783e-05,0.00012828909885615402
2368.0,0.9308,5.776e-05,0.00012811692892518455
2369.0,0.9308,5.767e-05,0.00012811692892518455
2370.0,0.9309,5.757e-05,0.0001279447345682089
2371.0,0.931,5.747e-05,0.00012777251576373013
2372.0,0.931,5.745e-05,0.00012777251576373013
2373.0,0.9311,5.746e-05,0.00012760027249019313
2374.0,0.9311,5.745e-05,0.00012760027249019313
2375.0,0.9312,5.74e-05,0.00012742800472598294
2376.0,0.9312,5.738e-05,0.00012742800472598294
2377.0,0.9313,5.731e-05,0.00012725571244942552
2378.0,0.9314,5.719e-05,0.00012708339563878717
2379.0,0.9314,5.71e-05,0.00012708339563878717
2380.0,0.9315,5.7e-05,0.00012691105427227437
2381.0,0.9315,5.699e-05,0.00012691105427227437
2382.0,0.9316,5.7e-05,0.0001267386883280334
2383.0,0.9316,5.7e-05,0.0001267386883280334
2384.0,0.9317,5.709e-05,0.00012656629778415033
2385.0,0.9318,5.707e-05,0.00012639388261865048
2386.0,0.9318,5.7e-05,0.00012639388261865048
2387.0,0.9319,5.696e-05,0.0001262214428094984
2388.0,0.9319,5.683e-05,0.0001262214428094984
2389.0,0.932,5.674e-05,0.00012604897833459728
2390.0,0.932,5.662e-05,0.00012604897833459728
2391.0,0.9321,5.649e-05,0.00012587648917178964
2392.0,0.9322,5.643e-05,0.0001257039752988557
2393.0,0.9322,5.635e-05,0.0001257039752988557
2394.0,0.9323,5.629e-05,0.000125531436693514
2395.0,0.9323,5.622e-05,0.000125531436693514
2396.0,0.9324,5.608e-05,0.00012535887333342107
2397.0,0.9324,5.599e-05,0.00012535887333342107
2398.0,0.9325,5.592e-05,0.000125186285196171
2399.0,0.9325,5.586e-05,0.000125186285196171
2400.0,0.9326,5.573e-05,0.0001250136722592951
2401.0,0.9327,5.568e-05,0.000124841034500262
2402.0,0.9327,5.566e-05,0.000124841034500262
2403.0,0.9328,5.565e-05,0.00012466837189647697
2404.0,0.9328,5.56e-05,0.00012466837189647697
2405.0,0.9329,5.553e-05,0.00012449568442528199
2406.0,0.9329,5.547e-05,0.00012449568442528199
2407.0,0.933,5.547e-05,0.00012432297206395505
2408.0,0.933,5.542e-05,0.00012432297206395505
2409.0,0.9331,5.533e-05,0.00012415023478971077
2410.0,0.9332,5.527e-05,0.000123977472579699
2411.0,0.9332,5.519e-05,0.000123977472579699
2412.0,0.9333,5.514e-05,0.0001238046854110052
2413.0,0.9333,5.513e-05,0.0001238046854110052
2414.0,0.9334,5.514e-05,0.00012363187326065007
2415.0,0.9334,5.514e-05,0.00012363187326065007
2416.0,0.9335,5.513e-05,0.00012345903610558936
2417.0,0.9335,5.506e-05,0.00012345903610558936
2418.0,0.9336,5.496e-05,0.0001232861739227133
2419.0,0.9337,5.487e-05,0.00012311328668884665
2420.0,0.9337,5.478e-05,0.00012311328668884665
2421.0,0.9338,5.473e-05,0.00012294037438074826
2422.0,0.9338,5.458e-05,0.00012294037438074826
2423.0,0.9339,5.446e-05,0.0001227674369751108
2424.0,0.9339,5.454e-05,0.0001227674369751108
2425.0,0.934,5.458e-05,0.00012259447444856029
2426.0,0.934,5.462e-05,0.00012259447444856029
2427.0,0.9341,5.468e-05,0.0001224214867776566
2428.0,0.9341,5.462e-05,0.0001224214867776566
2429.0,0.9342,5.448e-05,0.00012224847393889197
2430.0,0.9343,5.437e-05,0.00012207543590869163
2431.0,0.9343,5.425e-05,0.00012207543590869163
2432.0,0.9344,5.39e-05,0.00012190237266341314
2433.0,0.9344,5.374e-05,0.00012190237266341314
2434.0,0.9345,5.357e-05,0.00012172928417934615
2435.0,0.9345,5.339e-05,0.00012172928417934615
2436.0,0.9346,5.34e-05,0.0001215561704327122
2437.0,0.9346,5.331e-05,0.0001215561704327122
2438.0,0.9347,5.317e-05,0.00012138303139966432
2439.0,0.9347,5.303e-05,0.00012138303139966432
2440.0,0.9348,5.294e-05,0.0001212098670562868
2441.0,0.9348,5.29e-05,0.0001212098670562868
2442.0,0.9349,5.287e-05,0.00012103667737859489
2443.0,0.9349,5.283e-05,0.00012103667737859489
2444.0,0.935,5.281e-05,0.00012086346234253417
2445.0,0.9351,5.276e-05,0.00012069022192398129
2446.0,0.9351,5.269e-05,0.00012069022192398129
2447.0,0.9352,5.259e-05,0.00012051695609874226
2448.0,0.9352,5.244e-05,0.00012051695609874226
2449.0,0.9353,5.234e-05,0.00012034366484255306
2450.0,0.9353,5.221e-05,0.00012034366484255306
2451.0,0.9354,5.209e-05,0.00012017034813107906
2452.0,0.9354,5.197e-05,0.00012017034813107906
2453.0,0.9355,5.186e-05,0.00011999700593991479
2454.0,0.9355,5.177e-05,0.00011999700593991479
2455.0,0.9356,5.17e-05,0.00011982363824458352
2456.0,0.9356,5.168e-05,0.00011982363824458352
2457.0,0.9357,5.171e-05,0.00011965024502053714
2458.0,0.9357,5.177e-05,0.00011965024502053714
2459.0,0.9358,5.187e-05,0.00011947682624315556
2460.0,0.9358,5.203e-05,0.00011947682624315556
2461.0,0.9359,5.207e-05,0.0001193033818877467
2462.0,0.9359,5.205e-05,0.0001193033818877467
2463.0,0.936,5.2e-05,0.00011912991192954577
2464.0,0.936,5.189e-05,0.00011912991192954577
2465.0,0.9361,5.18e-05,0.00011895641634371579
2466.0,0.9361,5.167e-05,0.00011895641634371579
2467.0,0.9362,5.156e-05,0.00011878289510534613
2468.0,0.9363,5.148e-05,0.00011860934818945295
2469.0,0.9363,5.141e-05,0.00011860934818945295
2470.0,0.9364,5.131e-05,0.00011843577557097864
2471.0,0.9364,5.12e-05,0.00011843577557097864
2472.0,0.9365,5.122e-05,0.00011826217722479155
2473.0,0.9365,5.122e-05,0.00011826217722479155
2474.0,0.9366,5.125e-05,0.00011808855312568567
2475.0,0.9366,5.133e-05,0.00011808855312568567
2476.0,0.9367,5.147e-05,0.00011791490324838017
2477.0,0.9367,5.154e-05,0.00011791490324838017
2478.0,0.9368,5.155e-05,0.00011774122756751927
2479.0,0.9368,5.153e-05,0.00011774122756751927
2480.0,0.9369,5.154e-05,0.00011756752605767172
2481.0,0.9369,5.155e-05,0.00011756752605767172
2482.0,0.937,5.154e-05,0.0001173937986933304
2483.0,0.937,5.154e-05,0.0001173937986933304
2484.0,0.9371,5.148e-05,0.00011722004544891272
2485.0,0.9371,5.141e-05,0.00011722004544891272
2486.0,0.9372,5.137e-05,0.00011704626629875901
2487.0,0.9372,5.135e-05,0.00011704626629875901
2488.0,0.9373,5.115e-05,0.00011687246121713314
2489.0,0.9373,5.104e-05,0.00011687246121713314
2490.0,0.9374,5.093e-05,0.00011669863017822185
2491.0,0.9374,5.079e-05,0.00011669863017822185
2492.0,0.9375,5.066e-05,0.00011652477315613441
2493.0,0.9375,5.064e-05,0.00011652477315613441
2494.0,0.9376,5.064e-05,0.00011635089012490236
2495.0,0.9376,5.06e-05,0.00011635089012490236
2496.0,0.9377,5.068e-05,0.00011617698105847904
2497.0,0.9377,5.071e-05,0.00011617698105847904
2498.0,0.9378,5.066e-05,0.0001160030459307393
2499.0,0.9378,5.06e-05,0.0001160030459307393
2500.0,0.9379,5.045e-05,0.00011582908471547917
2501.0,0.9379,5.033e-05,0.00011582908471547917
2502.0,0.938,5.023e-05,0.00011565509738641542
2503.0,0.938,5.008e-05,0.00011565509738641542
2504.0,0.9381,4.98e-05,0.00011548108391718515
2505.0,0.9381,4.961e-05,0.00011548108391718515
2506.0,0.9382,4.942e-05,0.00011530704428134596
2507.0,0.9382,4.924e-05,0.00011530704428134596
2508.0,0.9383,4.912e-05,0.00011513297845237471
2509.0,0.9383,4.907e-05,0.00011513297845237471
2510.0,0.9384,4.902e-05,0.00011495888640366772
2511.0,0.9384,4.9e-05,0.00011495888640366772
2512.0,0.9385,4.913e-05,0.00011478476810854028
2513.0,0.9385,4.919e-05,0.00011478476810854028
2514.0,0.9386,4.921e-05,0.00011461062354022625
2515.0,0.9386,4.921e-05,0.00011461062354022625
2516.0,0.9387,4.917e-05,0.00011443645267187779
2517.0,0.9387,4.913e-05,0.00011443645267187779
2518.0,0.9388,4.9e-05,0.00011426225547656481
2519.0,0.9388,4.882e-05,0.00011426225547656481
2520.0,0.9389,4.865e-05,0.00011408803192727477
2521.0,0.9389,4.86e-05,0.00011408803192727477
2522.0,0.939,4.859e-05,0.00011391378199691212
2523.0,0.939,4.863e-05,0.00011391378199691212
2524.0,0.9391,4.864e-05,0.00011373950565829791
2525.0,0.9391,4.857e-05,0.00011373950565829791
2526.0,0.9392,4.846e-05,0.00011356520288417002
2527.0,0.9392,4.836e-05,0.00011356520288417002
2528.0,0.9393,4.818e-05,0.00011339087364718174
2529.0,0.9393,4.817e-05,0.00011339087364718174
2530.0,0.9394,4.816e-05,0.00011321651791990196
2531.0,0.9394,4.805e-05,0.00011321651791990196
2532.0,0.9395,4.809e-05,0.0001130421356748149
2533.0,0.9395,4.809e-05,0.0001130421356748149
2534.0,0.9396,4.814e-05,0.00011286772688431937
2535.0,0.9396,4.825e-05,0.00011286772688431937
2536.0,0.9396,4.829e-05,0.00011286772688431937
2537.0,0.9397,4.836e-05,0.00011269329152072859
2538.0,0.9397,4.838e-05,0.00011269329152072859
2539.0,0.9398,4.831e-05,0.00011251882955626973
2540.0,0.9398,4.814e-05,0.00011251882955626973
2541.0,0.9399,4.803e-05,0.0001123443409630835
2542.0,0.9399,4.793e-05,0.0001123443409630835
2543.0,0.94,4.788e-05,0.00011216982571322376
2544.0,0.94,4.765e-05,0.00011216982571322376
2545.0,0.9401,4.746e-05,0.00011199528377865688
2546.0,0.9401,4.733e-05,0.00011199528377865688
2547.0,0.9402,4.726e-05,0.00011182071513126216
2548.0,0.9402,4.733e-05,0.00011182071513126216
2549.0,0.9403,4.729e-05,0.00011164611974283019
2550.0,0.9403,4.725e-05,0.00011164611974283019
2551.0,0.9404,4.725e-05,0.00011147149758506327
2552.0,0.9404,4.733e-05,0.00011147149758506327
2553.0,0.9405,4.731e-05,0.00011129684862957473
2554.0,0.9405,4.727e-05,0.00011129684862957473
2555.0,0.9406,4.722e-05,0.00011112217284788866
2556.0,0.9406,4.711e-05,0.00011112217284788866
2557.0,0.9406,4.704e-05,0.00011112217284788866
2558.0,0.9407,4.692e-05,0.00011094747021143922
2559.0,0.9407,4.676e-05,0.00011094747021143922
2560.0,0.9408,4.656e-05,0.00011077274069157049
2561.0,0.9408,4.648e-05,0.00011077274069157049
2562.0,0.9409,4.65e-05,0.00011059798425953584
2563.0,0.9409,4.654e-05,0.00011059798425953584
2564.0,0.941,4.66e-05,0.0001104232008864976
2565.0,0.941,4.66e-05,0.0001104232008864976
2566.0,0.9411,4.665e-05,0.00011024839054352642
2567.0,0.9411,4.669e-05,0.00011024839054352642
2568.0,0.9412,4.657e-05,0.00011007355320160162
2569.0,0.9412,4.644e-05,0.00011007355320160162
2570.0,0.9413,4.638e-05,0.00010989868883160945
2571.0,0.9413,4.633e-05,0.00010989868883160945
2572.0,0.9413,4.606e-05,0.00010989868883160945
2573.0,0.9414,4.593e-05,0.00010972379740434363
2574.0,0.9414,4.577e-05,0.00010972379740434363
2575.0,0.9415,4.562e-05,0.00010954887889050455
2576.0,0.9415,4.552e-05,0.00010954887889050455
2577.0,0.9416,4.554e-05,0.00010937393326069893
2578.0,0.9416,4.559e-05,0.00010937393326069893
2579.0,0.9417,4.562e-05,0.00010919896048543929
2580.0,0.9417,4.573e-05,0.00010919896048543929
2581.0,0.9418,4.577e-05,0.00010902396053514348
2582.0,0.9418,4.572e-05,0.00010902396053514348
2583.0,0.9418,4.561e-05,0.00010902396053514348
2584.0,0.9419,4.546e-05,0.00010884893338013433
2585.0,0.9419,4.542e-05,0.00010884893338013433
2586.0,0.942,4.541e-05,0.00010867387899063906
2587.0,0.942,4.541e-05,0.00010867387899063906
2588.0,0.9421,4.547e-05,0.00010849879733678873
2589.0,0.9421,4.551e-05,0.00010849879733678873
2590.0,0.9422,4.55e-05,0.00010832368838861843
2591.0,0.9422,4.544e-05,0.00010832368838861843
2592.0,0.9423,4.531e-05,0.00010814855211606578
2593.0,0.9423,4.519e-05,0.00010814855211606578
2594.0,0.9423,4.509e-05,0.00010814855211606578
2595.0,0.9424,4.497e-05,0.00010797338848897111
2596.0,0.9424,4.488e-05,0.00010797338848897111
2597.0,0.9425,4.488e-05,0.0001077981974770769
2598.0,0.9425,4.486e-05,0.0001077981974770769
2599.0,0.9426,4.485e-05,0.00010762297905002719
2600.0,0.9426,4.491e-05,0.00010762297905002719
2601.0,0.9427,4.491e-05,0.00010744773317736714
2602.0,0.9427,4.484e-05,0.00010744773317736714
2603.0,0.9428,4.474e-05,0.00010727245982854262
2604.0,0.9428,4.447e-05,0.00010727245982854262
2605.0,0.9428,4.429e-05,0.00010727245982854262
2606.0,0.9429,4.419e-05,0.00010709715897289955
2607.0,0.9429,4.412e-05,0.00010709715897289955
2608.0,0.943,4.394e-05,0.00010692183057968359
2609.0,0.943,4.378e-05,0.00010692183057968359
2610.0,0.9431,4.362e-05,0.00010674647461803934
2611.0,0.9431,4.34e-05,0.00010674647461803934
2612.0,0.9431,4.315e-05,0.00010674647461803934
2613.0,0.9432,4.305e-05,0.00010657109105701064
2614.0,0.9432,4.301e-05,0.00010657109105701064
2615.0,0.9433,4.297e-05,0.00010639567986553887
2616.0,0.9433,4.308e-05,0.00010639567986553887
2617.0,0.9434,4.319e-05,0.0001062202410124633
2618.0,0.9434,4.322e-05,0.0001062202410124633
2619.0,0.9434,4.323e-05,0.0001062202410124633
2620.0,0.9435,4.334e-05,0.00010604477446652031
2621.0,0.9435,4.345e-05,0.00010604477446652031
2622.0,0.9436,4.35e-05,0.00010586928019634292
2623.0,0.9436,4.352e-05,0.00010586928019634292
2624.0,0.9437,4.356e-05,0.00010569375817046023
2625.0,0.9437,4.359e-05,0.00010569375817046023
2626.0,0.9438,4.362e-05,0.00010551820835729693
2627.0,0.9438,4.363e-05,0.00010551820835729693
2628.0,0.9438,4.356e-05,0.00010551820835729693
2629.0,0.9439,4.355e-05,0.0001053426307251728
2630.0,0.9439,4.354e-05,0.0001053426307251728
2631.0,0.944,4.356e-05,0.00010516702524230212
2632.0,0.944,4.359e-05,0.00010516702524230212
2633.0,0.9441,4.357e-05,0.00010499139187679299
2634.0,0.9441,4.347e-05,0.00010499139187679299
2635.0,0.9441,4.33e-05,0.00010499139187679299
2636.0,0.9442,4.309e-05,0.00010481573059664754
2637.0,0.9442,4.29e-05,0.00010481573059664754
2638.0,0.9443,4.276e-05,0.00010464004136976028
2639.0,0.9443,4.262e-05,0.00010464004136976028
2640.0,0.9444,4.252e-05,0.00010446432416391825
2641.0,0.9444,4.25e-05,0.00010446432416391825
2642.0,0.9444,4.242e-05,0.00010446432416391825
2643.0,0.9445,4.234e-05,0.00010428857894680032
2644.0,0.9445,4.226e-05,0.00010428857894680032
2645.0,0.9446,4.211e-05,0.00010411280568597672
2646.0,0.9446,4.2e-05,0.00010411280568597672
2647.0,0.9447,4.197e-05,0.00010393700434890831
2648.0,0.9447,4.202e-05,0.00010393700434890831
2649.0,0.9447,4.204e-05,0.00010393700434890831
2650.0,0.9448,4.211e-05,0.00010376117490294622
2651.0,0.9448,4.216e-05,0.00010376117490294622
2652.0,0.9449,4.22e-05,0.00010358531731533111
2653.0,0.9449,4.222e-05,0.00010358531731533111
2654.0,0.945,4.224e-05,0.00010340943155319269
2655.0,0.945,4.227e-05,0.00010340943155319269
2656.0,0.945,4.227e-05,0.00010340943155319269
2657.0,0.9451,4.206e-05,0.00010323351758354906
2658.0,0.9451,4.196e-05,0.00010323351758354906
2659.0,0.9452,4.187e-05,0.00010305757537330666
2660.0,0.9452,4.176e-05,0.00010305757537330666
2661.0,0.9452,4.161e-05,0.00010305757537330666
2662.0,0.9453,4.152e-05,0.00010288160488925872
2663.0,0.9453,4.142e-05,0.00010288160488925872
2664.0,0.9454,4.136e-05,0.00010270560609808546
2665.0,0.9454,4.147e-05,0.00010270560609808546
2666.0,0.9455,4.145e-05,0.00010252957896635318
2667.0,0.9455,4.134e-05,0.00010252957896635318
2668.0,0.9455,4.119e-05,0.00010252957896635318
2669.0,0.9456,4.11e-05,0.00010235352346051379
2670.0,0.9456,4.099e-05,0.00010235352346051379
2671.0,0.9457,4.092e-05,0.00010217743954690413
2672.0,0.9457,4.09e-05,0.00010217743954690413
2673.0,0.9457,4.101e-05,0.00010217743954690413
2674.0,0.9458,4.112e-05,0.00010200132719174549
2675.0,0.9458,4.114e-05,0.00010200132719174549
2676.0,0.9459,4.106e-05,0.0001018251863611428
2677.0,0.9459,4.106e-05,0.0001018251863611428
2678.0,0.9459,4.098e-05,0.0001018251863611428
2679.0,0.946,4.085e-05,0.0001016490170210843
2680.0,0.946,4.075e-05,0.0001016490170210843
2681.0,0.9461,4.048e-05,0.0001014728191374405
2682.0,0.9461,4.034e-05,0.0001014728191374405
2683.0,0.9461,4.03e-05,0.0001014728191374405
2684.0,0.9462,4.031e-05,0.00010129659267596442
2685.0,0.9462,4.045e-05,0.00010129659267596442
2686.0,0.9463,4.047e-05,0.00010112033760228985
2687.0,0.9463,4.046e-05,0.00010112033760228985
2688.0,0.9464,4.038e-05,0.00010094405388193146
2689.0,0.9464,4.014e-05,0.00010094405388193146
2690.0,0.9464,3.995e-05,0.00010094405388193146
2691.0,0.9465,3.987e-05,0.00010076774148028397
2692.0,0.9465,3.976e-05,0.00010076774148028397
2693.0,0.9466,3.951e-05,0.00010059140036262153
2694.0,0.9466,3.944e-05,0.00010059140036262153
2695.0,0.9466,3.942e-05,0.00010059140036262153
2696.0,0.9467,3.941e-05,0.00010041503049409707
2697.0,0.9467,3.951e-05,0.00010041503049409707
2698.0,0.9467,3.963e-05,0.00010041503049409707
2699.0,0.9468,3.979e-05,0.00010023863183974167
2700.0,0.9468,3.991e-05,0.00010023863183974167
2701.0,0.9469,3.978e-05,0.00010006220436446396
2702.0,0.9469,3.961e-05,0.00010006220436446396
2703.0,0.9469,3.95e-05,0.00010006220436446396
2704.0,0.947,3.947e-05,9.988574803304937e-05
2705.0,0.947,3.921e-05,9.988574803304937e-05
2706.0,0.9471,3.913e-05,9.970926281015931e-05
2707.0,0.9471,3.909e-05,9.970926281015931e-05
2708.0,0.9471,3.904e-05,9.970926281015931e-05
2709.0,0.9472,3.923e-05,9.953274866033137e-05
2710.0,0.9472,3.923e-05,9.953274866033137e-05
2711.0,0.9473,3.921e-05,9.935620554797734e-05
2712.0,0.9473,3.92e-05,9.935620554797734e-05
2713.0,0.9473,3.913e-05,9.935620554797734e-05
2714.0,0.9474,3.914e-05,9.917963343738345e-05
2715.0,0.9474,3.921e-05,9.917963343738345e-05
2716.0,0.9475,3.926e-05,9.900303229270943e-05
2717.0,0.9475,3.93e-05,9.900303229270943e-05
2718.0,0.9475,3.926e-05,9.900303229270943e-05
2719.0,0.9476,3.928e-05,9.882640207798787e-05
2720.0,0.9476,3.932e-05,9.882640207798787e-05
2721.0,0.9477,3.923e-05,9.864974275712346e-05
2722.0,0.9477,3.915e-05,9.864974275712346e-05
2723.0,0.9477,3.909e-05,9.864974275712346e-05
2724.0,0.9478,3.9e-05,9.847305429389242e-05
2725.0,0.9478,3.883e-05,9.847305429389242e-05
2726.0,0.9478,3.867e-05,9.847305429389242e-05
2727.0,0.9479,3.86e-05,9.829633665194167e-05
2728.0,0.9479,3.856e-05,9.829633665194167e-05
2729.0,0.948,3.847e-05,9.81195897947882e-05
2730.0,0.948,3.841e-05,9.81195897947882e-05
2731.0,0.948,3.836e-05,9.81195897947882e-05
2732.0,0.9481,3.83e-05,9.794281368581822e-05
2733.0,0.9481,3.822e-05,9.794281368581822e-05
2734.0,0.9482,3.81e-05,9.776600828828709e-05
2735.0,0.9482,3.805e-05,9.776600828828709e-05
2736.0,0.9482,3.807e-05,9.776600828828709e-05
2737.0,0.9483,3.788e-05,9.758917356531754e-05
2738.0,0.9483,3.773e-05,9.758917356531754e-05
2739.0,0.9483,3.763e-05,9.758917356531754e-05
2740.0,0.9484,3.761e-05,9.741230947989976e-05
2741.0,0.9484,3.772e-05,9.741230947989976e-05
2742.0,0.9485,3.775e-05,9.723541599489031e-05
2743.0,0.9485,3.781e-05,9.723541599489031e-05
2744.0,0.9485,3.791e-05,9.723541599489031e-05
2745.0,0.9486,3.822e-05,9.705849307301154e-05
2746.0,0.9486,3.84e-05,9.705849307301154e-05
2747.0,0.9486,3.848e-05,9.705849307301154e-05
2748.0,0.9487,3.856e-05,9.688154067685086e-05
2749.0,0.9487,3.837e-05,9.688154067685086e-05
2750.0,0.9488,3.826e-05,9.670455876885989e-05
2751.0,0.9488,3.819e-05,9.670455876885989e-05
2752.0,0.9488,3.812e-05,9.670455876885989e-05
2753.0,0.9489,3.784e-05,9.652754731135377e-05
2754.0,0.9489,3.777e-05,9.652754731135377e-05
2755.0,0.949,3.776e-05,9.635050626651037e-05
2756.0,0.949,3.774e-05,9.635050626651037e-05
2757.0,0.949,3.776e-05,9.635050626651037e-05
2758.0,0.9491,3.773e-05,9.617343559636943e-05
2759.0,0.9491,3.769e-05,9.617343559636943e-05
2760.0,0.9491,3.767e-05,9.617343559636943e-05
2761.0,0.9492,3.766e-05,9.599633526283242e-05
2762.0,0.9492,3.773e-05,9.599633526283242e-05
2763.0,0.9493,3.775e-05,9.581920522766076e-05
2764.0,0.9493,3.776e-05,9.581920522766076e-05
2765.0,0.9493,3.793e-05,9.581920522766076e-05
2766.0,0.9494,3.798e-05,9.56420454524757e-05
2767.0,0.9494,3.799e-05,9.56420454524757e-05
2768.0,0.9494,3.797e-05,9.56420454524757e-05
2769.0,0.9495,3.771e-05,9.546485589875739e-05
2770.0,0.9495,3.751e-05,9.546485589875739e-05
2771.0,0.9496,3.732e-05,9.528763652784412e-05
2772.0,0.9496,3.709e-05,9.528763652784412e-05
2773.0,0.9496,3.683e-05,9.528763652784412e-05
2774.0,0.9497,3.666e-05,9.511038730093143e-05
2775.0,0.9497,3.652e-05,9.511038730093143e-05
2776.0,0.9497,3.638e-05,9.511038730093143e-05
2777.0,0.9498,3.656e-05,9.49331081790714e-05
2778.0,0.9498,3.668e-05,9.49331081790714e-05
2779.0,0.9499,3.677e-05,9.475579912317183e-05
2780.0,0.9499,3.68e-05,9.475579912317183e-05
2781.0,0.9499,3.688e-05,9.475579912317183e-05
2782.0,0.95,3.688e-05,9.457846009399536e-05
2783.0,0.95,3.682e-05,9.457846009399536e-05
2784.0,0.95,3.679e-05,9.457846009399536e-05
2785.0,0.9501,3.665e-05,9.440109105215873e-05
2786.0,0.9501,3.656e-05,9.440109105215873e-05
2787.0,0.9501,3.645e-05,9.440109105215873e-05
2788.0,0.9502,3.636e-05,9.422369195813169e-05
2789.0,0.9502,3.645e-05,9.422369195813169e-05
2790.0,0.9503,3.649e-05,9.404626277223695e-05
2791.0,0.9503,3.658e-05,9.404626277223695e-05
2792.0,0.9503,3.67e-05,9.404626277223695e-05
2793.0,0.9504,3.678e-05,9.386880345464834e-05
2794.0,0.9504,3.681e-05,9.386880345464834e-05
2795.0,0.9504,3.678e-05,9.386880345464834e-05
2796.0,0.9505,3.67e-05,9.369131396539044e-05
2797.0,0.9505,3.641e-05,9.369131396539044e-05
2798.0,0.9505,3.619e-05,9.369131396539044e-05
2799.0,0.9506,3.6e-05,9.351379426433774e-05
2800.0,0.9506,3.581e-05,9.351379426433774e-05
2801.0,0.9507,3.571e-05,9.333624431121377e-05
2802.0,0.9507,3.571e-05,9.333624431121377e-05
2803.0,0.9507,3.582e-05,9.333624431121377e-05
2804.0,0.9508,3.595e-05,9.315866406559019e-05
2805.0,0.9508,3.614e-05,9.315866406559019e-05
2806.0,0.9508,3.618e-05,9.315866406559019e-05
2807.0,0.9509,3.619e-05,9.298105348688588e-05
2808.0,0.9509,3.615e-05,9.298105348688588e-05
2809.0,0.9509,3.577e-05,9.298105348688588e-05
2810.0,0.951,3.564e-05,9.280341253436615e-05
2811.0,0.951,3.554e-05,9.280341253436615e-05
2812.0,0.951,3.544e-05,9.280341253436615e-05
2813.0,0.9511,3.539e-05,9.26257411671418e-05
2814.0,0.9511,3.536e-05,9.26257411671418e-05
2815.0,0.9512,3.536e-05,9.244803934416799e-05
2816.0,0.9512,3.54e-05,9.244803934416799e-05
2817.0,0.9512,3.553e-05,9.244803934416799e-05
2818.0,0.9513,3.558e-05,9.227030702424424e-05
2819.0,0.9513,3.555e-05,9.227030702424424e-05
2820.0,0.9513,3.55e-05,9.227030702424424e-05
2821.0,0.9514,3.541e-05,9.209254416601226e-05
2822.0,0.9514,3.534e-05,9.209254416601226e-05
2823.0,0.9514,3.528e-05,9.209254416601226e-05
2824.0,0.9515,3.522e-05,9.191475072795581e-05
2825.0,0.9515,3.504e-05,9.191475072795581e-05
2826.0,0.9515,3.494e-05,9.191475072795581e-05
2827.0,0.9516,3.494e-05,9.173692666839961e-05
2828.0,0.9516,3.497e-05,9.173692666839961e-05
2829.0,0.9516,3.482e-05,9.173692666839961e-05
2830.0,0.9517,3.471e-05,9.155907194550844e-05
2831.0,0.9517,3.465e-05,9.155907194550844e-05
2832.0,0.9518,3.466e-05,9.138118651728612e-05
2833.0,0.9518,3.461e-05,9.138118651728612e-05
2834.0,0.9518,3.463e-05,9.138118651728612e-05
2835.0,0.9519,3.461e-05,9.120327034157468e-05
2836.0,0.9519,3.461e-05,9.120327034157468e-05
2837.0,0.9519,3.466e-05,9.120327034157468e-05
2838.0,0.952,3.46e-05,9.102532337605329e-05
2839.0,0.952,3.448e-05,9.102532337605329e-05
2840.0,0.952,3.44e-05,9.102532337605329e-05
2841.0,0.9521,3.419e-05,9.084734557823738e-05
2842.0,0.9521,3.407e-05,9.084734557823738e-05
2843.0,0.9521,3.403e-05,9.084734557823738e-05
2844.0,0.9522,3.406e-05,9.066933690547746e-05
2845.0,0.9522,3.413e-05,9.066933690547746e-05
2846.0,0.9522,3.419e-05,9.066933690547746e-05
2847.0,0.9523,3.423e-05,9.049129731495889e-05
2848.0,0.9523,3.429e-05,9.049129731495889e-05
2849.0,0.9523,3.445e-05,9.049129731495889e-05
2850.0,0.9524,3.457e-05,9.031322676369978e-05
2851.0,0.9524,3.46e-05,9.031322676369978e-05
2852.0,0.9524,3.462e-05,9.031322676369978e-05
2853.0,0.9525,3.487e-05,9.013512520855075e-05
2854.0,0.9525,3.505e-05,9.013512520855075e-05
2855.0,0.9525,3.515e-05,9.013512520855075e-05
2856.0,0.9526,3.524e-05,8.995699260619371e-05
2857.0,0.9526,3.535e-05,8.995699260619371e-05
2858.0,0.9527,3.524e-05,8.977882891314095e-05
2859.0,0.9527,3.509e-05,8.977882891314095e-05
2860.0,0.9527,3.495e-05,8.977882891314095e-05
2861.0,0.9528,3.458e-05,8.960063408573396e-05
2862.0,0.9528,3.435e-05,8.960063408573396e-05
2863.0,0.9528,3.42e-05,8.960063408573396e-05
2864.0,0.9529,3.412e-05,8.94224080801426e-05
2865.0,0.9529,3.413e-05,8.94224080801426e-05
2866.0,0.9529,3.403e-05,8.94224080801426e-05
2867.0,0.953,3.396e-05,8.924415085236393e-05
2868.0,0.953,3.391e-05,8.924415085236393e-05
2869.0,0.953,3.388e-05,8.924415085236393e-05
2870.0,0.9531,3.386e-05,8.906586235822118e-05
2871.0,0.9531,3.388e-05,8.906586235822118e-05
2872.0,0.9531,3.389e-05,8.906586235822118e-05
2873.0,0.9532,3.396e-05,8.888754255336258e-05
2874.0,0.9532,3.397e-05,8.888754255336258e-05
2875.0,0.9532,3.399e-05,8.888754255336258e-05
2876.0,0.9533,3.4e-05,8.870919139326107e-05
2877.0,0.9533,3.4e-05,8.870919139326107e-05
2878.0,0.9533,3.398e-05,8.870919139326107e-05
2879.0,0.9534,3.394e-05,8.853080883321196e-05
2880.0,0.9534,3.389e-05,8.853080883321196e-05
2881.0,0.9534,3.378e-05,8.853080883321196e-05
2882.0,0.9535,3.372e-05,8.835239482833276e-05
2883.0,0.9535,3.362e-05,8.835239482833276e-05
2884.0,0.9535,3.349e-05,8.835239482833276e-05
2885.0,0.9536,3.347e-05,8.817394933356183e-05
2886.0,0.9536,3.341e-05,8.817394933356183e-05
2887.0,0.9536,3.33e-05,8.817394933356183e-05
2888.0,0.9537,3.318e-05,8.799547230365731e-05
2889.0,0.9537,3.321e-05,8.799547230365731e-05
2890.0,0.9537,3.316e-05,8.799547230365731e-05
2891.0,0.9538,3.299e-05,8.781696369319604e-05
2892.0,0.9538,3.277e-05,8.781696369319604e-05
2893.0,0.9538,3.26e-05,8.781696369319604e-05
2894.0,0.9539,3.25e-05,8.763842345657241e-05
2895.0,0.9539,3.251e-05,8.763842345657241e-05
2896.0,0.9539,3.256e-05,8.763842345657241e-05
2897.0,0.954,3.269e-05,8.745985154799725e-05
2898.0,0.954,3.271e-05,8.745985154799725e-05
2899.0,0.954,3.266e-05,8.745985154799725e-05
2900.0,0.9541,3.263e-05,8.728124792149672e-05
2901.0,0.9541,3.258e-05,8.728124792149672e-05
2902.0,0.9541,3.256e-05,8.728124792149672e-05
2903.0,0.9542,3.256e-05,8.710261253091093e-05
2904.0,0.9542,3.253e-05,8.710261253091093e-05
2905.0,0.9542,3.247e-05,8.710261253091093e-05
2906.0,0.9543,3.24e-05,8.692394532989366e-05
2907.0,0.9543,3.233e-05,8.692394532989366e-05
2908.0,0.9543,3.223e-05,8.692394532989366e-05
2909.0,0.9544,3.211e-05,8.674524627190994e-05
2910.0,0.9544,3.203e-05,8.674524627190994e-05
2911.0,0.9544,3.19e-05,8.674524627190994e-05
2912.0,0.9545,3.176e-05,8.656651531023568e-05
2913.0,0.9545,3.158e-05,8.656651531023568e-05
2914.0,0.9545,3.142e-05,8.656651531023568e-05
2915.0,0.9545,3.133e-05,8.656651531023568e-05
2916.0,0.9546,3.132e-05,8.638775239795634e-05
2917.0,0.9546,3.126e-05,8.638775239795634e-05
2918.0,0.9546,3.127e-05,8.638775239795634e-05
2919.0,0.9547,3.134e-05,8.620895748796576e-05
2920.0,0.9547,3.143e-05,8.620895748796576e-05
2921.0,0.9547,3.16e-05,8.620895748796576e-05
2922.0,0.9548,3.169e-05,8.603013053296481e-05
2923.0,0.9548,3.18e-05,8.603013053296481e-05
2924.0,0.9548,3.189e-05,8.603013053296481e-05
2925.0,0.9549,3.186e-05,8.58512714854604e-05
2926.0,0.9549,3.184e-05,8.58512714854604e-05
2927.0,0.9549,3.182e-05,8.58512714854604e-05
2928.0,0.955,3.178e-05,8.567238029776411e-05
2929.0,0.955,3.157e-05,8.567238029776411e-05
2930.0,0.955,3.147e-05,8.567238029776411e-05
2931.0,0.9551,3.145e-05,8.549345692199096e-05
2932.0,0.9551,3.144e-05,8.549345692199096e-05
2933.0,0.9551,3.146e-05,8.549345692199096e-05
2934.0,0.9551,3.144e-05,8.549345692199096e-05
2935.0,0.9552,3.145e-05,8.531450131005811e-05
2936.0,0.9552,3.148e-05,8.531450131005811e-05
2937.0,0.9552,3.154e-05,8.531450131005811e-05
2938.0,0.9553,3.15e-05,8.513551341368422e-05
2939.0,0.9553,3.151e-05,8.513551341368422e-05
2940.0,0.9553,3.164e-05,8.513551341368422e-05
2941.0,0.9554,3.163e-05,8.495649318438717e-05
2942.0,0.9554,3.161e-05,8.495649318438717e-05
2943.0,0.9554,3.162e-05,8.495649318438717e-05
2944.0,0.9555,3.165e-05,8.477744057348344e-05
2945.0,0.9555,3.172e-05,8.477744057348344e-05
2946.0,0.9555,3.178e-05,8.477744057348344e-05
2947.0,0.9556,3.18e-05,8.459835553208671e-05
2948.0,0.9556,3.183e-05,8.459835553208671e-05
2949.0,0.9556,3.179e-05,8.459835553208671e-05
2950.0,0.9557,3.171e-05,8.441923801110656e-05
2951.0,0.9557,3.165e-05,8.441923801110656e-05
2952.0,0.9557,3.16e-05,8.441923801110656e-05
2953.0,0.9557,3.142e-05,8.441923801110656e-05
2954.0,0.9558,3.13e-05,8.424008796124715e-05
2955.0,0.9558,3.121e-05,8.424008796124715e-05
2956.0,0.9558,3.116e-05,8.424008796124715e-05
2957.0,0.9559,3.11e-05,8.406090533300589e-05
2958.0,0.9559,3.1e-05,8.406090533300589e-05
2959.0,0.9559,3.091e-05,8.406090533300589e-05
2960.0,0.956,3.08e-05,8.388169007667213e-05
2961.0,0.956,3.077e-05,8.388169007667213e-05
2962.0,0.956,3.077e-05,8.388169007667213e-05
2963.0,0.9561,3.073e-05,8.370244214232585e-05
2964.0,0.9561,3.062e-05,8.370244214232585e-05
2965.0,0.9561,3.069e-05,8.370244214232585e-05
2966.0,0.9562,3.072e-05,8.352316147983606e-05
2967.0,0.9562,3.069e-05,8.352316147983606e-05
2968.0,0.9562,3.062e-05,8.352316147983606e-05
2969.0,0.9562,3.049e-05,8.352316147983606e-05
2970.0,0.9563,3.043e-05,8.334384803886022e-05
2971.0,0.9563,3.042e-05,8.334384803886022e-05
2972.0,0.9563,3.042e-05,8.334384803886022e-05
2973.0,0.9564,3.045e-05,8.316450176884179e-05
2974.0,0.9564,3.049e-05,8.316450176884179e-05
2975.0,0.9564,3.052e-05,8.316450176884179e-05
2976.0,0.9565,3.056e-05,8.298512261900946e-05
2977.0,0.9565,3.057e-05,8.298512261900946e-05
2978.0,0.9565,3.047e-05,8.298512261900946e-05
2979.0,0.9565,3.036e-05,8.298512261900946e-05
2980.0,0.9566,3.027e-05,8.280571053837571e-05
2981.0,0.9566,3.007e-05,8.280571053837571e-05
2982.0,0.9566,2.995e-05,8.280571053837571e-05
2983.0,0.9567,2.982e-05,8.262626547573531e-05
2984.0,0.9567,2.974e-05,8.262626547573531e-05
2985.0,0.9567,2.984e-05,8.262626547573531e-05
2986.0,0.9568,2.988e-05,8.244678737966394e-05
2987.0,0.9568,2.988e-05,8.244678737966394e-05
2988.0,0.9568,2.985e-05,8.244678737966394e-05
2989.0,0.9568,2.988e-05,8.244678737966394e-05
2990.0,0.9569,2.988e-05,8.226727619851667e-05
2991.0,0.9569,2.994e-05,8.226727619851667e-05
2992.0,0.9569,3.007e-05,8.226727619851667e-05
2993.0,0.957,3.021e-05,8.208773188042668e-05
2994.0,0.957,3.031e-05,8.208773188042668e-05
2995.0,0.957,3.034e-05,8.208773188042668e-05
2996.0,0.9571,3.034e-05,8.190815437330359e-05
2997.0,0.9571,3.038e-05,8.190815437330359e-05
2998.0,0.9571,3.036e-05,8.190815437330359e-05
2999.0,0.9571,3.026e-05,8.190815437330359e-05
3000.0,0.9572,3.011e-05,8.172854362483195e-05
3001.0,0.9572,2.994e-05,8.172854362483195e-05
3002.0,0.9572,2.988e-05,8.172854362483195e-05
3003.0,0.9573,2.983e-05,8.154889958247046e-05
3004.0,0.9573,2.977e-05,8.154889958247046e-05
3005.0,0.9573,2.981e-05,8.154889958247046e-05
3006.0,0.9574,2.97e-05,8.136922219344932e-05
3007.0,0.9574,2.953e-05,8.136922219344932e-05
3008.0,0.9574,2.94e-05,8.136922219344932e-05
3009.0,0.9574,2.922e-05,8.136922219344932e-05
3010.0,0.9575,2.91e-05,8.118951140476947e-05
3011.0,0.9575,2.905e-05,8.118951140476947e-05
3012.0,0.9575,2.904e-05,8.118951140476947e-05
3013.0,0.9576,2.917e-05,8.10097671632009e-05
3014.0,0.9576,2.919e-05,8.10097671632009e-05
3015.0,0.9576,2.918e-05,8.10097671632009e-05
3016.0,0.9577,2.917e-05,8.082998941528105e-05
3017.0,0.9577,2.913e-05,8.082998941528105e-05
3018.0,0.9577,2.907e-05,8.082998941528105e-05
3019.0,0.9577,2.901e-05,8.082998941528105e-05
3020.0,0.9578,2.895e-05,8.065017810731332e-05
3021.0,0.9578,2.9e-05,8.065017810731332e-05
3022.0,0.9578,2.912e-05,8.065017810731332e-05
3023.0,0.9579,2.927e-05,8.047033318536547e-05
3024.0,0.9579,2.946e-05,8.047033318536547e-05
3025.0,0.9579,2.974e-05,8.047033318536547e-05
3026.0,0.9579,2.976e-05,8.047033318536547e-05
3027.0,0.958,2.968e-05,8.029045459526802e-05
3028.0,0.958,2.962e-05,8.029045459526802e-05
3029.0,0.958,2.919e-05,8.029045459526802e-05
3030.0,0.9581,2.889e-05,8.01105422826127e-05
3031.0,0.9581,2.861e-05,8.01105422826127e-05
3032.0,0.9581,2.838e-05,8.01105422826127e-05
3033.0,0.9581,2.829e-05,8.01105422826127e-05
3034.0,0.9582,2.83e-05,7.993059619275051e-05
3035.0,0.9582,2.835e-05,7.993059619275051e-05
3036.0,0.9582,2.838e-05,7.993059619275051e-05
3037.0,0.9583,2.862e-05,7.975061627079109e-05
3038.0,0.9583,2.872e-05,7.975061627079109e-05
3039.0,0.9583,2.879e-05,7.975061627079109e-05
3040.0,0.9583,2.88e-05,7.975061627079109e-05
3041.0,0.9584,2.855e-05,7.957060246159969e-05
3042.0,0.9584,2.85e-05,7.957060246159969e-05
3043.0,0.9584,2.85e-05,7.957060246159969e-05
3044.0,0.9585,2.847e-05,7.93905547097964e-05
3045.0,0.9585,2.834e-05,7.93905547097964e-05
3046.0,0.9585,2.826e-05,7.93905547097964e-05
3047.0,0.9585,2.819e-05,7.93905547097964e-05
3048.0,0.9586,2.809e-05,7.921047295975427e-05
3049.0,0.9586,2.805e-05,7.921047295975427e-05
3050.0,0.9586,2.807e-05,7.921047295975427e-05
3051.0,0.9587,2.811e-05,7.903035715559758e-05
3052.0,0.9587,2.812e-05,7.903035715559758e-05
3053.0,0.9587,2.836e-05,7.903035715559758e-05
3054.0,0.9587,2.852e-05,7.903035715559758e-05
3055.0,0.9588,2.864e-05,7.88502072412002e-05
3056.0,0.9588,2.874e-05,7.88502072412002e-05
3057.0,0.9588,2.886e-05,7.88502072412002e-05
3058.0,0.9589,2.898e-05,7.867002316018378e-05
3059.0,0.9589,2.909e-05,7.867002316018378e-05
3060.0,0.9589,2.917e-05,7.867002316018378e-05
3061.0,0.9589,2.911e-05,7.867002316018378e-05
3062.0,0.959,2.91e-05,7.848980485591609e-05
3063.0,0.959,2.908e-05,7.848980485591609e-05
3064.0,0.959,2.903e-05,7.848980485591609e-05
3065.0,0.9591,2.883e-05,7.830955227150924e-05
3066.0,0.9591,2.873e-05,7.830955227150924e-05
3067.0,0.9591,2.865e-05,7.830955227150924e-05
3068.0,0.9591,2.858e-05,7.830955227150924e-05
3069.0,0.9592,2.839e-05,7.812926534981769e-05
3070.0,0.9592,2.814e-05,7.812926534981769e-05
3071.0,0.9592,2.801e-05,7.812926534981769e-05
3072.0,0.9593,2.795e-05,7.794894403343727e-05
3073.0,0.9593,2.785e-05,7.794894403343727e-05
3074.0,0.9593,2.782e-05,7.794894403343727e-05
3075.0,0.9593,2.787e-05,7.794894403343727e-05
3076.0,0.9594,2.791e-05,7.776858826470219e-05
3077.0,0.9594,2.81e-05,7.776858826470219e-05
3078.0,0.9594,2.818e-05,7.776858826470219e-05
3079.0,0.9595,2.821e-05,7.758819798568399e-05
3080.0,0.9595,2.819e-05,7.758819798568399e-05
3081.0,0.9595,2.816e-05,7.758819798568399e-05
3082.0,0.9595,2.811e-05,7.758819798568399e-05
3083.0,0.9596,2.804e-05,7.740777313818952e-05
3084.0,0.9596,2.8e-05,7.740777313818952e-05
3085.0,0.9596,2.796e-05,7.740777313818952e-05
3086.0,0.9597,2.792e-05,7.722731366375912e-05
3087.0,0.9597,2.788e-05,7.722731366375912e-05
3088.0,0.9597,2.783e-05,7.722731366375912e-05
3089.0,0.9597,2.782e-05,7.722731366375912e-05
3090.0,0.9598,2.775e-05,7.704681950366466e-05
3091.0,0.9598,2.772e-05,7.704681950366466e-05
3092.0,0.9598,2.776e-05,7.704681950366466e-05
3093.0,0.9598,2.785e-05,7.704681950366466e-05
3094.0,0.9599,2.787e-05,7.686629059890768e-05
3095.0,0.9599,2.788e-05,7.686629059890768e-05
3096.0,0.9599,2.795e-05,7.686629059890768e-05
3097.0,0.96,2.799e-05,7.668572689021755e-05
3098.0,0.96,2.796e-05,7.668572689021755e-05
3099.0,0.96,2.79e-05,7.668572689021755e-05
3100.0,0.96,2.783e-05,7.668572689021755e-05
3101.0,0.9601,2.757e-05,7.650512831804945e-05
3102.0,0.9601,2.736e-05,7.650512831804945e-05
3103.0,0.9601,2.716e-05,7.650512831804945e-05
3104.0,0.9602,2.7e-05,7.632449482258226e-05
3105.0,0.9602,2.684e-05,7.632449482258226e-05
3106.0,0.9602,2.673e-05,7.632449482258226e-05
3107.0,0.9602,2.657e-05,7.632449482258226e-05
3108.0,0.9603,2.634e-05,7.614382634371739e-05
3109.0,0.9603,2.625e-05,7.614382634371739e-05
3110.0,0.9603,2.613e-05,7.614382634371739e-05
3111.0,0.9603,2.606e-05,7.614382634371739e-05
3112.0,0.9604,2.6e-05,7.596312282107558e-05
3113.0,0.9604,2.599e-05,7.596312282107558e-05
3114.0,0.9604,2.601e-05,7.596312282107558e-05
3115.0,0.9604,2.61e-05,7.596312282107558e-05
3116.0,0.9605,2.619e-05,7.578238419399574e-05
3117.0,0.9605,2.63e-05,7.578238419399574e-05
3118.0,0.9605,2.64e-05,7.578238419399574e-05
3119.0,0.9605,2.651e-05,7.578238419399574e-05
3120.0,0.9606,2.66e-05,7.560161040153263e-05
3121.0,0.9606,2.65e-05,7.560161040153263e-05
3122.0,0.9606,2.644e-05,7.560161040153263e-05
3123.0,0.9607,2.643e-05,7.542080138245499e-05
3124.0,0.9607,2.646e-05,7.542080138245499e-05
3125.0,0.9607,2.643e-05,7.542080138245499e-05
3126.0,0.9607,2.639e-05,7.542080138245499e-05
3127.0,0.9608,2.635e-05,7.523995707524325e-05
3128.0,0.9608,2.63e-05,7.523995707524325e-05
3129.0,0.9608,2.63e-05,7.523995707524325e-05
3130.0,0.9608,2.623e-05,7.523995707524325e-05
3131.0,0.9609,2.615e-05,7.505907741808765e-05
3132.0,0.9609,2.61e-05,7.505907741808765e-05
3133.0,0.9609,2.614e-05,7.505907741808765e-05
3134.0,0.9609,2.614e-05,7.505907741808765e-05
3135.0,0.961,2.612e-05,7.487816234888599e-05
3136.0,0.961,2.612e-05,7.487816234888599e-05
3137.0,0.961,2.616e-05,7.487816234888599e-05
3138.0,0.961,2.622e-05,7.487816234888599e-05
3139.0,0.9611,2.629e-05,7.469721180524158e-05
3140.0,0.9611,2.632e-05,7.469721180524158e-05
3141.0,0.9611,2.616e-05,7.469721180524158e-05
3142.0,0.9612,2.613e-05,7.451622572446088e-05
3143.0,0.9612,2.615e-05,7.451622572446088e-05
3144.0,0.9612,2.619e-05,7.451622572446088e-05
3145.0,0.9612,2.621e-05,7.451622572446088e-05
3146.0,0.9613,2.625e-05,7.433520404355214e-05
3147.0,0.9613,2.621e-05,7.433520404355214e-05
3148.0,0.9613,2.615e-05,7.433520404355214e-05
3149.0,0.9613,2.617e-05,7.433520404355214e-05
3150.0,0.9614,2.618e-05,7.415414669922197e-05
3151.0,0.9614,2.622e-05,7.415414669922197e-05
3152.0,0.9614,2.622e-05,7.415414669922197e-05
3153.0,0.9614,2.622e-05,7.415414669922197e-05
3154.0,0.9615,2.625e-05,7.397305362787396e-05
3155.0,0.9615,2.622e-05,7.397305362787396e-05
3156.0,0.9615,2.609e-05,7.397305362787396e-05
3157.0,0.9615,2.592e-05,7.397305362787396e-05
3158.0,0.9616,2.578e-05,7.379192476560628e-05
3159.0,0.9616,2.568e-05,7.379192476560628e-05
3160.0,0.9616,2.562e-05,7.379192476560628e-05
3161.0,0.9616,2.546e-05,7.379192476560628e-05
3162.0,0.9617,2.528e-05,7.361076004820934e-05
3163.0,0.9617,2.514e-05,7.361076004820934e-05
3164.0,0.9617,2.507e-05,7.361076004820934e-05
3165.0,0.9617,2.512e-05,7.361076004820934e-05
3166.0,0.9618,2.518e-05,7.342955941116357e-05
3167.0,0.9618,2.524e-05,7.342955941116357e-05
3168.0,0.9618,2.523e-05,7.342955941116357e-05
3169.0,0.9618,2.535e-05,7.342955941116357e-05
3170.0,0.9619,2.54e-05,7.324832278963714e-05
3171.0,0.9619,2.543e-05,7.324832278963714e-05
3172.0,0.9619,2.545e-05,7.324832278963714e-05
3173.0,0.9619,2.544e-05,7.324832278963714e-05
3174.0,0.962,2.544e-05,7.306705011848355e-05
3175.0,0.962,2.543e-05,7.306705011848355e-05
3176.0,0.962,2.545e-05,7.306705011848355e-05
3177.0,0.9621,2.556e-05,7.288574133223942e-05
3178.0,0.9621,2.562e-05,7.288574133223942e-05
3179.0,0.9621,2.564e-05,7.288574133223942e-05
3180.0,0.9621,2.559e-05,7.288574133223942e-05
3181.0,0.9622,2.551e-05,7.270439636512174e-05
3182.0,0.9622,2.552e-05,7.270439636512174e-05
3183.0,0.9622,2.56e-05,7.270439636512174e-05
3184.0,0.9622,2.569e-05,7.270439636512174e-05
3185.0,0.9623,2.566e-05,7.252301515102641e-05
3186.0,0.9623,2.569e-05,7.252301515102641e-05
3187.0,0.9623,2.577e-05,7.252301515102641e-05
3188.0,0.9623,2.583e-05,7.252301515102641e-05
3189.0,0.9624,2.57e-05,7.234159762352462e-05
3190.0,0.9624,2.556e-05,7.234159762352462e-05
3191.0,0.9624,2.537e-05,7.234159762352462e-05
3192.0,0.9624,2.518e-05,7.234159762352462e-05
3193.0,0.9625,2.493e-05,7.216014371586108e-05
3194.0,0.9625,2.48e-05,7.216014371586108e-05
3195.0,0.9625,2.467e-05,7.216014371586108e-05
3196.0,0.9625,2.456e-05,7.216014371586108e-05
3197.0,0.9626,2.465e-05,7.197865336095148e-05
3198.0,0.9626,2.472e-05,7.197865336095148e-05
3199.0,0.9626,2.479e-05,7.197865336095148e-05
3200.0,0.9626,2.483e-05,7.197865336095148e-05
3201.0,0.9627,2.482e-05,7.179712649137996e-05
3202.0,0.9627,2.483e-05,7.179712649137996e-05
3203.0,0.9627,2.486e-05,7.179712649137996e-05
3204.0,0.9627,2.489e-05,7.179712649137996e-05
3205.0,0.9628,2.476e-05,7.161556303939652e-05
3206.0,0.9628,2.467e-05,7.161556303939652e-05
3207.0,0.9628,2.457e-05,7.161556303939652e-05
3208.0,0.9628,2.445e-05,7.161556303939652e-05
3209.0,0.9629,2.424e-05,7.143396293691459e-05
3210.0,0.9629,2.414e-05,7.143396293691459e-05
3211.0,0.9629,2.409e-05,7.143396293691459e-05
3212.0,0.9629,2.404e-05,7.143396293691459e-05
3213.0,0.963,2.397e-05,7.125232611550839e-05
3214.0,0.963,2.392e-05,7.125232611550839e-05
3215.0,0.963,2.38e-05,7.125232611550839e-05
3216.0,0.963,2.367e-05,7.125232611550839e-05
3217.0,0.963,2.362e-05,7.125232611550839e-05
3218.0,0.9631,2.359e-05,7.10706525064103e-05
3219.0,0.9631,2.355e-05,7.10706525064103e-05
3220.0,0.9631,2.353e-05,7.10706525064103e-05
3221.0,0.9631,2.359e-05,7.10706525064103e-05
3222.0,0.9632,2.363e-05,7.088894204050825e-05
3223.0,0.9632,2.365e-05,7.088894204050825e-05
3224.0,0.9632,2.364e-05,7.088894204050825e-05
3225.0,0.9632,2.36e-05,7.088894204050825e-05
3226.0,0.9633,2.366e-05,7.070719464834296e-05
3227.0,0.9633,2.372e-05,7.070719464834296e-05
3228.0,0.9633,2.373e-05,7.070719464834296e-05
3229.0,0.9633,2.375e-05,7.070719464834296e-05
3230.0,0.9634,2.384e-05,7.052541026010592e-05
3231.0,0.9634,2.392e-05,7.052541026010592e-05
3232.0,0.9634,2.392e-05,7.052541026010592e-05
3233.0,0.9634,2.399e-05,7.052541026010592e-05
3234.0,0.9635,2.393e-05,7.034358880563553e-05
3235.0,0.9635,2.383e-05,7.034358880563553e-05
3236.0,0.9635,2.372e-05,7.034358880563553e-05
3237.0,0.9635,2.368e-05,7.034358880563553e-05
3238.0,0.9635,2.369e-05,7.034358880563553e-05
3239.0,0.9636,2.372e-05,7.016173021441521e-05
3240.0,0.9636,2.372e-05,7.016173021441521e-05
3241.0,0.9636,2.381e-05,7.016173021441521e-05
3242.0,0.9636,2.385e-05,7.016173021441521e-05
3243.0,0.9637,2.387e-05,6.997983441557036e-05
3244.0,0.9637,2.383e-05,6.997983441557036e-05
3245.0,0.9637,2.375e-05,6.997983441557036e-05
3246.0,0.9637,2.378e-05,6.997983441557036e-05
3247.0,0.9638,2.382e-05,6.979790133786561e-05
3248.0,0.9638,2.386e-05,6.979790133786561e-05
3249.0,0.9638,2.399e-05,6.979790133786561e-05
3250.0,0.9638,2.399e-05,6.979790133786561e-05
3251.0,0.9639,2.394e-05,6.961593090970196e-05
3252.0,0.9639,2.392e-05,6.961593090970196e-05
3253.0,0.9639,2.383e-05,6.961593090970196e-05
3254.0,0.9639,2.375e-05,6.961593090970196e-05
3255.0,0.964,2.367e-05,6.943392305911394e-05
3256.0,0.964,2.36e-05,6.943392305911394e-05
3257.0,0.964,2.352e-05,6.943392305911394e-05
3258.0,0.964,2.341e-05,6.943392305911394e-05
3259.0,0.964,2.332e-05,6.943392305911394e-05
3260.0,0.9641,2.33e-05,6.925187771376672e-05
3261.0,0.9641,2.332e-05,6.925187771376672e-05
3262.0,0.9641,2.334e-05,6.925187771376672e-05
3263.0,0.9641,2.336e-05,6.925187771376672e-05
3264.0,0.9642,2.336e-05,6.90697948009532e-05
3265.0,0.9642,2.347e-05,6.90697948009532e-05
3266.0,0.9642,2.352e-05,6.90697948009532e-05
3267.0,0.9642,2.359e-05,6.90697948009532e-05
3268.0,0.9643,2.362e-05,6.88876742475908e-05
3269.0,0.9643,2.371e-05,6.88876742475908e-05
3270.0,0.9643,2.379e-05,6.88876742475908e-05
3271.0,0.9643,2.379e-05,6.88876742475908e-05
3272.0,0.9644,2.371e-05,6.870551598021942e-05
3273.0,0.9644,2.369e-05,6.870551598021942e-05
3274.0,0.9644,2.365e-05,6.870551598021942e-05
3275.0,0.9644,2.36e-05,6.870551598021942e-05
3276.0,0.9644,2.353e-05,6.870551598021942e-05
3277.0,0.9645,2.349e-05,6.852331992499702e-05
3278.0,0.9645,2.354e-05,6.852331992499702e-05
3279.0,0.9645,2.359e-05,6.852331992499702e-05
3280.0,0.9645,2.361e-05,6.852331992499702e-05
3281.0,0.9646,2.375e-05,6.834108600769757e-05
3282.0,0.9646,2.382e-05,6.834108600769757e-05
3283.0,0.9646,2.379e-05,6.834108600769757e-05
3284.0,0.9646,2.375e-05,6.834108600769757e-05
3285.0,0.9647,2.354e-05,6.815881415370766e-05
3286.0,0.9647,2.343e-05,6.815881415370766e-05
3287.0,0.9647,2.339e-05,6.815881415370766e-05
3288.0,0.9647,2.327e-05,6.815881415370766e-05
3289.0,0.9648,2.311e-05,6.79765042880234e-05
3290.0,0.9648,2.303e-05,6.79765042880234e-05
3291.0,0.9648,2.302e-05,6.79765042880234e-05
3292.0,0.9648,2.306e-05,6.79765042880234e-05
3293.0,0.9648,2.312e-05,6.79765042880234e-05
3294.0,0.9649,2.315e-05,6.779415633524727e-05
3295.0,0.9649,2.32e-05,6.779415633524727e-05
3296.0,0.9649,2.326e-05,6.779415633524727e-05
3297.0,0.9649,2.337e-05,6.779415633524727e-05
3298.0,0.965,2.336e-05,6.761177021958498e-05
3299.0,0.965,2.328e-05,6.761177021958498e-05
3300.0,0.965,2.315e-05,6.761177021958498e-05
3301.0,0.965,2.299e-05,6.761177021958498e-05
3302.0,0.9651,2.29e-05,6.742934586484221e-05
3303.0,0.9651,2.289e-05,6.742934586484221e-05
3304.0,0.9651,2.29e-05,6.742934586484221e-05
3305.0,0.9651,2.292e-05,6.742934586484221e-05
3306.0,0.9651,2.285e-05,6.742934586484221e-05
3307.0,0.9652,2.274e-05,6.724688319442136e-05
3308.0,0.9652,2.265e-05,6.724688319442136e-05
3309.0,0.9652,2.25e-05,6.724688319442136e-05
3310.0,0.9652,2.242e-05,6.724688319442136e-05
3311.0,0.9653,2.239e-05,6.706438213131808e-05
3312.0,0.9653,2.237e-05,6.706438213131808e-05
3313.0,0.9653,2.243e-05,6.706438213131808e-05
3314.0,0.9653,2.244e-05,6.706438213131808e-05
3315.0,0.9653,2.24e-05,6.706438213131808e-05
3316.0,0.9654,2.232e-05,6.688184259811872e-05
3317.0,0.9654,2.221e-05,6.688184259811872e-05
3318.0,0.9654,2.208e-05,6.688184259811872e-05
3319.0,0.9654,2.203e-05,6.688184259811872e-05
3320.0,0.9655,2.204e-05,6.669926451699582e-05
3321.0,0.9655,2.203e-05,6.669926451699582e-05
3322.0,0.9655,2.206e-05,6.669926451699582e-05
3323.0,0.9655,2.214e-05,6.669926451699582e-05
3324.0,0.9655,2.222e-05,6.669926451699582e-05
3325.0,0.9656,2.258e-05,6.651664780970544e-05
3326.0,0.9656,2.279e-05,6.651664780970544e-05
3327.0,0.9656,2.29e-05,6.651664780970544e-05
3328.0,0.9656,2.299e-05,6.651664780970544e-05
3329.0,0.9657,2.303e-05,6.633399239758356e-05
3330.0,0.9657,2.298e-05,6.633399239758356e-05
3331.0,0.9657,2.288e-05,6.633399239758356e-05
3332.0,0.9657,2.284e-05,6.633399239758356e-05
3333.0,0.9658,2.265e-05,6.615129820154264e-05
3334.0,0.9658,2.254e-05,6.615129820154264e-05
3335.0,0.9658,2.246e-05,6.615129820154264e-05
3336.0,0.9658,2.244e-05,6.615129820154264e-05
3337.0,0.9658,2.253e-05,6.615129820154264e-05
3338.0,0.9659,2.256e-05,6.596856514206798e-05
3339.0,0.9659,2.264e-05,6.596856514206798e-05
3340.0,0.9659,2.272e-05,6.596856514206798e-05
3341.0,0.9659,2.274e-05,6.596856514206798e-05
3342.0,0.966,2.275e-05,6.578579313921432e-05
3343.0,0.966,2.27e-05,6.578579313921432e-05
3344.0,0.966,2.259e-05,6.578579313921432e-05
3345.0,0.966,2.243e-05,6.578579313921432e-05
3346.0,0.966,2.239e-05,6.578579313921432e-05
3347.0,0.9661,2.232e-05,6.560298211260217e-05
3348.0,0.9661,2.218e-05,6.560298211260217e-05
3349.0,0.9661,2.209e-05,6.560298211260217e-05
3350.0,0.9661,2.197e-05,6.560298211260217e-05
3351.0,0.9662,2.184e-05,6.542013198141413e-05
3352.0,0.9662,2.17e-05,6.542013198141413e-05
3353.0,0.9662,2.156e-05,6.542013198141413e-05
3354.0,0.9662,2.147e-05,6.542013198141413e-05
3355.0,0.9662,2.136e-05,6.542013198141413e-05
3356.0,0.9663,2.123e-05,6.523724266439109e-05
3357.0,0.9663,2.126e-05,6.523724266439109e-05
3358.0,0.9663,2.131e-05,6.523724266439109e-05
3359.0,0.9663,2.134e-05,6.523724266439109e-05
3360.0,0.9663,2.133e-05,6.523724266439109e-05
3361.0,0.9664,2.145e-05,6.505431407982929e-05
3362.0,0.9664,2.149e-05,6.505431407982929e-05
3363.0,0.9664,2.144e-05,6.505431407982929e-05
3364.0,0.9664,2.14e-05,6.505431407982929e-05
3365.0,0.9665,2.136e-05,6.487134614557533e-05
3366.0,0.9665,2.129e-05,6.487134614557533e-05
3367.0,0.9665,2.116e-05,6.487134614557533e-05
3368.0,0.9665,2.1e-05,6.487134614557533e-05
3369.0,0.9665,2.069e-05,6.487134614557533e-05
3370.0,0.9666,2.051e-05,6.468833877902323e-05
3371.0,0.9666,2.042e-05,6.468833877902323e-05
3372.0,0.9666,2.034e-05,6.468833877902323e-05
3373.0,0.9666,2.03e-05,6.468833877902323e-05
3374.0,0.9666,2.03e-05,6.468833877902323e-05
3375.0,0.9667,2.027e-05,6.450529189711024e-05
3376.0,0.9667,2.024e-05,6.450529189711024e-05
3377.0,0.9667,2.044e-05,6.450529189711024e-05
3378.0,0.9667,2.06e-05,6.450529189711024e-05
3379.0,0.9667,2.071e-05,6.450529189711024e-05
3380.0,0.9668,2.082e-05,6.432220541631312e-05
3381.0,0.9668,2.089e-05,6.432220541631312e-05
3382.0,0.9668,2.092e-05,6.432220541631312e-05
3383.0,0.9668,2.095e-05,6.432220541631312e-05
3384.0,0.9668,2.1e-05,6.432220541631312e-05
3385.0,0.9669,2.099e-05,6.413907925264411e-05
3386.0,0.9669,2.098e-05,6.413907925264411e-05
3387.0,0.9669,2.094e-05,6.413907925264411e-05
3388.0,0.9669,2.087e-05,6.413907925264411e-05
3389.0,0.967,2.085e-05,6.395591332164694e-05
3390.0,0.967,2.081e-05,6.395591332164694e-05
3391.0,0.967,2.077e-05,6.395591332164694e-05
3392.0,0.967,2.073e-05,6.395591332164694e-05
3393.0,0.967,2.067e-05,6.395591332164694e-05
3394.0,0.9671,2.058e-05,6.377270753839278e-05
3395.0,0.9671,2.054e-05,6.377270753839278e-05
3396.0,0.9671,2.058e-05,6.377270753839278e-05
3397.0,0.9671,2.068e-05,6.377270753839278e-05
3398.0,0.9671,2.07e-05,6.377270753839278e-05
3399.0,0.9672,2.071e-05,6.358946181747631e-05
3400.0,0.9672,2.07e-05,6.358946181747631e-05
3401.0,0.9672,2.07e-05,6.358946181747631e-05
3402.0,0.9672,2.066e-05,6.358946181747631e-05
3403.0,0.9672,2.06e-05,6.358946181747631e-05
3404.0,0.9673,2.058e-05,6.340617607301115e-05
3405.0,0.9673,2.046e-05,6.340617607301115e-05
3406.0,0.9673,2.037e-05,6.340617607301115e-05
3407.0,0.9673,2.03e-05,6.340617607301115e-05
3408.0,0.9673,2.025e-05,6.340617607301115e-05
3409.0,0.9674,2.021e-05,6.32228502186267e-05
3410.0,0.9674,2.021e-05,6.32228502186267e-05
3411.0,0.9674,2.029e-05,6.32228502186267e-05
3412.0,0.9674,2.038e-05,6.32228502186267e-05
3413.0,0.9674,2.048e-05,6.32228502186267e-05
3414.0,0.9675,2.053e-05,6.303948416746265e-05
3415.0,0.9675,2.057e-05,6.303948416746265e-05
3416.0,0.9675,2.057e-05,6.303948416746265e-05
3417.0,0.9675,2.044e-05,6.303948416746265e-05
3418.0,0.9675,2.035e-05,6.303948416746265e-05
3419.0,0.9676,2.022e-05,6.28560778321654e-05
3420.0,0.9676,2.004e-05,6.28560778321654e-05
3421.0,0.9676,1.989e-05,6.28560778321654e-05
3422.0,0.9676,1.986e-05,6.28560778321654e-05
3423.0,0.9676,1.987e-05,6.28560778321654e-05
3424.0,0.9677,1.989e-05,6.267263112488372e-05
3425.0,0.9677,2.004e-05,6.267263112488372e-05
3426.0,0.9677,2.015e-05,6.267263112488372e-05
3427.0,0.9677,2.024e-05,6.267263112488372e-05
3428.0,0.9677,2.032e-05,6.267263112488372e-05
3429.0,0.9678,2.031e-05,6.248914395726422e-05
3430.0,0.9678,2.027e-05,6.248914395726422e-05
3431.0,0.9678,2.026e-05,6.248914395726422e-05
3432.0,0.9678,2.023e-05,6.248914395726422e-05
3433.0,0.9679,2.02e-05,6.230561624044701e-05
3434.0,0.9679,2.016e-05,6.230561624044701e-05
3435.0,0.9679,2.012e-05,6.230561624044701e-05
3436.0,0.9679,2.014e-05,6.230561624044701e-05
3437.0,0.9679,2.009e-05,6.230561624044701e-05
3438.0,0.968,2.002e-05,6.212204788506118e-05
3439.0,0.968,1.999e-05,6.212204788506118e-05
3440.0,0.968,1.996e-05,6.212204788506118e-05
3441.0,0.968,1.979e-05,6.212204788506118e-05
3442.0,0.968,1.976e-05,6.212204788506118e-05
3443.0,0.9681,1.978e-05,6.193843880122027e-05
3444.0,0.9681,1.974e-05,6.193843880122027e-05
3445.0,0.9681,1.982e-05,6.193843880122027e-05
3446.0,0.9681,1.982e-05,6.193843880122027e-05
3447.0,0.9681,1.98e-05,6.193843880122027e-05
3448.0,0.9681,1.985e-05,6.193843880122027e-05
3449.0,0.9682,1.988e-05,6.175478889851771e-05
3450.0,0.9682,1.991e-05,6.175478889851771e-05
3451.0,0.9682,1.997e-05,6.175478889851771e-05
3452.0,0.9682,2.001e-05,6.175478889851771e-05
3453.0,0.9682,2.004e-05,6.175478889851771e-05
3454.0,0.9683,2.007e-05,6.15710980860219e-05
3455.0,0.9683,2.007e-05,6.15710980860219e-05
3456.0,0.9683,2.002e-05,6.15710980860219e-05
3457.0,0.9683,1.981e-05,6.15710980860219e-05
3458.0,0.9683,1.975e-05,6.15710980860219e-05
3459.0,0.9684,1.974e-05,6.138736627227243e-05
3460.0,0.9684,1.971e-05,6.138736627227243e-05
3461.0,0.9684,1.968e-05,6.138736627227243e-05
3462.0,0.9684,1.962e-05,6.138736627227243e-05
3463.0,0.9684,1.957e-05,6.138736627227243e-05
3464.0,0.9685,1.954e-05,6.120359336527399e-05
3465.0,0.9685,1.961e-05,6.120359336527399e-05
3466.0,0.9685,1.963e-05,6.120359336527399e-05
3467.0,0.9685,1.964e-05,6.120359336527399e-05
3468.0,0.9685,1.966e-05,6.120359336527399e-05
3469.0,0.9686,1.971e-05,6.101977927249244e-05
3470.0,0.9686,1.98e-05,6.101977927249244e-05
3471.0,0.9686,1.987e-05,6.101977927249244e-05
3472.0,0.9686,1.992e-05,6.101977927249244e-05
3473.0,0.9686,1.987e-05,6.101977927249244e-05
3474.0,0.9687,1.985e-05,6.083592390084967e-05
3475.0,0.9687,1.985e-05,6.083592390084967e-05
3476.0,0.9687,1.988e-05,6.083592390084967e-05
3477.0,0.9687,1.986e-05,6.083592390084967e-05
3478.0,0.9687,1.976e-05,6.083592390084967e-05
3479.0,0.9688,1.964e-05,6.065202715671872e-05
3480.0,0.9688,1.956e-05,6.065202715671872e-05
3481.0,0.9688,1.945e-05,6.065202715671872e-05
3482.0,0.9688,1.927e-05,6.065202715671872e-05
3483.0,0.9688,1.915e-05,6.065202715671872e-05
3484.0,0.9689,1.912e-05,6.046808894591878e-05
3485.0,0.9689,1.9e-05,6.046808894591878e-05
3486.0,0.9689,1.896e-05,6.046808894591878e-05
3487.0,0.9689,1.898e-05,6.046808894591878e-05
3488.0,0.9689,1.898e-05,6.046808894591878e-05
3489.0,0.969,1.904e-05,6.028410917371009e-05
3490.0,0.969,1.904e-05,6.028410917371009e-05
3491.0,0.969,1.908e-05,6.028410917371009e-05
3492.0,0.969,1.911e-05,6.028410917371009e-05
3493.0,0.969,1.915e-05,6.028410917371009e-05
3494.0,0.9691,1.92e-05,6.0100087744788835e-05
3495.0,0.9691,1.929e-05,6.0100087744788835e-05
3496.0,0.9691,1.938e-05,6.0100087744788835e-05
3497.0,0.9691,1.952e-05,6.0100087744788835e-05
3498.0,0.9691,1.959e-05,6.0100087744788835e-05
3499.0,0.9691,1.959e-05,6.0100087744788835e-05
3500.0,0.9692,1.953e-05,5.991602456328197e-05
3501.0,0.9692,1.938e-05,5.991602456328197e-05
3502.0,0.9692,1.93e-05,5.991602456328197e-05
3503.0,0.9692,1.921e-05,5.991602456328197e-05
3504.0,0.9692,1.904e-05,5.991602456328197e-05
3505.0,0.9693,1.898e-05,5.9731919532741774e-05
3506.0,0.9693,1.89e-05,5.9731919532741774e-05
3507.0,0.9693,1.879e-05,5.9731919532741774e-05
3508.0,0.9693,1.87e-05,5.9731919532741774e-05
3509.0,0.9693,1.877e-05,5.9731919532741774e-05
3510.0,0.9694,1.874e-05,5.954777255614132e-05
3511.0,0.9694,1.869e-05,5.954777255614132e-05
3512.0,0.9694,1.866e-05,5.954777255614132e-05
3513.0,0.9694,1.86e-05,5.954777255614132e-05
3514.0,0.9694,1.861e-05,5.954777255614132e-05
3515.0,0.9695,1.867e-05,5.936358353586787e-05
3516.0,0.9695,1.875e-05,5.936358353586787e-05
3517.0,0.9695,1.874e-05,5.936358353586787e-05
3518.0,0.9695,1.874e-05,5.936358353586787e-05
3519.0,0.9695,1.871e-05,5.936358353586787e-05
3520.0,0.9695,1.862e-05,5.936358353586787e-05
3521.0,0.9696,1.839e-05,5.9179352373718295e-05
3522.0,0.9696,1.829e-05,5.9179352373718295e-05
3523.0,0.9696,1.821e-05,5.9179352373718295e-05
3524.0,0.9696,1.815e-05,5.9179352373718295e-05
3525.0,0.9696,1.816e-05,5.9179352373718295e-05
3526.0,0.9697,1.818e-05,5.899507897089326e-05
3527.0,0.9697,1.822e-05,5.899507897089326e-05
3528.0,0.9697,1.83e-05,5.899507897089326e-05
3529.0,0.9697,1.852e-05,5.899507897089326e-05
3530.0,0.9697,1.863e-05,5.899507897089326e-05
3531.0,0.9697,1.867e-05,5.899507897089326e-05
3532.0,0.9698,1.864e-05,5.8810763227991726e-05
3533.0,0.9698,1.851e-05,5.8810763227991726e-05
3534.0,0.9698,1.84e-05,5.8810763227991726e-05
3535.0,0.9698,1.835e-05,5.8810763227991726e-05
3536.0,0.9698,1.835e-05,5.8810763227991726e-05
3537.0,0.9699,1.82e-05,5.8626405045005204e-05
3538.0,0.9699,1.818e-05,5.8626405045005204e-05
3539.0,0.9699,1.824e-05,5.8626405045005204e-05
3540.0,0.9699,1.832e-05,5.8626405045005204e-05
3541.0,0.9699,1.855e-05,5.8626405045005204e-05
3542.0,0.9699,1.868e-05,5.8626405045005204e-05
3543.0,0.97,1.875e-05,5.8442004321312094e-05
3544.0,0.97,1.882e-05,5.8442004321312094e-05
3545.0,0.97,1.893e-05,5.8442004321312094e-05
3546.0,0.97,1.896e-05,5.8442004321312094e-05
3547.0,0.97,1.89e-05,5.8442004321312094e-05
3548.0,0.9701,1.883e-05,5.825756095567182e-05
3549.0,0.9701,1.864e-05,5.825756095567182e-05
3550.0,0.9701,1.851e-05,5.825756095567182e-05
3551.0,0.9701,1.845e-05,5.825756095567182e-05
3552.0,0.9701,1.837e-05,5.825756095567182e-05
3553.0,0.9702,1.827e-05,5.8073074846219e-05
3554.0,0.9702,1.818e-05,5.8073074846219e-05
3555.0,0.9702,1.811e-05,5.8073074846219e-05
3556.0,0.9702,1.803e-05,5.8073074846219e-05
3557.0,0.9702,1.803e-05,5.8073074846219e-05
3558.0,0.9702,1.805e-05,5.8073074846219e-05
3559.0,0.9703,1.805e-05,5.788854589045724e-05
3560.0,0.9703,1.802e-05,5.788854589045724e-05
3561.0,0.9703,1.803e-05,5.788854589045724e-05
3562.0,0.9703,1.794e-05,5.788854589045724e-05
3563.0,0.9703,1.785e-05,5.788854589045724e-05
3564.0,0.9704,1.781e-05,5.7703973985253926e-05
3565.0,0.9704,1.772e-05,5.7703973985253926e-05
3566.0,0.9704,1.763e-05,5.7703973985253926e-05
3567.0,0.9704,1.755e-05,5.7703973985253926e-05
3568.0,0.9704,1.75e-05,5.7703973985253926e-05
3569.0,0.9704,1.741e-05,5.7703973985253926e-05
3570.0,0.9705,1.742e-05,5.751935902683291e-05
3571.0,0.9705,1.747e-05,5.751935902683291e-05
3572.0,0.9705,1.747e-05,5.751935902683291e-05
3573.0,0.9705,1.74e-05,5.751935902683291e-05
3574.0,0.9705,1.741e-05,5.751935902683291e-05
3575.0,0.9705,1.749e-05,5.751935902683291e-05
3576.0,0.9706,1.759e-05,5.733470091076909e-05
3577.0,0.9706,1.764e-05,5.733470091076909e-05
3578.0,0.9706,1.765e-05,5.733470091076909e-05
3579.0,0.9706,1.762e-05,5.733470091076909e-05
3580.0,0.9706,1.757e-05,5.733470091076909e-05
3581.0,0.9707,1.748e-05,5.714999953198199e-05
3582.0,0.9707,1.75e-05,5.714999953198199e-05
3583.0,0.9707,1.752e-05,5.714999953198199e-05
3584.0,0.9707,1.745e-05,5.714999953198199e-05
3585.0,0.9707,1.74e-05,5.714999953198199e-05
3586.0,0.9707,1.736e-05,5.714999953198199e-05
3587.0,0.9708,1.737e-05,5.696525478472931e-05
3588.0,0.9708,1.743e-05,5.696525478472931e-05
3589.0,0.9708,1.75e-05,5.696525478472931e-05
3590.0,0.9708,1.751e-05,5.696525478472931e-05
3591.0,0.9708,1.752e-05,5.696525478472931e-05
3592.0,0.9708,1.756e-05,5.696525478472931e-05
3593.0,0.9709,1.76e-05,5.67804665626006e-05
3594.0,0.9709,1.764e-05,5.67804665626006e-05
3595.0,0.9709,1.767e-05,5.67804665626006e-05
3596.0,0.9709,1.77e-05,5.67804665626006e-05
3597.0,0.9709,1.76e-05,5.67804665626006e-05
3598.0,0.9709,1.755e-05,5.67804665626006e-05
3599.0,0.971,1.754e-05,5.659563475851064e-05
3600.0,0.971,1.759e-05,5.659563475851064e-05
3601.0,0.971,1.767e-05,5.659563475851064e-05
3602.0,0.971,1.774e-05,5.659563475851064e-05
3603.0,0.971,1.778e-05,5.659563475851064e-05
3604.0,0.9711,1.778e-05,5.641075926469288e-05
3605.0,0.9711,1.785e-05,5.641075926469288e-05
3606.0,0.9711,1.79e-05,5.641075926469288e-05
3607.0,0.9711,1.787e-05,5.641075926469288e-05
3608.0,0.9711,1.786e-05,5.641075926469288e-05
3609.0,0.9711,1.774e-05,5.641075926469288e-05
3610.0,0.9712,1.766e-05,5.622583997269271e-05
3611.0,0.9712,1.769e-05,5.622583997269271e-05
3612.0,0.9712,1.775e-05,5.622583997269271e-05
3613.0,0.9712,1.789e-05,5.622583997269271e-05
3614.0,0.9712,1.796e-05,5.622583997269271e-05
3615.0,0.9713,1.79e-05,5.604087677336048e-05
3616.0,0.9713,1.775e-05,5.604087677336048e-05
3617.0,0.9713,1.766e-05,5.604087677336048e-05
3618.0,0.9713,1.761e-05,5.604087677336048e-05
3619.0,0.9713,1.753e-05,5.604087677336048e-05
3620.0,0.9713,1.744e-05,5.604087677336048e-05
3621.0,0.9714,1.734e-05,5.585586955684545e-05
3622.0,0.9714,1.724e-05,5.585586955684545e-05
3623.0,0.9714,1.713e-05,5.585586955684545e-05
3624.0,0.9714,1.702e-05,5.585586955684545e-05
3625.0,0.9714,1.699e-05,5.585586955684545e-05
3626.0,0.9714,1.696e-05,5.585586955684545e-05
3627.0,0.9715,1.698e-05,5.567081821258754e-05
3628.0,0.9715,1.703e-05,5.567081821258754e-05
3629.0,0.9715,1.704e-05,5.567081821258754e-05
3630.0,0.9715,1.698e-05,5.567081821258754e-05
3631.0,0.9715,1.695e-05,5.567081821258754e-05
3632.0,0.9715,1.698e-05,5.567081821258754e-05
3633.0,0.9716,1.687e-05,5.548572262931113e-05
3634.0,0.9716,1.678e-05,5.548572262931113e-05
3635.0,0.9716,1.671e-05,5.548572262931113e-05
3636.0,0.9716,1.667e-05,5.548572262931113e-05
3637.0,0.9716,1.669e-05,5.548572262931113e-05
3638.0,0.9716,1.675e-05,5.548572262931113e-05
3639.0,0.9717,1.678e-05,5.530058269501764e-05
3640.0,0.9717,1.675e-05,5.530058269501764e-05
3641.0,0.9717,1.684e-05,5.530058269501764e-05
3642.0,0.9717,1.687e-05,5.530058269501764e-05
3643.0,0.9717,1.687e-05,5.530058269501764e-05
3644.0,0.9717,1.684e-05,5.530058269501764e-05
3645.0,0.9718,1.677e-05,5.5115398296978356e-05
3646.0,0.9718,1.666e-05,5.5115398296978356e-05
3647.0,0.9718,1.651e-05,5.5115398296978356e-05
3648.0,0.9718,1.635e-05,5.5115398296978356e-05
3649.0,0.9718,1.624e-05,5.5115398296978356e-05
3650.0,0.9718,1.622e-05,5.5115398296978356e-05
3651.0,0.9719,1.624e-05,5.493016932172697e-05
3652.0,0.9719,1.628e-05,5.493016932172697e-05
3653.0,0.9719,1.643e-05,5.493016932172697e-05
3654.0,0.9719,1.652e-05,5.493016932172697e-05
3655.0,0.9719,1.659e-05,5.493016932172697e-05
3656.0,0.9719,1.662e-05,5.493016932172697e-05
3657.0,0.972,1.659e-05,5.4744895655052155e-05
3658.0,0.972,1.659e-05,5.4744895655052155e-05
3659.0,0.972,1.655e-05,5.4744895655052155e-05
3660.0,0.972,1.651e-05,5.4744895655052155e-05
3661.0,0.972,1.65e-05,5.4744895655052155e-05
3662.0,0.972,1.654e-05,5.4744895655052155e-05
3663.0,0.9721,1.654e-05,5.455957718199003e-05
3664.0,0.9721,1.656e-05,5.455957718199003e-05
3665.0,0.9721,1.655e-05,5.455957718199003e-05
3666.0,0.9721,1.65e-05,5.455957718199003e-05
3667.0,0.9721,1.641e-05,5.455957718199003e-05
3668.0,0.9721,1.632e-05,5.455957718199003e-05
3669.0,0.9722,1.616e-05,5.437421378681646e-05
3670.0,0.9722,1.606e-05,5.437421378681646e-05
3671.0,0.9722,1.599e-05,5.437421378681646e-05
3672.0,0.9722,1.595e-05,5.437421378681646e-05
3673.0,0.9722,1.607e-05,5.437421378681646e-05
3674.0,0.9722,1.616e-05,5.437421378681646e-05
3675.0,0.9723,1.624e-05,5.418880535303907e-05
3676.0,0.9723,1.626e-05,5.418880535303907e-05
3677.0,0.9723,1.625e-05,5.418880535303907e-05
3678.0,0.9723,1.622e-05,5.418880535303907e-05
3679.0,0.9723,1.62e-05,5.418880535303907e-05
3680.0,0.9723,1.622e-05,5.418880535303907e-05
3681.0,0.9724,1.61e-05,5.4003351763390203e-05
3682.0,0.9724,1.614e-05,5.4003351763390203e-05
3683.0,0.9724,1.626e-05,5.4003351763390203e-05
3684.0,0.9724,1.634e-05,5.4003351763390203e-05
3685.0,0.9724,1.643e-05,5.4003351763390203e-05
3686.0,0.9724,1.646e-05,5.4003351763390203e-05
3687.0,0.9724,1.645e-05,5.4003351763390203e-05
3688.0,0.9725,1.642e-05,5.381785289981767e-05
3689.0,0.9725,1.63e-05,5.381785289981767e-05
3690.0,0.9725,1.63e-05,5.381785289981767e-05
3691.0,0.9725,1.631e-05,5.381785289981767e-05
3692.0,0.9725,1.633e-05,5.381785289981767e-05
3693.0,0.9725,1.649e-05,5.381785289981767e-05
3694.0,0.9726,1.657e-05,5.3632308643477506e-05
3695.0,0.9726,1.661e-05,5.3632308643477506e-05
3696.0,0.9726,1.664e-05,5.3632308643477506e-05
3697.0,0.9726,1.655e-05,5.3632308643477506e-05
3698.0,0.9726,1.644e-05,5.3632308643477506e-05
3699.0,0.9726,1.631e-05,5.3632308643477506e-05
3700.0,0.9727,1.622e-05,5.3446718874725504e-05
3701.0,0.9727,1.605e-05,5.3446718874725504e-05
3702.0,0.9727,1.596e-05,5.3446718874725504e-05
3703.0,0.9727,1.593e-05,5.3446718874725504e-05
3704.0,0.9727,1.592e-05,5.3446718874725504e-05
3705.0,0.9727,1.608e-05,5.3446718874725504e-05
3706.0,0.9728,1.615e-05,5.32610834731089e-05
3707.0,0.9728,1.617e-05,5.32610834731089e-05
3708.0,0.9728,1.619e-05,5.32610834731089e-05
3709.0,0.9728,1.617e-05,5.32610834731089e-05
3710.0,0.9728,1.61e-05,5.32610834731089e-05
3711.0,0.9728,1.602e-05,5.32610834731089e-05
3712.0,0.9729,1.594e-05,5.3075402317357925e-05
3713.0,0.9729,1.577e-05,5.3075402317357925e-05
3714.0,0.9729,1.575e-05,5.3075402317357925e-05
3715.0,0.9729,1.574e-05,5.3075402317357925e-05
3716.0,0.9729,1.574e-05,5.3075402317357925e-05
3717.0,0.9729,1.583e-05,5.3075402317357925e-05
3718.0,0.9729,1.589e-05,5.3075402317357925e-05
3719.0,0.973,1.596e-05,5.2889675285377205e-05
3720.0,0.973,1.603e-05,5.2889675285377205e-05
3721.0,0.973,1.617e-05,5.2889675285377205e-05
3722.0,0.973,1.63e-05,5.2889675285377205e-05
3723.0,0.973,1.636e-05,5.2889675285377205e-05
3724.0,0.973,1.638e-05,5.2889675285377205e-05
3725.0,0.9731,1.645e-05,5.27039022542371e-05
3726.0,0.9731,1.647e-05,5.27039022542371e-05
3727.0,0.9731,1.653e-05,5.27039022542371e-05
3728.0,0.9731,1.659e-05,5.27039022542371e-05
3729.0,0.9731,1.664e-05,5.27039022542371e-05
3730.0,0.9731,1.669e-05,5.27039022542371e-05
3731.0,0.9732,1.673e-05,5.2518083100164866e-05
3732.0,0.9732,1.676e-05,5.2518083100164866e-05
3733.0,0.9732,1.676e-05,5.2518083100164866e-05
3734.0,0.9732,1.672e-05,5.2518083100164866e-05
3735.0,0.9732,1.667e-05,5.2518083100164866e-05
3736.0,0.9732,1.656e-05,5.2518083100164866e-05
3737.0,0.9733,1.63e-05,5.2332217698535495e-05
3738.0,0.9733,1.618e-05,5.2332217698535495e-05
3739.0,0.9733,1.609e-05,5.2332217698535495e-05
3740.0,0.9733,1.599e-05,5.2332217698535495e-05
3741.0,0.9733,1.579e-05,5.2332217698535495e-05
3742.0,0.9733,1.56e-05,5.2332217698535495e-05
3743.0,0.9734,1.542e-05,5.214630592386346e-05
3744.0,0.9734,1.529e-05,5.214630592386346e-05
3745.0,0.9734,1.51e-05,5.214630592386346e-05
3746.0,0.9734,1.5e-05,5.214630592386346e-05
3747.0,0.9734,1.502e-05,5.214630592386346e-05
3748.0,0.9734,1.502e-05,5.214630592386346e-05
3749.0,0.9734,1.502e-05,5.214630592386346e-05
3750.0,0.9735,1.492e-05,5.196034764979231e-05
3751.0,0.9735,1.485e-05,5.196034764979231e-05
3752.0,0.9735,1.482e-05,5.196034764979231e-05
3753.0,0.9735,1.465e-05,5.196034764979231e-05
3754.0,0.9735,1.462e-05,5.196034764979231e-05
3755.0,0.9735,1.468e-05,5.196034764979231e-05
3756.0,0.9736,1.477e-05,5.1774342749086114e-05
3757.0,0.9736,1.501e-05,5.1774342749086114e-05
3758.0,0.9736,1.507e-05,5.1774342749086114e-05
3759.0,0.9736,1.516e-05,5.1774342749086114e-05
3760.0,0.9736,1.53e-05,5.1774342749086114e-05
3761.0,0.9736,1.538e-05,5.1774342749086114e-05
3762.0,0.9736,1.548e-05,5.1774342749086114e-05
3763.0,0.9737,1.558e-05,5.158829109361979e-05
3764.0,0.9737,1.563e-05,5.158829109361979e-05
3765.0,0.9737,1.566e-05,5.158829109361979e-05
3766.0,0.9737,1.571e-05,5.158829109361979e-05
3767.0,0.9737,1.573e-05,5.158829109361979e-05
3768.0,0.9737,1.573e-05,5.158829109361979e-05
3769.0,0.9738,1.563e-05,5.1402192554369456e-05
3770.0,0.9738,1.554e-05,5.1402192554369456e-05
3771.0,0.9738,1.544e-05,5.1402192554369456e-05
3772.0,0.9738,1.535e-05,5.1402192554369456e-05
3773.0,0.9738,1.526e-05,5.1402192554369456e-05
3774.0,0.9738,1.517e-05,5.1402192554369456e-05
3775.0,0.9738,1.504e-05,5.1402192554369456e-05
3776.0,0.9739,1.49e-05,5.1216047001402755e-05
3777.0,0.9739,1.475e-05,5.1216047001402755e-05
3778.0,0.9739,1.464e-05,5.1216047001402755e-05
3779.0,0.9739,1.46e-05,5.1216047001402755e-05
3780.0,0.9739,1.459e-05,5.1216047001402755e-05
3781.0,0.9739,1.459e-05,5.1216047001402755e-05
3782.0,0.9739,1.464e-05,5.1216047001402755e-05
3783.0,0.974,1.468e-05,5.1029854303868874e-05
3784.0,0.974,1.471e-05,5.1029854303868874e-05
3785.0,0.974,1.487e-05,5.1029854303868874e-05
3786.0,0.974,1.497e-05,5.1029854303868874e-05
3787.0,0.974,1.503e-05,5.1029854303868874e-05
3788.0,0.974,1.51e-05,5.1029854303868874e-05
3789.0,0.9741,1.505e-05,5.0843614329988526e-05
3790.0,0.9741,1.497e-05,5.0843614329988526e-05
3791.0,0.9741,1.489e-05,5.0843614329988526e-05
3792.0,0.9741,1.479e-05,5.0843614329988526e-05
3793.0,0.9741,1.456e-05,5.0843614329988526e-05
3794.0,0.9741,1.446e-05,5.0843614329988526e-05
3795.0,0.9741,1.442e-05,5.0843614329988526e-05
3796.0,0.9742,1.439e-05,5.065732694704375e-05
3797.0,0.9742,1.439e-05,5.065732694704375e-05
3798.0,0.9742,1.435e-05,5.065732694704375e-05
3799.0,0.9742,1.437e-05,5.065732694704375e-05
3800.0,0.9742,1.436e-05,5.065732694704375e-05
3801.0,0.9742,1.434e-05,5.065732694704375e-05
3802.0,0.9742,1.435e-05,5.065732694704375e-05
3803.0,0.9743,1.443e-05,5.0470992021367365e-05
3804.0,0.9743,1.454e-05,5.0470992021367365e-05
3805.0,0.9743,1.465e-05,5.0470992021367365e-05
3806.0,0.9743,1.47e-05,5.0470992021367365e-05
3807.0,0.9743,1.47e-05,5.0470992021367365e-05
3808.0,0.9743,1.469e-05,5.0470992021367365e-05
3809.0,0.9743,1.47e-05,5.0470992021367365e-05
3810.0,0.9744,1.478e-05,5.028460941833325e-05
3811.0,0.9744,1.484e-05,5.028460941833325e-05
3812.0,0.9744,1.488e-05,5.028460941833325e-05
3813.0,0.9744,1.504e-05,5.028460941833325e-05
3814.0,0.9744,1.516e-05,5.028460941833325e-05
3815.0,0.9744,1.531e-05,5.028460941833325e-05
3816.0,0.9744,1.543e-05,5.028460941833325e-05
3817.0,0.9745,1.538e-05,5.0098179002344496e-05
3818.0,0.9745,1.536e-05,5.0098179002344496e-05
3819.0,0.9745,1.535e-05,5.0098179002344496e-05
3820.0,0.9745,1.536e-05,5.0098179002344496e-05
3821.0,0.9745,1.517e-05,5.0098179002344496e-05
3822.0,0.9745,1.513e-05,5.0098179002344496e-05
3823.0,0.9746,1.516e-05,4.9911700636823377e-05
3824.0,0.9746,1.517e-05,4.9911700636823377e-05
3825.0,0.9746,1.527e-05,4.9911700636823377e-05
3826.0,0.9746,1.527e-05,4.9911700636823377e-05
3827.0,0.9746,1.518e-05,4.9911700636823377e-05
3828.0,0.9746,1.504e-05,4.9911700636823377e-05
3829.0,0.9746,1.482e-05,4.9911700636823377e-05
3830.0,0.9747,1.469e-05,4.972517418420015e-05
3831.0,0.9747,1.46e-05,4.972517418420015e-05
3832.0,0.9747,1.455e-05,4.972517418420015e-05
3833.0,0.9747,1.457e-05,4.972517418420015e-05
3834.0,0.9747,1.463e-05,4.972517418420015e-05
3835.0,0.9747,1.468e-05,4.972517418420015e-05
3836.0,0.9747,1.468e-05,4.972517418420015e-05
3837.0,0.9748,1.469e-05,4.953859950590191e-05
3838.0,0.9748,1.467e-05,4.953859950590191e-05
3839.0,0.9748,1.47e-05,4.953859950590191e-05
3840.0,0.9748,1.469e-05,4.953859950590191e-05
3841.0,0.9748,1.456e-05,4.953859950590191e-05
3842.0,0.9748,1.454e-05,4.953859950590191e-05
3843.0,0.9749,1.451e-05,4.935197646234129e-05
3844.0,0.9749,1.445e-05,4.935197646234129e-05
3845.0,0.9749,1.452e-05,4.935197646234129e-05
3846.0,0.9749,1.459e-05,4.935197646234129e-05
3847.0,0.9749,1.467e-05,4.935197646234129e-05
3848.0,0.9749,1.469e-05,4.935197646234129e-05
3849.0,0.9749,1.465e-05,4.935197646234129e-05
3850.0,0.975,1.465e-05,4.916530491290491e-05
3851.0,0.975,1.465e-05,4.916530491290491e-05
3852.0,0.975,1.465e-05,4.916530491290491e-05
3853.0,0.975,1.448e-05,4.916530491290491e-05
3854.0,0.975,1.433e-05,4.916530491290491e-05
3855.0,0.975,1.426e-05,4.916530491290491e-05
3856.0,0.975,1.424e-05,4.916530491290491e-05
3857.0,0.9751,1.413e-05,4.897858471594171e-05
3858.0,0.9751,1.407e-05,4.897858471594171e-05
3859.0,0.9751,1.407e-05,4.897858471594171e-05
3860.0,0.9751,1.405e-05,4.897858471594171e-05
3861.0,0.9751,1.406e-05,4.897858471594171e-05
3862.0,0.9751,1.409e-05,4.897858471594171e-05
3863.0,0.9751,1.405e-05,4.897858471594171e-05
3864.0,0.9752,1.396e-05,4.8791815728751115e-05
3865.0,0.9752,1.401e-05,4.8791815728751115e-05
3866.0,0.9752,1.407e-05,4.8791815728751115e-05
3867.0,0.9752,1.407e-05,4.8791815728751115e-05
3868.0,0.9752,1.408e-05,4.8791815728751115e-05
3869.0,0.9752,1.416e-05,4.8791815728751115e-05
3870.0,0.9752,1.413e-05,4.8791815728751115e-05
3871.0,0.9753,1.415e-05,4.8604997807570995e-05
3872.0,0.9753,1.417e-05,4.8604997807570995e-05
3873.0,0.9753,1.401e-05,4.8604997807570995e-05
3874.0,0.9753,1.398e-05,4.8604997807570995e-05
3875.0,0.9753,1.398e-05,4.8604997807570995e-05
3876.0,0.9753,1.403e-05,4.8604997807570995e-05
3877.0,0.9753,1.405e-05,4.8604997807570995e-05
3878.0,0.9753,1.4e-05,4.8604997807570995e-05
3879.0,0.9754,1.394e-05,4.841813080756519e-05
3880.0,0.9754,1.398e-05,4.841813080756519e-05
3881.0,0.9754,1.403e-05,4.841813080756519e-05
3882.0,0.9754,1.41e-05,4.841813080756519e-05
3883.0,0.9754,1.415e-05,4.841813080756519e-05
3884.0,0.9754,1.419e-05,4.841813080756519e-05
3885.0,0.9754,1.428e-05,4.841813080756519e-05
3886.0,0.9755,1.431e-05,4.823121458281195e-05
3887.0,0.9755,1.435e-05,4.823121458281195e-05
3888.0,0.9755,1.436e-05,4.823121458281195e-05
3889.0,0.9755,1.428e-05,4.823121458281195e-05
3890.0,0.9755,1.42e-05,4.823121458281195e-05
3891.0,0.9755,1.412e-05,4.823121458281195e-05
3892.0,0.9755,1.402e-05,4.823121458281195e-05
3893.0,0.9756,1.396e-05,4.804424898629006e-05
3894.0,0.9756,1.39e-05,4.804424898629006e-05
3895.0,0.9756,1.387e-05,4.804424898629006e-05
3896.0,0.9756,1.382e-05,4.804424898629006e-05
3897.0,0.9756,1.397e-05,4.804424898629006e-05
3898.0,0.9756,1.396e-05,4.804424898629006e-05
3899.0,0.9756,1.389e-05,4.804424898629006e-05
3900.0,0.9757,1.386e-05,4.785723386986687e-05
3901.0,0.9757,1.388e-05,4.785723386986687e-05
3902.0,0.9757,1.38e-05,4.785723386986687e-05
3903.0,0.9757,1.366e-05,4.785723386986687e-05
3904.0,0.9757,1.346e-05,4.785723386986687e-05
3905.0,0.9757,1.331e-05,4.785723386986687e-05
3906.0,0.9757,1.323e-05,4.785723386986687e-05
3907.0,0.9758,1.314e-05,4.767016908428505e-05
3908.0,0.9758,1.311e-05,4.767016908428505e-05
3909.0,0.9758,1.323e-05,4.767016908428505e-05
3910.0,0.9758,1.329e-05,4.767016908428505e-05
3911.0,0.9758,1.339e-05,4.767016908428505e-05
3912.0,0.9758,1.354e-05,4.767016908428505e-05
3913.0,0.9758,1.358e-05,4.767016908428505e-05
3914.0,0.9758,1.359e-05,4.767016908428505e-05
3915.0,0.9759,1.358e-05,4.748305447914934e-05
3916.0,0.9759,1.354e-05,4.748305447914934e-05
3917.0,0.9759,1.342e-05,4.748305447914934e-05
3918.0,0.9759,1.339e-05,4.748305447914934e-05
3919.0,0.9759,1.335e-05,4.748305447914934e-05
3920.0,0.9759,1.333e-05,4.748305447914934e-05
3921.0,0.9759,1.339e-05,4.748305447914934e-05
3922.0,0.976,1.334e-05,4.7295889902913167e-05
3923.0,0.976,1.326e-05,4.7295889902913167e-05
3924.0,0.976,1.318e-05,4.7295889902913167e-05
3925.0,0.976,1.316e-05,4.7295889902913167e-05
3926.0,0.976,1.327e-05,4.7295889902913167e-05
3927.0,0.976,1.333e-05,4.7295889902913167e-05
3928.0,0.976,1.333e-05,4.7295889902913167e-05
3929.0,0.976,1.349e-05,4.7295889902913167e-05
3930.0,0.9761,1.361e-05,4.710867520286496e-05
3931.0,0.9761,1.367e-05,4.710867520286496e-05
3932.0,0.9761,1.367e-05,4.710867520286496e-05
3933.0,0.9761,1.362e-05,4.710867520286496e-05
3934.0,0.9761,1.364e-05,4.710867520286496e-05
3935.0,0.9761,1.367e-05,4.710867520286496e-05
3936.0,0.9761,1.371e-05,4.710867520286496e-05
3937.0,0.9762,1.371e-05,4.6921410225114254e-05
3938.0,0.9762,1.363e-05,4.6921410225114254e-05
3939.0,0.9762,1.352e-05,4.6921410225114254e-05
3940.0,0.9762,1.338e-05,4.6921410225114254e-05
3941.0,0.9762,1.323e-05,4.6921410225114254e-05
3942.0,0.9762,1.324e-05,4.6921410225114254e-05
3943.0,0.9762,1.327e-05,4.6921410225114254e-05
3944.0,0.9763,1.321e-05,4.6734094814577634e-05
3945.0,0.9763,1.334e-05,4.6734094814577634e-05
3946.0,0.9763,1.33e-05,4.6734094814577634e-05
3947.0,0.9763,1.317e-05,4.6734094814577634e-05
3948.0,0.9763,1.301e-05,4.6734094814577634e-05
3949.0,0.9763,1.288e-05,4.6734094814577634e-05
3950.0,0.9763,1.28e-05,4.6734094814577634e-05
3951.0,0.9763,1.28e-05,4.6734094814577634e-05
3952.0,0.9764,1.289e-05,4.654672881496417e-05
3953.0,0.9764,1.309e-05,4.654672881496417e-05
3954.0,0.9764,1.315e-05,4.654672881496417e-05
3955.0,0.9764,1.317e-05,4.654672881496417e-05
3956.0,0.9764,1.325e-05,4.654672881496417e-05
3957.0,0.9764,1.325e-05,4.654672881496417e-05
3958.0,0.9764,1.329e-05,4.654672881496417e-05
3959.0,0.9764,1.334e-05,4.654672881496417e-05
3960.0,0.9765,1.339e-05,4.635931206876168e-05
3961.0,0.9765,1.341e-05,4.635931206876168e-05
3962.0,0.9765,1.347e-05,4.635931206876168e-05
3963.0,0.9765,1.351e-05,4.635931206876168e-05
3964.0,0.9765,1.349e-05,4.635931206876168e-05
3965.0,0.9765,1.333e-05,4.635931206876168e-05
3966.0,0.9765,1.327e-05,4.635931206876168e-05
3967.0,0.9766,1.33e-05,4.6171844417220726e-05
3968.0,0.9766,1.337e-05,4.6171844417220726e-05
3969.0,0.9766,1.325e-05,4.6171844417220726e-05
3970.0,0.9766,1.327e-05,4.6171844417220726e-05
3971.0,0.9766,1.335e-05,4.6171844417220726e-05
3972.0,0.9766,1.339e-05,4.6171844417220726e-05
3973.0,0.9766,1.34e-05,4.6171844417220726e-05
3974.0,0.9766,1.344e-05,4.6171844417220726e-05
3975.0,0.9767,1.349e-05,4.598432570034035e-05
3976.0,0.9767,1.351e-05,4.598432570034035e-05
3977.0,0.9767,1.349e-05,4.598432570034035e-05
3978.0,0.9767,1.354e-05,4.598432570034035e-05
3979.0,0.9767,1.363e-05,4.598432570034035e-05
3980.0,0.9767,1.372e-05,4.598432570034035e-05
3981.0,0.9767,1.371e-05,4.598432570034035e-05
3982.0,0.9768,1.36e-05,4.579675575685257e-05
3983.0,0.9768,1.346e-05,4.579675575685257e-05
3984.0,0.9768,1.333e-05,4.579675575685257e-05
3985.0,0.9768,1.318e-05,4.579675575685257e-05
3986.0,0.9768,1.313e-05,4.579675575685257e-05
3987.0,0.9768,1.306e-05,4.579675575685257e-05
3988.0,0.9768,1.295e-05,4.579675575685257e-05
3989.0,0.9768,1.298e-05,4.579675575685257e-05
3990.0,0.9769,1.291e-05,4.560913442420689e-05
3991.0,0.9769,1.284e-05,4.560913442420689e-05
3992.0,0.9769,1.283e-05,4.560913442420689e-05
3993.0,0.9769,1.275e-05,4.560913442420689e-05
3994.0,0.9769,1.281e-05,4.560913442420689e-05
3995.0,0.9769,1.291e-05,4.560913442420689e-05
3996.0,0.9769,1.296e-05,4.560913442420689e-05
3997.0,0.977,1.304e-05,4.542146153855444e-05
3998.0,0.977,1.3e-05,4.542146153855444e-05
3999.0,0.977,1.301e-05,4.542146153855444e-05
4000.0,0.977,1.307e-05,4.542146153855444e-05
4001.0,0.977,1.289e-05,4.542146153855444e-05
4002.0,0.977,1.283e-05,4.542146153855444e-05
4003.0,0.977,1.277e-05,4.542146153855444e-05
4004.0,0.977,1.269e-05,4.542146153855444e-05
4005.0,0.9771,1.277e-05,4.52337369347319e-05
4006.0,0.9771,1.276e-05,4.52337369347319e-05
4007.0,0.9771,1.275e-05,4.52337369347319e-05
4008.0,0.9771,1.274e-05,4.52337369347319e-05
4009.0,0.9771,1.285e-05,4.52337369347319e-05
4010.0,0.9771,1.295e-05,4.52337369347319e-05
4011.0,0.9771,1.296e-05,4.52337369347319e-05
4012.0,0.9771,1.293e-05,4.52337369347319e-05
4013.0,0.9772,1.296e-05,4.5045960446245186e-05
4014.0,0.9772,1.292e-05,4.5045960446245186e-05
4015.0,0.9772,1.281e-05,4.5045960446245186e-05
4016.0,0.9772,1.272e-05,4.5045960446245186e-05
4017.0,0.9772,1.265e-05,4.5045960446245186e-05
4018.0,0.9772,1.261e-05,4.5045960446245186e-05
4019.0,0.9772,1.255e-05,4.5045960446245186e-05
4020.0,0.9772,1.242e-05,4.5045960446245186e-05
4021.0,0.9773,1.243e-05,4.485813190525283e-05
4022.0,0.9773,1.236e-05,4.485813190525283e-05
4023.0,0.9773,1.226e-05,4.485813190525283e-05
4024.0,0.9773,1.215e-05,4.485813190525283e-05
4025.0,0.9773,1.21e-05,4.485813190525283e-05
4026.0,0.9773,1.213e-05,4.485813190525283e-05
4027.0,0.9773,1.215e-05,4.485813190525283e-05
4028.0,0.9773,1.215e-05,4.485813190525283e-05
4029.0,0.9774,1.237e-05,4.467025114254884e-05
4030.0,0.9774,1.245e-05,4.467025114254884e-05
4031.0,0.9774,1.246e-05,4.467025114254884e-05
4032.0,0.9774,1.241e-05,4.467025114254884e-05
4033.0,0.9774,1.236e-05,4.467025114254884e-05
4034.0,0.9774,1.235e-05,4.467025114254884e-05
4035.0,0.9774,1.232e-05,4.467025114254884e-05
4036.0,0.9774,1.227e-05,4.467025114254884e-05
4037.0,0.9775,1.218e-05,4.448231798754639e-05
4038.0,0.9775,1.204e-05,4.448231798754639e-05
4039.0,0.9775,1.191e-05,4.448231798754639e-05
4040.0,0.9775,1.181e-05,4.448231798754639e-05
4041.0,0.9775,1.176e-05,4.448231798754639e-05
4042.0,0.9775,1.174e-05,4.448231798754639e-05
4043.0,0.9775,1.176e-05,4.448231798754639e-05
4044.0,0.9775,1.184e-05,4.448231798754639e-05
4045.0,0.9776,1.209e-05,4.4294332268259036e-05
4046.0,0.9776,1.218e-05,4.4294332268259036e-05
4047.0,0.9776,1.219e-05,4.4294332268259036e-05
4048.0,0.9776,1.224e-05,4.4294332268259036e-05
4049.0,0.9776,1.225e-05,4.4294332268259036e-05
4050.0,0.9776,1.227e-05,4.4294332268259036e-05
4051.0,0.9776,1.23e-05,4.4294332268259036e-05
4052.0,0.9776,1.229e-05,4.4294332268259036e-05
4053.0,0.9776,1.22e-05,4.4294332268259036e-05
4054.0,0.9777,1.208e-05,4.410629381128377e-05
4055.0,0.9777,1.195e-05,4.410629381128377e-05
4056.0,0.9777,1.184e-05,4.410629381128377e-05
4057.0,0.9777,1.164e-05,4.410629381128377e-05
4058.0,0.9777,1.158e-05,4.410629381128377e-05
4059.0,0.9777,1.156e-05,4.410629381128377e-05
4060.0,0.9777,1.156e-05,4.410629381128377e-05
4061.0,0.9777,1.179e-05,4.410629381128377e-05
4062.0,0.9778,1.198e-05,4.391820244178278e-05
4063.0,0.9778,1.208e-05,4.391820244178278e-05
4064.0,0.9778,1.211e-05,4.391820244178278e-05
4065.0,0.9778,1.222e-05,4.391820244178278e-05
4066.0,0.9778,1.224e-05,4.391820244178278e-05
4067.0,0.9778,1.217e-05,4.391820244178278e-05
4068.0,0.9778,1.206e-05,4.391820244178278e-05
4069.0,0.9778,1.201e-05,4.391820244178278e-05
4070.0,0.9779,1.201e-05,4.373005798346496e-05
4071.0,0.9779,1.195e-05,4.373005798346496e-05
4072.0,0.9779,1.188e-05,4.373005798346496e-05
4073.0,0.9779,1.198e-05,4.373005798346496e-05
4074.0,0.9779,1.2e-05,4.373005798346496e-05
4075.0,0.9779,1.206e-05,4.373005798346496e-05
4076.0,0.9779,1.215e-05,4.373005798346496e-05
4077.0,0.9779,1.223e-05,4.373005798346496e-05
4078.0,0.9779,1.23e-05,4.373005798346496e-05
4079.0,0.978,1.239e-05,4.3541860258567244e-05
4080.0,0.978,1.25e-05,4.3541860258567244e-05
4081.0,0.978,1.249e-05,4.3541860258567244e-05
4082.0,0.978,1.247e-05,4.3541860258567244e-05
4083.0,0.978,1.25e-05,4.3541860258567244e-05
4084.0,0.978,1.253e-05,4.3541860258567244e-05
4085.0,0.978,1.224e-05,4.3541860258567244e-05
4086.0,0.978,1.203e-05,4.3541860258567244e-05
4087.0,0.9781,1.185e-05,4.3353609087835496e-05
4088.0,0.9781,1.168e-05,4.3353609087835496e-05
4089.0,0.9781,1.143e-05,4.3353609087835496e-05
4090.0,0.9781,1.129e-05,4.3353609087835496e-05
4091.0,0.9781,1.12e-05,4.3353609087835496e-05
4092.0,0.9781,1.113e-05,4.3353609087835496e-05
4093.0,0.9781,1.123e-05,4.3353609087835496e-05
4094.0,0.9781,1.134e-05,4.3353609087835496e-05
4095.0,0.9782,1.145e-05,4.316530429050518e-05
4096.0,0.9782,1.158e-05,4.316530429050518e-05
4097.0,0.9782,1.176e-05,4.316530429050518e-05
4098.0,0.9782,1.183e-05,4.316530429050518e-05
4099.0,0.9782,1.185e-05,4.316530429050518e-05
4100.0,0.9782,1.187e-05,4.316530429050518e-05
4101.0,0.9782,1.185e-05,4.316530429050518e-05
4102.0,0.9782,1.186e-05,4.316530429050518e-05
4103.0,0.9782,1.182e-05,4.316530429050518e-05
4104.0,0.9783,1.177e-05,4.2976945684281565e-05
4105.0,0.9783,1.179e-05,4.2976945684281565e-05
4106.0,0.9783,1.173e-05,4.2976945684281565e-05
4107.0,0.9783,1.158e-05,4.2976945684281565e-05
4108.0,0.9783,1.14e-05,4.2976945684281565e-05
4109.0,0.9783,1.125e-05,4.2976945684281565e-05
4110.0,0.9783,1.116e-05,4.2976945684281565e-05
4111.0,0.9783,1.115e-05,4.2976945684281565e-05
4112.0,0.9783,1.118e-05,4.2976945684281565e-05
4113.0,0.9784,1.142e-05,4.278853308531946e-05
4114.0,0.9784,1.157e-05,4.278853308531946e-05
4115.0,0.9784,1.164e-05,4.278853308531946e-05
4116.0,0.9784,1.168e-05,4.278853308531946e-05
4117.0,0.9784,1.168e-05,4.278853308531946e-05
4118.0,0.9784,1.164e-05,4.278853308531946e-05
4119.0,0.9784,1.161e-05,4.278853308531946e-05
4120.0,0.9784,1.162e-05,4.278853308531946e-05
4121.0,0.9785,1.144e-05,4.260006630820366e-05
4122.0,0.9785,1.143e-05,4.260006630820366e-05
4123.0,0.9785,1.148e-05,4.260006630820366e-05
4124.0,0.9785,1.154e-05,4.260006630820366e-05
4125.0,0.9785,1.171e-05,4.260006630820366e-05
4126.0,0.9785,1.177e-05,4.260006630820366e-05
4127.0,0.9785,1.179e-05,4.260006630820366e-05
4128.0,0.9785,1.179e-05,4.260006630820366e-05
4129.0,0.9785,1.17e-05,4.260006630820366e-05
4130.0,0.9786,1.159e-05,4.2411545165926736e-05
4131.0,0.9786,1.151e-05,4.2411545165926736e-05
4132.0,0.9786,1.15e-05,4.2411545165926736e-05
4133.0,0.9786,1.147e-05,4.2411545165926736e-05
4134.0,0.9786,1.148e-05,4.2411545165926736e-05
4135.0,0.9786,1.153e-05,4.2411545165926736e-05
4136.0,0.9786,1.155e-05,4.2411545165926736e-05
4137.0,0.9786,1.169e-05,4.2411545165926736e-05
4138.0,0.9786,1.175e-05,4.2411545165926736e-05
4139.0,0.9787,1.177e-05,4.222296946986885e-05
4140.0,0.9787,1.179e-05,4.222296946986885e-05
4141.0,0.9787,1.18e-05,4.222296946986885e-05
4142.0,0.9787,1.18e-05,4.222296946986885e-05
4143.0,0.9787,1.174e-05,4.222296946986885e-05
4144.0,0.9787,1.162e-05,4.222296946986885e-05
4145.0,0.9787,1.16e-05,4.222296946986885e-05
4146.0,0.9787,1.157e-05,4.222296946986885e-05
4147.0,0.9788,1.152e-05,4.203433902977586e-05
4148.0,0.9788,1.15e-05,4.203433902977586e-05
4149.0,0.9788,1.138e-05,4.203433902977586e-05
4150.0,0.9788,1.121e-05,4.203433902977586e-05
4151.0,0.9788,1.108e-05,4.203433902977586e-05
4152.0,0.9788,1.105e-05,4.203433902977586e-05
4153.0,0.9788,1.101e-05,4.203433902977586e-05
4154.0,0.9788,1.102e-05,4.203433902977586e-05
4155.0,0.9788,1.101e-05,4.203433902977586e-05
4156.0,0.9789,1.099e-05,4.184565365373741e-05
4157.0,0.9789,1.105e-05,4.184565365373741e-05
4158.0,0.9789,1.098e-05,4.184565365373741e-05
4159.0,0.9789,1.094e-05,4.184565365373741e-05
4160.0,0.9789,1.09e-05,4.184565365373741e-05
4161.0,0.9789,1.066e-05,4.184565365373741e-05
4162.0,0.9789,1.066e-05,4.184565365373741e-05
4163.0,0.9789,1.072e-05,4.184565365373741e-05
4164.0,0.9789,1.077e-05,4.184565365373741e-05
4165.0,0.979,1.082e-05,4.165691314816458e-05
4166.0,0.979,1.088e-05,4.165691314816458e-05
4167.0,0.979,1.092e-05,4.165691314816458e-05
4168.0,0.979,1.097e-05,4.165691314816458e-05
4169.0,0.979,1.084e-05,4.165691314816458e-05
4170.0,0.979,1.079e-05,4.165691314816458e-05
4171.0,0.979,1.081e-05,4.165691314816458e-05
4172.0,0.979,1.085e-05,4.165691314816458e-05
4173.0,0.979,1.09e-05,4.165691314816458e-05
4174.0,0.9791,1.098e-05,4.146811731776707e-05
4175.0,0.9791,1.107e-05,4.146811731776707e-05
4176.0,0.9791,1.108e-05,4.146811731776707e-05
4177.0,0.9791,1.1e-05,4.146811731776707e-05
4178.0,0.9791,1.093e-05,4.146811731776707e-05
4179.0,0.9791,1.085e-05,4.146811731776707e-05
4180.0,0.9791,1.075e-05,4.146811731776707e-05
4181.0,0.9791,1.054e-05,4.146811731776707e-05
4182.0,0.9791,1.046e-05,4.146811731776707e-05
4183.0,0.9791,1.041e-05,4.146811731776707e-05
4184.0,0.9792,1.035e-05,4.1279265965530025e-05
4185.0,0.9792,1.037e-05,4.1279265965530025e-05
4186.0,0.9792,1.026e-05,4.1279265965530025e-05
4187.0,0.9792,1.018e-05,4.1279265965530025e-05
4188.0,0.9792,1.014e-05,4.1279265965530025e-05
4189.0,0.9792,1.016e-05,4.1279265965530025e-05
4190.0,0.9792,1.022e-05,4.1279265965530025e-05
4191.0,0.9792,1.033e-05,4.1279265965530025e-05
4192.0,0.9792,1.045e-05,4.1279265965530025e-05
4193.0,0.9793,1.07e-05,4.109035889269043e-05
4194.0,0.9793,1.082e-05,4.109035889269043e-05
4195.0,0.9793,1.087e-05,4.109035889269043e-05
4196.0,0.9793,1.084e-05,4.109035889269043e-05
4197.0,0.9793,1.076e-05,4.109035889269043e-05
4198.0,0.9793,1.074e-05,4.109035889269043e-05
4199.0,0.9793,1.072e-05,4.109035889269043e-05
4200.0,0.9793,1.069e-05,4.109035889269043e-05
4201.0,0.9793,1.08e-05,4.109035889269043e-05
4202.0,0.9793,1.085e-05,4.109035889269043e-05
4203.0,0.9794,1.084e-05,4.09013958987128e-05
4204.0,0.9794,1.082e-05,4.09013958987128e-05
4205.0,0.9794,1.08e-05,4.09013958987128e-05
4206.0,0.9794,1.08e-05,4.09013958987128e-05
4207.0,0.9794,1.081e-05,4.09013958987128e-05
4208.0,0.9794,1.083e-05,4.09013958987128e-05
4209.0,0.9794,1.083e-05,4.09013958987128e-05
4210.0,0.9794,1.085e-05,4.09013958987128e-05
4211.0,0.9794,1.086e-05,4.09013958987128e-05
4212.0,0.9795,1.09e-05,4.0712376781265577e-05
4213.0,0.9795,1.103e-05,4.0712376781265577e-05
4214.0,0.9795,1.111e-05,4.0712376781265577e-05
4215.0,0.9795,1.113e-05,4.0712376781265577e-05
4216.0,0.9795,1.115e-05,4.0712376781265577e-05
4217.0,0.9795,1.134e-05,4.0712376781265577e-05
4218.0,0.9795,1.145e-05,4.0712376781265577e-05
4219.0,0.9795,1.151e-05,4.0712376781265577e-05
4220.0,0.9795,1.159e-05,4.0712376781265577e-05
4221.0,0.9796,1.167e-05,4.052330133619478e-05
4222.0,0.9796,1.17e-05,4.052330133619478e-05
4223.0,0.9796,1.17e-05,4.052330133619478e-05
4224.0,0.9796,1.167e-05,4.052330133619478e-05
4225.0,0.9796,1.147e-05,4.052330133619478e-05
4226.0,0.9796,1.129e-05,4.052330133619478e-05
4227.0,0.9796,1.114e-05,4.052330133619478e-05
4228.0,0.9796,1.1e-05,4.052330133619478e-05
4229.0,0.9796,1.086e-05,4.052330133619478e-05
4230.0,0.9797,1.076e-05,4.03341693574995e-05
4231.0,0.9797,1.065e-05,4.03341693574995e-05
4232.0,0.9797,1.053e-05,4.03341693574995e-05
4233.0,0.9797,1.051e-05,4.03341693574995e-05
4234.0,0.9797,1.053e-05,4.03341693574995e-05
4235.0,0.9797,1.058e-05,4.03341693574995e-05
4236.0,0.9797,1.065e-05,4.03341693574995e-05
4237.0,0.9797,1.067e-05,4.03341693574995e-05
4238.0,0.9797,1.067e-05,4.03341693574995e-05
4239.0,0.9798,1.067e-05,4.014498063730571e-05
4240.0,0.9798,1.065e-05,4.014498063730571e-05
4241.0,0.9798,1.056e-05,4.014498063730571e-05
4242.0,0.9798,1.056e-05,4.014498063730571e-05
4243.0,0.9798,1.055e-05,4.014498063730571e-05
4244.0,0.9798,1.058e-05,4.014498063730571e-05
4245.0,0.9798,1.068e-05,4.014498063730571e-05
4246.0,0.9798,1.076e-05,4.014498063730571e-05
4247.0,0.9798,1.082e-05,4.014498063730571e-05
4248.0,0.9799,1.082e-05,3.995573496583987e-05
4249.0,0.9799,1.08e-05,3.995573496583987e-05
4250.0,0.9799,1.073e-05,3.995573496583987e-05
4251.0,0.9799,1.062e-05,3.995573496583987e-05
4252.0,0.9799,1.056e-05,3.995573496583987e-05
4253.0,0.9799,1.04e-05,3.995573496583987e-05
4254.0,0.9799,1.029e-05,3.995573496583987e-05
4255.0,0.9799,1.022e-05,3.995573496583987e-05
4256.0,0.9799,1.025e-05,3.995573496583987e-05
4257.0,0.9799,1.037e-05,3.995573496583987e-05
4258.0,0.98,1.037e-05,3.9766432131401956e-05
4259.0,0.98,1.034e-05,3.9766432131401956e-05
4260.0,0.98,1.033e-05,3.9766432131401956e-05
4261.0,0.98,1.029e-05,3.9766432131401956e-05
4262.0,0.98,1.024e-05,3.9766432131401956e-05
4263.0,0.98,1.023e-05,3.9766432131401956e-05
4264.0,0.98,1.02e-05,3.9766432131401956e-05
4265.0,0.98,1.018e-05,3.9766432131401956e-05
4266.0,0.98,1.03e-05,3.9766432131401956e-05
4267.0,0.98,1.046e-05,3.9766432131401956e-05
4268.0,0.9801,1.056e-05,3.957707192033802e-05
4269.0,0.9801,1.078e-05,3.957707192033802e-05
4270.0,0.9801,1.092e-05,3.957707192033802e-05
4271.0,0.9801,1.096e-05,3.957707192033802e-05
4272.0,0.9801,1.099e-05,3.957707192033802e-05
4273.0,0.9801,1.091e-05,3.957707192033802e-05
4274.0,0.9801,1.078e-05,3.957707192033802e-05
4275.0,0.9801,1.058e-05,3.957707192033802e-05
4276.0,0.9801,1.035e-05,3.957707192033802e-05
4277.0,0.9802,1.003e-05,3.938765411701223e-05
4278.0,0.9802,9.84e-06,3.938765411701223e-05
4279.0,0.9802,9.71e-06,3.938765411701223e-05
4280.0,0.9802,9.61e-06,3.938765411701223e-05
4281.0,0.9802,9.57e-06,3.938765411701223e-05
4282.0,0.9802,9.56e-06,3.938765411701223e-05
4283.0,0.9802,9.64e-06,3.938765411701223e-05
4284.0,0.9802,9.77e-06,3.938765411701223e-05
4285.0,0.9802,9.93e-06,3.938765411701223e-05
4286.0,0.9802,1.003e-05,3.938765411701223e-05
4287.0,0.9803,1.009e-05,3.9198178503778334e-05
4288.0,0.9803,1.012e-05,3.9198178503778334e-05
4289.0,0.9803,1.014e-05,3.9198178503778334e-05
4290.0,0.9803,1.02e-05,3.9198178503778334e-05
4291.0,0.9803,1.024e-05,3.9198178503778334e-05
4292.0,0.9803,1.027e-05,3.9198178503778334e-05
4293.0,0.9803,1.02e-05,3.9198178503778334e-05
4294.0,0.9803,1.015e-05,3.9198178503778334e-05
4295.0,0.9803,1.014e-05,3.9198178503778334e-05
4296.0,0.9803,1.016e-05,3.9198178503778334e-05
4297.0,0.9804,1.006e-05,3.900864486095031e-05
4298.0,0.9804,1.002e-05,3.900864486095031e-05
4299.0,0.9804,9.98e-06,3.900864486095031e-05
4300.0,0.9804,9.91e-06,3.900864486095031e-05
4301.0,0.9804,9.88e-06,3.900864486095031e-05
4302.0,0.9804,9.83e-06,3.900864486095031e-05
4303.0,0.9804,9.78e-06,3.900864486095031e-05
4304.0,0.9804,9.69e-06,3.900864486095031e-05
4305.0,0.9804,9.67e-06,3.900864486095031e-05
4306.0,0.9804,9.68e-06,3.900864486095031e-05
4307.0,0.9805,9.72e-06,3.881905296677362e-05
4308.0,0.9805,9.81e-06,3.881905296677362e-05
4309.0,0.9805,1.001e-05,3.881905296677362e-05
4310.0,0.9805,1.007e-05,3.881905296677362e-05
4311.0,0.9805,1.007e-05,3.881905296677362e-05
4312.0,0.9805,1.008e-05,3.881905296677362e-05
4313.0,0.9805,1.008e-05,3.881905296677362e-05
4314.0,0.9805,1.01e-05,3.881905296677362e-05
4315.0,0.9805,1.008e-05,3.881905296677362e-05
4316.0,0.9805,1e-05,3.881905296677362e-05
4317.0,0.9806,9.97e-06,3.8629402597393674e-05
4318.0,0.9806,9.98e-06,3.8629402597393674e-05
4319.0,0.9806,1.002e-05,3.8629402597393674e-05
4320.0,0.9806,1.006e-05,3.8629402597393674e-05
4321.0,0.9806,9.98e-06,3.8629402597393674e-05
4322.0,0.9806,9.9e-06,3.8629402597393674e-05
4323.0,0.9806,9.85e-06,3.8629402597393674e-05
4324.0,0.9806,9.82e-06,3.8629402597393674e-05
4325.0,0.9806,9.79e-06,3.8629402597393674e-05
4326.0,0.9806,9.81e-06,3.8629402597393674e-05
4327.0,0.9807,9.82e-06,3.843969352682579e-05
4328.0,0.9807,9.82e-06,3.843969352682579e-05
4329.0,0.9807,1.001e-05,3.843969352682579e-05
4330.0,0.9807,1.006e-05,3.843969352682579e-05
4331.0,0.9807,1.009e-05,3.843969352682579e-05
4332.0,0.9807,1.011e-05,3.843969352682579e-05
4333.0,0.9807,9.93e-06,3.843969352682579e-05
4334.0,0.9807,9.86e-06,3.843969352682579e-05
4335.0,0.9807,9.88e-06,3.843969352682579e-05
4336.0,0.9807,9.97e-06,3.843969352682579e-05
4337.0,0.9808,1.006e-05,3.824992552692354e-05
4338.0,0.9808,1.013e-05,3.824992552692354e-05
4339.0,0.9808,1.018e-05,3.824992552692354e-05
4340.0,0.9808,1.02e-05,3.824992552692354e-05
4341.0,0.9808,1.015e-05,3.824992552692354e-05
4342.0,0.9808,1.002e-05,3.824992552692354e-05
4343.0,0.9808,9.86e-06,3.824992552692354e-05
4344.0,0.9808,9.74e-06,3.824992552692354e-05
4345.0,0.9808,9.51e-06,3.824992552692354e-05
4346.0,0.9808,9.48e-06,3.824992552692354e-05
4347.0,0.9809,9.53e-06,3.8060098367346696e-05
4348.0,0.9809,9.53e-06,3.8060098367346696e-05
4349.0,0.9809,9.68e-06,3.8060098367346696e-05
4350.0,0.9809,9.66e-06,3.8060098367346696e-05
4351.0,0.9809,9.64e-06,3.8060098367346696e-05
4352.0,0.9809,9.63e-06,3.8060098367346696e-05
4353.0,0.9809,9.56e-06,3.8060098367346696e-05
4354.0,0.9809,9.58e-06,3.8060098367346696e-05
4355.0,0.9809,9.53e-06,3.8060098367346696e-05
4356.0,0.9809,9.44e-06,3.8060098367346696e-05
4357.0,0.9809,9.61e-06,3.8060098367346696e-05
4358.0,0.981,9.69e-06,3.78702118155284e-05
4359.0,0.981,9.79e-06,3.78702118155284e-05
4360.0,0.981,9.89e-06,3.78702118155284e-05
4361.0,0.981,9.97e-06,3.78702118155284e-05
4362.0,0.981,1.005e-05,3.78702118155284e-05
4363.0,0.981,1.009e-05,3.78702118155284e-05
4364.0,0.981,1.015e-05,3.78702118155284e-05
4365.0,0.981,1.012e-05,3.78702118155284e-05
4366.0,0.981,1.008e-05,3.78702118155284e-05
4367.0,0.981,1.003e-05,3.78702118155284e-05
4368.0,0.9811,1.002e-05,3.7680265636641845e-05
4369.0,0.9811,9.96e-06,3.7680265636641845e-05
4370.0,0.9811,9.93e-06,3.7680265636641845e-05
4371.0,0.9811,9.83e-06,3.7680265636641845e-05
4372.0,0.9811,9.71e-06,3.7680265636641845e-05
4373.0,0.9811,9.63e-06,3.7680265636641845e-05
4374.0,0.9811,9.55e-06,3.7680265636641845e-05
4375.0,0.9811,9.47e-06,3.7680265636641845e-05
4376.0,0.9811,9.38e-06,3.7680265636641845e-05
4377.0,0.9811,9.29e-06,3.7680265636641845e-05
4378.0,0.9812,9.28e-06,3.749025959356611e-05
4379.0,0.9812,9.31e-06,3.749025959356611e-05
4380.0,0.9812,9.26e-06,3.749025959356611e-05
4381.0,0.9812,9.38e-06,3.749025959356611e-05
4382.0,0.9812,9.47e-06,3.749025959356611e-05
4383.0,0.9812,9.53e-06,3.749025959356611e-05
4384.0,0.9812,9.53e-06,3.749025959356611e-05
4385.0,0.9812,9.54e-06,3.749025959356611e-05
4386.0,0.9812,9.55e-06,3.749025959356611e-05
4387.0,0.9812,9.58e-06,3.749025959356611e-05
4388.0,0.9812,9.6e-06,3.749025959356611e-05
4389.0,0.9813,9.41e-06,3.730019344685137e-05
4390.0,0.9813,9.34e-06,3.730019344685137e-05
4391.0,0.9813,9.31e-06,3.730019344685137e-05
4392.0,0.9813,9.3e-06,3.730019344685137e-05
4393.0,0.9813,9.25e-06,3.730019344685137e-05
4394.0,0.9813,9.28e-06,3.730019344685137e-05
4395.0,0.9813,9.32e-06,3.730019344685137e-05
4396.0,0.9813,9.33e-06,3.730019344685137e-05
4397.0,0.9813,9.28e-06,3.730019344685137e-05
4398.0,0.9813,9.21e-06,3.730019344685137e-05
4399.0,0.9814,9.17e-06,3.711006695468324e-05
4400.0,0.9814,9.1e-06,3.711006695468324e-05
4401.0,0.9814,8.81e-06,3.711006695468324e-05
4402.0,0.9814,8.74e-06,3.711006695468324e-05
4403.0,0.9814,8.79e-06,3.711006695468324e-05
4404.0,0.9814,8.8e-06,3.711006695468324e-05
4405.0,0.9814,8.98e-06,3.711006695468324e-05
4406.0,0.9814,9.14e-06,3.711006695468324e-05
4407.0,0.9814,9.29e-06,3.711006695468324e-05
4408.0,0.9814,9.42e-06,3.711006695468324e-05
4409.0,0.9814,9.5e-06,3.711006695468324e-05
4410.0,0.9815,9.49e-06,3.6919879872847314e-05
4411.0,0.9815,9.45e-06,3.6919879872847314e-05
4412.0,0.9815,9.32e-06,3.6919879872847314e-05
4413.0,0.9815,8.97e-06,3.6919879872847314e-05
4414.0,0.9815,8.87e-06,3.6919879872847314e-05
4415.0,0.9815,8.86e-06,3.6919879872847314e-05
4416.0,0.9815,8.85e-06,3.6919879872847314e-05
4417.0,0.9815,8.88e-06,3.6919879872847314e-05
4418.0,0.9815,8.85e-06,3.6919879872847314e-05
4419.0,0.9815,8.8e-06,3.6919879872847314e-05
4420.0,0.9815,8.79e-06,3.6919879872847314e-05
4421.0,0.9815,8.66e-06,3.6919879872847314e-05
4422.0,0.9816,8.58e-06,3.672963195469091e-05
4423.0,0.9816,8.49e-06,3.672963195469091e-05
4424.0,0.9816,8.4e-06,3.672963195469091e-05
4425.0,0.9816,8.41e-06,3.672963195469091e-05
4426.0,0.9816,8.45e-06,3.672963195469091e-05
4427.0,0.9816,8.44e-06,3.672963195469091e-05
4428.0,0.9816,8.39e-06,3.672963195469091e-05
4429.0,0.9816,8.51e-06,3.672963195469091e-05
4430.0,0.9816,8.54e-06,3.672963195469091e-05
4431.0,0.9816,8.52e-06,3.672963195469091e-05
4432.0,0.9816,8.49e-06,3.672963195469091e-05
4433.0,0.9817,8.44e-06,3.6539322951086125e-05
4434.0,0.9817,8.37e-06,3.6539322951086125e-05
4435.0,0.9817,8.31e-06,3.6539322951086125e-05
4436.0,0.9817,8.24e-06,3.6539322951086125e-05
4437.0,0.9817,8.2e-06,3.6539322951086125e-05
4438.0,0.9817,8.19e-06,3.6539322951086125e-05
4439.0,0.9817,8.2e-06,3.6539322951086125e-05
4440.0,0.9817,8.24e-06,3.6539322951086125e-05
4441.0,0.9817,8.27e-06,3.6539322951086125e-05
4442.0,0.9817,8.2e-06,3.6539322951086125e-05
4443.0,0.9817,8.16e-06,3.6539322951086125e-05
4444.0,0.9817,8.15e-06,3.6539322951086125e-05
4445.0,0.9817,7.97e-06,3.6539322951086125e-05
4446.0,0.9818,7.89e-06,3.6348952610391094e-05
4447.0,0.9818,7.91e-06,3.6348952610391094e-05
4448.0,0.9818,7.96e-06,3.6348952610391094e-05
4449.0,0.9818,8.03e-06,3.6348952610391094e-05
4450.0,0.9818,8.09e-06,3.6348952610391094e-05
4451.0,0.9818,8.18e-06,3.6348952610391094e-05
4452.0,0.9818,8.27e-06,3.6348952610391094e-05
4453.0,0.9818,8.39e-06,3.6348952610391094e-05
4454.0,0.9818,8.47e-06,3.6348952610391094e-05
4455.0,0.9818,8.54e-06,3.6348952610391094e-05
4456.0,0.9818,8.6e-06,3.6348952610391094e-05
4457.0,0.9818,8.54e-06,3.6348952610391094e-05
4458.0,0.9819,8.46e-06,3.615852067841052e-05
4459.0,0.9819,8.44e-06,3.615852067841052e-05
4460.0,0.9819,8.42e-06,3.615852067841052e-05
4461.0,0.9819,8.34e-06,3.615852067841052e-05
4462.0,0.9819,8.27e-06,3.615852067841052e-05
4463.0,0.9819,8.14e-06,3.615852067841052e-05
4464.0,0.9819,7.99e-06,3.615852067841052e-05
4465.0,0.9819,7.85e-06,3.615852067841052e-05
4466.0,0.9819,7.78e-06,3.615852067841052e-05
4467.0,0.9819,7.74e-06,3.615852067841052e-05
4468.0,0.9819,7.76e-06,3.615852067841052e-05
4469.0,0.9819,7.85e-06,3.615852067841052e-05
4470.0,0.982,7.94e-06,3.596802689835553e-05
4471.0,0.982,7.99e-06,3.596802689835553e-05
4472.0,0.982,8.03e-06,3.596802689835553e-05
4473.0,0.982,8.17e-06,3.596802689835553e-05
4474.0,0.982,8.26e-06,3.596802689835553e-05
4475.0,0.982,8.3e-06,3.596802689835553e-05
4476.0,0.982,8.37e-06,3.596802689835553e-05
4477.0,0.982,8.34e-06,3.596802689835553e-05
4478.0,0.982,8.39e-06,3.596802689835553e-05
4479.0,0.982,8.48e-06,3.596802689835553e-05
4480.0,0.982,8.54e-06,3.596802689835553e-05
4481.0,0.982,8.55e-06,3.596802689835553e-05
4482.0,0.9821,8.51e-06,3.5777471010802504e-05
4483.0,0.9821,8.51e-06,3.5777471010802504e-05
4484.0,0.9821,8.51e-06,3.5777471010802504e-05
4485.0,0.9821,8.36e-06,3.5777471010802504e-05
4486.0,0.9821,8.22e-06,3.5777471010802504e-05
4487.0,0.9821,8.13e-06,3.5777471010802504e-05
4488.0,0.9821,8.1e-06,3.5777471010802504e-05
4489.0,0.9821,8.06e-06,3.5777471010802504e-05
4490.0,0.9821,8.07e-06,3.5777471010802504e-05
4491.0,0.9821,8.09e-06,3.5777471010802504e-05
4492.0,0.9821,8.06e-06,3.5777471010802504e-05
4493.0,0.9821,8.05e-06,3.5777471010802504e-05
4494.0,0.9822,7.98e-06,3.558685275365115e-05
4495.0,0.9822,7.93e-06,3.558685275365115e-05
4496.0,0.9822,7.89e-06,3.558685275365115e-05
4497.0,0.9822,7.8e-06,3.558685275365115e-05
4498.0,0.9822,7.77e-06,3.558685275365115e-05
4499.0,0.9822,7.74e-06,3.558685275365115e-05
4500.0,0.9822,7.76e-06,3.558685275365115e-05
4501.0,0.9822,7.88e-06,3.558685275365115e-05
4502.0,0.9822,8e-06,3.558685275365115e-05
4503.0,0.9822,8.11e-06,3.558685275365115e-05
4504.0,0.9822,8.16e-06,3.558685275365115e-05
4505.0,0.9822,8.18e-06,3.558685275365115e-05
4506.0,0.9822,8.21e-06,3.558685275365115e-05
4507.0,0.9823,8.19e-06,3.539617186208155e-05
4508.0,0.9823,8.12e-06,3.539617186208155e-05
4509.0,0.9823,8.02e-06,3.539617186208155e-05
4510.0,0.9823,7.97e-06,3.539617186208155e-05
4511.0,0.9823,7.92e-06,3.539617186208155e-05
4512.0,0.9823,7.88e-06,3.539617186208155e-05
4513.0,0.9823,7.99e-06,3.539617186208155e-05
4514.0,0.9823,8.06e-06,3.539617186208155e-05
4515.0,0.9823,8.09e-06,3.539617186208155e-05
4516.0,0.9823,8.07e-06,3.539617186208155e-05
4517.0,0.9823,8.03e-06,3.539617186208155e-05
4518.0,0.9823,7.97e-06,3.539617186208155e-05
4519.0,0.9824,7.95e-06,3.520542806851019e-05
4520.0,0.9824,7.96e-06,3.520542806851019e-05
4521.0,0.9824,7.87e-06,3.520542806851019e-05
4522.0,0.9824,7.81e-06,3.520542806851019e-05
4523.0,0.9824,7.75e-06,3.520542806851019e-05
4524.0,0.9824,7.69e-06,3.520542806851019e-05
4525.0,0.9824,7.74e-06,3.520542806851019e-05
4526.0,0.9824,7.74e-06,3.520542806851019e-05
4527.0,0.9824,7.74e-06,3.520542806851019e-05
4528.0,0.9824,7.78e-06,3.520542806851019e-05
4529.0,0.9824,7.86e-06,3.520542806851019e-05
4530.0,0.9824,7.9e-06,3.520542806851019e-05
4531.0,0.9824,7.92e-06,3.520542806851019e-05
4532.0,0.9825,7.89e-06,3.501462110254597e-05
4533.0,0.9825,7.84e-06,3.501462110254597e-05
4534.0,0.9825,7.78e-06,3.501462110254597e-05
4535.0,0.9825,7.7e-06,3.501462110254597e-05
4536.0,0.9825,7.65e-06,3.501462110254597e-05
4537.0,0.9825,7.55e-06,3.501462110254597e-05
4538.0,0.9825,7.57e-06,3.501462110254597e-05
4539.0,0.9825,7.66e-06,3.501462110254597e-05
4540.0,0.9825,7.77e-06,3.501462110254597e-05
4541.0,0.9825,7.86e-06,3.501462110254597e-05
4542.0,0.9825,7.83e-06,3.501462110254597e-05
4543.0,0.9825,7.78e-06,3.501462110254597e-05
4544.0,0.9825,7.68e-06,3.501462110254597e-05
4545.0,0.9826,7.46e-06,3.4823750690943186e-05
4546.0,0.9826,7.36e-06,3.4823750690943186e-05
4547.0,0.9826,7.28e-06,3.4823750690943186e-05
4548.0,0.9826,7.21e-06,3.4823750690943186e-05
4549.0,0.9826,7.26e-06,3.4823750690943186e-05
4550.0,0.9826,7.35e-06,3.4823750690943186e-05
4551.0,0.9826,7.42e-06,3.4823750690943186e-05
4552.0,0.9826,7.5e-06,3.4823750690943186e-05
4553.0,0.9826,7.53e-06,3.4823750690943186e-05
4554.0,0.9826,7.53e-06,3.4823750690943186e-05
4555.0,0.9826,7.53e-06,3.4823750690943186e-05
4556.0,0.9826,7.47e-06,3.4823750690943186e-05
4557.0,0.9826,7.26e-06,3.4823750690943186e-05
4558.0,0.9826,7.24e-06,3.4823750690943186e-05
4559.0,0.9827,7.31e-06,3.4632816557555584e-05
4560.0,0.9827,7.34e-06,3.4632816557555584e-05
4561.0,0.9827,7.41e-06,3.4632816557555584e-05
4562.0,0.9827,7.46e-06,3.4632816557555584e-05
4563.0,0.9827,7.56e-06,3.4632816557555584e-05
4564.0,0.9827,7.67e-06,3.4632816557555584e-05
4565.0,0.9827,7.66e-06,3.4632816557555584e-05
4566.0,0.9827,7.63e-06,3.4632816557555584e-05
4567.0,0.9827,7.58e-06,3.4632816557555584e-05
4568.0,0.9827,7.5e-06,3.4632816557555584e-05
4569.0,0.9827,7.31e-06,3.4632816557555584e-05
4570.0,0.9827,7.19e-06,3.4632816557555584e-05
4571.0,0.9827,7.16e-06,3.4632816557555584e-05
4572.0,0.9828,7.15e-06,3.4441818423288265e-05
4573.0,0.9828,7.18e-06,3.4441818423288265e-05
4574.0,0.9828,7.16e-06,3.4441818423288265e-05
4575.0,0.9828,7.11e-06,3.4441818423288265e-05
4576.0,0.9828,7.08e-06,3.4441818423288265e-05
4577.0,0.9828,7.1e-06,3.4441818423288265e-05
4578.0,0.9828,7.14e-06,3.4441818423288265e-05
4579.0,0.9828,7.16e-06,3.4441818423288265e-05
4580.0,0.9828,7.15e-06,3.4441818423288265e-05
4581.0,0.9828,7.13e-06,3.4441818423288265e-05
4582.0,0.9828,7.13e-06,3.4441818423288265e-05
4583.0,0.9828,7.15e-06,3.4441818423288265e-05
4584.0,0.9828,7.14e-06,3.4441818423288265e-05
4585.0,0.9828,6.98e-06,3.4441818423288265e-05
4586.0,0.9829,6.89e-06,3.4250756006048866e-05
4587.0,0.9829,6.9e-06,3.4250756006048866e-05
4588.0,0.9829,6.94e-06,3.4250756006048866e-05
4589.0,0.9829,6.88e-06,3.4250756006048866e-05
4590.0,0.9829,6.9e-06,3.4250756006048866e-05
4591.0,0.9829,6.98e-06,3.4250756006048866e-05
4592.0,0.9829,7.02e-06,3.4250756006048866e-05
4593.0,0.9829,7.13e-06,3.4250756006048866e-05
4594.0,0.9829,7.22e-06,3.4250756006048866e-05
4595.0,0.9829,7.25e-06,3.4250756006048866e-05
4596.0,0.9829,7.34e-06,3.4250756006048866e-05
4597.0,0.9829,7.42e-06,3.4250756006048866e-05
4598.0,0.9829,7.49e-06,3.4250756006048866e-05
4599.0,0.9829,7.5e-06,3.4250756006048866e-05
4600.0,0.983,7.41e-06,3.405962902069747e-05
4601.0,0.983,7.31e-06,3.405962902069747e-05
4602.0,0.983,7.24e-06,3.405962902069747e-05
4603.0,0.983,7.14e-06,3.405962902069747e-05
4604.0,0.983,7.04e-06,3.405962902069747e-05
4605.0,0.983,6.91e-06,3.405962902069747e-05
4606.0,0.983,6.78e-06,3.405962902069747e-05
4607.0,0.983,6.65e-06,3.405962902069747e-05
4608.0,0.983,6.52e-06,3.405962902069747e-05
4609.0,0.983,6.61e-06,3.405962902069747e-05
4610.0,0.983,6.69e-06,3.405962902069747e-05
4611.0,0.983,6.74e-06,3.405962902069747e-05
4612.0,0.983,6.74e-06,3.405962902069747e-05
4613.0,0.983,6.8e-06,3.405962902069747e-05
4614.0,0.983,6.81e-06,3.405962902069747e-05
4615.0,0.9831,6.83e-06,3.386843717899551e-05
4616.0,0.9831,6.81e-06,3.386843717899551e-05
4617.0,0.9831,6.6e-06,3.386843717899551e-05
4618.0,0.9831,6.5e-06,3.386843717899551e-05
4619.0,0.9831,6.41e-06,3.386843717899551e-05
4620.0,0.9831,6.3e-06,3.386843717899551e-05
4621.0,0.9831,6.15e-06,3.386843717899551e-05
4622.0,0.9831,6.01e-06,3.386843717899551e-05
4623.0,0.9831,5.88e-06,3.386843717899551e-05
4624.0,0.9831,5.75e-06,3.386843717899551e-05
4625.0,0.9831,5.65e-06,3.386843717899551e-05
4626.0,0.9831,5.62e-06,3.386843717899551e-05
4627.0,0.9831,5.67e-06,3.386843717899551e-05
4628.0,0.9831,5.74e-06,3.386843717899551e-05
4629.0,0.9831,5.87e-06,3.386843717899551e-05
4630.0,0.9831,5.93e-06,3.386843717899551e-05
4631.0,0.9832,5.96e-06,3.36771801895534e-05
4632.0,0.9832,6.01e-06,3.36771801895534e-05
4633.0,0.9832,6.04e-06,3.36771801895534e-05
4634.0,0.9832,6.14e-06,3.36771801895534e-05
4635.0,0.9832,6.18e-06,3.36771801895534e-05
4636.0,0.9832,6.15e-06,3.36771801895534e-05
4637.0,0.9832,6.26e-06,3.36771801895534e-05
4638.0,0.9832,6.32e-06,3.36771801895534e-05
4639.0,0.9832,6.34e-06,3.36771801895534e-05
4640.0,0.9832,6.43e-06,3.36771801895534e-05
4641.0,0.9832,6.38e-06,3.36771801895534e-05
4642.0,0.9832,6.35e-06,3.36771801895534e-05
4643.0,0.9832,6.36e-06,3.36771801895534e-05
4644.0,0.9832,6.4e-06,3.36771801895534e-05
4645.0,0.9832,6.33e-06,3.36771801895534e-05
4646.0,0.9832,6.22e-06,3.36771801895534e-05
4647.0,0.9833,6.15e-06,3.348585775777707e-05
4648.0,0.9833,6.12e-06,3.348585775777707e-05
4649.0,0.9833,6.07e-06,3.348585775777707e-05
4650.0,0.9833,6.08e-06,3.348585775777707e-05
4651.0,0.9833,6.14e-06,3.348585775777707e-05
4652.0,0.9833,6.21e-06,3.348585775777707e-05
4653.0,0.9833,6.33e-06,3.348585775777707e-05
4654.0,0.9833,6.4e-06,3.348585775777707e-05
4655.0,0.9833,6.42e-06,3.348585775777707e-05
4656.0,0.9833,6.44e-06,3.348585775777707e-05
4657.0,0.9833,6.36e-06,3.348585775777707e-05
4658.0,0.9833,6.32e-06,3.348585775777707e-05
4659.0,0.9833,6.26e-06,3.348585775777707e-05
4660.0,0.9833,6.16e-06,3.348585775777707e-05
4661.0,0.9833,6.09e-06,3.348585775777707e-05
4662.0,0.9833,6.09e-06,3.348585775777707e-05
4663.0,0.9834,5.99e-06,3.329446958581297e-05
4664.0,0.9834,5.8e-06,3.329446958581297e-05
4665.0,0.9834,5.66e-06,3.329446958581297e-05
4666.0,0.9834,5.5e-06,3.329446958581297e-05
4667.0,0.9834,5.34e-06,3.329446958581297e-05
4668.0,0.9834,5.22e-06,3.329446958581297e-05
4669.0,0.9834,5.07e-06,3.329446958581297e-05
4670.0,0.9834,5.05e-06,3.329446958581297e-05
4671.0,0.9834,5.09e-06,3.329446958581297e-05
4672.0,0.9834,5.15e-06,3.329446958581297e-05
4673.0,0.9834,5.3e-06,3.329446958581297e-05
4674.0,0.9834,5.39e-06,3.329446958581297e-05
4675.0,0.9834,5.44e-06,3.329446958581297e-05
4676.0,0.9834,5.48e-06,3.329446958581297e-05
4677.0,0.9834,5.32e-06,3.329446958581297e-05
4678.0,0.9834,5.24e-06,3.329446958581297e-05
4679.0,0.9834,5.23e-06,3.329446958581297e-05
4680.0,0.9834,5.25e-06,3.329446958581297e-05
4681.0,0.9834,5.26e-06,3.329446958581297e-05
4682.0,0.9835,5.29e-06,3.3103015372492916e-05
4683.0,0.9835,5.33e-06,3.3103015372492916e-05
4684.0,0.9835,5.36e-06,3.3103015372492916e-05
4685.0,0.9835,5.49e-06,3.3103015372492916e-05
4686.0,0.9835,5.66e-06,3.3103015372492916e-05
4687.0,0.9835,5.77e-06,3.3103015372492916e-05
4688.0,0.9835,5.82e-06,3.3103015372492916e-05
4689.0,0.9835,5.87e-06,3.3103015372492916e-05
4690.0,0.9835,5.93e-06,3.3103015372492916e-05
4691.0,0.9835,5.99e-06,3.3103015372492916e-05
4692.0,0.9835,6.07e-06,3.3103015372492916e-05
4693.0,0.9835,6.09e-06,3.3103015372492916e-05
4694.0,0.9835,6.03e-06,3.3103015372492916e-05
4695.0,0.9835,5.93e-06,3.3103015372492916e-05
4696.0,0.9835,5.85e-06,3.3103015372492916e-05
4697.0,0.9835,5.7e-06,3.3103015372492916e-05
4698.0,0.9835,5.68e-06,3.3103015372492916e-05
4699.0,0.9836,5.7e-06,3.2911494813275434e-05
4700.0,0.9836,5.68e-06,3.2911494813275434e-05
4701.0,0.9836,5.76e-06,3.2911494813275434e-05
4702.0,0.9836,5.83e-06,3.2911494813275434e-05
4703.0,0.9836,5.84e-06,3.2911494813275434e-05
4704.0,0.9836,5.76e-06,3.2911494813275434e-05
4705.0,0.9836,5.57e-06,3.2911494813275434e-05
4706.0,0.9836,5.48e-06,3.2911494813275434e-05
4707.0,0.9836,5.38e-06,3.2911494813275434e-05
4708.0,0.9836,5.25e-06,3.2911494813275434e-05
4709.0,0.9836,5.12e-06,3.2911494813275434e-05
4710.0,0.9836,5.03e-06,3.2911494813275434e-05
4711.0,0.9836,4.96e-06,3.2911494813275434e-05
4712.0,0.9836,4.87e-06,3.2911494813275434e-05
4713.0,0.9836,4.85e-06,3.2911494813275434e-05
4714.0,0.9836,4.79e-06,3.2911494813275434e-05
4715.0,0.9836,4.79e-06,3.2911494813275434e-05
4716.0,0.9836,4.81e-06,3.2911494813275434e-05
4717.0,0.9836,4.85e-06,3.2911494813275434e-05
4718.0,0.9837,4.9e-06,3.2719907600187954e-05
4719.0,0.9837,4.9e-06,3.2719907600187954e-05
4720.0,0.9837,4.88e-06,3.2719907600187954e-05
4721.0,0.9837,4.99e-06,3.2719907600187954e-05
4722.0,0.9837,5.06e-06,3.2719907600187954e-05
4723.0,0.9837,5.14e-06,3.2719907600187954e-05
4724.0,0.9837,5.22e-06,3.2719907600187954e-05
4725.0,0.9837,5.23e-06,3.2719907600187954e-05
4726.0,0.9837,5.27e-06,3.2719907600187954e-05
4727.0,0.9837,5.34e-06,3.2719907600187954e-05
4728.0,0.9837,5.39e-06,3.2719907600187954e-05
4729.0,0.9837,5.3e-06,3.2719907600187954e-05
4730.0,0.9837,5.29e-06,3.2719907600187954e-05
4731.0,0.9837,5.38e-06,3.2719907600187954e-05
4732.0,0.9837,5.48e-06,3.2719907600187954e-05
4733.0,0.9837,5.44e-06,3.2719907600187954e-05
4734.0,0.9837,5.4e-06,3.2719907600187954e-05
4735.0,0.9837,5.35e-06,3.2719907600187954e-05
4736.0,0.9837,5.28e-06,3.2719907600187954e-05
4737.0,0.9838,5.24e-06,3.252825342176653e-05
4738.0,0.9838,5.28e-06,3.252825342176653e-05
4739.0,0.9838,5.33e-06,3.252825342176653e-05
4740.0,0.9838,5.39e-06,3.252825342176653e-05
4741.0,0.9838,5.44e-06,3.252825342176653e-05
4742.0,0.9838,5.4e-06,3.252825342176653e-05
4743.0,0.9838,5.36e-06,3.252825342176653e-05
4744.0,0.9838,5.29e-06,3.252825342176653e-05
4745.0,0.9838,5.02e-06,3.252825342176653e-05
4746.0,0.9838,4.97e-06,3.252825342176653e-05
4747.0,0.9838,4.9e-06,3.252825342176653e-05
4748.0,0.9838,4.81e-06,3.252825342176653e-05
4749.0,0.9838,4.89e-06,3.252825342176653e-05
4750.0,0.9838,4.88e-06,3.252825342176653e-05
4751.0,0.9838,4.85e-06,3.252825342176653e-05
4752.0,0.9838,4.84e-06,3.252825342176653e-05
4753.0,0.9838,4.8e-06,3.252825342176653e-05
4754.0,0.9838,4.77e-06,3.252825342176653e-05
4755.0,0.9838,4.77e-06,3.252825342176653e-05
4756.0,0.9838,4.82e-06,3.252825342176653e-05
4757.0,0.9839,4.83e-06,3.2336531962994295e-05
4758.0,0.9839,4.83e-06,3.2336531962994295e-05
4759.0,0.9839,4.83e-06,3.2336531962994295e-05
4760.0,0.9839,4.83e-06,3.2336531962994295e-05
4761.0,0.9839,4.77e-06,3.2336531962994295e-05
4762.0,0.9839,4.74e-06,3.2336531962994295e-05
4763.0,0.9839,4.71e-06,3.2336531962994295e-05
4764.0,0.9839,4.69e-06,3.2336531962994295e-05
4765.0,0.9839,4.58e-06,3.2336531962994295e-05
4766.0,0.9839,4.56e-06,3.2336531962994295e-05
4767.0,0.9839,4.63e-06,3.2336531962994295e-05
4768.0,0.9839,4.71e-06,3.2336531962994295e-05
4769.0,0.9839,4.77e-06,3.2336531962994295e-05
4770.0,0.9839,4.79e-06,3.2336531962994295e-05
4771.0,0.9839,4.82e-06,3.2336531962994295e-05
4772.0,0.9839,4.83e-06,3.2336531962994295e-05
4773.0,0.9839,4.79e-06,3.2336531962994295e-05
4774.0,0.9839,4.72e-06,3.2336531962994295e-05
4775.0,0.9839,4.63e-06,3.2336531962994295e-05
4776.0,0.9839,4.57e-06,3.2336531962994295e-05
4777.0,0.9839,4.59e-06,3.2336531962994295e-05
4778.0,0.984,4.66e-06,3.214474290523848e-05
4779.0,0.984,4.76e-06,3.214474290523848e-05
4780.0,0.984,4.87e-06,3.214474290523848e-05
4781.0,0.984,5.07e-06,3.214474290523848e-05
4782.0,0.984,5.14e-06,3.214474290523848e-05
4783.0,0.984,5.17e-06,3.214474290523848e-05
4784.0,0.984,5.2e-06,3.214474290523848e-05
4785.0,0.984,4.99e-06,3.214474290523848e-05
4786.0,0.984,4.81e-06,3.214474290523848e-05
4787.0,0.984,4.74e-06,3.214474290523848e-05
4788.0,0.984,4.75e-06,3.214474290523848e-05
4789.0,0.984,4.76e-06,3.214474290523848e-05
4790.0,0.984,4.76e-06,3.214474290523848e-05
4791.0,0.984,4.75e-06,3.214474290523848e-05
4792.0,0.984,4.72e-06,3.214474290523848e-05
4793.0,0.984,4.72e-06,3.214474290523848e-05
4794.0,0.984,4.74e-06,3.214474290523848e-05
4795.0,0.984,4.79e-06,3.214474290523848e-05
4796.0,0.984,4.8e-06,3.214474290523848e-05
4797.0,0.984,4.71e-06,3.214474290523848e-05
4798.0,0.984,4.72e-06,3.214474290523848e-05
4799.0,0.9841,4.76e-06,3.1952885926185956e-05
4800.0,0.9841,4.77e-06,3.1952885926185956e-05
4801.0,0.9841,4.66e-06,3.1952885926185956e-05
4802.0,0.9841,4.5e-06,3.1952885926185956e-05
4803.0,0.9841,4.38e-06,3.1952885926185956e-05
4804.0,0.9841,4.34e-06,3.1952885926185956e-05
4805.0,0.9841,4.1e-06,3.1952885926185956e-05
4806.0,0.9841,3.98e-06,3.1952885926185956e-05
4807.0,0.9841,3.94e-06,3.1952885926185956e-05
4808.0,0.9841,3.95e-06,3.1952885926185956e-05
4809.0,0.9841,4.13e-06,3.1952885926185956e-05
4810.0,0.9841,4.28e-06,3.1952885926185956e-05
4811.0,0.9841,4.43e-06,3.1952885926185956e-05
4812.0,0.9841,4.58e-06,3.1952885926185956e-05
4813.0,0.9841,4.78e-06,3.1952885926185956e-05
4814.0,0.9841,4.91e-06,3.1952885926185956e-05
4815.0,0.9841,4.99e-06,3.1952885926185956e-05
4816.0,0.9841,5.01e-06,3.1952885926185956e-05
4817.0,0.9841,4.88e-06,3.1952885926185956e-05
4818.0,0.9841,4.8e-06,3.1952885926185956e-05
4819.0,0.9841,4.78e-06,3.1952885926185956e-05
4820.0,0.9841,4.74e-06,3.1952885926185956e-05
4821.0,0.9842,4.55e-06,3.17609606997771e-05
4822.0,0.9842,4.46e-06,3.17609606997771e-05
4823.0,0.9842,4.51e-06,3.17609606997771e-05
4824.0,0.9842,4.6e-06,3.17609606997771e-05
4825.0,0.9842,4.68e-06,3.17609606997771e-05
4826.0,0.9842,4.73e-06,3.17609606997771e-05
4827.0,0.9842,4.71e-06,3.17609606997771e-05
4828.0,0.9842,4.7e-06,3.17609606997771e-05
4829.0,0.9842,4.66e-06,3.17609606997771e-05
4830.0,0.9842,4.58e-06,3.17609606997771e-05
4831.0,0.9842,4.51e-06,3.17609606997771e-05
4832.0,0.9842,4.47e-06,3.17609606997771e-05
4833.0,0.9842,4.31e-06,3.17609606997771e-05
4834.0,0.9842,4.18e-06,3.17609606997771e-05
4835.0,0.9842,4.03e-06,3.17609606997771e-05
4836.0,0.9842,3.9e-06,3.17609606997771e-05
4837.0,0.9842,3.77e-06,3.17609606997771e-05
4838.0,0.9842,3.69e-06,3.17609606997771e-05
4839.0,0.9842,3.61e-06,3.17609606997771e-05
4840.0,0.9842,3.57e-06,3.17609606997771e-05
4841.0,0.9842,3.6e-06,3.17609606997771e-05
4842.0,0.9842,3.59e-06,3.17609606997771e-05
4843.0,0.9842,3.58e-06,3.17609606997771e-05
4844.0,0.9842,3.58e-06,3.17609606997771e-05
4845.0,0.9843,3.62e-06,3.156896689613814e-05
4846.0,0.9843,3.58e-06,3.156896689613814e-05
4847.0,0.9843,3.55e-06,3.156896689613814e-05
4848.0,0.9843,3.58e-06,3.156896689613814e-05
4849.0,0.9843,3.55e-06,3.156896689613814e-05
4850.0,0.9843,3.57e-06,3.156896689613814e-05
4851.0,0.9843,3.57e-06,3.156896689613814e-05
4852.0,0.9843,3.53e-06,3.156896689613814e-05
4853.0,0.9843,3.66e-06,3.156896689613814e-05
4854.0,0.9843,3.74e-06,3.156896689613814e-05
4855.0,0.9843,3.75e-06,3.156896689613814e-05
4856.0,0.9843,3.74e-06,3.156896689613814e-05
4857.0,0.9843,3.8e-06,3.156896689613814e-05
4858.0,0.9843,3.79e-06,3.156896689613814e-05
4859.0,0.9843,3.82e-06,3.156896689613814e-05
4860.0,0.9843,3.91e-06,3.156896689613814e-05
4861.0,0.9843,3.93e-06,3.156896689613814e-05
4862.0,0.9843,3.96e-06,3.156896689613814e-05
4863.0,0.9843,3.98e-06,3.156896689613814e-05
4864.0,0.9843,3.98e-06,3.156896689613814e-05
4865.0,0.9843,4.05e-06,3.156896689613814e-05
4866.0,0.9843,4.11e-06,3.156896689613814e-05
4867.0,0.9843,4.14e-06,3.156896689613814e-05
4868.0,0.9843,4.11e-06,3.156896689613814e-05
4869.0,0.9843,4.16e-06,3.156896689613814e-05
4870.0,0.9843,4.19e-06,3.156896689613814e-05
4871.0,0.9844,4.15e-06,3.1376904181511604e-05
4872.0,0.9844,4.11e-06,3.1376904181511604e-05
4873.0,0.9844,4.1e-06,3.1376904181511604e-05
4874.0,0.9844,4.08e-06,3.1376904181511604e-05
4875.0,0.9844,4.05e-06,3.1376904181511604e-05
4876.0,0.9844,4.03e-06,3.1376904181511604e-05
4877.0,0.9844,3.94e-06,3.1376904181511604e-05
4878.0,0.9844,3.9e-06,3.1376904181511604e-05
4879.0,0.9844,3.9e-06,3.1376904181511604e-05
4880.0,0.9844,3.86e-06,3.1376904181511604e-05
4881.0,0.9844,3.76e-06,3.1376904181511604e-05
4882.0,0.9844,3.66e-06,3.1376904181511604e-05
4883.0,0.9844,3.55e-06,3.1376904181511604e-05
4884.0,0.9844,3.45e-06,3.1376904181511604e-05
4885.0,0.9844,3.31e-06,3.1376904181511604e-05
4886.0,0.9844,3.15e-06,3.1376904181511604e-05
4887.0,0.9844,3.03e-06,3.1376904181511604e-05
4888.0,0.9844,2.96e-06,3.1376904181511604e-05
4889.0,0.9844,2.95e-06,3.1376904181511604e-05
4890.0,0.9844,2.93e-06,3.1376904181511604e-05
4891.0,0.9844,2.91e-06,3.1376904181511604e-05
4892.0,0.9844,2.91e-06,3.1376904181511604e-05
4893.0,0.9844,3e-06,3.1376904181511604e-05
4894.0,0.9844,3.03e-06,3.1376904181511604e-05
4895.0,0.9844,3.04e-06,3.1376904181511604e-05
4896.0,0.9844,3.06e-06,3.1376904181511604e-05
4897.0,0.9844,3.02e-06,3.1376904181511604e-05
4898.0,0.9844,2.92e-06,3.1376904181511604e-05
4899.0,0.9844,2.82e-06,3.1376904181511604e-05
4900.0,0.9845,2.79e-06,3.118477221818607e-05
4901.0,0.9845,2.73e-06,3.118477221818607e-05
4902.0,0.9845,2.71e-06,3.118477221818607e-05
4903.0,0.9845,2.72e-06,3.118477221818607e-05
4904.0,0.9845,2.77e-06,3.118477221818607e-05
4905.0,0.9845,3e-06,3.118477221818607e-05
4906.0,0.9845,3.22e-06,3.118477221818607e-05
4907.0,0.9845,3.37e-06,3.118477221818607e-05
4908.0,0.9845,3.45e-06,3.118477221818607e-05
4909.0,0.9845,3.45e-06,3.118477221818607e-05
4910.0,0.9845,3.4e-06,3.118477221818607e-05
4911.0,0.9845,3.45e-06,3.118477221818607e-05
4912.0,0.9845,3.56e-06,3.118477221818607e-05
4913.0,0.9845,3.44e-06,3.118477221818607e-05
4914.0,0.9845,3.48e-06,3.118477221818607e-05
4915.0,0.9845,3.51e-06,3.118477221818607e-05
4916.0,0.9845,3.53e-06,3.118477221818607e-05
4917.0,0.9845,3.59e-06,3.118477221818607e-05
4918.0,0.9845,3.63e-06,3.118477221818607e-05
4919.0,0.9845,3.65e-06,3.118477221818607e-05
4920.0,0.9845,3.61e-06,3.118477221818607e-05
4921.0,0.9845,3.41e-06,3.118477221818607e-05
4922.0,0.9845,3.3e-06,3.118477221818607e-05
4923.0,0.9845,3.22e-06,3.118477221818607e-05
4924.0,0.9845,3.14e-06,3.118477221818607e-05
4925.0,0.9845,2.98e-06,3.118477221818607e-05
4926.0,0.9845,2.9e-06,3.118477221818607e-05
4927.0,0.9845,2.88e-06,3.118477221818607e-05
4928.0,0.9845,2.92e-06,3.118477221818607e-05
4929.0,0.9845,3.1e-06,3.118477221818607e-05
4930.0,0.9845,3.18e-06,3.118477221818607e-05
4931.0,0.9846,3.21e-06,3.099257066442206e-05
4932.0,0.9846,3.23e-06,3.099257066442206e-05
4933.0,0.9846,3.29e-06,3.099257066442206e-05
4934.0,0.9846,3.3e-06,3.099257066442206e-05
4935.0,0.9846,3.3e-06,3.099257066442206e-05
4936.0,0.9846,3.29e-06,3.099257066442206e-05
4937.0,0.9846,3.15e-06,3.099257066442206e-05
4938.0,0.9846,3.05e-06,3.099257066442206e-05
4939.0,0.9846,3.06e-06,3.099257066442206e-05
4940.0,0.9846,3.12e-06,3.099257066442206e-05
4941.0,0.9846,3.12e-06,3.099257066442206e-05
4942.0,0.9846,3.11e-06,3.099257066442206e-05
4943.0,0.9846,3.08e-06,3.099257066442206e-05
4944.0,0.9846,3.06e-06,3.099257066442206e-05
4945.0,0.9846,3.04e-06,3.099257066442206e-05
4946.0,0.9846,3.01e-06,3.099257066442206e-05
4947.0,0.9846,2.97e-06,3.099257066442206e-05
4948.0,0.9846,2.99e-06,3.099257066442206e-05
4949.0,0.9846,3e-06,3.099257066442206e-05
4950.0,0.9846,2.97e-06,3.099257066442206e-05
4951.0,0.9846,2.87e-06,3.099257066442206e-05
4952.0,0.9846,2.77e-06,3.099257066442206e-05
4953.0,0.9846,2.67e-06,3.099257066442206e-05
4954.0,0.9846,2.7e-06,3.099257066442206e-05
4955.0,0.9846,2.79e-06,3.099257066442206e-05
4956.0,0.9846,2.86e-06,3.099257066442206e-05
4957.0,0.9846,2.92e-06,3.099257066442206e-05
4958.0,0.9846,2.98e-06,3.099257066442206e-05
4959.0,0.9846,3.06e-06,3.099257066442206e-05
4960.0,0.9846,3.11e-06,3.099257066442206e-05
4961.0,0.9846,2.98e-06,3.099257066442206e-05
4962.0,0.9846,2.88e-06,3.099257066442206e-05
4963.0,0.9846,2.8e-06,3.099257066442206e-05
4964.0,0.9847,2.73e-06,3.080029917437828e-05
4965.0,0.9847,2.6e-06,3.080029917437828e-05
4966.0,0.9847,2.57e-06,3.080029917437828e-05
4967.0,0.9847,2.55e-06,3.080029917437828e-05
4968.0,0.9847,2.56e-06,3.080029917437828e-05
4969.0,0.9847,2.61e-06,3.080029917437828e-05
4970.0,0.9847,2.6e-06,3.080029917437828e-05
4971.0,0.9847,2.63e-06,3.080029917437828e-05
4972.0,0.9847,2.69e-06,3.080029917437828e-05
4973.0,0.9847,2.77e-06,3.080029917437828e-05
4974.0,0.9847,2.81e-06,3.080029917437828e-05
4975.0,0.9847,2.83e-06,3.080029917437828e-05
4976.0,0.9847,2.87e-06,3.080029917437828e-05
4977.0,0.9847,2.91e-06,3.080029917437828e-05
4978.0,0.9847,3.01e-06,3.080029917437828e-05
4979.0,0.9847,3.13e-06,3.080029917437828e-05
4980.0,0.9847,3.17e-06,3.080029917437828e-05
4981.0,0.9847,3.18e-06,3.080029917437828e-05
4982.0,0.9847,3.14e-06,3.080029917437828e-05
4983.0,0.9847,3.11e-06,3.080029917437828e-05
4984.0,0.9847,3.1e-06,3.080029917437828e-05
4985.0,0.9847,3.01e-06,3.080029917437828e-05
4986.0,0.9847,2.99e-06,3.080029917437828e-05
4987.0,0.9847,3e-06,3.080029917437828e-05
4988.0,0.9847,2.98e-06,3.080029917437828e-05
4989.0,0.9847,3.02e-06,3.080029917437828e-05
4990.0,0.9847,2.96e-06,3.080029917437828e-05
4991.0,0.9847,2.83e-06,3.080029917437828e-05
4992.0,0.9847,2.7e-06,3.080029917437828e-05
4993.0,0.9847,2.58e-06,3.080029917437828e-05
4994.0,0.9847,2.54e-06,3.080029917437828e-05
4995.0,0.9847,2.45e-06,3.080029917437828e-05
4996.0,0.9847,2.34e-06,3.080029917437828e-05
4997.0,0.9847,2.4e-06,3.080029917437828e-05
4998.0,0.9847,2.35e-06,3.080029917437828e-05
4999.0,0.9847,2.24e-06,3.080029917437828e-05
5000.0,0.9848,2.17e-06,3.0607957398034786e-05
5001.0,0.9848,2.18e-06,3.0607957398034786e-05
5002.0,0.9848,2.17e-06,3.0607957398034786e-05
5003.0,0.9848,2.17e-06,3.0607957398034786e-05
5004.0,0.9848,2.18e-06,3.0607957398034786e-05
5005.0,0.9848,2.34e-06,3.0607957398034786e-05
5006.0,0.9848,2.48e-06,3.0607957398034786e-05
5007.0,0.9848,2.6e-06,3.0607957398034786e-05
5008.0,0.9848,2.72e-06,3.0607957398034786e-05
5009.0,0.9848,2.85e-06,3.0607957398034786e-05
5010.0,0.9848,2.89e-06,3.0607957398034786e-05
5011.0,0.9848,2.9e-06,3.0607957398034786e-05
5012.0,0.9848,2.88e-06,3.0607957398034786e-05
5013.0,0.9848,2.86e-06,3.0607957398034786e-05
5014.0,0.9848,2.85e-06,3.0607957398034786e-05
5015.0,0.9848,2.77e-06,3.0607957398034786e-05
5016.0,0.9848,2.63e-06,3.0607957398034786e-05
5017.0,0.9848,2.62e-06,3.0607957398034786e-05
5018.0,0.9848,2.61e-06,3.0607957398034786e-05
5019.0,0.9848,2.59e-06,3.0607957398034786e-05
5020.0,0.9848,2.59e-06,3.0607957398034786e-05
5021.0,0.9848,2.62e-06,3.0607957398034786e-05
5022.0,0.9848,2.6e-06,3.0607957398034786e-05
5023.0,0.9848,2.58e-06,3.0607957398034786e-05
5024.0,0.9848,2.58e-06,3.0607957398034786e-05
5025.0,0.9848,2.61e-06,3.0607957398034786e-05
5026.0,0.9848,2.67e-06,3.0607957398034786e-05
5027.0,0.9848,2.66e-06,3.0607957398034786e-05
5028.0,0.9848,2.59e-06,3.0607957398034786e-05
5029.0,0.9848,2.52e-06,3.0607957398034786e-05
5030.0,0.9848,2.35e-06,3.0607957398034786e-05
5031.0,0.9848,2.25e-06,3.0607957398034786e-05
5032.0,0.9848,2.2e-06,3.0607957398034786e-05
5033.0,0.9848,2.02e-06,3.0607957398034786e-05
5034.0,0.9848,1.92e-06,3.0607957398034786e-05
5035.0,0.9848,1.88e-06,3.0607957398034786e-05
5036.0,0.9848,1.86e-06,3.0607957398034786e-05
5037.0,0.9848,1.89e-06,3.0607957398034786e-05
5038.0,0.9848,1.89e-06,3.0607957398034786e-05
5039.0,0.9848,1.9e-06,3.0607957398034786e-05
5040.0,0.9848,1.92e-06,3.0607957398034786e-05
5041.0,0.9849,1.84e-06,3.0415544981114506e-05
5042.0,0.9849,1.81e-06,3.0415544981114506e-05
5043.0,0.9849,1.84e-06,3.0415544981114506e-05
5044.0,0.9849,1.93e-06,3.0415544981114506e-05
5045.0,0.9849,1.95e-06,3.0415544981114506e-05
5046.0,0.9849,1.95e-06,3.0415544981114506e-05
5047.0,0.9849,1.96e-06,3.0415544981114506e-05
5048.0,0.9849,1.96e-06,3.0415544981114506e-05
5049.0,0.9849,1.89e-06,3.0415544981114506e-05
5050.0,0.9849,1.85e-06,3.0415544981114506e-05
5051.0,0.9849,1.93e-06,3.0415544981114506e-05
5052.0,0.9849,2.11e-06,3.0415544981114506e-05
5053.0,0.9849,2.19e-06,3.0415544981114506e-05
5054.0,0.9849,2.23e-06,3.0415544981114506e-05
5055.0,0.9849,2.3e-06,3.0415544981114506e-05
5056.0,0.9849,2.34e-06,3.0415544981114506e-05
5057.0,0.9849,2.34e-06,3.0415544981114506e-05
5058.0,0.9849,2.33e-06,3.0415544981114506e-05
5059.0,0.9849,2.34e-06,3.0415544981114506e-05
5060.0,0.9849,2.36e-06,3.0415544981114506e-05
5061.0,0.9849,2.32e-06,3.0415544981114506e-05
5062.0,0.9849,2.32e-06,3.0415544981114506e-05
5063.0,0.9849,2.26e-06,3.0415544981114506e-05
5064.0,0.9849,2.2e-06,3.0415544981114506e-05
5065.0,0.9849,2.16e-06,3.0415544981114506e-05
5066.0,0.9849,2.03e-06,3.0415544981114506e-05
5067.0,0.9849,1.97e-06,3.0415544981114506e-05
5068.0,0.9849,1.95e-06,3.0415544981114506e-05
5069.0,0.9849,1.92e-06,3.0415544981114506e-05
5070.0,0.9849,1.93e-06,3.0415544981114506e-05
5071.0,0.9849,2.01e-06,3.0415544981114506e-05
5072.0,0.9849,2.14e-06,3.0415544981114506e-05
5073.0,0.9849,2.32e-06,3.0415544981114506e-05
5074.0,0.9849,2.4e-06,3.0415544981114506e-05
5075.0,0.9849,2.4e-06,3.0415544981114506e-05
5076.0,0.9849,2.32e-06,3.0415544981114506e-05
5077.0,0.9849,2.16e-06,3.0415544981114506e-05
5078.0,0.9849,2.04e-06,3.0415544981114506e-05
5079.0,0.9849,1.97e-06,3.0415544981114506e-05
5080.0,0.9849,1.94e-06,3.0415544981114506e-05
5081.0,0.9849,1.91e-06,3.0415544981114506e-05
5082.0,0.9849,1.89e-06,3.0415544981114506e-05
5083.0,0.9849,1.8e-06,3.0415544981114506e-05
5084.0,0.9849,1.73e-06,3.0415544981114506e-05
5085.0,0.9849,1.77e-06,3.0415544981114506e-05
5086.0,0.9849,1.74e-06,3.0415544981114506e-05
5087.0,0.9849,1.68e-06,3.0415544981114506e-05
5088.0,0.9849,1.57e-06,3.0415544981114506e-05
5089.0,0.9849,1.54e-06,3.0415544981114506e-05
5090.0,0.985,1.57e-06,3.022306156500278e-05
5091.0,0.985,1.61e-06,3.022306156500278e-05
5092.0,0.985,1.67e-06,3.022306156500278e-05
5093.0,0.985,1.94e-06,3.022306156500278e-05
5094.0,0.985,2.11e-06,3.022306156500278e-05
5095.0,0.985,2.15e-06,3.022306156500278e-05
5096.0,0.985,2.15e-06,3.022306156500278e-05
5097.0,0.985,2.31e-06,3.022306156500278e-05
5098.0,0.985,2.38e-06,3.022306156500278e-05
5099.0,0.985,2.41e-06,3.022306156500278e-05
5100.0,0.985,2.44e-06,3.022306156500278e-05
5101.0,0.985,2.41e-06,3.022306156500278e-05
5102.0,0.985,2.37e-06,3.022306156500278e-05
5103.0,0.985,2.34e-06,3.022306156500278e-05
5104.0,0.985,2.22e-06,3.022306156500278e-05
5105.0,0.985,2.05e-06,3.022306156500278e-05
5106.0,0.985,2.01e-06,3.022306156500278e-05
5107.0,0.985,1.94e-06,3.022306156500278e-05
5108.0,0.985,1.83e-06,3.022306156500278e-05
5109.0,0.985,1.72e-06,3.022306156500278e-05
5110.0,0.985,1.59e-06,3.022306156500278e-05
5111.0,0.985,1.51e-06,3.022306156500278e-05
5112.0,0.985,1.47e-06,3.022306156500278e-05
5113.0,0.985,1.48e-06,3.022306156500278e-05
5114.0,0.985,1.49e-06,3.022306156500278e-05
5115.0,0.985,1.49e-06,3.022306156500278e-05
5116.0,0.985,1.45e-06,3.022306156500278e-05
5117.0,0.985,1.53e-06,3.022306156500278e-05
5118.0,0.985,1.55e-06,3.022306156500278e-05
5119.0,0.985,1.51e-06,3.022306156500278e-05
5120.0,0.985,1.42e-06,3.022306156500278e-05
5121.0,0.985,1.3e-06,3.022306156500278e-05
5122.0,0.985,1.28e-06,3.022306156500278e-05
5123.0,0.985,1.28e-06,3.022306156500278e-05
5124.0,0.985,1.2e-06,3.022306156500278e-05
5125.0,0.985,1.21e-06,3.022306156500278e-05
5126.0,0.985,1.23e-06,3.022306156500278e-05
5127.0,0.985,1.3e-06,3.022306156500278e-05
5128.0,0.985,1.34e-06,3.022306156500278e-05
5129.0,0.985,1.47e-06,3.022306156500278e-05
5130.0,0.985,1.58e-06,3.022306156500278e-05
5131.0,0.985,1.69e-06,3.022306156500278e-05
5132.0,0.985,1.77e-06,3.022306156500278e-05
5133.0,0.985,1.89e-06,3.022306156500278e-05
5134.0,0.985,1.94e-06,3.022306156500278e-05
5135.0,0.985,2.01e-06,3.022306156500278e-05
5136.0,0.985,2.05e-06,3.022306156500278e-05
5137.0,0.985,1.93e-06,3.022306156500278e-05
5138.0,0.985,1.91e-06,3.022306156500278e-05
5139.0,0.985,1.91e-06,3.022306156500278e-05
5140.0,0.985,1.84e-06,3.022306156500278e-05
5141.0,0.985,1.66e-06,3.022306156500278e-05
5142.0,0.985,1.52e-06,3.022306156500278e-05
5143.0,0.985,1.4e-06,3.022306156500278e-05
5144.0,0.985,1.3e-06,3.022306156500278e-05
5145.0,0.985,1.23e-06,3.022306156500278e-05
5146.0,0.985,1.23e-06,3.022306156500278e-05
5147.0,0.985,1.19e-06,3.022306156500278e-05
5148.0,0.9851,1.16e-06,3.0030506786664743e-05
5149.0,0.9851,1.26e-06,3.0030506786664743e-05
5150.0,0.9851,1.3e-06,3.0030506786664743e-05
5151.0,0.9851,1.35e-06,3.0030506786664743e-05
5152.0,0.9851,1.37e-06,3.0030506786664743e-05
5153.0,0.9851,1.31e-06,3.0030506786664743e-05
5154.0,0.9851,1.26e-06,3.0030506786664743e-05
5155.0,0.9851,1.22e-06,3.0030506786664743e-05
5156.0,0.9851,1.18e-06,3.0030506786664743e-05
5157.0,0.9851,1.08e-06,3.0030506786664743e-05
5158.0,0.9851,1.05e-06,3.0030506786664743e-05
5159.0,0.9851,1.06e-06,3.0030506786664743e-05
5160.0,0.9851,1.04e-06,3.0030506786664743e-05
5161.0,0.9851,1.01e-06,3.0030506786664743e-05
5162.0,0.9851,9.8e-07,3.0030506786664743e-05
5163.0,0.9851,9.3e-07,3.0030506786664743e-05
5164.0,0.9851,8.8e-07,3.0030506786664743e-05
5165.0,0.9851,8.8e-07,3.0030506786664743e-05
5166.0,0.9851,9.4e-07,3.0030506786664743e-05
5167.0,0.9851,9.9e-07,3.0030506786664743e-05
5168.0,0.9851,9.8e-07,3.0030506786664743e-05
5169.0,0.9851,1.02e-06,3.0030506786664743e-05
5170.0,0.9851,1.02e-06,3.0030506786664743e-05
5171.0,0.9851,1.04e-06,3.0030506786664743e-05
5172.0,0.9851,1.08e-06,3.0030506786664743e-05
5173.0,0.9851,1.02e-06,3.0030506786664743e-05
5174.0,0.9851,1.01e-06,3.0030506786664743e-05
5175.0,0.9851,1e-06,3.0030506786664743e-05
5176.0,0.9851,1.01e-06,3.0030506786664743e-05
5177.0,0.9851,1.04e-06,3.0030506786664743e-05
5178.0,0.9851,1.08e-06,3.0030506786664743e-05
5179.0,0.9851,1.18e-06,3.0030506786664743e-05
5180.0,0.9851,1.29e-06,3.0030506786664743e-05
5181.0,0.9851,1.44e-06,3.0030506786664743e-05
5182.0,0.9851,1.59e-06,3.0030506786664743e-05
5183.0,0.9851,1.67e-06,3.0030506786664743e-05
5184.0,0.9851,1.74e-06,3.0030506786664743e-05
5185.0,0.9851,1.79e-06,3.0030506786664743e-05
5186.0,0.9851,1.79e-06,3.0030506786664743e-05
5187.0,0.9851,1.8e-06,3.0030506786664743e-05
5188.0,0.9851,1.81e-06,3.0030506786664743e-05
5189.0,0.9851,1.62e-06,3.0030506786664743e-05
5190.0,0.9851,1.42e-06,3.0030506786664743e-05
5191.0,0.9851,1.24e-06,3.0030506786664743e-05
5192.0,0.9851,1.14e-06,3.0030506786664743e-05
5193.0,0.9851,1.05e-06,3.0030506786664743e-05
5194.0,0.9851,9.9e-07,3.0030506786664743e-05
5195.0,0.9851,9.7e-07,3.0030506786664743e-05
5196.0,0.9851,9.7e-07,3.0030506786664743e-05
5197.0,0.9851,1.08e-06,3.0030506786664743e-05
5198.0,0.9851,1.1e-06,3.0030506786664743e-05
5199.0,0.9851,1.11e-06,3.0030506786664743e-05
5200.0,0.9851,1.15e-06,3.0030506786664743e-05
5201.0,0.9851,1.07e-06,3.0030506786664743e-05
5202.0,0.9851,1.04e-06,3.0030506786664743e-05
5203.0,0.9851,1.06e-06,3.0030506786664743e-05
5204.0,0.9851,1.09e-06,3.0030506786664743e-05
5205.0,0.9851,1.12e-06,3.0030506786664743e-05
5206.0,0.9851,1.09e-06,3.0030506786664743e-05
5207.0,0.9851,1.06e-06,3.0030506786664743e-05
5208.0,0.9851,1.01e-06,3.0030506786664743e-05
5209.0,0.9851,8.4e-07,3.0030506786664743e-05
5210.0,0.9851,7.6e-07,3.0030506786664743e-05
5211.0,0.9851,7.4e-07,3.0030506786664743e-05
5212.0,0.9851,7.1e-07,3.0030506786664743e-05
5213.0,0.9851,6.9e-07,3.0030506786664743e-05
5214.0,0.9851,7e-07,3.0030506786664743e-05
5215.0,0.9851,8.3e-07,3.0030506786664743e-05
5216.0,0.9851,7.9e-07,3.0030506786664743e-05
5217.0,0.9851,6.9e-07,3.0030506786664743e-05
5218.0,0.9851,6.3e-07,3.0030506786664743e-05
5219.0,0.9851,6e-07,3.0030506786664743e-05
5220.0,0.9851,5.5e-07,3.0030506786664743e-05
5221.0,0.9851,5.2e-07,3.0030506786664743e-05
5222.0,0.9851,5.5e-07,3.0030506786664743e-05
5223.0,0.9851,5.6e-07,3.0030506786664743e-05
5224.0,0.9851,5.6e-07,3.0030506786664743e-05
5225.0,0.9851,5.9e-07,3.0030506786664743e-05
5226.0,0.9851,7.3e-07,3.0030506786664743e-05
5227.0,0.9851,6.7e-07,3.0030506786664743e-05
5228.0,0.9851,6.3e-07,3.0030506786664743e-05
5229.0,0.9851,6.6e-07,3.0030506786664743e-05
5230.0,0.9851,7.4e-07,3.0030506786664743e-05
5231.0,0.9851,8e-07,3.0030506786664743e-05
5232.0,0.9851,8.5e-07,3.0030506786664743e-05
5233.0,0.9851,9.1e-07,3.0030506786664743e-05
5234.0,0.9851,9.4e-07,3.0030506786664743e-05
5235.0,0.9851,9.1e-07,3.0030506786664743e-05
5236.0,0.9851,9.1e-07,3.0030506786664743e-05
5237.0,0.9851,9.9e-07,3.0030506786664743e-05
5238.0,0.9851,1.1e-06,3.0030506786664743e-05
5239.0,0.9851,1.02e-06,3.0030506786664743e-05
5240.0,0.9851,9.3e-07,3.0030506786664743e-05
5241.0,0.9851,8.8e-07,3.0030506786664743e-05
5242.0,0.9851,9.4e-07,3.0030506786664743e-05
5243.0,0.9851,1.02e-06,3.0030506786664743e-05
5244.0,0.9851,1.1e-06,3.0030506786664743e-05
5245.0,0.9852,1.14e-06,2.9837880278560635e-05
5246.0,0.9852,1.17e-06,2.9837880278560635e-05
5247.0,0.9852,1.21e-06,2.9837880278560635e-05
5248.0,0.9852,1.24e-06,2.9837880278560635e-05
5249.0,0.9852,1.28e-06,2.9837880278560635e-05
5250.0,0.9852,1.45e-06,2.9837880278560635e-05
5251.0,0.9852,1.44e-06,2.9837880278560635e-05
5252.0,0.9852,1.42e-06,2.9837880278560635e-05
5253.0,0.9852,1.42e-06,2.9837880278560635e-05
5254.0,0.9852,1.45e-06,2.9837880278560635e-05
5255.0,0.9852,1.47e-06,2.9837880278560635e-05
5256.0,0.9852,1.48e-06,2.9837880278560635e-05
5257.0,0.9852,1.46e-06,2.9837880278560635e-05
5258.0,0.9852,1.49e-06,2.9837880278560635e-05
5259.0,0.9852,1.53e-06,2.9837880278560635e-05
5260.0,0.9852,1.54e-06,2.9837880278560635e-05
5261.0,0.9852,1.46e-06,2.9837880278560635e-05
5262.0,0.9852,1.39e-06,2.9837880278560635e-05
5263.0,0.9852,1.23e-06,2.9837880278560635e-05
5264.0,0.9852,1.05e-06,2.9837880278560635e-05
5265.0,0.9852,8.6e-07,2.9837880278560635e-05
5266.0,0.9852,7.1e-07,2.9837880278560635e-05
5267.0,0.9852,6.1e-07,2.9837880278560635e-05
5268.0,0.9852,5.2e-07,2.9837880278560635e-05
5269.0,0.9852,5.9e-07,2.9837880278560635e-05
5270.0,0.9852,6.4e-07,2.9837880278560635e-05
5271.0,0.9852,6.6e-07,2.9837880278560635e-05
5272.0,0.9852,6.3e-07,2.9837880278560635e-05
5273.0,0.9852,6.6e-07,2.9837880278560635e-05
5274.0,0.9852,7.1e-07,2.9837880278560635e-05
5275.0,0.9852,7e-07,2.9837880278560635e-05
5276.0,0.9852,7.3e-07,2.9837880278560635e-05
5277.0,0.9852,7.8e-07,2.9837880278560635e-05
5278.0,0.9852,7.9e-07,2.9837880278560635e-05
5279.0,0.9852,7.5e-07,2.9837880278560635e-05
5280.0,0.9852,6.7e-07,2.9837880278560635e-05
5281.0,0.9852,6.4e-07,2.9837880278560635e-05
5282.0,0.9852,6e-07,2.9837880278560635e-05
5283.0,0.9852,5.3e-07,2.9837880278560635e-05
5284.0,0.9852,4.8e-07,2.9837880278560635e-05
5285.0,0.9852,4.3e-07,2.9837880278560635e-05
5286.0,0.9852,3.6e-07,2.9837880278560635e-05
5287.0,0.9852,3.3e-07,2.9837880278560635e-05
5288.0,0.9852,2.1e-07,2.9837880278560635e-05
5289.0,0.9852,1e-07,2.9837880278560635e-05
5290.0,0.9852,9e-08,2.9837880278560635e-05
5291.0,0.9852,1.7e-07,2.9837880278560635e-05
5292.0,0.9852,2.9e-07,2.9837880278560635e-05
5293.0,0.9852,4e-07,2.9837880278560635e-05
5294.0,0.9852,5.4e-07,2.9837880278560635e-05
5295.0,0.9852,6e-07,2.9837880278560635e-05
5296.0,0.9852,4.8e-07,2.9837880278560635e-05
5297.0,0.9852,4.3e-07,2.9837880278560635e-05
5298.0,0.9852,5.6e-07,2.9837880278560635e-05
5299.0,0.9852,3.9e-07,2.9837880278560635e-05
5300.0,0.9852,3.3e-07,2.9837880278560635e-05
5301.0,0.9852,3e-07,2.9837880278560635e-05
5302.0,0.9852,3.1e-07,2.9837880278560635e-05
5303.0,0.9852,3e-07,2.9837880278560635e-05
5304.0,0.9852,2.1e-07,2.9837880278560635e-05
5305.0,0.9852,3.4e-07,2.9837880278560635e-05
5306.0,0.9852,3.8e-07,2.9837880278560635e-05
5307.0,0.9852,4e-07,2.9837880278560635e-05
5308.0,0.9852,4.1e-07,2.9837880278560635e-05
5309.0,0.9852,4.6e-07,2.9837880278560635e-05
5310.0,0.9852,5.4e-07,2.9837880278560635e-05
5311.0,0.9852,5.2e-07,2.9837880278560635e-05
5312.0,0.9852,5.1e-07,2.9837880278560635e-05
5313.0,0.9852,5.4e-07,2.9837880278560635e-05
5314.0,0.9852,5.5e-07,2.9837880278560635e-05
5315.0,0.9852,5.3e-07,2.9837880278560635e-05
5316.0,0.9852,5.3e-07,2.9837880278560635e-05
5317.0,0.9852,6e-07,2.9837880278560635e-05
5318.0,0.9852,6.2e-07,2.9837880278560635e-05
5319.0,0.9852,6.3e-07,2.9837880278560635e-05
5320.0,0.9852,6.4e-07,2.9837880278560635e-05
5321.0,0.9852,6.5e-07,2.9837880278560635e-05
5322.0,0.9852,6.7e-07,2.9837880278560635e-05
5323.0,0.9852,6.7e-07,2.9837880278560635e-05
5324.0,0.9852,6.5e-07,2.9837880278560635e-05
5325.0,0.9852,6.7e-07,2.9837880278560635e-05
5326.0,0.9852,6.4e-07,2.9837880278560635e-05
5327.0,0.9852,5.8e-07,2.9837880278560635e-05
5328.0,0.9852,5.3e-07,2.9837880278560635e-05
5329.0,0.9852,4.7e-07,2.9837880278560635e-05
5330.0,0.9852,4.4e-07,2.9837880278560635e-05
5331.0,0.9852,4.2e-07,2.9837880278560635e-05
5332.0,0.9852,3.6e-07,2.9837880278560635e-05
5333.0,0.9852,2.9e-07,2.9837880278560635e-05
5334.0,0.9852,2.3e-07,2.9837880278560635e-05
5335.0,0.9852,2e-07,2.9837880278560635e-05
5336.0,0.9852,6e-08,2.9837880278560635e-05
5337.0,0.9852,-1e-07,2.9837880278560635e-05
5338.0,0.9852,-2e-07,2.9837880278560635e-05
5339.0,0.9852,-3e-07,2.9837880278560635e-05
5340.0,0.9852,-4.6e-07,2.9837880278560635e-05
5341.0,0.9852,-4.5e-07,2.9837880278560635e-05
5342.0,0.9852,-3.8e-07,2.9837880278560635e-05
5343.0,0.9852,-2.7e-07,2.9837880278560635e-05
5344.0,0.9852,-1.2e-07,2.9837880278560635e-05
5345.0,0.9852,8e-08,2.9837880278560635e-05
5346.0,0.9852,3.1e-07,2.9837880278560635e-05
5347.0,0.9852,5.4e-07,2.9837880278560635e-05
5348.0,0.9852,6.9e-07,2.9837880278560635e-05
5349.0,0.9852,7.5e-07,2.9837880278560635e-05
5350.0,0.9852,8e-07,2.9837880278560635e-05
5351.0,0.9852,7.8e-07,2.9837880278560635e-05
5352.0,0.9852,6.9e-07,2.9837880278560635e-05
5353.0,0.9852,4.8e-07,2.9837880278560635e-05
5354.0,0.9852,4.1e-07,2.9837880278560635e-05
5355.0,0.9852,3.9e-07,2.9837880278560635e-05
5356.0,0.9852,3.7e-07,2.9837880278560635e-05
5357.0,0.9852,3.3e-07,2.9837880278560635e-05
5358.0,0.9852,2.9e-07,2.9837880278560635e-05
5359.0,0.9852,1.8e-07,2.9837880278560635e-05
5360.0,0.9852,-1e-08,2.9837880278560635e-05
5361.0,0.9852,-2.2e-07,2.9837880278560635e-05
5362.0,0.9852,-3.9e-07,2.9837880278560635e-05
5363.0,0.9852,-5.1e-07,2.9837880278560635e-05
5364.0,0.9852,-6.1e-07,2.9837880278560635e-05
5365.0,0.9852,-5e-07,2.9837880278560635e-05
5366.0,0.9852,-4.3e-07,2.9837880278560635e-05
5367.0,0.9852,-4.3e-07,2.9837880278560635e-05
5368.0,0.9852,-3.5e-07,2.9837880278560635e-05
5369.0,0.9852,-1.9e-07,2.9837880278560635e-05
5370.0,0.9852,4e-08,2.9837880278560635e-05
5371.0,0.9852,3e-08,2.9837880278560635e-05
5372.0,0.9852,1e-07,2.9837880278560635e-05
5373.0,0.9852,1.9e-07,2.9837880278560635e-05
5374.0,0.9852,2.3e-07,2.9837880278560635e-05
5375.0,0.9852,2.5e-07,2.9837880278560635e-05
5376.0,0.9852,2.9e-07,2.9837880278560635e-05
5377.0,0.9852,1e-07,2.9837880278560635e-05
5378.0,0.9852,-1e-08,2.9837880278560635e-05
5379.0,0.9852,-1.3e-07,2.9837880278560635e-05
5380.0,0.9852,-2.7e-07,2.9837880278560635e-05
5381.0,0.9852,-3.9e-07,2.9837880278560635e-05
5382.0,0.9852,-5e-07,2.9837880278560635e-05
5383.0,0.9852,-6e-07,2.9837880278560635e-05
5384.0,0.9852,-6.6e-07,2.9837880278560635e-05
5385.0,0.9852,-6.9e-07,2.9837880278560635e-05
5386.0,0.9852,-6.8e-07,2.9837880278560635e-05
5387.0,0.9852,-6.1e-07,2.9837880278560635e-05
5388.0,0.9852,-5e-07,2.9837880278560635e-05
5389.0,0.9852,-3e-07,2.9837880278560635e-05
5390.0,0.9852,-8e-08,2.9837880278560635e-05
5391.0,0.9852,1.2e-07,2.9837880278560635e-05
5392.0,0.9852,2.8e-07,2.9837880278560635e-05
5393.0,0.9852,4.2e-07,2.9837880278560635e-05
5394.0,0.9852,5.6e-07,2.9837880278560635e-05
5395.0,0.9852,5.4e-07,2.9837880278560635e-05
5396.0,0.9852,4.9e-07,2.9837880278560635e-05
5397.0,0.9852,4.4e-07,2.9837880278560635e-05
5398.0,0.9852,4.5e-07,2.9837880278560635e-05
5399.0,0.9852,3.9e-07,2.9837880278560635e-05
5400.0,0.9852,3e-07,2.9837880278560635e-05
5401.0,0.9852,2.7e-07,2.9837880278560635e-05
5402.0,0.9852,3.2e-07,2.9837880278560635e-05
5403.0,0.9852,3.9e-07,2.9837880278560635e-05
5404.0,0.9852,4.8e-07,2.9837880278560635e-05
5405.0,0.9852,5.7e-07,2.9837880278560635e-05
5406.0,0.9852,7e-07,2.9837880278560635e-05
5407.0,0.9852,7.5e-07,2.9837880278560635e-05
5408.0,0.9852,7.5e-07,2.9837880278560635e-05
5409.0,0.9852,7.6e-07,2.9837880278560635e-05
5410.0,0.9852,7.4e-07,2.9837880278560635e-05
5411.0,0.9852,6.9e-07,2.9837880278560635e-05
5412.0,0.9852,6.3e-07,2.9837880278560635e-05
5413.0,0.9852,6.6e-07,2.9837880278560635e-05
5414.0,0.9852,6.6e-07,2.9837880278560635e-05
5415.0,0.9852,6.4e-07,2.9837880278560635e-05
5416.0,0.9852,6.6e-07,2.9837880278560635e-05
5417.0,0.9852,7e-07,2.9837880278560635e-05
5418.0,0.9852,7.3e-07,2.9837880278560635e-05
5419.0,0.9852,7.7e-07,2.9837880278560635e-05
5420.0,0.9852,7.7e-07,2.9837880278560635e-05
5421.0,0.9852,7.7e-07,2.9837880278560635e-05
5422.0,0.9852,7.2e-07,2.9837880278560635e-05
5423.0,0.9852,7.3e-07,2.9837880278560635e-05
5424.0,0.9852,7.8e-07,2.9837880278560635e-05
5425.0,0.9852,7.3e-07,2.9837880278560635e-05
5426.0,0.9852,7.8e-07,2.9837880278560635e-05
5427.0,0.9852,8.3e-07,2.9837880278560635e-05
5428.0,0.9852,8.2e-07,2.9837880278560635e-05
5429.0,0.9852,7.2e-07,2.9837880278560635e-05
5430.0,0.9852,6e-07,2.9837880278560635e-05
5431.0,0.9852,5e-07,2.9837880278560635e-05
5432.0,0.9852,4.5e-07,2.9837880278560635e-05
5433.0,0.9852,4e-07,2.9837880278560635e-05
5434.0,0.9852,3.4e-07,2.9837880278560635e-05
5435.0,0.9852,2.2e-07,2.9837880278560635e-05
5436.0,0.9852,5e-08,2.9837880278560635e-05
5437.0,0.9852,1.1e-07,2.9837880278560635e-05
5438.0,0.9852,1.4e-07,2.9837880278560635e-05
5439.0,0.9852,2.2e-07,2.9837880278560635e-05
5440.0,0.9852,3e-07,2.9837880278560635e-05
5441.0,0.9852,3.1e-07,2.9837880278560635e-05
5442.0,0.9852,2.5e-07,2.9837880278560635e-05
5443.0,0.9852,4.1e-07,2.9837880278560635e-05
5444.0,0.9852,4.6e-07,2.9837880278560635e-05
5445.0,0.9852,4.7e-07,2.9837880278560635e-05
5446.0,0.9852,5.1e-07,2.9837880278560635e-05
5447.0,0.9852,4.8e-07,2.9837880278560635e-05
5448.0,0.9852,3.7e-07,2.9837880278560635e-05
5449.0,0.9852,3.7e-07,2.9837880278560635e-05
5450.0,0.9852,2.9e-07,2.9837880278560635e-05
5451.0,0.9852,1.8e-07,2.9837880278560635e-05
5452.0,0.9852,1.2e-07,2.9837880278560635e-05
5453.0,0.9852,1e-07,2.9837880278560635e-05
5454.0,0.9852,7e-08,2.9837880278560635e-05
5455.0,0.9852,-4e-08,2.9837880278560635e-05
5456.0,0.9852,-5e-08,2.9837880278560635e-05
5457.0,0.9852,-6e-08,2.9837880278560635e-05
5458.0,0.9852,-1e-07,2.9837880278560635e-05
5459.0,0.9852,-9e-08,2.9837880278560635e-05
5460.0,0.9852,-1e-08,2.9837880278560635e-05
5461.0,0.9852,4e-08,2.9837880278560635e-05
5462.0,0.9852,1.1e-07,2.9837880278560635e-05
5463.0,0.9852,2.2e-07,2.9837880278560635e-05
5464.0,0.9852,2.3e-07,2.9837880278560635e-05
5465.0,0.9852,2.2e-07,2.9837880278560635e-05
5466.0,0.9852,2e-07,2.9837880278560635e-05
5467.0,0.9852,2.1e-07,2.9837880278560635e-05
5468.0,0.9852,2.5e-07,2.9837880278560635e-05
5469.0,0.9852,2.6e-07,2.9837880278560635e-05
5470.0,0.9852,2.8e-07,2.9837880278560635e-05
5471.0,0.9852,2.7e-07,2.9837880278560635e-05
5472.0,0.9852,1.4e-07,2.9837880278560635e-05
5473.0,0.9852,1.5e-07,2.9837880278560635e-05
5474.0,0.9852,2e-08,2.9837880278560635e-05
5475.0,0.9852,-1.3e-07,2.9837880278560635e-05
5476.0,0.9852,-3.1e-07,2.9837880278560635e-05
5477.0,0.9852,-4.6e-07,2.9837880278560635e-05
5478.0,0.9852,-5.6e-07,2.9837880278560635e-05
5479.0,0.9852,-7e-07,2.9837880278560635e-05
5480.0,0.9852,-7.8e-07,2.9837880278560635e-05
5481.0,0.9852,-8.7e-07,2.9837880278560635e-05
5482.0,0.9852,-9.4e-07,2.9837880278560635e-05
5483.0,0.9852,-9.4e-07,2.9837880278560635e-05
5484.0,0.9852,-8.5e-07,2.9837880278560635e-05
5485.0,0.9852,-5.9e-07,2.9837880278560635e-05
5486.0,0.9852,-4.4e-07,2.9837880278560635e-05
5487.0,0.9852,-3.3e-07,2.9837880278560635e-05
5488.0,0.9852,-2.5e-07,2.9837880278560635e-05
5489.0,0.9852,-1.9e-07,2.9837880278560635e-05
5490.0,0.9852,-6e-08,2.9837880278560635e-05
5491.0,0.9852,-1.3e-07,2.9837880278560635e-05
5492.0,0.9852,-1e-07,2.9837880278560635e-05
5493.0,0.9852,-9e-08,2.9837880278560635e-05
5494.0,0.9852,-9e-08,2.9837880278560635e-05
5495.0,0.9852,-1e-07,2.9837880278560635e-05
5496.0,0.9852,-1.3e-07,2.9837880278560635e-05
5497.0,0.9852,-1.4e-07,2.9837880278560635e-05
5498.0,0.9852,-1.7e-07,2.9837880278560635e-05
5499.0,0.9852,-2e-07,2.9837880278560635e-05
5500.0,0.9852,-1.7e-07,2.9837880278560635e-05
5501.0,0.9852,-1.3e-07,2.9837880278560635e-05
5502.0,0.9852,-1.2e-07,2.9837880278560635e-05
5503.0,0.9852,-7e-08,2.9837880278560635e-05
5504.0,0.9852,-4e-08,2.9837880278560635e-05
5505.0,0.9852,-2e-08,2.9837880278560635e-05
5506.0,0.9852,7e-08,2.9837880278560635e-05
5507.0,0.9852,1.5e-07,2.9837880278560635e-05
5508.0,0.9852,2e-07,2.9837880278560635e-05
5509.0,0.9852,1.2e-07,2.9837880278560635e-05
5510.0,0.9852,7e-08,2.9837880278560635e-05
5511.0,0.9852,5e-08,2.9837880278560635e-05
5512.0,0.9852,0.0,2.9837880278560635e-05
5513.0,0.9852,-1e-08,2.9837880278560635e-05
5514.0,0.9852,8e-08,2.9837880278560635e-05
5515.0,0.9852,1.2e-07,2.9837880278560635e-05
5516.0,0.9852,1.2e-07,2.9837880278560635e-05
5517.0,0.9852,9e-08,2.9837880278560635e-05
5518.0,0.9852,4e-08,2.9837880278560635e-05
5519.0,0.9852,0.0,2.9837880278560635e-05
5520.0,0.9852,1e-08,2.9837880278560635e-05
5521.0,0.9852,-1.1e-07,2.9837880278560635e-05
5522.0,0.9852,-2.8e-07,2.9837880278560635e-05
5523.0,0.9852,-4.5e-07,2.9837880278560635e-05
5524.0,0.9852,-6e-07,2.9837880278560635e-05
5525.0,0.9852,-6.8e-07,2.9837880278560635e-05
5526.0,0.9852,-7.4e-07,2.9837880278560635e-05
5527.0,0.9852,-7.9e-07,2.9837880278560635e-05
5528.0,0.9852,-8.1e-07,2.9837880278560635e-05
5529.0,0.9852,-7.9e-07,2.9837880278560635e-05
5530.0,0.9852,-7.7e-07,2.9837880278560635e-05
5531.0,0.9852,-7.5e-07,2.9837880278560635e-05
5532.0,0.9852,-7.2e-07,2.9837880278560635e-05
5533.0,0.9852,-7.8e-07,2.9837880278560635e-05
5534.0,0.9852,-8.1e-07,2.9837880278560635e-05
5535.0,0.9852,-8.4e-07,2.9837880278560635e-05
5536.0,0.9852,-8.7e-07,2.9837880278560635e-05
5537.0,0.9852,-9e-07,2.9837880278560635e-05
5538.0,0.9852,-9.9e-07,2.9837880278560635e-05
5539.0,0.9852,-9.3e-07,2.9837880278560635e-05
5540.0,0.9852,-8.8e-07,2.9837880278560635e-05
5541.0,0.9852,-8.6e-07,2.9837880278560635e-05
5542.0,0.9852,-8.4e-07,2.9837880278560635e-05
5543.0,0.9852,-8e-07,2.9837880278560635e-05
5544.0,0.9852,-7.2e-07,2.9837880278560635e-05
5545.0,0.9852,-6.4e-07,2.9837880278560635e-05
5546.0,0.9852,-6.5e-07,2.9837880278560635e-05
5547.0,0.9852,-6.7e-07,2.9837880278560635e-05
5548.0,0.9852,-7.1e-07,2.9837880278560635e-05
5549.0,0.9852,-7.4e-07,2.9837880278560635e-05
5550.0,0.9852,-6.8e-07,2.9837880278560635e-05
5551.0,0.9852,-7.6e-07,2.9837880278560635e-05
5552.0,0.9852,-7.8e-07,2.9837880278560635e-05
5553.0,0.9852,-7.8e-07,2.9837880278560635e-05
5554.0,0.9852,-7.2e-07,2.9837880278560635e-05
5555.0,0.9852,-6.3e-07,2.9837880278560635e-05
5556.0,0.9852,-5e-07,2.9837880278560635e-05
5557.0,0.9852,-5.1e-07,2.9837880278560635e-05
5558.0,0.9852,-5.2e-07,2.9837880278560635e-05
5559.0,0.9852,-4.7e-07,2.9837880278560635e-05
5560.0,0.9852,-3.5e-07,2.9837880278560635e-05
5561.0,0.9852,-2.3e-07,2.9837880278560635e-05
5562.0,0.9852,-1.2e-07,2.9837880278560635e-05
5563.0,0.9852,-1e-07,2.9837880278560635e-05
5564.0,0.9852,-1.7e-07,2.9837880278560635e-05
5565.0,0.9852,-2.9e-07,2.9837880278560635e-05
5566.0,0.9852,-4.3e-07,2.9837880278560635e-05
5567.0,0.9852,-5.2e-07,2.9837880278560635e-05
5568.0,0.9852,-5.7e-07,2.9837880278560635e-05
5569.0,0.9852,-7.7e-07,2.9837880278560635e-05
5570.0,0.9852,-8.1e-07,2.9837880278560635e-05
5571.0,0.9852,-8.3e-07,2.9837880278560635e-05
5572.0,0.9852,-8e-07,2.9837880278560635e-05
5573.0,0.9852,-7.5e-07,2.9837880278560635e-05
5574.0,0.9852,-6.8e-07,2.9837880278560635e-05
5575.0,0.9852,-5e-07,2.9837880278560635e-05
5576.0,0.9852,-4.6e-07,2.9837880278560635e-05
5577.0,0.9852,-5.1e-07,2.9837880278560635e-05
5578.0,0.9852,-5.8e-07,2.9837880278560635e-05
5579.0,0.9852,-5.9e-07,2.9837880278560635e-05
5580.0,0.9852,-5.6e-07,2.9837880278560635e-05
5581.0,0.9852,-7.7e-07,2.9837880278560635e-05
5582.0,0.9852,-8.6e-07,2.9837880278560635e-05
5583.0,0.9852,-9e-07,2.9837880278560635e-05
5584.0,0.9852,-8.8e-07,2.9837880278560635e-05
5585.0,0.9852,-7.9e-07,2.9837880278560635e-05
5586.0,0.9852,-6.9e-07,2.9837880278560635e-05
5587.0,0.9852,-5.9e-07,2.9837880278560635e-05
5588.0,0.9852,-5.4e-07,2.9837880278560635e-05
5589.0,0.9852,-4.7e-07,2.9837880278560635e-05
5590.0,0.9852,-3.9e-07,2.9837880278560635e-05
5591.0,0.9852,-2.9e-07,2.9837880278560635e-05
5592.0,0.9852,-1.8e-07,2.9837880278560635e-05
5593.0,0.9852,-1.8e-07,2.9837880278560635e-05
5594.0,0.9852,-1.4e-07,2.9837880278560635e-05
5595.0,0.9852,-1.2e-07,2.9837880278560635e-05
5596.0,0.9852,-1.4e-07,2.9837880278560635e-05
5597.0,0.9852,-1.8e-07,2.9837880278560635e-05
5598.0,0.9852,-2.3e-07,2.9837880278560635e-05
5599.0,0.9852,-4.2e-07,2.9837880278560635e-05
5600.0,0.9852,-5.2e-07,2.9837880278560635e-05
5601.0,0.9852,-5.6e-07,2.9837880278560635e-05
5602.0,0.9852,-6.4e-07,2.9837880278560635e-05
5603.0,0.9852,-7.1e-07,2.9837880278560635e-05
5604.0,0.9852,-8e-07,2.9837880278560635e-05
5605.0,0.9852,-7.1e-07,2.9837880278560635e-05
5606.0,0.9852,-7.1e-07,2.9837880278560635e-05
5607.0,0.9852,-8e-07,2.9837880278560635e-05
5608.0,0.9852,-8.4e-07,2.9837880278560635e-05
5609.0,0.9852,-8.4e-07,2.9837880278560635e-05
5610.0,0.9852,-8.9e-07,2.9837880278560635e-05
5611.0,0.9852,-9.7e-07,2.9837880278560635e-05
5612.0,0.9852,-9.5e-07,2.9837880278560635e-05
5613.0,0.9852,-9e-07,2.9837880278560635e-05
5614.0,0.9852,-9e-07,2.9837880278560635e-05
5615.0,0.9852,-8.4e-07,2.9837880278560635e-05
5616.0,0.9852,-7.2e-07,2.9837880278560635e-05
5617.0,0.9852,-7e-07,2.9837880278560635e-05
5618.0,0.9852,-6.8e-07,2.9837880278560635e-05
5619.0,0.9852,-7e-07,2.9837880278560635e-05
5620.0,0.9852,-7.7e-07,2.9837880278560635e-05
5621.0,0.9852,-8.9e-07,2.9837880278560635e-05
5622.0,0.9852,-9.9e-07,2.9837880278560635e-05
5623.0,0.9852,-1.09e-06,2.9837880278560635e-05
5624.0,0.9852,-1.11e-06,2.9837880278560635e-05
5625.0,0.9852,-1.1e-06,2.9837880278560635e-05
5626.0,0.9852,-1.09e-06,2.9837880278560635e-05
5627.0,0.9852,-1.12e-06,2.9837880278560635e-05
5628.0,0.9852,-1.2e-06,2.9837880278560635e-05
5629.0,0.9852,-1.1e-06,2.9837880278560635e-05
5630.0,0.9852,-1.13e-06,2.9837880278560635e-05
5631.0,0.9852,-1.19e-06,2.9837880278560635e-05
5632.0,0.9852,-1.23e-06,2.9837880278560635e-05
5633.0,0.9852,-1.31e-06,2.9837880278560635e-05
5634.0,0.9852,-1.53e-06,2.9837880278560635e-05
5635.0,0.9852,-1.58e-06,2.9837880278560635e-05
5636.0,0.9852,-1.49e-06,2.9837880278560635e-05
5637.0,0.9852,-1.41e-06,2.9837880278560635e-05
5638.0,0.9851,-1.46e-06,3.0030506786664743e-05
5639.0,0.9851,-1.56e-06,3.0030506786664743e-05
5640.0,0.9851,-1.68e-06,3.0030506786664743e-05
5641.0,0.9851,-1.65e-06,3.0030506786664743e-05
5642.0,0.9851,-1.63e-06,3.0030506786664743e-05
5643.0,0.9851,-1.62e-06,3.0030506786664743e-05
5644.0,0.9851,-1.55e-06,3.0030506786664743e-05
5645.0,0.9851,-1.46e-06,3.0030506786664743e-05
5646.0,0.9851,-1.52e-06,3.0030506786664743e-05
5647.0,0.9851,-1.22e-06,3.0030506786664743e-05
5648.0,0.9851,-1.06e-06,3.0030506786664743e-05
5649.0,0.9851,-9.5e-07,3.0030506786664743e-05
5650.0,0.9851,-8.9e-07,3.0030506786664743e-05
5651.0,0.9851,-8.5e-07,3.0030506786664743e-05
5652.0,0.9851,-7.8e-07,3.0030506786664743e-05
5653.0,0.9851,-9.3e-07,3.0030506786664743e-05
5654.0,0.9851,-1.03e-06,3.0030506786664743e-05
5655.0,0.9851,-1.14e-06,3.0030506786664743e-05
5656.0,0.9851,-1.21e-06,3.0030506786664743e-05
5657.0,0.9851,-1.21e-06,3.0030506786664743e-05
5658.0,0.9851,-1.18e-06,3.0030506786664743e-05
5659.0,0.9851,-1.06e-06,3.0030506786664743e-05
5660.0,0.9851,-9.8e-07,3.0030506786664743e-05
5661.0,0.9851,-9e-07,3.0030506786664743e-05
5662.0,0.9851,-8.3e-07,3.0030506786664743e-05
5663.0,0.9851,-7.3e-07,3.0030506786664743e-05
5664.0,0.9851,-5.8e-07,3.0030506786664743e-05
5665.0,0.9851,-6.1e-07,3.0030506786664743e-05
5666.0,0.9851,-5.9e-07,3.0030506786664743e-05
5667.0,0.9851,-6.4e-07,3.0030506786664743e-05
5668.0,0.9851,-7.4e-07,3.0030506786664743e-05
5669.0,0.9851,-8.4e-07,3.0030506786664743e-05
5670.0,0.9851,-8.9e-07,3.0030506786664743e-05
5671.0,0.9851,-1.01e-06,3.0030506786664743e-05
5672.0,0.9851,-1.1e-06,3.0030506786664743e-05
5673.0,0.9851,-1.16e-06,3.0030506786664743e-05
5674.0,0.9851,-1.16e-06,3.0030506786664743e-05
5675.0,0.9851,-1.13e-06,3.0030506786664743e-05
5676.0,0.9851,-1.14e-06,3.0030506786664743e-05
5677.0,0.9851,-1.06e-06,3.0030506786664743e-05
5678.0,0.9851,-1e-06,3.0030506786664743e-05
5679.0,0.9851,-1.01e-06,3.0030506786664743e-05
5680.0,0.9851,-1.03e-06,3.0030506786664743e-05
5681.0,0.9851,-1.05e-06,3.0030506786664743e-05
5682.0,0.9851,-1.09e-06,3.0030506786664743e-05
5683.0,0.9851,-1.24e-06,3.0030506786664743e-05
5684.0,0.9851,-1.26e-06,3.0030506786664743e-05
5685.0,0.9851,-1.25e-06,3.0030506786664743e-05
5686.0,0.9851,-1.2e-06,3.0030506786664743e-05
5687.0,0.9851,-1.12e-06,3.0030506786664743e-05
5688.0,0.9851,-1.03e-06,3.0030506786664743e-05
5689.0,0.9851,-9e-07,3.0030506786664743e-05
5690.0,0.9851,-9e-07,3.0030506786664743e-05
5691.0,0.9851,-8.9e-07,3.0030506786664743e-05
5692.0,0.9851,-8.6e-07,3.0030506786664743e-05
5693.0,0.9851,-8.4e-07,3.0030506786664743e-05
5694.0,0.9851,-8.8e-07,3.0030506786664743e-05
5695.0,0.9851,-1.03e-06,3.0030506786664743e-05
5696.0,0.9851,-1.09e-06,3.0030506786664743e-05
5697.0,0.9851,-1.14e-06,3.0030506786664743e-05
5698.0,0.9851,-1.24e-06,3.0030506786664743e-05
5699.0,0.9851,-1.28e-06,3.0030506786664743e-05
5700.0,0.9851,-1.28e-06,3.0030506786664743e-05
5701.0,0.9851,-1.27e-06,3.0030506786664743e-05
5702.0,0.9851,-1.25e-06,3.0030506786664743e-05
5703.0,0.9851,-1.15e-06,3.0030506786664743e-05
5704.0,0.9851,-1.02e-06,3.0030506786664743e-05
5705.0,0.9851,-9.5e-07,3.0030506786664743e-05
5706.0,0.9851,-9.3e-07,3.0030506786664743e-05
5707.0,0.9851,-7.6e-07,3.0030506786664743e-05
5708.0,0.9851,-6.6e-07,3.0030506786664743e-05
5709.0,0.9851,-6.1e-07,3.0030506786664743e-05
5710.0,0.9851,-5.5e-07,3.0030506786664743e-05
5711.0,0.9851,-5.4e-07,3.0030506786664743e-05
5712.0,0.9851,-5.4e-07,3.0030506786664743e-05
5713.0,0.9851,-5.9e-07,3.0030506786664743e-05
5714.0,0.9851,-6.6e-07,3.0030506786664743e-05
5715.0,0.9851,-7.5e-07,3.0030506786664743e-05
5716.0,0.9851,-7.6e-07,3.0030506786664743e-05
5717.0,0.9851,-7.6e-07,3.0030506786664743e-05
5718.0,0.9851,-7.7e-07,3.0030506786664743e-05
5719.0,0.9851,-8.5e-07,3.0030506786664743e-05
5720.0,0.9851,-9e-07,3.0030506786664743e-05
5721.0,0.9851,-1e-06,3.0030506786664743e-05
5722.0,0.9851,-1.12e-06,3.0030506786664743e-05
5723.0,0.9851,-1.23e-06,3.0030506786664743e-05
5724.0,0.9851,-1.31e-06,3.0030506786664743e-05
5725.0,0.9851,-1.57e-06,3.0030506786664743e-05
5726.0,0.9851,-1.74e-06,3.0030506786664743e-05
5727.0,0.9851,-1.88e-06,3.0030506786664743e-05
5728.0,0.9851,-1.96e-06,3.0030506786664743e-05
5729.0,0.9851,-2.02e-06,3.0030506786664743e-05
5730.0,0.9851,-2.03e-06,3.0030506786664743e-05
5731.0,0.985,-1.91e-06,3.022306156500278e-05
5732.0,0.985,-1.77e-06,3.022306156500278e-05
5733.0,0.985,-1.66e-06,3.022306156500278e-05
5734.0,0.985,-1.6e-06,3.022306156500278e-05
5735.0,0.985,-1.54e-06,3.022306156500278e-05
5736.0,0.985,-1.45e-06,3.022306156500278e-05
5737.0,0.985,-1.43e-06,3.022306156500278e-05
5738.0,0.985,-1.39e-06,3.022306156500278e-05
5739.0,0.985,-1.31e-06,3.022306156500278e-05
5740.0,0.985,-1.26e-06,3.022306156500278e-05
5741.0,0.985,-1.26e-06,3.022306156500278e-05
5742.0,0.985,-1.26e-06,3.022306156500278e-05
5743.0,0.985,-1.18e-06,3.022306156500278e-05
5744.0,0.985,-1.2e-06,3.022306156500278e-05
5745.0,0.985,-1.26e-06,3.022306156500278e-05
5746.0,0.985,-1.37e-06,3.022306156500278e-05
5747.0,0.985,-1.52e-06,3.022306156500278e-05
5748.0,0.985,-1.72e-06,3.022306156500278e-05
5749.0,0.985,-1.76e-06,3.022306156500278e-05
5750.0,0.985,-1.76e-06,3.022306156500278e-05
5751.0,0.985,-1.83e-06,3.022306156500278e-05
5752.0,0.985,-1.86e-06,3.022306156500278e-05
5753.0,0.985,-1.85e-06,3.022306156500278e-05
5754.0,0.985,-1.84e-06,3.022306156500278e-05
5755.0,0.985,-1.81e-06,3.022306156500278e-05
5756.0,0.985,-1.79e-06,3.022306156500278e-05
5757.0,0.985,-1.81e-06,3.022306156500278e-05
5758.0,0.985,-1.86e-06,3.022306156500278e-05
5759.0,0.985,-1.85e-06,3.022306156500278e-05
5760.0,0.985,-1.79e-06,3.022306156500278e-05
5761.0,0.985,-1.81e-06,3.022306156500278e-05
5762.0,0.985,-1.72e-06,3.022306156500278e-05
5763.0,0.985,-1.63e-06,3.022306156500278e-05
5764.0,0.985,-1.57e-06,3.022306156500278e-05
5765.0,0.985,-1.53e-06,3.022306156500278e-05
5766.0,0.985,-1.5e-06,3.022306156500278e-05
5767.0,0.985,-1.38e-06,3.022306156500278e-05
5768.0,0.985,-1.28e-06,3.022306156500278e-05
5769.0,0.985,-1.2e-06,3.022306156500278e-05
5770.0,0.985,-1.14e-06,3.022306156500278e-05
5771.0,0.985,-1.05e-06,3.022306156500278e-05
5772.0,0.985,-9.7e-07,3.022306156500278e-05
5773.0,0.985,-9.2e-07,3.022306156500278e-05
5774.0,0.985,-9.4e-07,3.022306156500278e-05
5775.0,0.985,-1.05e-06,3.022306156500278e-05
5776.0,0.985,-1.13e-06,3.022306156500278e-05
5777.0,0.985,-1.19e-06,3.022306156500278e-05
5778.0,0.985,-1.24e-06,3.022306156500278e-05
5779.0,0.985,-1.38e-06,3.022306156500278e-05
5780.0,0.985,-1.47e-06,3.022306156500278e-05
5781.0,0.985,-1.55e-06,3.022306156500278e-05
5782.0,0.985,-1.6e-06,3.022306156500278e-05
5783.0,0.985,-1.58e-06,3.022306156500278e-05
5784.0,0.985,-1.46e-06,3.022306156500278e-05
5785.0,0.985,-1.46e-06,3.022306156500278e-05
5786.0,0.985,-1.42e-06,3.022306156500278e-05
5787.0,0.985,-1.4e-06,3.022306156500278e-05
5788.0,0.985,-1.42e-06,3.022306156500278e-05
5789.0,0.985,-1.45e-06,3.022306156500278e-05
5790.0,0.985,-1.47e-06,3.022306156500278e-05
5791.0,0.985,-1.4e-06,3.022306156500278e-05
5792.0,0.985,-1.31e-06,3.022306156500278e-05
5793.0,0.985,-1.29e-06,3.022306156500278e-05
5794.0,0.985,-1.34e-06,3.022306156500278e-05
5795.0,0.985,-1.42e-06,3.022306156500278e-05
5796.0,0.985,-1.47e-06,3.022306156500278e-05
5797.0,0.985,-1.59e-06,3.022306156500278e-05
5798.0,0.985,-1.59e-06,3.022306156500278e-05
5799.0,0.9849,-1.55e-06,3.0415544981114506e-05
5800.0,0.9849,-1.55e-06,3.0415544981114506e-05
5801.0,0.9849,-1.58e-06,3.0415544981114506e-05
5802.0,0.9849,-1.62e-06,3.0415544981114506e-05
5803.0,0.9849,-1.45e-06,3.0415544981114506e-05
5804.0,0.9849,-1.36e-06,3.0415544981114506e-05
5805.0,0.9849,-1.29e-06,3.0415544981114506e-05
5806.0,0.9849,-1.22e-06,3.0415544981114506e-05
5807.0,0.9849,-1.15e-06,3.0415544981114506e-05
5808.0,0.9849,-1.13e-06,3.0415544981114506e-05
5809.0,0.9849,-9.9e-07,3.0415544981114506e-05
5810.0,0.9849,-9.5e-07,3.0415544981114506e-05
5811.0,0.9849,-9.7e-07,3.0415544981114506e-05
5812.0,0.9849,-9.3e-07,3.0415544981114506e-05
5813.0,0.9849,-8.7e-07,3.0415544981114506e-05
5814.0,0.9849,-9e-07,3.0415544981114506e-05
5815.0,0.9849,-9.9e-07,3.0415544981114506e-05
5816.0,0.9849,-1e-06,3.0415544981114506e-05
5817.0,0.9849,-1.04e-06,3.0415544981114506e-05
5818.0,0.9849,-1.1e-06,3.0415544981114506e-05
5819.0,0.9849,-1.16e-06,3.0415544981114506e-05
5820.0,0.9849,-1.18e-06,3.0415544981114506e-05
5821.0,0.9849,-1.28e-06,3.0415544981114506e-05
5822.0,0.9849,-1.34e-06,3.0415544981114506e-05
5823.0,0.9849,-1.36e-06,3.0415544981114506e-05
5824.0,0.9849,-1.41e-06,3.0415544981114506e-05
5825.0,0.9849,-1.52e-06,3.0415544981114506e-05
5826.0,0.9849,-1.59e-06,3.0415544981114506e-05
5827.0,0.9849,-1.59e-06,3.0415544981114506e-05
5828.0,0.9849,-1.67e-06,3.0415544981114506e-05
5829.0,0.9849,-1.74e-06,3.0415544981114506e-05
5830.0,0.9849,-1.76e-06,3.0415544981114506e-05
5831.0,0.9849,-1.79e-06,3.0415544981114506e-05
5832.0,0.9849,-1.82e-06,3.0415544981114506e-05
5833.0,0.9849,-1.74e-06,3.0415544981114506e-05
5834.0,0.9849,-1.63e-06,3.0415544981114506e-05
5835.0,0.9849,-1.54e-06,3.0415544981114506e-05
5836.0,0.9849,-1.48e-06,3.0415544981114506e-05
5837.0,0.9849,-1.33e-06,3.0415544981114506e-05
5838.0,0.9849,-1.16e-06,3.0415544981114506e-05
5839.0,0.9849,-1.1e-06,3.0415544981114506e-05
5840.0,0.9849,-1.03e-06,3.0415544981114506e-05
5841.0,0.9849,-9.6e-07,3.0415544981114506e-05
5842.0,0.9849,-9.4e-07,3.0415544981114506e-05
5843.0,0.9849,-9.5e-07,3.0415544981114506e-05
5844.0,0.9849,-1.01e-06,3.0415544981114506e-05
5845.0,0.9849,-1.06e-06,3.0415544981114506e-05
5846.0,0.9849,-1.02e-06,3.0415544981114506e-05
5847.0,0.9849,-9.5e-07,3.0415544981114506e-05
5848.0,0.9849,-9.6e-07,3.0415544981114506e-05
5849.0,0.9849,-1.08e-06,3.0415544981114506e-05
5850.0,0.9849,-1.22e-06,3.0415544981114506e-05
5851.0,0.9849,-1.24e-06,3.0415544981114506e-05
5852.0,0.9849,-1.33e-06,3.0415544981114506e-05
5853.0,0.9849,-1.49e-06,3.0415544981114506e-05
5854.0,0.9849,-1.63e-06,3.0415544981114506e-05
5855.0,0.9849,-1.72e-06,3.0415544981114506e-05
5856.0,0.9849,-1.85e-06,3.0415544981114506e-05
5857.0,0.9849,-1.93e-06,3.0415544981114506e-05
5858.0,0.9849,-2.03e-06,3.0415544981114506e-05
5859.0,0.9849,-2.11e-06,3.0415544981114506e-05
5860.0,0.9849,-2.19e-06,3.0415544981114506e-05
5861.0,0.9849,-2.22e-06,3.0415544981114506e-05
5862.0,0.9849,-2.2e-06,3.0415544981114506e-05
5863.0,0.9849,-2.17e-06,3.0415544981114506e-05
5864.0,0.9849,-2.1e-06,3.0415544981114506e-05
5865.0,0.9849,-2.06e-06,3.0415544981114506e-05
5866.0,0.9849,-2.06e-06,3.0415544981114506e-05
5867.0,0.9849,-2.06e-06,3.0415544981114506e-05
5868.0,0.9849,-2.05e-06,3.0415544981114506e-05
5869.0,0.9848,-2.1e-06,3.0607957398034786e-05
5870.0,0.9848,-2.19e-06,3.0607957398034786e-05
5871.0,0.9848,-2.27e-06,3.0607957398034786e-05
5872.0,0.9848,-2.34e-06,3.0607957398034786e-05
5873.0,0.9848,-2.4e-06,3.0607957398034786e-05
5874.0,0.9848,-2.45e-06,3.0607957398034786e-05
5875.0,0.9848,-2.38e-06,3.0607957398034786e-05
5876.0,0.9848,-2.31e-06,3.0607957398034786e-05
5877.0,0.9848,-2.23e-06,3.0607957398034786e-05
5878.0,0.9848,-2.1e-06,3.0607957398034786e-05
5879.0,0.9848,-1.98e-06,3.0607957398034786e-05
5880.0,0.9848,-1.86e-06,3.0607957398034786e-05
5881.0,0.9848,-1.79e-06,3.0607957398034786e-05
5882.0,0.9848,-1.73e-06,3.0607957398034786e-05
5883.0,0.9848,-1.69e-06,3.0607957398034786e-05
5884.0,0.9848,-1.71e-06,3.0607957398034786e-05
5885.0,0.9848,-1.75e-06,3.0607957398034786e-05
5886.0,0.9848,-1.79e-06,3.0607957398034786e-05
5887.0,0.9848,-1.83e-06,3.0607957398034786e-05
5888.0,0.9848,-1.82e-06,3.0607957398034786e-05
5889.0,0.9848,-1.78e-06,3.0607957398034786e-05
5890.0,0.9848,-1.73e-06,3.0607957398034786e-05
5891.0,0.9848,-1.69e-06,3.0607957398034786e-05
5892.0,0.9848,-1.68e-06,3.0607957398034786e-05
5893.0,0.9848,-1.68e-06,3.0607957398034786e-05
5894.0,0.9848,-1.72e-06,3.0607957398034786e-05
5895.0,0.9848,-1.72e-06,3.0607957398034786e-05
5896.0,0.9848,-1.65e-06,3.0607957398034786e-05
5897.0,0.9848,-1.57e-06,3.0607957398034786e-05
5898.0,0.9848,-1.54e-06,3.0607957398034786e-05
5899.0,0.9848,-1.45e-06,3.0607957398034786e-05
5900.0,0.9848,-1.41e-06,3.0607957398034786e-05
5901.0,0.9848,-1.45e-06,3.0607957398034786e-05
5902.0,0.9848,-1.48e-06,3.0607957398034786e-05
5903.0,0.9848,-1.37e-06,3.0607957398034786e-05
5904.0,0.9848,-1.16e-06,3.0607957398034786e-05
5905.0,0.9848,-1.2e-06,3.0607957398034786e-05
5906.0,0.9848,-1.19e-06,3.0607957398034786e-05
5907.0,0.9848,-1.17e-06,3.0607957398034786e-05
5908.0,0.9848,-1.19e-06,3.0607957398034786e-05
5909.0,0.9848,-1.17e-06,3.0607957398034786e-05
5910.0,0.9848,-1.11e-06,3.0607957398034786e-05
5911.0,0.9848,-1.26e-06,3.0607957398034786e-05
5912.0,0.9848,-1.31e-06,3.0607957398034786e-05
5913.0,0.9848,-1.34e-06,3.0607957398034786e-05
5914.0,0.9848,-1.38e-06,3.0607957398034786e-05
5915.0,0.9848,-1.42e-06,3.0607957398034786e-05
5916.0,0.9848,-1.47e-06,3.0607957398034786e-05
5917.0,0.9848,-1.47e-06,3.0607957398034786e-05
5918.0,0.9848,-1.44e-06,3.0607957398034786e-05
5919.0,0.9848,-1.44e-06,3.0607957398034786e-05
5920.0,0.9848,-1.46e-06,3.0607957398034786e-05
5921.0,0.9848,-1.48e-06,3.0607957398034786e-05
5922.0,0.9848,-1.53e-06,3.0607957398034786e-05
5923.0,0.9848,-1.56e-06,3.0607957398034786e-05
5924.0,0.9848,-1.56e-06,3.0607957398034786e-05
5925.0,0.9848,-1.55e-06,3.0607957398034786e-05
5926.0,0.9848,-1.6e-06,3.0607957398034786e-05
5927.0,0.9848,-1.68e-06,3.0607957398034786e-05
5928.0,0.9848,-1.72e-06,3.0607957398034786e-05
5929.0,0.9847,-1.69e-06,3.080029917437828e-05
5930.0,0.9847,-1.67e-06,3.080029917437828e-05
5931.0,0.9847,-1.71e-06,3.080029917437828e-05
5932.0,0.9847,-1.8e-06,3.080029917437828e-05
5933.0,0.9847,-1.93e-06,3.080029917437828e-05
5934.0,0.9847,-2.09e-06,3.080029917437828e-05
5935.0,0.9847,-2.19e-06,3.080029917437828e-05
5936.0,0.9847,-2.22e-06,3.080029917437828e-05
5937.0,0.9847,-2.25e-06,3.080029917437828e-05
5938.0,0.9847,-2.28e-06,3.080029917437828e-05
5939.0,0.9847,-2.31e-06,3.080029917437828e-05
5940.0,0.9847,-2.31e-06,3.080029917437828e-05
5941.0,0.9847,-2.27e-06,3.080029917437828e-05
5942.0,0.9847,-2.28e-06,3.080029917437828e-05
5943.0,0.9847,-2.32e-06,3.080029917437828e-05
5944.0,0.9847,-2.32e-06,3.080029917437828e-05
5945.0,0.9847,-2.31e-06,3.080029917437828e-05
5946.0,0.9847,-2.31e-06,3.080029917437828e-05
5947.0,0.9847,-2.36e-06,3.080029917437828e-05
5948.0,0.9847,-2.36e-06,3.080029917437828e-05
5949.0,0.9847,-2.34e-06,3.080029917437828e-05
5950.0,0.9847,-2.34e-06,3.080029917437828e-05
5951.0,0.9847,-2.36e-06,3.080029917437828e-05
5952.0,0.9847,-2.31e-06,3.080029917437828e-05
5953.0,0.9847,-2.26e-06,3.080029917437828e-05
5954.0,0.9847,-2.21e-06,3.080029917437828e-05
5955.0,0.9847,-2.15e-06,3.080029917437828e-05
5956.0,0.9847,-2.11e-06,3.080029917437828e-05
5957.0,0.9847,-2.1e-06,3.080029917437828e-05
5958.0,0.9847,-2.12e-06,3.080029917437828e-05
5959.0,0.9847,-2.14e-06,3.080029917437828e-05
5960.0,0.9847,-2.12e-06,3.080029917437828e-05
5961.0,0.9847,-2.04e-06,3.080029917437828e-05
5962.0,0.9847,-2.01e-06,3.080029917437828e-05
5963.0,0.9847,-1.96e-06,3.080029917437828e-05
5964.0,0.9847,-1.88e-06,3.080029917437828e-05
5965.0,0.9847,-1.65e-06,3.080029917437828e-05
5966.0,0.9847,-1.54e-06,3.080029917437828e-05
5967.0,0.9847,-1.49e-06,3.080029917437828e-05
5968.0,0.9847,-1.45e-06,3.080029917437828e-05
5969.0,0.9847,-1.49e-06,3.080029917437828e-05
5970.0,0.9847,-1.64e-06,3.080029917437828e-05
5971.0,0.9847,-1.81e-06,3.080029917437828e-05
5972.0,0.9847,-1.99e-06,3.080029917437828e-05
5973.0,0.9847,-2.15e-06,3.080029917437828e-05
5974.0,0.9847,-2.3e-06,3.080029917437828e-05
5975.0,0.9847,-2.42e-06,3.080029917437828e-05
5976.0,0.9847,-2.49e-06,3.080029917437828e-05
5977.0,0.9846,-2.47e-06,3.099257066442206e-05
5978.0,0.9846,-2.47e-06,3.099257066442206e-05
5979.0,0.9846,-2.48e-06,3.099257066442206e-05
5980.0,0.9846,-2.47e-06,3.099257066442206e-05
5981.0,0.9846,-2.37e-06,3.099257066442206e-05
5982.0,0.9846,-2.24e-06,3.099257066442206e-05
5983.0,0.9846,-2.17e-06,3.099257066442206e-05
5984.0,0.9846,-2.09e-06,3.099257066442206e-05
5985.0,0.9846,-2.02e-06,3.099257066442206e-05
5986.0,0.9846,-1.99e-06,3.099257066442206e-05
5987.0,0.9846,-1.95e-06,3.099257066442206e-05
5988.0,0.9846,-1.89e-06,3.099257066442206e-05
5989.0,0.9846,-2.01e-06,3.099257066442206e-05
5990.0,0.9846,-2.13e-06,3.099257066442206e-05
5991.0,0.9846,-2.22e-06,3.099257066442206e-05
5992.0,0.9846,-2.22e-06,3.099257066442206e-05
5993.0,0.9846,-2.19e-06,3.099257066442206e-05
5994.0,0.9846,-2.18e-06,3.099257066442206e-05
5995.0,0.9846,-2.14e-06,3.099257066442206e-05
5996.0,0.9846,-2.18e-06,3.099257066442206e-05
5997.0,0.9846,-2.21e-06,3.099257066442206e-05
5998.0,0.9846,-2.2e-06,3.099257066442206e-05
5999.0,0.9846,-2.15e-06,3.099257066442206e-05
6000.0,0.9846,-2.07e-06,3.099257066442206e-05
6001.0,0.9846,-2.04e-06,3.099257066442206e-05
6002.0,0.9846,-2.03e-06,3.099257066442206e-05
6003.0,0.9846,-2.04e-06,3.099257066442206e-05
6004.0,0.9846,-2.02e-06,3.099257066442206e-05
6005.0,0.9846,-1.9e-06,3.099257066442206e-05
6006.0,0.9846,-1.7e-06,3.099257066442206e-05
6007.0,0.9846,-1.7e-06,3.099257066442206e-05
6008.0,0.9846,-1.73e-06,3.099257066442206e-05
6009.0,0.9846,-1.7e-06,3.099257066442206e-05
6010.0,0.9846,-1.64e-06,3.099257066442206e-05
6011.0,0.9846,-1.56e-06,3.099257066442206e-05
6012.0,0.9846,-1.49e-06,3.099257066442206e-05
6013.0,0.9846,-1.61e-06,3.099257066442206e-05
6014.0,0.9846,-1.76e-06,3.099257066442206e-05
6015.0,0.9846,-1.9e-06,3.099257066442206e-05
6016.0,0.9846,-1.96e-06,3.099257066442206e-05
6017.0,0.9846,-1.99e-06,3.099257066442206e-05
6018.0,0.9846,-2.01e-06,3.099257066442206e-05
6019.0,0.9846,-1.96e-06,3.099257066442206e-05
6020.0,0.9846,-1.88e-06,3.099257066442206e-05
6021.0,0.9846,-1.81e-06,3.099257066442206e-05
6022.0,0.9846,-1.77e-06,3.099257066442206e-05
6023.0,0.9846,-1.68e-06,3.099257066442206e-05
6024.0,0.9846,-1.55e-06,3.099257066442206e-05
6025.0,0.9846,-1.76e-06,3.099257066442206e-05
6026.0,0.9846,-1.84e-06,3.099257066442206e-05
6027.0,0.9845,-1.87e-06,3.118477221818607e-05
6028.0,0.9845,-1.92e-06,3.118477221818607e-05
6029.0,0.9845,-1.98e-06,3.118477221818607e-05
6030.0,0.9845,-2.09e-06,3.118477221818607e-05
6031.0,0.9845,-2.1e-06,3.118477221818607e-05
6032.0,0.9845,-2.13e-06,3.118477221818607e-05
6033.0,0.9845,-2.09e-06,3.118477221818607e-05
6034.0,0.9845,-2.06e-06,3.118477221818607e-05
6035.0,0.9845,-2.07e-06,3.118477221818607e-05
6036.0,0.9845,-2.1e-06,3.118477221818607e-05
6037.0,0.9845,-2e-06,3.118477221818607e-05
6038.0,0.9845,-2.02e-06,3.118477221818607e-05
6039.0,0.9845,-2e-06,3.118477221818607e-05
6040.0,0.9845,-1.91e-06,3.118477221818607e-05
6041.0,0.9845,-1.89e-06,3.118477221818607e-05
6042.0,0.9845,-2e-06,3.118477221818607e-05
6043.0,0.9845,-2.01e-06,3.118477221818607e-05
6044.0,0.9845,-2.01e-06,3.118477221818607e-05
6045.0,0.9845,-1.98e-06,3.118477221818607e-05
6046.0,0.9845,-1.95e-06,3.118477221818607e-05
6047.0,0.9845,-1.91e-06,3.118477221818607e-05
6048.0,0.9845,-1.91e-06,3.118477221818607e-05
6049.0,0.9845,-1.84e-06,3.118477221818607e-05
6050.0,0.9845,-1.79e-06,3.118477221818607e-05
6051.0,0.9845,-1.74e-06,3.118477221818607e-05
6052.0,0.9845,-1.66e-06,3.118477221818607e-05
6053.0,0.9845,-1.61e-06,3.118477221818607e-05
6054.0,0.9845,-1.58e-06,3.118477221818607e-05
6055.0,0.9845,-1.5e-06,3.118477221818607e-05
6056.0,0.9845,-1.48e-06,3.118477221818607e-05
6057.0,0.9845,-1.53e-06,3.118477221818607e-05
6058.0,0.9845,-1.61e-06,3.118477221818607e-05
6059.0,0.9845,-1.66e-06,3.118477221818607e-05
6060.0,0.9845,-1.7e-06,3.118477221818607e-05
6061.0,0.9845,-1.88e-06,3.118477221818607e-05
6062.0,0.9845,-1.93e-06,3.118477221818607e-05
6063.0,0.9845,-1.97e-06,3.118477221818607e-05
6064.0,0.9845,-2.07e-06,3.118477221818607e-05
6065.0,0.9845,-2.16e-06,3.118477221818607e-05
6066.0,0.9845,-2.2e-06,3.118477221818607e-05
6067.0,0.9845,-2.21e-06,3.118477221818607e-05
6068.0,0.9845,-2.26e-06,3.118477221818607e-05
6069.0,0.9845,-2.3e-06,3.118477221818607e-05
6070.0,0.9845,-2.33e-06,3.118477221818607e-05
6071.0,0.9845,-2.32e-06,3.118477221818607e-05
6072.0,0.9845,-2.3e-06,3.118477221818607e-05
6073.0,0.9845,-2.04e-06,3.118477221818607e-05
6074.0,0.9845,-1.85e-06,3.118477221818607e-05
6075.0,0.9845,-1.74e-06,3.118477221818607e-05
6076.0,0.9845,-1.67e-06,3.118477221818607e-05
6077.0,0.9845,-1.67e-06,3.118477221818607e-05
6078.0,0.9845,-1.68e-06,3.118477221818607e-05
6079.0,0.9844,-1.87e-06,3.1376904181511604e-05
6080.0,0.9844,-2e-06,3.1376904181511604e-05
6081.0,0.9844,-2.13e-06,3.1376904181511604e-05
6082.0,0.9844,-2.2e-06,3.1376904181511604e-05
6083.0,0.9844,-2.3e-06,3.1376904181511604e-05
6084.0,0.9844,-2.4e-06,3.1376904181511604e-05
6085.0,0.9844,-2.4e-06,3.1376904181511604e-05
6086.0,0.9844,-2.37e-06,3.1376904181511604e-05
6087.0,0.9844,-2.31e-06,3.1376904181511604e-05
6088.0,0.9844,-2.24e-06,3.1376904181511604e-05
6089.0,0.9844,-2.18e-06,3.1376904181511604e-05
6090.0,0.9844,-2.09e-06,3.1376904181511604e-05
6091.0,0.9844,-2.02e-06,3.1376904181511604e-05
6092.0,0.9844,-1.98e-06,3.1376904181511604e-05
6093.0,0.9844,-2.01e-06,3.1376904181511604e-05
6094.0,0.9844,-2.02e-06,3.1376904181511604e-05
6095.0,0.9844,-1.99e-06,3.1376904181511604e-05
6096.0,0.9844,-1.99e-06,3.1376904181511604e-05
6097.0,0.9844,-2e-06,3.1376904181511604e-05
6098.0,0.9844,-1.96e-06,3.1376904181511604e-05
6099.0,0.9844,-1.93e-06,3.1376904181511604e-05
6100.0,0.9844,-1.88e-06,3.1376904181511604e-05
6101.0,0.9844,-1.8e-06,3.1376904181511604e-05
6102.0,0.9844,-1.66e-06,3.1376904181511604e-05
6103.0,0.9844,-1.74e-06,3.1376904181511604e-05
6104.0,0.9844,-1.8e-06,3.1376904181511604e-05
6105.0,0.9844,-1.83e-06,3.1376904181511604e-05
6106.0,0.9844,-1.86e-06,3.1376904181511604e-05
6107.0,0.9844,-1.86e-06,3.1376904181511604e-05
6108.0,0.9844,-1.88e-06,3.1376904181511604e-05
6109.0,0.9844,-1.89e-06,3.1376904181511604e-05
6110.0,0.9844,-1.95e-06,3.1376904181511604e-05
6111.0,0.9844,-2.02e-06,3.1376904181511604e-05
6112.0,0.9844,-2.08e-06,3.1376904181511604e-05
6113.0,0.9844,-2.09e-06,3.1376904181511604e-05
6114.0,0.9844,-2.05e-06,3.1376904181511604e-05
6115.0,0.9844,-2.11e-06,3.1376904181511604e-05
6116.0,0.9844,-2.14e-06,3.1376904181511604e-05
6117.0,0.9844,-2.15e-06,3.1376904181511604e-05
6118.0,0.9844,-2.19e-06,3.1376904181511604e-05
6119.0,0.9844,-2.2e-06,3.1376904181511604e-05
6120.0,0.9844,-2.2e-06,3.1376904181511604e-05
6121.0,0.9844,-2.32e-06,3.1376904181511604e-05
6122.0,0.9844,-2.38e-06,3.1376904181511604e-05
6123.0,0.9844,-2.45e-06,3.1376904181511604e-05
6124.0,0.9844,-2.53e-06,3.1376904181511604e-05
6125.0,0.9844,-2.46e-06,3.1376904181511604e-05
6126.0,0.9844,-2.33e-06,3.1376904181511604e-05
6127.0,0.9843,-2.25e-06,3.156896689613814e-05
6128.0,0.9843,-2.22e-06,3.156896689613814e-05
6129.0,0.9843,-2.23e-06,3.156896689613814e-05
6130.0,0.9843,-2.27e-06,3.156896689613814e-05
6131.0,0.9843,-2.3e-06,3.156896689613814e-05
6132.0,0.9843,-2.3e-06,3.156896689613814e-05
6133.0,0.9843,-2.34e-06,3.156896689613814e-05
6134.0,0.9843,-2.3e-06,3.156896689613814e-05
6135.0,0.9843,-2.24e-06,3.156896689613814e-05
6136.0,0.9843,-2.19e-06,3.156896689613814e-05
6137.0,0.9843,-2.12e-06,3.156896689613814e-05
6138.0,0.9843,-2.04e-06,3.156896689613814e-05
6139.0,0.9843,-1.91e-06,3.156896689613814e-05
6140.0,0.9843,-1.82e-06,3.156896689613814e-05
6141.0,0.9843,-1.8e-06,3.156896689613814e-05
6142.0,0.9843,-1.82e-06,3.156896689613814e-05
6143.0,0.9843,-1.92e-06,3.156896689613814e-05
6144.0,0.9843,-2.04e-06,3.156896689613814e-05
6145.0,0.9843,-2.22e-06,3.156896689613814e-05
6146.0,0.9843,-2.32e-06,3.156896689613814e-05
6147.0,0.9843,-2.39e-06,3.156896689613814e-05
6148.0,0.9843,-2.42e-06,3.156896689613814e-05
6149.0,0.9843,-2.49e-06,3.156896689613814e-05
6150.0,0.9843,-2.66e-06,3.156896689613814e-05
6151.0,0.9843,-2.71e-06,3.156896689613814e-05
6152.0,0.9843,-2.75e-06,3.156896689613814e-05
6153.0,0.9843,-2.86e-06,3.156896689613814e-05
6154.0,0.9843,-3.03e-06,3.156896689613814e-05
6155.0,0.9843,-3.21e-06,3.156896689613814e-05
6156.0,0.9843,-3.36e-06,3.156896689613814e-05
6157.0,0.9843,-3.48e-06,3.156896689613814e-05
6158.0,0.9843,-3.57e-06,3.156896689613814e-05
6159.0,0.9843,-3.64e-06,3.156896689613814e-05
6160.0,0.9843,-3.67e-06,3.156896689613814e-05
6161.0,0.9843,-3.65e-06,3.156896689613814e-05
6162.0,0.9843,-3.67e-06,3.156896689613814e-05
6163.0,0.9843,-3.52e-06,3.156896689613814e-05
6164.0,0.9843,-3.45e-06,3.156896689613814e-05
6165.0,0.9842,-3.36e-06,3.17609606997771e-05
6166.0,0.9842,-3.25e-06,3.17609606997771e-05
6167.0,0.9842,-3.14e-06,3.17609606997771e-05
6168.0,0.9842,-3.03e-06,3.17609606997771e-05
6169.0,0.9842,-2.86e-06,3.17609606997771e-05
6170.0,0.9842,-2.65e-06,3.17609606997771e-05
6171.0,0.9842,-2.46e-06,3.17609606997771e-05
6172.0,0.9842,-2.32e-06,3.17609606997771e-05
6173.0,0.9842,-2.18e-06,3.17609606997771e-05
6174.0,0.9842,-2.05e-06,3.17609606997771e-05
6175.0,0.9842,-2.07e-06,3.17609606997771e-05
6176.0,0.9842,-2.11e-06,3.17609606997771e-05
6177.0,0.9842,-2.12e-06,3.17609606997771e-05
6178.0,0.9842,-2.13e-06,3.17609606997771e-05
6179.0,0.9842,-2.21e-06,3.17609606997771e-05
6180.0,0.9842,-2.34e-06,3.17609606997771e-05
6181.0,0.9842,-2.36e-06,3.17609606997771e-05
6182.0,0.9842,-2.39e-06,3.17609606997771e-05
6183.0,0.9842,-2.39e-06,3.17609606997771e-05
6184.0,0.9842,-2.32e-06,3.17609606997771e-05
6185.0,0.9842,-2.26e-06,3.17609606997771e-05
6186.0,0.9842,-2.18e-06,3.17609606997771e-05
6187.0,0.9842,-2.12e-06,3.17609606997771e-05
6188.0,0.9842,-2.1e-06,3.17609606997771e-05
6189.0,0.9842,-2.09e-06,3.17609606997771e-05
6190.0,0.9842,-2.06e-06,3.17609606997771e-05
6191.0,0.9842,-2.05e-06,3.17609606997771e-05
6192.0,0.9842,-2.07e-06,3.17609606997771e-05
6193.0,0.9842,-2.2e-06,3.17609606997771e-05
6194.0,0.9842,-2.28e-06,3.17609606997771e-05
6195.0,0.9842,-2.3e-06,3.17609606997771e-05
6196.0,0.9842,-2.28e-06,3.17609606997771e-05
6197.0,0.9842,-2.26e-06,3.17609606997771e-05
6198.0,0.9842,-2.29e-06,3.17609606997771e-05
6199.0,0.9842,-2.27e-06,3.17609606997771e-05
6200.0,0.9842,-2.31e-06,3.17609606997771e-05
6201.0,0.9842,-2.36e-06,3.17609606997771e-05
6202.0,0.9842,-2.4e-06,3.17609606997771e-05
6203.0,0.9842,-2.45e-06,3.17609606997771e-05
6204.0,0.9842,-2.53e-06,3.17609606997771e-05
6205.0,0.9842,-2.57e-06,3.17609606997771e-05
6206.0,0.9842,-2.6e-06,3.17609606997771e-05
6207.0,0.9841,-2.61e-06,3.1952885926185956e-05
6208.0,0.9841,-2.6e-06,3.1952885926185956e-05
6209.0,0.9841,-2.58e-06,3.1952885926185956e-05
6210.0,0.9841,-2.48e-06,3.1952885926185956e-05
6211.0,0.9841,-2.45e-06,3.1952885926185956e-05
6212.0,0.9841,-2.44e-06,3.1952885926185956e-05
6213.0,0.9841,-2.37e-06,3.1952885926185956e-05
6214.0,0.9841,-2.33e-06,3.1952885926185956e-05
6215.0,0.9841,-2.31e-06,3.1952885926185956e-05
6216.0,0.9841,-2.27e-06,3.1952885926185956e-05
6217.0,0.9841,-2.27e-06,3.1952885926185956e-05
6218.0,0.9841,-2.27e-06,3.1952885926185956e-05
6219.0,0.9841,-2.27e-06,3.1952885926185956e-05
6220.0,0.9841,-2.27e-06,3.1952885926185956e-05
6221.0,0.9841,-2.31e-06,3.1952885926185956e-05
6222.0,0.9841,-2.4e-06,3.1952885926185956e-05
6223.0,0.9841,-2.35e-06,3.1952885926185956e-05
6224.0,0.9841,-2.35e-06,3.1952885926185956e-05
6225.0,0.9841,-2.36e-06,3.1952885926185956e-05
6226.0,0.9841,-2.4e-06,3.1952885926185956e-05
6227.0,0.9841,-2.5e-06,3.1952885926185956e-05
6228.0,0.9841,-2.68e-06,3.1952885926185956e-05
6229.0,0.9841,-2.78e-06,3.1952885926185956e-05
6230.0,0.9841,-2.81e-06,3.1952885926185956e-05
6231.0,0.9841,-2.83e-06,3.1952885926185956e-05
6232.0,0.9841,-2.83e-06,3.1952885926185956e-05
6233.0,0.9841,-2.81e-06,3.1952885926185956e-05
6234.0,0.9841,-2.83e-06,3.1952885926185956e-05
6235.0,0.9841,-2.74e-06,3.1952885926185956e-05
6236.0,0.9841,-2.69e-06,3.1952885926185956e-05
6237.0,0.9841,-2.65e-06,3.1952885926185956e-05
6238.0,0.9841,-2.6e-06,3.1952885926185956e-05
6239.0,0.9841,-2.55e-06,3.1952885926185956e-05
6240.0,0.9841,-2.53e-06,3.1952885926185956e-05
6241.0,0.9841,-2.37e-06,3.1952885926185956e-05
6242.0,0.9841,-2.25e-06,3.1952885926185956e-05
6243.0,0.9841,-2.19e-06,3.1952885926185956e-05
6244.0,0.9841,-2.16e-06,3.1952885926185956e-05
6245.0,0.9841,-2.15e-06,3.1952885926185956e-05
6246.0,0.9841,-2.19e-06,3.1952885926185956e-05
6247.0,0.9841,-2.39e-06,3.1952885926185956e-05
6248.0,0.984,-2.49e-06,3.214474290523848e-05
6249.0,0.984,-2.55e-06,3.214474290523848e-05
6250.0,0.984,-2.62e-06,3.214474290523848e-05
6251.0,0.984,-2.72e-06,3.214474290523848e-05
6252.0,0.984,-2.84e-06,3.214474290523848e-05
6253.0,0.984,-2.81e-06,3.214474290523848e-05
6254.0,0.984,-2.87e-06,3.214474290523848e-05
6255.0,0.984,-2.93e-06,3.214474290523848e-05
6256.0,0.984,-2.96e-06,3.214474290523848e-05
6257.0,0.984,-2.97e-06,3.214474290523848e-05
6258.0,0.984,-3e-06,3.214474290523848e-05
6259.0,0.984,-3.01e-06,3.214474290523848e-05
6260.0,0.984,-3.01e-06,3.214474290523848e-05
6261.0,0.984,-2.91e-06,3.214474290523848e-05
6262.0,0.984,-2.87e-06,3.214474290523848e-05
6263.0,0.984,-2.88e-06,3.214474290523848e-05
6264.0,0.984,-2.9e-06,3.214474290523848e-05
6265.0,0.984,-2.87e-06,3.214474290523848e-05
6266.0,0.984,-2.85e-06,3.214474290523848e-05
6267.0,0.984,-2.86e-06,3.214474290523848e-05
6268.0,0.984,-2.89e-06,3.214474290523848e-05
6269.0,0.984,-2.94e-06,3.214474290523848e-05
6270.0,0.984,-3.03e-06,3.214474290523848e-05
6271.0,0.984,-2.86e-06,3.214474290523848e-05
6272.0,0.984,-2.77e-06,3.214474290523848e-05
6273.0,0.984,-2.73e-06,3.214474290523848e-05
6274.0,0.984,-2.73e-06,3.214474290523848e-05
6275.0,0.984,-2.72e-06,3.214474290523848e-05
6276.0,0.984,-2.71e-06,3.214474290523848e-05
6277.0,0.984,-2.83e-06,3.214474290523848e-05
6278.0,0.984,-2.89e-06,3.214474290523848e-05
6279.0,0.984,-2.96e-06,3.214474290523848e-05
6280.0,0.984,-3.03e-06,3.214474290523848e-05
6281.0,0.984,-3.07e-06,3.214474290523848e-05
6282.0,0.984,-3.13e-06,3.214474290523848e-05
6283.0,0.9839,-3.08e-06,3.2336531962994295e-05
6284.0,0.9839,-3.01e-06,3.2336531962994295e-05
6285.0,0.9839,-2.96e-06,3.2336531962994295e-05
6286.0,0.9839,-2.95e-06,3.2336531962994295e-05
6287.0,0.9839,-2.98e-06,3.2336531962994295e-05
6288.0,0.9839,-3.05e-06,3.2336531962994295e-05
6289.0,0.9839,-3e-06,3.2336531962994295e-05
6290.0,0.9839,-2.92e-06,3.2336531962994295e-05
6291.0,0.9839,-2.87e-06,3.2336531962994295e-05
6292.0,0.9839,-2.9e-06,3.2336531962994295e-05
6293.0,0.9839,-2.97e-06,3.2336531962994295e-05
6294.0,0.9839,-3.15e-06,3.2336531962994295e-05
6295.0,0.9839,-3.2e-06,3.2336531962994295e-05
6296.0,0.9839,-3.29e-06,3.2336531962994295e-05
6297.0,0.9839,-3.42e-06,3.2336531962994295e-05
6298.0,0.9839,-3.56e-06,3.2336531962994295e-05
6299.0,0.9839,-3.6e-06,3.2336531962994295e-05
6300.0,0.9839,-3.61e-06,3.2336531962994295e-05
6301.0,0.9839,-3.53e-06,3.2336531962994295e-05
6302.0,0.9839,-3.5e-06,3.2336531962994295e-05
6303.0,0.9839,-3.46e-06,3.2336531962994295e-05
6304.0,0.9839,-3.4e-06,3.2336531962994295e-05
6305.0,0.9839,-3.35e-06,3.2336531962994295e-05
6306.0,0.9839,-3.3e-06,3.2336531962994295e-05
6307.0,0.9839,-3.26e-06,3.2336531962994295e-05
6308.0,0.9839,-3.15e-06,3.2336531962994295e-05
6309.0,0.9839,-3.02e-06,3.2336531962994295e-05
6310.0,0.9839,-2.96e-06,3.2336531962994295e-05
6311.0,0.9839,-2.91e-06,3.2336531962994295e-05
6312.0,0.9839,-2.88e-06,3.2336531962994295e-05
6313.0,0.9839,-2.95e-06,3.2336531962994295e-05
6314.0,0.9839,-2.99e-06,3.2336531962994295e-05
6315.0,0.9838,-2.97e-06,3.252825342176653e-05
6316.0,0.9838,-2.94e-06,3.252825342176653e-05
6317.0,0.9838,-2.94e-06,3.252825342176653e-05
6318.0,0.9838,-3.04e-06,3.252825342176653e-05
6319.0,0.9838,-2.93e-06,3.252825342176653e-05
6320.0,0.9838,-2.96e-06,3.252825342176653e-05
6321.0,0.9838,-2.99e-06,3.252825342176653e-05
6322.0,0.9838,-3e-06,3.252825342176653e-05
6323.0,0.9838,-3.01e-06,3.252825342176653e-05
6324.0,0.9838,-3.01e-06,3.252825342176653e-05
6325.0,0.9838,-3.05e-06,3.252825342176653e-05
6326.0,0.9838,-3.16e-06,3.252825342176653e-05
6327.0,0.9838,-3.27e-06,3.252825342176653e-05
6328.0,0.9838,-3.29e-06,3.252825342176653e-05
6329.0,0.9838,-3.24e-06,3.252825342176653e-05
6330.0,0.9838,-3.16e-06,3.252825342176653e-05
6331.0,0.9838,-3.23e-06,3.252825342176653e-05
6332.0,0.9838,-3.28e-06,3.252825342176653e-05
6333.0,0.9838,-3.34e-06,3.252825342176653e-05
6334.0,0.9838,-3.36e-06,3.252825342176653e-05
6335.0,0.9838,-3.28e-06,3.252825342176653e-05
6336.0,0.9838,-3.1e-06,3.252825342176653e-05
6337.0,0.9838,-3.08e-06,3.252825342176653e-05
6338.0,0.9838,-2.97e-06,3.252825342176653e-05
6339.0,0.9838,-2.82e-06,3.252825342176653e-05
6340.0,0.9838,-2.72e-06,3.252825342176653e-05
6341.0,0.9838,-2.62e-06,3.252825342176653e-05
6342.0,0.9838,-2.42e-06,3.252825342176653e-05
6343.0,0.9838,-2.45e-06,3.252825342176653e-05
6344.0,0.9838,-2.39e-06,3.252825342176653e-05
6345.0,0.9838,-2.34e-06,3.252825342176653e-05
6346.0,0.9838,-2.39e-06,3.252825342176653e-05
6347.0,0.9838,-2.46e-06,3.252825342176653e-05
6348.0,0.9838,-2.59e-06,3.252825342176653e-05
6349.0,0.9837,-2.63e-06,3.2719907600187954e-05
6350.0,0.9837,-2.7e-06,3.2719907600187954e-05
6351.0,0.9837,-2.78e-06,3.2719907600187954e-05
6352.0,0.9837,-2.86e-06,3.2719907600187954e-05
6353.0,0.9837,-2.97e-06,3.2719907600187954e-05
6354.0,0.9837,-3.09e-06,3.2719907600187954e-05
6355.0,0.9837,-3.04e-06,3.2719907600187954e-05
6356.0,0.9837,-3e-06,3.2719907600187954e-05
6357.0,0.9837,-2.96e-06,3.2719907600187954e-05
6358.0,0.9837,-2.92e-06,3.2719907600187954e-05
6359.0,0.9837,-2.92e-06,3.2719907600187954e-05
6360.0,0.9837,-2.95e-06,3.2719907600187954e-05
6361.0,0.9837,-3.03e-06,3.2719907600187954e-05
6362.0,0.9837,-3.08e-06,3.2719907600187954e-05
6363.0,0.9837,-3.14e-06,3.2719907600187954e-05
6364.0,0.9837,-3.23e-06,3.2719907600187954e-05
6365.0,0.9837,-3.27e-06,3.2719907600187954e-05
6366.0,0.9837,-3.3e-06,3.2719907600187954e-05
6367.0,0.9837,-3.3e-06,3.2719907600187954e-05
6368.0,0.9837,-3.31e-06,3.2719907600187954e-05
6369.0,0.9837,-3.32e-06,3.2719907600187954e-05
6370.0,0.9837,-3.37e-06,3.2719907600187954e-05
6371.0,0.9837,-3.41e-06,3.2719907600187954e-05
6372.0,0.9837,-3.48e-06,3.2719907600187954e-05
6373.0,0.9837,-3.46e-06,3.2719907600187954e-05
6374.0,0.9837,-3.46e-06,3.2719907600187954e-05
6375.0,0.9837,-3.46e-06,3.2719907600187954e-05
6376.0,0.9837,-3.48e-06,3.2719907600187954e-05
6377.0,0.9837,-3.52e-06,3.2719907600187954e-05
6378.0,0.9837,-3.62e-06,3.2719907600187954e-05
6379.0,0.9837,-3.63e-06,3.2719907600187954e-05
6380.0,0.9836,-3.65e-06,3.2911494813275434e-05
6381.0,0.9836,-3.68e-06,3.2911494813275434e-05
6382.0,0.9836,-3.68e-06,3.2911494813275434e-05
6383.0,0.9836,-3.63e-06,3.2911494813275434e-05
6384.0,0.9836,-3.57e-06,3.2911494813275434e-05
6385.0,0.9836,-3.41e-06,3.2911494813275434e-05
6386.0,0.9836,-3.34e-06,3.2911494813275434e-05
6387.0,0.9836,-3.34e-06,3.2911494813275434e-05
6388.0,0.9836,-3.31e-06,3.2911494813275434e-05
6389.0,0.9836,-3.21e-06,3.2911494813275434e-05
6390.0,0.9836,-3.07e-06,3.2911494813275434e-05
6391.0,0.9836,-3.15e-06,3.2911494813275434e-05
6392.0,0.9836,-3.24e-06,3.2911494813275434e-05
6393.0,0.9836,-3.35e-06,3.2911494813275434e-05
6394.0,0.9836,-3.49e-06,3.2911494813275434e-05
6395.0,0.9836,-3.62e-06,3.2911494813275434e-05
6396.0,0.9836,-3.65e-06,3.2911494813275434e-05
6397.0,0.9836,-3.69e-06,3.2911494813275434e-05
6398.0,0.9836,-3.63e-06,3.2911494813275434e-05
6399.0,0.9836,-3.53e-06,3.2911494813275434e-05
6400.0,0.9836,-3.41e-06,3.2911494813275434e-05
6401.0,0.9836,-3.27e-06,3.2911494813275434e-05
6402.0,0.9836,-3.15e-06,3.2911494813275434e-05
6403.0,0.9836,-3.06e-06,3.2911494813275434e-05
6404.0,0.9836,-3.01e-06,3.2911494813275434e-05
6405.0,0.9836,-2.9e-06,3.2911494813275434e-05
6406.0,0.9836,-2.75e-06,3.2911494813275434e-05
6407.0,0.9836,-2.65e-06,3.2911494813275434e-05
6408.0,0.9836,-2.59e-06,3.2911494813275434e-05
6409.0,0.9836,-2.55e-06,3.2911494813275434e-05
6410.0,0.9836,-2.59e-06,3.2911494813275434e-05
6411.0,0.9835,-2.59e-06,3.3103015372492916e-05
6412.0,0.9835,-2.55e-06,3.3103015372492916e-05
6413.0,0.9835,-2.48e-06,3.3103015372492916e-05
6414.0,0.9835,-2.36e-06,3.3103015372492916e-05
6415.0,0.9835,-2.33e-06,3.3103015372492916e-05
6416.0,0.9835,-2.34e-06,3.3103015372492916e-05
6417.0,0.9835,-2.35e-06,3.3103015372492916e-05
6418.0,0.9835,-2.37e-06,3.3103015372492916e-05
6419.0,0.9835,-2.44e-06,3.3103015372492916e-05
6420.0,0.9835,-2.53e-06,3.3103015372492916e-05
6421.0,0.9835,-2.68e-06,3.3103015372492916e-05
6422.0,0.9835,-2.68e-06,3.3103015372492916e-05
6423.0,0.9835,-2.63e-06,3.3103015372492916e-05
6424.0,0.9835,-2.53e-06,3.3103015372492916e-05
6425.0,0.9835,-2.43e-06,3.3103015372492916e-05
6426.0,0.9835,-2.4e-06,3.3103015372492916e-05
6427.0,0.9835,-2.32e-06,3.3103015372492916e-05
6428.0,0.9835,-2.35e-06,3.3103015372492916e-05
6429.0,0.9835,-2.43e-06,3.3103015372492916e-05
6430.0,0.9835,-2.53e-06,3.3103015372492916e-05
6431.0,0.9835,-2.63e-06,3.3103015372492916e-05
6432.0,0.9835,-2.75e-06,3.3103015372492916e-05
6433.0,0.9835,-2.99e-06,3.3103015372492916e-05
6434.0,0.9835,-3.2e-06,3.3103015372492916e-05
6435.0,0.9835,-3.37e-06,3.3103015372492916e-05
6436.0,0.9835,-3.45e-06,3.3103015372492916e-05
6437.0,0.9835,-3.49e-06,3.3103015372492916e-05
6438.0,0.9835,-3.47e-06,3.3103015372492916e-05
6439.0,0.9835,-3.44e-06,3.3103015372492916e-05
6440.0,0.9835,-3.53e-06,3.3103015372492916e-05
6441.0,0.9835,-3.63e-06,3.3103015372492916e-05
6442.0,0.9835,-3.72e-06,3.3103015372492916e-05
6443.0,0.9835,-3.83e-06,3.3103015372492916e-05
6444.0,0.9835,-3.84e-06,3.3103015372492916e-05
6445.0,0.9835,-4.08e-06,3.3103015372492916e-05
6446.0,0.9834,-4.18e-06,3.329446958581297e-05
6447.0,0.9834,-4.18e-06,3.329446958581297e-05
6448.0,0.9834,-4.13e-06,3.329446958581297e-05
6449.0,0.9834,-4.02e-06,3.329446958581297e-05
6450.0,0.9834,-3.86e-06,3.329446958581297e-05
6451.0,0.9834,-3.64e-06,3.329446958581297e-05
6452.0,0.9834,-3.54e-06,3.329446958581297e-05
6453.0,0.9834,-3.51e-06,3.329446958581297e-05
6454.0,0.9834,-3.55e-06,3.329446958581297e-05
6455.0,0.9834,-3.61e-06,3.329446958581297e-05
6456.0,0.9834,-3.65e-06,3.329446958581297e-05
6457.0,0.9834,-3.64e-06,3.329446958581297e-05
6458.0,0.9834,-3.56e-06,3.329446958581297e-05
6459.0,0.9834,-3.51e-06,3.329446958581297e-05
6460.0,0.9834,-3.51e-06,3.329446958581297e-05
6461.0,0.9834,-3.58e-06,3.329446958581297e-05
6462.0,0.9834,-3.68e-06,3.329446958581297e-05
6463.0,0.9834,-3.75e-06,3.329446958581297e-05
6464.0,0.9834,-3.75e-06,3.329446958581297e-05
6465.0,0.9834,-3.7e-06,3.329446958581297e-05
6466.0,0.9834,-3.63e-06,3.329446958581297e-05
6467.0,0.9834,-3.62e-06,3.329446958581297e-05
6468.0,0.9834,-3.7e-06,3.329446958581297e-05
6469.0,0.9834,-3.49e-06,3.329446958581297e-05
6470.0,0.9834,-3.45e-06,3.329446958581297e-05
6471.0,0.9834,-3.49e-06,3.329446958581297e-05
6472.0,0.9834,-3.51e-06,3.329446958581297e-05
6473.0,0.9833,-3.54e-06,3.348585775777707e-05
6474.0,0.9833,-3.61e-06,3.348585775777707e-05
6475.0,0.9833,-3.67e-06,3.348585775777707e-05
6476.0,0.9833,-3.7e-06,3.348585775777707e-05
6477.0,0.9833,-3.7e-06,3.348585775777707e-05
6478.0,0.9833,-3.7e-06,3.348585775777707e-05
6479.0,0.9833,-3.69e-06,3.348585775777707e-05
6480.0,0.9833,-3.66e-06,3.348585775777707e-05
6481.0,0.9833,-3.66e-06,3.348585775777707e-05
6482.0,0.9833,-3.62e-06,3.348585775777707e-05
6483.0,0.9833,-3.57e-06,3.348585775777707e-05
6484.0,0.9833,-3.49e-06,3.348585775777707e-05
6485.0,0.9833,-3.43e-06,3.348585775777707e-05
6486.0,0.9833,-3.39e-06,3.348585775777707e-05
6487.0,0.9833,-3.41e-06,3.348585775777707e-05
6488.0,0.9833,-3.49e-06,3.348585775777707e-05
6489.0,0.9833,-3.59e-06,3.348585775777707e-05
6490.0,0.9833,-3.66e-06,3.348585775777707e-05
6491.0,0.9833,-3.7e-06,3.348585775777707e-05
6492.0,0.9833,-3.76e-06,3.348585775777707e-05
6493.0,0.9833,-3.92e-06,3.348585775777707e-05
6494.0,0.9833,-4e-06,3.348585775777707e-05
6495.0,0.9833,-4.09e-06,3.348585775777707e-05
6496.0,0.9833,-4.12e-06,3.348585775777707e-05
6497.0,0.9833,-4.11e-06,3.348585775777707e-05
6498.0,0.9833,-4.04e-06,3.348585775777707e-05
6499.0,0.9833,-4.04e-06,3.348585775777707e-05
6500.0,0.9832,-4.03e-06,3.36771801895534e-05
6501.0,0.9832,-4.03e-06,3.36771801895534e-05
6502.0,0.9832,-4.03e-06,3.36771801895534e-05
6503.0,0.9832,-4.02e-06,3.36771801895534e-05
6504.0,0.9832,-3.91e-06,3.36771801895534e-05
6505.0,0.9832,-3.79e-06,3.36771801895534e-05
6506.0,0.9832,-3.68e-06,3.36771801895534e-05
6507.0,0.9832,-3.65e-06,3.36771801895534e-05
6508.0,0.9832,-3.64e-06,3.36771801895534e-05
6509.0,0.9832,-3.56e-06,3.36771801895534e-05
6510.0,0.9832,-3.48e-06,3.36771801895534e-05
6511.0,0.9832,-3.57e-06,3.36771801895534e-05
6512.0,0.9832,-3.62e-06,3.36771801895534e-05
6513.0,0.9832,-3.62e-06,3.36771801895534e-05
6514.0,0.9832,-3.57e-06,3.36771801895534e-05
6515.0,0.9832,-3.59e-06,3.36771801895534e-05
6516.0,0.9832,-3.65e-06,3.36771801895534e-05
6517.0,0.9832,-3.66e-06,3.36771801895534e-05
6518.0,0.9832,-3.64e-06,3.36771801895534e-05
6519.0,0.9832,-3.62e-06,3.36771801895534e-05
6520.0,0.9832,-3.51e-06,3.36771801895534e-05
6521.0,0.9832,-3.34e-06,3.36771801895534e-05
6522.0,0.9832,-3.17e-06,3.36771801895534e-05
6523.0,0.9832,-3.05e-06,3.36771801895534e-05
6524.0,0.9832,-3.02e-06,3.36771801895534e-05
6525.0,0.9832,-3.02e-06,3.36771801895534e-05
6526.0,0.9832,-3.02e-06,3.36771801895534e-05
6527.0,0.9832,-3.09e-06,3.36771801895534e-05
6528.0,0.9831,-3.16e-06,3.386843717899551e-05
6529.0,0.9831,-3.45e-06,3.386843717899551e-05
6530.0,0.9831,-3.57e-06,3.386843717899551e-05
6531.0,0.9831,-3.62e-06,3.386843717899551e-05
6532.0,0.9831,-3.63e-06,3.386843717899551e-05
6533.0,0.9831,-3.66e-06,3.386843717899551e-05
6534.0,0.9831,-3.64e-06,3.386843717899551e-05
6535.0,0.9831,-3.53e-06,3.386843717899551e-05
6536.0,0.9831,-3.52e-06,3.386843717899551e-05
6537.0,0.9831,-3.52e-06,3.386843717899551e-05
6538.0,0.9831,-3.56e-06,3.386843717899551e-05
6539.0,0.9831,-3.59e-06,3.386843717899551e-05
6540.0,0.9831,-3.61e-06,3.386843717899551e-05
6541.0,0.9831,-3.64e-06,3.386843717899551e-05
6542.0,0.9831,-3.67e-06,3.386843717899551e-05
6543.0,0.9831,-3.7e-06,3.386843717899551e-05
6544.0,0.9831,-3.69e-06,3.386843717899551e-05
6545.0,0.9831,-3.63e-06,3.386843717899551e-05
6546.0,0.9831,-3.56e-06,3.386843717899551e-05
6547.0,0.9831,-3.6e-06,3.386843717899551e-05
6548.0,0.9831,-3.76e-06,3.386843717899551e-05
6549.0,0.9831,-3.87e-06,3.386843717899551e-05
6550.0,0.9831,-3.91e-06,3.386843717899551e-05
6551.0,0.9831,-3.95e-06,3.386843717899551e-05
6552.0,0.9831,-4e-06,3.386843717899551e-05
6553.0,0.9831,-4.05e-06,3.386843717899551e-05
6554.0,0.9831,-4.04e-06,3.386843717899551e-05
6555.0,0.983,-4.05e-06,3.405962902069747e-05
6556.0,0.983,-4.06e-06,3.405962902069747e-05
6557.0,0.983,-4.03e-06,3.405962902069747e-05
6558.0,0.983,-3.97e-06,3.405962902069747e-05
6559.0,0.983,-4.04e-06,3.405962902069747e-05
6560.0,0.983,-4.13e-06,3.405962902069747e-05
6561.0,0.983,-4.23e-06,3.405962902069747e-05
6562.0,0.983,-4.36e-06,3.405962902069747e-05
6563.0,0.983,-4.46e-06,3.405962902069747e-05
6564.0,0.983,-4.54e-06,3.405962902069747e-05
6565.0,0.983,-4.6e-06,3.405962902069747e-05
6566.0,0.983,-4.62e-06,3.405962902069747e-05
6567.0,0.983,-4.58e-06,3.405962902069747e-05
6568.0,0.983,-4.55e-06,3.405962902069747e-05
6569.0,0.983,-4.48e-06,3.405962902069747e-05
6570.0,0.983,-4.37e-06,3.405962902069747e-05
6571.0,0.983,-4.19e-06,3.405962902069747e-05
6572.0,0.983,-4.04e-06,3.405962902069747e-05
6573.0,0.983,-3.89e-06,3.405962902069747e-05
6574.0,0.983,-3.82e-06,3.405962902069747e-05
6575.0,0.983,-3.82e-06,3.405962902069747e-05
6576.0,0.983,-3.8e-06,3.405962902069747e-05
6577.0,0.983,-3.72e-06,3.405962902069747e-05
6578.0,0.983,-3.64e-06,3.405962902069747e-05
6579.0,0.9829,-3.56e-06,3.4250756006048866e-05
6580.0,0.9829,-3.5e-06,3.4250756006048866e-05
6581.0,0.9829,-3.43e-06,3.4250756006048866e-05
6582.0,0.9829,-3.39e-06,3.4250756006048866e-05
6583.0,0.9829,-3.37e-06,3.4250756006048866e-05
6584.0,0.9829,-3.42e-06,3.4250756006048866e-05
6585.0,0.9829,-3.44e-06,3.4250756006048866e-05
6586.0,0.9829,-3.41e-06,3.4250756006048866e-05
6587.0,0.9829,-3.42e-06,3.4250756006048866e-05
6588.0,0.9829,-3.49e-06,3.4250756006048866e-05
6589.0,0.9829,-3.46e-06,3.4250756006048866e-05
6590.0,0.9829,-3.49e-06,3.4250756006048866e-05
6591.0,0.9829,-3.53e-06,3.4250756006048866e-05
6592.0,0.9829,-3.55e-06,3.4250756006048866e-05
6593.0,0.9829,-3.5e-06,3.4250756006048866e-05
6594.0,0.9829,-3.44e-06,3.4250756006048866e-05
6595.0,0.9829,-3.53e-06,3.4250756006048866e-05
6596.0,0.9829,-3.54e-06,3.4250756006048866e-05
6597.0,0.9829,-3.51e-06,3.4250756006048866e-05
6598.0,0.9829,-3.48e-06,3.4250756006048866e-05
6599.0,0.9829,-3.42e-06,3.4250756006048866e-05
6600.0,0.9829,-3.32e-06,3.4250756006048866e-05
6601.0,0.9829,-3.22e-06,3.4250756006048866e-05
6602.0,0.9829,-3.19e-06,3.4250756006048866e-05
6603.0,0.9829,-3.14e-06,3.4250756006048866e-05
6604.0,0.9829,-3.08e-06,3.4250756006048866e-05
6605.0,0.9829,-3.06e-06,3.4250756006048866e-05
6606.0,0.9829,-3.08e-06,3.4250756006048866e-05
6607.0,0.9829,-3.1e-06,3.4250756006048866e-05
6608.0,0.9829,-3.12e-06,3.4250756006048866e-05
6609.0,0.9828,-3.14e-06,3.4441818423288265e-05
6610.0,0.9828,-3.17e-06,3.4441818423288265e-05
6611.0,0.9828,-3.19e-06,3.4441818423288265e-05
6612.0,0.9828,-3.23e-06,3.4441818423288265e-05
6613.0,0.9828,-3.23e-06,3.4441818423288265e-05
6614.0,0.9828,-3.23e-06,3.4441818423288265e-05
6615.0,0.9828,-3.22e-06,3.4441818423288265e-05
6616.0,0.9828,-3.17e-06,3.4441818423288265e-05
6617.0,0.9828,-3.12e-06,3.4441818423288265e-05
6618.0,0.9828,-3.1e-06,3.4441818423288265e-05
6619.0,0.9828,-3.05e-06,3.4441818423288265e-05
6620.0,0.9828,-3.06e-06,3.4441818423288265e-05
6621.0,0.9828,-3.11e-06,3.4441818423288265e-05
6622.0,0.9828,-3.2e-06,3.4441818423288265e-05
6623.0,0.9828,-3.26e-06,3.4441818423288265e-05
6624.0,0.9828,-3.28e-06,3.4441818423288265e-05
6625.0,0.9828,-3.46e-06,3.4441818423288265e-05
6626.0,0.9828,-3.54e-06,3.4441818423288265e-05
6627.0,0.9828,-3.52e-06,3.4441818423288265e-05
6628.0,0.9828,-3.52e-06,3.4441818423288265e-05
6629.0,0.9828,-3.52e-06,3.4441818423288265e-05
6630.0,0.9828,-3.52e-06,3.4441818423288265e-05
6631.0,0.9828,-3.55e-06,3.4441818423288265e-05
6632.0,0.9828,-3.65e-06,3.4441818423288265e-05
6633.0,0.9828,-3.69e-06,3.4441818423288265e-05
6634.0,0.9828,-3.69e-06,3.4441818423288265e-05
6635.0,0.9828,-3.72e-06,3.4441818423288265e-05
6636.0,0.9828,-3.82e-06,3.4441818423288265e-05
6637.0,0.9828,-3.79e-06,3.4441818423288265e-05
6638.0,0.9827,-3.78e-06,3.4632816557555584e-05
6639.0,0.9827,-3.79e-06,3.4632816557555584e-05
6640.0,0.9827,-3.85e-06,3.4632816557555584e-05
6641.0,0.9827,-3.96e-06,3.4632816557555584e-05
6642.0,0.9827,-4.04e-06,3.4632816557555584e-05
6643.0,0.9827,-3.96e-06,3.4632816557555584e-05
6644.0,0.9827,-3.94e-06,3.4632816557555584e-05
6645.0,0.9827,-4e-06,3.4632816557555584e-05
6646.0,0.9827,-4.01e-06,3.4632816557555584e-05
6647.0,0.9827,-3.94e-06,3.4632816557555584e-05
6648.0,0.9827,-3.83e-06,3.4632816557555584e-05
6649.0,0.9827,-3.64e-06,3.4632816557555584e-05
6650.0,0.9827,-3.5e-06,3.4632816557555584e-05
6651.0,0.9827,-3.41e-06,3.4632816557555584e-05
6652.0,0.9827,-3.34e-06,3.4632816557555584e-05
6653.0,0.9827,-3.26e-06,3.4632816557555584e-05
6654.0,0.9827,-3.13e-06,3.4632816557555584e-05
6655.0,0.9827,-3.29e-06,3.4632816557555584e-05
6656.0,0.9827,-3.41e-06,3.4632816557555584e-05
6657.0,0.9827,-3.57e-06,3.4632816557555584e-05
6658.0,0.9827,-3.68e-06,3.4632816557555584e-05
6659.0,0.9827,-3.7e-06,3.4632816557555584e-05
6660.0,0.9827,-3.71e-06,3.4632816557555584e-05
6661.0,0.9827,-3.69e-06,3.4632816557555584e-05
6662.0,0.9827,-3.7e-06,3.4632816557555584e-05
6663.0,0.9827,-3.77e-06,3.4632816557555584e-05
6664.0,0.9827,-3.84e-06,3.4632816557555584e-05
6665.0,0.9826,-3.88e-06,3.4823750690943186e-05
6666.0,0.9826,-3.82e-06,3.4823750690943186e-05
6667.0,0.9826,-4e-06,3.4823750690943186e-05
6668.0,0.9826,-4e-06,3.4823750690943186e-05
6669.0,0.9826,-3.95e-06,3.4823750690943186e-05
6670.0,0.9826,-3.9e-06,3.4823750690943186e-05
6671.0,0.9826,-3.84e-06,3.4823750690943186e-05
6672.0,0.9826,-3.79e-06,3.4823750690943186e-05
6673.0,0.9826,-3.77e-06,3.4823750690943186e-05
6674.0,0.9826,-3.84e-06,3.4823750690943186e-05
6675.0,0.9826,-3.92e-06,3.4823750690943186e-05
6676.0,0.9826,-3.9e-06,3.4823750690943186e-05
6677.0,0.9826,-3.87e-06,3.4823750690943186e-05
6678.0,0.9826,-3.91e-06,3.4823750690943186e-05
6679.0,0.9826,-3.98e-06,3.4823750690943186e-05
6680.0,0.9826,-3.99e-06,3.4823750690943186e-05
6681.0,0.9826,-3.99e-06,3.4823750690943186e-05
6682.0,0.9826,-4.01e-06,3.4823750690943186e-05
6683.0,0.9826,-3.94e-06,3.4823750690943186e-05
6684.0,0.9826,-3.79e-06,3.4823750690943186e-05
6685.0,0.9826,-3.74e-06,3.4823750690943186e-05
6686.0,0.9826,-3.63e-06,3.4823750690943186e-05
6687.0,0.9826,-3.52e-06,3.4823750690943186e-05
6688.0,0.9826,-3.45e-06,3.4823750690943186e-05
6689.0,0.9826,-3.41e-06,3.4823750690943186e-05
6690.0,0.9826,-3.38e-06,3.4823750690943186e-05
6691.0,0.9826,-3.43e-06,3.4823750690943186e-05
6692.0,0.9825,-3.43e-06,3.501462110254597e-05
6693.0,0.9825,-3.41e-06,3.501462110254597e-05
6694.0,0.9825,-3.4e-06,3.501462110254597e-05
6695.0,0.9825,-3.45e-06,3.501462110254597e-05
6696.0,0.9825,-3.51e-06,3.501462110254597e-05
6697.0,0.9825,-3.42e-06,3.501462110254597e-05
6698.0,0.9825,-3.37e-06,3.501462110254597e-05
6699.0,0.9825,-3.36e-06,3.501462110254597e-05
6700.0,0.9825,-3.38e-06,3.501462110254597e-05
6701.0,0.9825,-3.43e-06,3.501462110254597e-05
6702.0,0.9825,-3.49e-06,3.501462110254597e-05
6703.0,0.9825,-3.47e-06,3.501462110254597e-05
6704.0,0.9825,-3.44e-06,3.501462110254597e-05
6705.0,0.9825,-3.4e-06,3.501462110254597e-05
6706.0,0.9825,-3.4e-06,3.501462110254597e-05
6707.0,0.9825,-3.41e-06,3.501462110254597e-05
6708.0,0.9825,-3.47e-06,3.501462110254597e-05
6709.0,0.9825,-3.52e-06,3.501462110254597e-05
6710.0,0.9825,-3.57e-06,3.501462110254597e-05
6711.0,0.9825,-3.66e-06,3.501462110254597e-05
6712.0,0.9825,-3.76e-06,3.501462110254597e-05
6713.0,0.9825,-3.86e-06,3.501462110254597e-05
6714.0,0.9825,-4.01e-06,3.501462110254597e-05
6715.0,0.9825,-4.09e-06,3.501462110254597e-05
6716.0,0.9825,-4.17e-06,3.501462110254597e-05
6717.0,0.9825,-4.18e-06,3.501462110254597e-05
6718.0,0.9825,-4.21e-06,3.501462110254597e-05
6719.0,0.9824,-4.23e-06,3.520542806851019e-05
6720.0,0.9824,-4.25e-06,3.520542806851019e-05
6721.0,0.9824,-4.26e-06,3.520542806851019e-05
6722.0,0.9824,-4.3e-06,3.520542806851019e-05
6723.0,0.9824,-4.28e-06,3.520542806851019e-05
6724.0,0.9824,-4.26e-06,3.520542806851019e-05
6725.0,0.9824,-4.3e-06,3.520542806851019e-05
6726.0,0.9824,-4.34e-06,3.520542806851019e-05
6727.0,0.9824,-4.21e-06,3.520542806851019e-05
6728.0,0.9824,-4.16e-06,3.520542806851019e-05
6729.0,0.9824,-4.15e-06,3.520542806851019e-05
6730.0,0.9824,-4.16e-06,3.520542806851019e-05
6731.0,0.9824,-4.19e-06,3.520542806851019e-05
6732.0,0.9824,-4.21e-06,3.520542806851019e-05
6733.0,0.9824,-4.14e-06,3.520542806851019e-05
6734.0,0.9824,-4.11e-06,3.520542806851019e-05
6735.0,0.9824,-4.08e-06,3.520542806851019e-05
6736.0,0.9824,-4.04e-06,3.520542806851019e-05
6737.0,0.9824,-3.97e-06,3.520542806851019e-05
6738.0,0.9824,-3.9e-06,3.520542806851019e-05
6739.0,0.9824,-3.91e-06,3.520542806851019e-05
6740.0,0.9824,-3.87e-06,3.520542806851019e-05
6741.0,0.9824,-3.83e-06,3.520542806851019e-05
6742.0,0.9824,-3.81e-06,3.520542806851019e-05
6743.0,0.9824,-3.8e-06,3.520542806851019e-05
6744.0,0.9823,-3.81e-06,3.539617186208155e-05
6745.0,0.9823,-3.87e-06,3.539617186208155e-05
6746.0,0.9823,-3.87e-06,3.539617186208155e-05
6747.0,0.9823,-3.84e-06,3.539617186208155e-05
6748.0,0.9823,-3.83e-06,3.539617186208155e-05
6749.0,0.9823,-3.87e-06,3.539617186208155e-05
6750.0,0.9823,-4e-06,3.539617186208155e-05
6751.0,0.9823,-3.94e-06,3.539617186208155e-05
6752.0,0.9823,-3.81e-06,3.539617186208155e-05
6753.0,0.9823,-3.71e-06,3.539617186208155e-05
6754.0,0.9823,-3.67e-06,3.539617186208155e-05
6755.0,0.9823,-3.69e-06,3.539617186208155e-05
6756.0,0.9823,-3.71e-06,3.539617186208155e-05
6757.0,0.9823,-3.57e-06,3.539617186208155e-05
6758.0,0.9823,-3.52e-06,3.539617186208155e-05
6759.0,0.9823,-3.44e-06,3.539617186208155e-05
6760.0,0.9823,-3.36e-06,3.539617186208155e-05
6761.0,0.9823,-3.32e-06,3.539617186208155e-05
6762.0,0.9823,-3.37e-06,3.539617186208155e-05
6763.0,0.9823,-3.22e-06,3.539617186208155e-05
6764.0,0.9823,-3.16e-06,3.539617186208155e-05
6765.0,0.9823,-3.14e-06,3.539617186208155e-05
6766.0,0.9823,-3.16e-06,3.539617186208155e-05
6767.0,0.9823,-3.26e-06,3.539617186208155e-05
6768.0,0.9823,-3.43e-06,3.539617186208155e-05
6769.0,0.9823,-3.44e-06,3.539617186208155e-05
6770.0,0.9823,-3.4e-06,3.539617186208155e-05
6771.0,0.9823,-3.4e-06,3.539617186208155e-05
6772.0,0.9822,-3.38e-06,3.558685275365115e-05
6773.0,0.9822,-3.37e-06,3.558685275365115e-05
6774.0,0.9822,-3.36e-06,3.558685275365115e-05
6775.0,0.9822,-3.34e-06,3.558685275365115e-05
6776.0,0.9822,-3.35e-06,3.558685275365115e-05
6777.0,0.9822,-3.37e-06,3.558685275365115e-05
6778.0,0.9822,-3.43e-06,3.558685275365115e-05
6779.0,0.9822,-3.49e-06,3.558685275365115e-05
6780.0,0.9822,-3.48e-06,3.558685275365115e-05
6781.0,0.9822,-3.52e-06,3.558685275365115e-05
6782.0,0.9822,-3.53e-06,3.558685275365115e-05
6783.0,0.9822,-3.43e-06,3.558685275365115e-05
6784.0,0.9822,-3.3e-06,3.558685275365115e-05
6785.0,0.9822,-3.16e-06,3.558685275365115e-05
6786.0,0.9822,-3.07e-06,3.558685275365115e-05
6787.0,0.9822,-2.94e-06,3.558685275365115e-05
6788.0,0.9822,-2.9e-06,3.558685275365115e-05
6789.0,0.9822,-2.9e-06,3.558685275365115e-05
6790.0,0.9822,-2.93e-06,3.558685275365115e-05
6791.0,0.9822,-2.96e-06,3.558685275365115e-05
6792.0,0.9822,-2.99e-06,3.558685275365115e-05
6793.0,0.9822,-3.14e-06,3.558685275365115e-05
6794.0,0.9822,-3.27e-06,3.558685275365115e-05
6795.0,0.9822,-3.37e-06,3.558685275365115e-05
6796.0,0.9822,-3.45e-06,3.558685275365115e-05
6797.0,0.9822,-3.5e-06,3.558685275365115e-05
6798.0,0.9822,-3.51e-06,3.558685275365115e-05
6799.0,0.9822,-3.53e-06,3.558685275365115e-05
6800.0,0.9822,-3.53e-06,3.558685275365115e-05
6801.0,0.9822,-3.47e-06,3.558685275365115e-05
6802.0,0.9821,-3.4e-06,3.5777471010802504e-05
6803.0,0.9821,-3.4e-06,3.5777471010802504e-05
6804.0,0.9821,-3.46e-06,3.5777471010802504e-05
6805.0,0.9821,-3.48e-06,3.5777471010802504e-05
6806.0,0.9821,-3.51e-06,3.5777471010802504e-05
6807.0,0.9821,-3.45e-06,3.5777471010802504e-05
6808.0,0.9821,-3.37e-06,3.5777471010802504e-05
6809.0,0.9821,-3.38e-06,3.5777471010802504e-05
6810.0,0.9821,-3.42e-06,3.5777471010802504e-05
6811.0,0.9821,-3.33e-06,3.5777471010802504e-05
6812.0,0.9821,-3.33e-06,3.5777471010802504e-05
6813.0,0.9821,-3.3e-06,3.5777471010802504e-05
6814.0,0.9821,-3.27e-06,3.5777471010802504e-05
6815.0,0.9821,-3.38e-06,3.5777471010802504e-05
6816.0,0.9821,-3.57e-06,3.5777471010802504e-05
6817.0,0.9821,-3.59e-06,3.5777471010802504e-05
6818.0,0.9821,-3.69e-06,3.5777471010802504e-05
6819.0,0.9821,-3.83e-06,3.5777471010802504e-05
6820.0,0.9821,-3.93e-06,3.5777471010802504e-05
6821.0,0.9821,-3.96e-06,3.5777471010802504e-05
6822.0,0.9821,-3.94e-06,3.5777471010802504e-05
6823.0,0.9821,-3.85e-06,3.5777471010802504e-05
6824.0,0.9821,-3.74e-06,3.5777471010802504e-05
6825.0,0.9821,-3.65e-06,3.5777471010802504e-05
6826.0,0.9821,-3.57e-06,3.5777471010802504e-05
6827.0,0.9821,-3.5e-06,3.5777471010802504e-05
6828.0,0.9821,-3.4e-06,3.5777471010802504e-05
6829.0,0.9821,-3.45e-06,3.5777471010802504e-05
6830.0,0.982,-3.45e-06,3.596802689835553e-05
6831.0,0.982,-3.39e-06,3.596802689835553e-05
6832.0,0.982,-3.32e-06,3.596802689835553e-05
6833.0,0.982,-3.27e-06,3.596802689835553e-05
6834.0,0.982,-3.22e-06,3.596802689835553e-05
6835.0,0.982,-3.16e-06,3.596802689835553e-05
6836.0,0.982,-3.17e-06,3.596802689835553e-05
6837.0,0.982,-3.17e-06,3.596802689835553e-05
6838.0,0.982,-3.07e-06,3.596802689835553e-05
6839.0,0.982,-2.98e-06,3.596802689835553e-05
6840.0,0.982,-2.97e-06,3.596802689835553e-05
6841.0,0.982,-2.99e-06,3.596802689835553e-05
6842.0,0.982,-3.01e-06,3.596802689835553e-05
6843.0,0.982,-3.01e-06,3.596802689835553e-05
6844.0,0.982,-2.96e-06,3.596802689835553e-05
6845.0,0.982,-2.93e-06,3.596802689835553e-05
6846.0,0.982,-2.89e-06,3.596802689835553e-05
6847.0,0.982,-2.88e-06,3.596802689835553e-05
6848.0,0.982,-2.88e-06,3.596802689835553e-05
6849.0,0.982,-2.89e-06,3.596802689835553e-05
6850.0,0.982,-2.86e-06,3.596802689835553e-05
6851.0,0.982,-2.73e-06,3.596802689835553e-05
6852.0,0.982,-2.59e-06,3.596802689835553e-05
6853.0,0.982,-2.55e-06,3.596802689835553e-05
6854.0,0.982,-2.53e-06,3.596802689835553e-05
6855.0,0.982,-2.48e-06,3.596802689835553e-05
6856.0,0.982,-2.42e-06,3.596802689835553e-05
6857.0,0.982,-2.35e-06,3.596802689835553e-05
6858.0,0.982,-2.26e-06,3.596802689835553e-05
6859.0,0.982,-2.36e-06,3.596802689835553e-05
6860.0,0.982,-2.41e-06,3.596802689835553e-05
6861.0,0.982,-2.44e-06,3.596802689835553e-05
6862.0,0.982,-2.39e-06,3.596802689835553e-05
6863.0,0.982,-2.33e-06,3.596802689835553e-05
6864.0,0.982,-2.24e-06,3.596802689835553e-05
6865.0,0.982,-2.15e-06,3.596802689835553e-05
6866.0,0.9819,-2.16e-06,3.615852067841052e-05
6867.0,0.9819,-2.16e-06,3.615852067841052e-05
6868.0,0.9819,-2.12e-06,3.615852067841052e-05
6869.0,0.9819,-2.14e-06,3.615852067841052e-05
6870.0,0.9819,-2.17e-06,3.615852067841052e-05
6871.0,0.9819,-2.36e-06,3.615852067841052e-05
6872.0,0.9819,-2.46e-06,3.615852067841052e-05
6873.0,0.9819,-2.52e-06,3.615852067841052e-05
6874.0,0.9819,-2.51e-06,3.615852067841052e-05
6875.0,0.9819,-2.48e-06,3.615852067841052e-05
6876.0,0.9819,-2.47e-06,3.615852067841052e-05
6877.0,0.9819,-2.55e-06,3.615852067841052e-05
6878.0,0.9819,-2.69e-06,3.615852067841052e-05
6879.0,0.9819,-2.81e-06,3.615852067841052e-05
6880.0,0.9819,-2.89e-06,3.615852067841052e-05
6881.0,0.9819,-2.96e-06,3.615852067841052e-05
6882.0,0.9819,-3.01e-06,3.615852067841052e-05
6883.0,0.9819,-3.09e-06,3.615852067841052e-05
6884.0,0.9819,-3.12e-06,3.615852067841052e-05
6885.0,0.9819,-3.05e-06,3.615852067841052e-05
6886.0,0.9819,-2.93e-06,3.615852067841052e-05
6887.0,0.9819,-2.8e-06,3.615852067841052e-05
6888.0,0.9819,-2.7e-06,3.615852067841052e-05
6889.0,0.9819,-2.62e-06,3.615852067841052e-05
6890.0,0.9819,-2.56e-06,3.615852067841052e-05
6891.0,0.9819,-2.47e-06,3.615852067841052e-05
6892.0,0.9819,-2.41e-06,3.615852067841052e-05
6893.0,0.9819,-2.37e-06,3.615852067841052e-05
6894.0,0.9819,-2.4e-06,3.615852067841052e-05
6895.0,0.9819,-2.37e-06,3.615852067841052e-05
6896.0,0.9819,-2.41e-06,3.615852067841052e-05
6897.0,0.9819,-2.43e-06,3.615852067841052e-05
6898.0,0.9819,-2.39e-06,3.615852067841052e-05
6899.0,0.9819,-2.39e-06,3.615852067841052e-05
6900.0,0.9819,-2.47e-06,3.615852067841052e-05
6901.0,0.9819,-2.46e-06,3.615852067841052e-05
6902.0,0.9819,-2.41e-06,3.615852067841052e-05
6903.0,0.9819,-2.29e-06,3.615852067841052e-05
6904.0,0.9819,-2.15e-06,3.615852067841052e-05
6905.0,0.9818,-2.07e-06,3.6348952610391094e-05
6906.0,0.9818,-2.01e-06,3.6348952610391094e-05
6907.0,0.9818,-2e-06,3.6348952610391094e-05
6908.0,0.9818,-2.07e-06,3.6348952610391094e-05
6909.0,0.9818,-2.08e-06,3.6348952610391094e-05
6910.0,0.9818,-2.08e-06,3.6348952610391094e-05
6911.0,0.9818,-2.09e-06,3.6348952610391094e-05
6912.0,0.9818,-2.17e-06,3.6348952610391094e-05
6913.0,0.9818,-2.12e-06,3.6348952610391094e-05
6914.0,0.9818,-2.12e-06,3.6348952610391094e-05
6915.0,0.9818,-2.17e-06,3.6348952610391094e-05
6916.0,0.9818,-2.23e-06,3.6348952610391094e-05
6917.0,0.9818,-2.35e-06,3.6348952610391094e-05
6918.0,0.9818,-2.49e-06,3.6348952610391094e-05
6919.0,0.9818,-2.66e-06,3.6348952610391094e-05
6920.0,0.9818,-2.71e-06,3.6348952610391094e-05
6921.0,0.9818,-2.76e-06,3.6348952610391094e-05
6922.0,0.9818,-2.81e-06,3.6348952610391094e-05
6923.0,0.9818,-2.89e-06,3.6348952610391094e-05
6924.0,0.9818,-2.96e-06,3.6348952610391094e-05
6925.0,0.9818,-2.84e-06,3.6348952610391094e-05
6926.0,0.9818,-2.67e-06,3.6348952610391094e-05
6927.0,0.9818,-2.53e-06,3.6348952610391094e-05
6928.0,0.9818,-2.4e-06,3.6348952610391094e-05
6929.0,0.9818,-2.27e-06,3.6348952610391094e-05
6930.0,0.9818,-2.17e-06,3.6348952610391094e-05
6931.0,0.9818,-2.09e-06,3.6348952610391094e-05
6932.0,0.9818,-1.97e-06,3.6348952610391094e-05
6933.0,0.9818,-1.85e-06,3.6348952610391094e-05
6934.0,0.9818,-1.77e-06,3.6348952610391094e-05
6935.0,0.9818,-1.72e-06,3.6348952610391094e-05
6936.0,0.9818,-1.69e-06,3.6348952610391094e-05
6937.0,0.9818,-1.69e-06,3.6348952610391094e-05
6938.0,0.9818,-1.72e-06,3.6348952610391094e-05
6939.0,0.9818,-1.75e-06,3.6348952610391094e-05
6940.0,0.9818,-1.74e-06,3.6348952610391094e-05
6941.0,0.9818,-1.71e-06,3.6348952610391094e-05
6942.0,0.9818,-1.68e-06,3.6348952610391094e-05
6943.0,0.9818,-1.62e-06,3.6348952610391094e-05
6944.0,0.9818,-1.54e-06,3.6348952610391094e-05
6945.0,0.9818,-1.49e-06,3.6348952610391094e-05
6946.0,0.9818,-1.52e-06,3.6348952610391094e-05
6947.0,0.9818,-1.61e-06,3.6348952610391094e-05
6948.0,0.9818,-1.68e-06,3.6348952610391094e-05
6949.0,0.9818,-1.82e-06,3.6348952610391094e-05
6950.0,0.9818,-1.91e-06,3.6348952610391094e-05
6951.0,0.9818,-2.02e-06,3.6348952610391094e-05
6952.0,0.9818,-2.1e-06,3.6348952610391094e-05
6953.0,0.9817,-2.12e-06,3.6539322951086125e-05
6954.0,0.9817,-2.19e-06,3.6539322951086125e-05
6955.0,0.9817,-2.1e-06,3.6539322951086125e-05
6956.0,0.9817,-2.07e-06,3.6539322951086125e-05
6957.0,0.9817,-2e-06,3.6539322951086125e-05
6958.0,0.9817,-1.94e-06,3.6539322951086125e-05
6959.0,0.9817,-1.9e-06,3.6539322951086125e-05
6960.0,0.9817,-1.84e-06,3.6539322951086125e-05
6961.0,0.9817,-1.76e-06,3.6539322951086125e-05
6962.0,0.9817,-1.7e-06,3.6539322951086125e-05
6963.0,0.9817,-1.68e-06,3.6539322951086125e-05
6964.0,0.9817,-1.65e-06,3.6539322951086125e-05
6965.0,0.9817,-1.6e-06,3.6539322951086125e-05
6966.0,0.9817,-1.62e-06,3.6539322951086125e-05
6967.0,0.9817,-1.74e-06,3.6539322951086125e-05
6968.0,0.9817,-1.92e-06,3.6539322951086125e-05
6969.0,0.9817,-2.05e-06,3.6539322951086125e-05
6970.0,0.9817,-2.11e-06,3.6539322951086125e-05
6971.0,0.9817,-2.17e-06,3.6539322951086125e-05
6972.0,0.9817,-2.22e-06,3.6539322951086125e-05
6973.0,0.9817,-2.23e-06,3.6539322951086125e-05
6974.0,0.9817,-2.33e-06,3.6539322951086125e-05
6975.0,0.9817,-2.49e-06,3.6539322951086125e-05
6976.0,0.9817,-2.54e-06,3.6539322951086125e-05
6977.0,0.9817,-2.55e-06,3.6539322951086125e-05
6978.0,0.9817,-2.59e-06,3.6539322951086125e-05
6979.0,0.9817,-2.78e-06,3.6539322951086125e-05
6980.0,0.9817,-2.77e-06,3.6539322951086125e-05
6981.0,0.9817,-2.62e-06,3.6539322951086125e-05
6982.0,0.9817,-2.47e-06,3.6539322951086125e-05
6983.0,0.9817,-2.36e-06,3.6539322951086125e-05
6984.0,0.9817,-2.27e-06,3.6539322951086125e-05
6985.0,0.9817,-2.11e-06,3.6539322951086125e-05
6986.0,0.9817,-1.94e-06,3.6539322951086125e-05
6987.0,0.9817,-1.77e-06,3.6539322951086125e-05
6988.0,0.9817,-1.63e-06,3.6539322951086125e-05
6989.0,0.9817,-1.59e-06,3.6539322951086125e-05
6990.0,0.9817,-1.66e-06,3.6539322951086125e-05
6991.0,0.9817,-1.63e-06,3.6539322951086125e-05
6992.0,0.9817,-1.69e-06,3.6539322951086125e-05
6993.0,0.9817,-1.77e-06,3.6539322951086125e-05
6994.0,0.9817,-1.79e-06,3.6539322951086125e-05
6995.0,0.9817,-1.79e-06,3.6539322951086125e-05
6996.0,0.9817,-1.83e-06,3.6539322951086125e-05
6997.0,0.9817,-1.85e-06,3.6539322951086125e-05
6998.0,0.9817,-1.9e-06,3.6539322951086125e-05
6999.0,0.9817,-1.91e-06,3.6539322951086125e-05
7000.0,0.9817,-1.89e-06,3.6539322951086125e-05
7001.0,0.9817,-1.85e-06,3.6539322951086125e-05
7002.0,0.9817,-1.84e-06,3.6539322951086125e-05
7003.0,0.9816,-1.9e-06,3.672963195469091e-05
7004.0,0.9816,-1.92e-06,3.672963195469091e-05
7005.0,0.9816,-1.93e-06,3.672963195469091e-05
7006.0,0.9816,-1.9e-06,3.672963195469091e-05
7007.0,0.9816,-1.91e-06,3.672963195469091e-05
7008.0,0.9816,-1.97e-06,3.672963195469091e-05
7009.0,0.9816,-2.1e-06,3.672963195469091e-05
7010.0,0.9816,-2.22e-06,3.672963195469091e-05
7011.0,0.9816,-2.28e-06,3.672963195469091e-05
7012.0,0.9816,-2.24e-06,3.672963195469091e-05
7013.0,0.9816,-2.18e-06,3.672963195469091e-05
7014.0,0.9816,-2.1e-06,3.672963195469091e-05
7015.0,0.9816,-2e-06,3.672963195469091e-05
7016.0,0.9816,-1.97e-06,3.672963195469091e-05
7017.0,0.9816,-1.97e-06,3.672963195469091e-05
7018.0,0.9816,-2.02e-06,3.672963195469091e-05
7019.0,0.9816,-2.03e-06,3.672963195469091e-05
7020.0,0.9816,-1.99e-06,3.672963195469091e-05
7021.0,0.9816,-2.13e-06,3.672963195469091e-05
7022.0,0.9816,-2.12e-06,3.672963195469091e-05
7023.0,0.9816,-2.05e-06,3.672963195469091e-05
7024.0,0.9816,-1.95e-06,3.672963195469091e-05
7025.0,0.9816,-1.84e-06,3.672963195469091e-05
7026.0,0.9816,-1.73e-06,3.672963195469091e-05
7027.0,0.9816,-1.54e-06,3.672963195469091e-05
7028.0,0.9816,-1.53e-06,3.672963195469091e-05
7029.0,0.9816,-1.56e-06,3.672963195469091e-05
7030.0,0.9816,-1.52e-06,3.672963195469091e-05
7031.0,0.9816,-1.49e-06,3.672963195469091e-05
7032.0,0.9816,-1.46e-06,3.672963195469091e-05
7033.0,0.9816,-1.55e-06,3.672963195469091e-05
7034.0,0.9816,-1.61e-06,3.672963195469091e-05
7035.0,0.9816,-1.69e-06,3.672963195469091e-05
7036.0,0.9816,-1.73e-06,3.672963195469091e-05
7037.0,0.9816,-1.72e-06,3.672963195469091e-05
7038.0,0.9816,-1.62e-06,3.672963195469091e-05
7039.0,0.9816,-1.71e-06,3.672963195469091e-05
7040.0,0.9816,-1.72e-06,3.672963195469091e-05
7041.0,0.9816,-1.7e-06,3.672963195469091e-05
7042.0,0.9816,-1.67e-06,3.672963195469091e-05
7043.0,0.9816,-1.62e-06,3.672963195469091e-05
7044.0,0.9816,-1.51e-06,3.672963195469091e-05
7045.0,0.9816,-1.53e-06,3.672963195469091e-05
7046.0,0.9816,-1.57e-06,3.672963195469091e-05
7047.0,0.9816,-1.62e-06,3.672963195469091e-05
7048.0,0.9816,-1.65e-06,3.672963195469091e-05
7049.0,0.9816,-1.65e-06,3.672963195469091e-05
7050.0,0.9816,-1.64e-06,3.672963195469091e-05
7051.0,0.9816,-1.58e-06,3.672963195469091e-05
7052.0,0.9816,-1.57e-06,3.672963195469091e-05
7053.0,0.9816,-1.55e-06,3.672963195469091e-05
7054.0,0.9816,-1.53e-06,3.672963195469091e-05
7055.0,0.9816,-1.49e-06,3.672963195469091e-05
7056.0,0.9816,-1.42e-06,3.672963195469091e-05
7057.0,0.9816,-1.41e-06,3.672963195469091e-05
7058.0,0.9816,-1.45e-06,3.672963195469091e-05
7059.0,0.9815,-1.55e-06,3.6919879872847314e-05
7060.0,0.9815,-1.66e-06,3.6919879872847314e-05
7061.0,0.9815,-1.74e-06,3.6919879872847314e-05
7062.0,0.9815,-1.74e-06,3.6919879872847314e-05
7063.0,0.9815,-1.78e-06,3.6919879872847314e-05
7064.0,0.9815,-1.77e-06,3.6919879872847314e-05
7065.0,0.9815,-1.76e-06,3.6919879872847314e-05
7066.0,0.9815,-1.72e-06,3.6919879872847314e-05
7067.0,0.9815,-1.63e-06,3.6919879872847314e-05
7068.0,0.9815,-1.47e-06,3.6919879872847314e-05
7069.0,0.9815,-1.4e-06,3.6919879872847314e-05
7070.0,0.9815,-1.34e-06,3.6919879872847314e-05
7071.0,0.9815,-1.32e-06,3.6919879872847314e-05
7072.0,0.9815,-1.34e-06,3.6919879872847314e-05
7073.0,0.9815,-1.41e-06,3.6919879872847314e-05
7074.0,0.9815,-1.5e-06,3.6919879872847314e-05
7075.0,0.9815,-1.66e-06,3.6919879872847314e-05
7076.0,0.9815,-1.75e-06,3.6919879872847314e-05
7077.0,0.9815,-1.79e-06,3.6919879872847314e-05
7078.0,0.9815,-1.84e-06,3.6919879872847314e-05
7079.0,0.9815,-1.93e-06,3.6919879872847314e-05
7080.0,0.9815,-2.04e-06,3.6919879872847314e-05
7081.0,0.9815,-2.1e-06,3.6919879872847314e-05
7082.0,0.9815,-2.2e-06,3.6919879872847314e-05
7083.0,0.9815,-2.29e-06,3.6919879872847314e-05
7084.0,0.9815,-2.31e-06,3.6919879872847314e-05
7085.0,0.9815,-2.24e-06,3.6919879872847314e-05
7086.0,0.9815,-2.14e-06,3.6919879872847314e-05
7087.0,0.9815,-1.86e-06,3.6919879872847314e-05
7088.0,0.9815,-1.72e-06,3.6919879872847314e-05
7089.0,0.9815,-1.58e-06,3.6919879872847314e-05
7090.0,0.9815,-1.45e-06,3.6919879872847314e-05
7091.0,0.9815,-1.4e-06,3.6919879872847314e-05
7092.0,0.9815,-1.37e-06,3.6919879872847314e-05
7093.0,0.9815,-1.45e-06,3.6919879872847314e-05
7094.0,0.9815,-1.52e-06,3.6919879872847314e-05
7095.0,0.9815,-1.61e-06,3.6919879872847314e-05
7096.0,0.9815,-1.7e-06,3.6919879872847314e-05
7097.0,0.9815,-1.83e-06,3.6919879872847314e-05
7098.0,0.9815,-2.01e-06,3.6919879872847314e-05
7099.0,0.9815,-2.12e-06,3.6919879872847314e-05
7100.0,0.9815,-2.15e-06,3.6919879872847314e-05
7101.0,0.9815,-2.08e-06,3.6919879872847314e-05
7102.0,0.9815,-1.94e-06,3.6919879872847314e-05
7103.0,0.9815,-1.77e-06,3.6919879872847314e-05
7104.0,0.9815,-1.6e-06,3.6919879872847314e-05
7105.0,0.9815,-1.36e-06,3.6919879872847314e-05
7106.0,0.9815,-1.22e-06,3.6919879872847314e-05
7107.0,0.9815,-1.11e-06,3.6919879872847314e-05
7108.0,0.9815,-1.07e-06,3.6919879872847314e-05
7109.0,0.9815,-1.06e-06,3.6919879872847314e-05
7110.0,0.9815,-1.06e-06,3.6919879872847314e-05
7111.0,0.9815,-1.1e-06,3.6919879872847314e-05
7112.0,0.9815,-1.16e-06,3.6919879872847314e-05
7113.0,0.9815,-1.21e-06,3.6919879872847314e-05
7114.0,0.9815,-1.19e-06,3.6919879872847314e-05
7115.0,0.9815,-1.2e-06,3.6919879872847314e-05
7116.0,0.9815,-1.26e-06,3.6919879872847314e-05
7117.0,0.9815,-1.26e-06,3.6919879872847314e-05
7118.0,0.9815,-1.32e-06,3.6919879872847314e-05
7119.0,0.9815,-1.37e-06,3.6919879872847314e-05
7120.0,0.9815,-1.34e-06,3.6919879872847314e-05
7121.0,0.9815,-1.27e-06,3.6919879872847314e-05
7122.0,0.9814,-1.18e-06,3.711006695468324e-05
7123.0,0.9814,-1.24e-06,3.711006695468324e-05
7124.0,0.9814,-1.34e-06,3.711006695468324e-05
7125.0,0.9814,-1.41e-06,3.711006695468324e-05
7126.0,0.9814,-1.45e-06,3.711006695468324e-05
7127.0,0.9814,-1.45e-06,3.711006695468324e-05
7128.0,0.9814,-1.43e-06,3.711006695468324e-05
7129.0,0.9814,-1.52e-06,3.711006695468324e-05
7130.0,0.9814,-1.55e-06,3.711006695468324e-05
7131.0,0.9814,-1.61e-06,3.711006695468324e-05
7132.0,0.9814,-1.64e-06,3.711006695468324e-05
7133.0,0.9814,-1.54e-06,3.711006695468324e-05
7134.0,0.9814,-1.33e-06,3.711006695468324e-05
7135.0,0.9814,-1.16e-06,3.711006695468324e-05
7136.0,0.9814,-1.06e-06,3.711006695468324e-05
7137.0,0.9814,-9.8e-07,3.711006695468324e-05
7138.0,0.9814,-8.8e-07,3.711006695468324e-05
7139.0,0.9814,-7.7e-07,3.711006695468324e-05
7140.0,0.9814,-5.7e-07,3.711006695468324e-05
7141.0,0.9814,-7e-07,3.711006695468324e-05
7142.0,0.9814,-7.8e-07,3.711006695468324e-05
7143.0,0.9814,-8.6e-07,3.711006695468324e-05
7144.0,0.9814,-9.2e-07,3.711006695468324e-05
7145.0,0.9814,-1e-06,3.711006695468324e-05
7146.0,0.9814,-1.03e-06,3.711006695468324e-05
7147.0,0.9814,-1.18e-06,3.711006695468324e-05
7148.0,0.9814,-1.24e-06,3.711006695468324e-05
7149.0,0.9814,-1.28e-06,3.711006695468324e-05
7150.0,0.9814,-1.24e-06,3.711006695468324e-05
7151.0,0.9814,-1.14e-06,3.711006695468324e-05
7152.0,0.9814,-9.9e-07,3.711006695468324e-05
7153.0,0.9814,-1.05e-06,3.711006695468324e-05
7154.0,0.9814,-1.15e-06,3.711006695468324e-05
7155.0,0.9814,-1.18e-06,3.711006695468324e-05
7156.0,0.9814,-1.18e-06,3.711006695468324e-05
7157.0,0.9814,-1.16e-06,3.711006695468324e-05
7158.0,0.9814,-1.12e-06,3.711006695468324e-05
7159.0,0.9814,-1.18e-06,3.711006695468324e-05
7160.0,0.9814,-1.25e-06,3.711006695468324e-05
7161.0,0.9814,-1.3e-06,3.711006695468324e-05
7162.0,0.9814,-1.37e-06,3.711006695468324e-05
7163.0,0.9814,-1.44e-06,3.711006695468324e-05
7164.0,0.9814,-1.49e-06,3.711006695468324e-05
7165.0,0.9814,-1.67e-06,3.711006695468324e-05
7166.0,0.9814,-1.75e-06,3.711006695468324e-05
7167.0,0.9814,-1.79e-06,3.711006695468324e-05
7168.0,0.9814,-1.8e-06,3.711006695468324e-05
7169.0,0.9814,-1.71e-06,3.711006695468324e-05
7170.0,0.9814,-1.62e-06,3.711006695468324e-05
7171.0,0.9814,-1.52e-06,3.711006695468324e-05
7172.0,0.9814,-1.45e-06,3.711006695468324e-05
7173.0,0.9814,-1.33e-06,3.711006695468324e-05
7174.0,0.9814,-1.21e-06,3.711006695468324e-05
7175.0,0.9814,-1.11e-06,3.711006695468324e-05
7176.0,0.9814,-9.5e-07,3.711006695468324e-05
7177.0,0.9814,-7.8e-07,3.711006695468324e-05
7178.0,0.9814,-7.2e-07,3.711006695468324e-05
7179.0,0.9814,-6.9e-07,3.711006695468324e-05
7180.0,0.9814,-7.1e-07,3.711006695468324e-05
7181.0,0.9814,-8.1e-07,3.711006695468324e-05
7182.0,0.9814,-8.9e-07,3.711006695468324e-05
7183.0,0.9814,-9.4e-07,3.711006695468324e-05
7184.0,0.9814,-1.01e-06,3.711006695468324e-05
7185.0,0.9814,-1.08e-06,3.711006695468324e-05
7186.0,0.9814,-1.11e-06,3.711006695468324e-05
7187.0,0.9814,-1.07e-06,3.711006695468324e-05
7188.0,0.9814,-1.03e-06,3.711006695468324e-05
7189.0,0.9814,-1.11e-06,3.711006695468324e-05
7190.0,0.9814,-1.25e-06,3.711006695468324e-05
7191.0,0.9814,-1.34e-06,3.711006695468324e-05
7192.0,0.9814,-1.36e-06,3.711006695468324e-05
7193.0,0.9814,-1.38e-06,3.711006695468324e-05
7194.0,0.9814,-1.36e-06,3.711006695468324e-05
7195.0,0.9814,-1.32e-06,3.711006695468324e-05
7196.0,0.9814,-1.34e-06,3.711006695468324e-05
7197.0,0.9814,-1.34e-06,3.711006695468324e-05
7198.0,0.9814,-1.33e-06,3.711006695468324e-05
7199.0,0.9814,-1.35e-06,3.711006695468324e-05
7200.0,0.9814,-1.33e-06,3.711006695468324e-05
7201.0,0.9814,-1.44e-06,3.711006695468324e-05
7202.0,0.9814,-1.48e-06,3.711006695468324e-05
7203.0,0.9813,-1.49e-06,3.730019344685137e-05
7204.0,0.9813,-1.5e-06,3.730019344685137e-05
7205.0,0.9813,-1.45e-06,3.730019344685137e-05
7206.0,0.9813,-1.37e-06,3.730019344685137e-05
7207.0,0.9813,-1.39e-06,3.730019344685137e-05
7208.0,0.9813,-1.43e-06,3.730019344685137e-05
7209.0,0.9813,-1.43e-06,3.730019344685137e-05
7210.0,0.9813,-1.45e-06,3.730019344685137e-05
7211.0,0.9813,-1.5e-06,3.730019344685137e-05
7212.0,0.9813,-1.56e-06,3.730019344685137e-05
7213.0,0.9813,-1.57e-06,3.730019344685137e-05
7214.0,0.9813,-1.58e-06,3.730019344685137e-05
7215.0,0.9813,-1.58e-06,3.730019344685137e-05
7216.0,0.9813,-1.65e-06,3.730019344685137e-05
7217.0,0.9813,-1.71e-06,3.730019344685137e-05
7218.0,0.9813,-1.75e-06,3.730019344685137e-05
7219.0,0.9813,-1.74e-06,3.730019344685137e-05
7220.0,0.9813,-1.74e-06,3.730019344685137e-05
7221.0,0.9813,-1.78e-06,3.730019344685137e-05
7222.0,0.9813,-1.89e-06,3.730019344685137e-05
7223.0,0.9813,-1.95e-06,3.730019344685137e-05
7224.0,0.9813,-1.98e-06,3.730019344685137e-05
7225.0,0.9813,-1.96e-06,3.730019344685137e-05
7226.0,0.9813,-1.99e-06,3.730019344685137e-05
7227.0,0.9813,-2e-06,3.730019344685137e-05
7228.0,0.9813,-1.98e-06,3.730019344685137e-05
7229.0,0.9813,-1.94e-06,3.730019344685137e-05
7230.0,0.9813,-1.86e-06,3.730019344685137e-05
7231.0,0.9813,-1.68e-06,3.730019344685137e-05
7232.0,0.9813,-1.54e-06,3.730019344685137e-05
7233.0,0.9813,-1.41e-06,3.730019344685137e-05
7234.0,0.9813,-1.34e-06,3.730019344685137e-05
7235.0,0.9813,-1.33e-06,3.730019344685137e-05
7236.0,0.9813,-1.32e-06,3.730019344685137e-05
7237.0,0.9813,-1.38e-06,3.730019344685137e-05
7238.0,0.9813,-1.37e-06,3.730019344685137e-05
7239.0,0.9813,-1.33e-06,3.730019344685137e-05
7240.0,0.9813,-1.32e-06,3.730019344685137e-05
7241.0,0.9813,-1.39e-06,3.730019344685137e-05
7242.0,0.9813,-1.51e-06,3.730019344685137e-05
7243.0,0.9813,-1.5e-06,3.730019344685137e-05
7244.0,0.9813,-1.49e-06,3.730019344685137e-05
7245.0,0.9813,-1.43e-06,3.730019344685137e-05
7246.0,0.9813,-1.31e-06,3.730019344685137e-05
7247.0,0.9813,-1.22e-06,3.730019344685137e-05
7248.0,0.9813,-1.2e-06,3.730019344685137e-05
7249.0,0.9813,-9.7e-07,3.730019344685137e-05
7250.0,0.9813,-8e-07,3.730019344685137e-05
7251.0,0.9813,-6.5e-07,3.730019344685137e-05
7252.0,0.9813,-5.7e-07,3.730019344685137e-05
7253.0,0.9813,-5.3e-07,3.730019344685137e-05
7254.0,0.9813,-5.8e-07,3.730019344685137e-05
7255.0,0.9813,-6.8e-07,3.730019344685137e-05
7256.0,0.9813,-7.1e-07,3.730019344685137e-05
7257.0,0.9813,-6.5e-07,3.730019344685137e-05
7258.0,0.9813,-5.8e-07,3.730019344685137e-05
7259.0,0.9813,-6.1e-07,3.730019344685137e-05
7260.0,0.9813,-7.2e-07,3.730019344685137e-05
7261.0,0.9813,-5.6e-07,3.730019344685137e-05
7262.0,0.9813,-5.8e-07,3.730019344685137e-05
7263.0,0.9813,-6.7e-07,3.730019344685137e-05
7264.0,0.9813,-7.3e-07,3.730019344685137e-05
7265.0,0.9813,-7.9e-07,3.730019344685137e-05
7266.0,0.9813,-9.3e-07,3.730019344685137e-05
7267.0,0.9813,-1.07e-06,3.730019344685137e-05
7268.0,0.9813,-1.11e-06,3.730019344685137e-05
7269.0,0.9813,-1.16e-06,3.730019344685137e-05
7270.0,0.9813,-1.21e-06,3.730019344685137e-05
7271.0,0.9813,-1.17e-06,3.730019344685137e-05
7272.0,0.9813,-1.02e-06,3.730019344685137e-05
7273.0,0.9813,-9.4e-07,3.730019344685137e-05
7274.0,0.9813,-8.4e-07,3.730019344685137e-05
7275.0,0.9813,-7.6e-07,3.730019344685137e-05
7276.0,0.9813,-7.3e-07,3.730019344685137e-05
7277.0,0.9813,-7e-07,3.730019344685137e-05
7278.0,0.9813,-7e-07,3.730019344685137e-05
7279.0,0.9813,-7.7e-07,3.730019344685137e-05
7280.0,0.9813,-7.9e-07,3.730019344685137e-05
7281.0,0.9813,-7.7e-07,3.730019344685137e-05
7282.0,0.9813,-7.2e-07,3.730019344685137e-05
7283.0,0.9813,-6.9e-07,3.730019344685137e-05
7284.0,0.9813,-7.3e-07,3.730019344685137e-05
7285.0,0.9812,-5.4e-07,3.749025959356611e-05
7286.0,0.9812,-4.6e-07,3.749025959356611e-05
7287.0,0.9812,-4.5e-07,3.749025959356611e-05
7288.0,0.9812,-4.6e-07,3.749025959356611e-05
7289.0,0.9812,-5.3e-07,3.749025959356611e-05
7290.0,0.9812,-6.4e-07,3.749025959356611e-05
7291.0,0.9812,-9.1e-07,3.749025959356611e-05
7292.0,0.9812,-1.07e-06,3.749025959356611e-05
7293.0,0.9812,-1.24e-06,3.749025959356611e-05
7294.0,0.9812,-1.35e-06,3.749025959356611e-05
7295.0,0.9812,-1.46e-06,3.749025959356611e-05
7296.0,0.9812,-1.59e-06,3.749025959356611e-05
7297.0,0.9812,-1.63e-06,3.749025959356611e-05
7298.0,0.9812,-1.72e-06,3.749025959356611e-05
7299.0,0.9812,-1.8e-06,3.749025959356611e-05
7300.0,0.9812,-1.87e-06,3.749025959356611e-05
7301.0,0.9812,-1.9e-06,3.749025959356611e-05
7302.0,0.9812,-1.89e-06,3.749025959356611e-05
7303.0,0.9812,-1.93e-06,3.749025959356611e-05
7304.0,0.9812,-1.94e-06,3.749025959356611e-05
7305.0,0.9812,-1.94e-06,3.749025959356611e-05
7306.0,0.9812,-1.93e-06,3.749025959356611e-05
7307.0,0.9812,-1.9e-06,3.749025959356611e-05
7308.0,0.9812,-1.84e-06,3.749025959356611e-05
7309.0,0.9812,-1.63e-06,3.749025959356611e-05
7310.0,0.9812,-1.46e-06,3.749025959356611e-05
7311.0,0.9812,-1.34e-06,3.749025959356611e-05
7312.0,0.9812,-1.22e-06,3.749025959356611e-05
7313.0,0.9812,-1.11e-06,3.749025959356611e-05
7314.0,0.9812,-9.9e-07,3.749025959356611e-05
7315.0,0.9812,-1.09e-06,3.749025959356611e-05
7316.0,0.9812,-1.11e-06,3.749025959356611e-05
7317.0,0.9812,-1.1e-06,3.749025959356611e-05
7318.0,0.9812,-1.15e-06,3.749025959356611e-05
7319.0,0.9812,-1.24e-06,3.749025959356611e-05
7320.0,0.9812,-1.35e-06,3.749025959356611e-05
7321.0,0.9812,-1.42e-06,3.749025959356611e-05
7322.0,0.9812,-1.51e-06,3.749025959356611e-05
7323.0,0.9812,-1.56e-06,3.749025959356611e-05
7324.0,0.9812,-1.55e-06,3.749025959356611e-05
7325.0,0.9812,-1.48e-06,3.749025959356611e-05
7326.0,0.9812,-1.46e-06,3.749025959356611e-05
7327.0,0.9812,-1.3e-06,3.749025959356611e-05
7328.0,0.9812,-1.22e-06,3.749025959356611e-05
7329.0,0.9812,-1.07e-06,3.749025959356611e-05
7330.0,0.9812,-8.9e-07,3.749025959356611e-05
7331.0,0.9812,-7.9e-07,3.749025959356611e-05
7332.0,0.9812,-6.6e-07,3.749025959356611e-05
7333.0,0.9812,-4.9e-07,3.749025959356611e-05
7334.0,0.9812,-3.8e-07,3.749025959356611e-05
7335.0,0.9812,-3e-07,3.749025959356611e-05
7336.0,0.9812,-2.8e-07,3.749025959356611e-05
7337.0,0.9812,-3.6e-07,3.749025959356611e-05
7338.0,0.9812,-4.6e-07,3.749025959356611e-05
7339.0,0.9812,-6.1e-07,3.749025959356611e-05
7340.0,0.9812,-5.9e-07,3.749025959356611e-05
7341.0,0.9812,-5.3e-07,3.749025959356611e-05
7342.0,0.9812,-5.1e-07,3.749025959356611e-05
7343.0,0.9812,-5.4e-07,3.749025959356611e-05
7344.0,0.9812,-6.2e-07,3.749025959356611e-05
7345.0,0.9812,-4.3e-07,3.749025959356611e-05
7346.0,0.9812,-3.9e-07,3.749025959356611e-05
7347.0,0.9812,-4.2e-07,3.749025959356611e-05
7348.0,0.9812,-4.7e-07,3.749025959356611e-05
7349.0,0.9812,-5.3e-07,3.749025959356611e-05
7350.0,0.9812,-6.1e-07,3.749025959356611e-05
7351.0,0.9812,-6.1e-07,3.749025959356611e-05
7352.0,0.9812,-6.3e-07,3.749025959356611e-05
7353.0,0.9812,-6.2e-07,3.749025959356611e-05
7354.0,0.9812,-6.1e-07,3.749025959356611e-05
7355.0,0.9812,-6.3e-07,3.749025959356611e-05
7356.0,0.9812,-6.7e-07,3.749025959356611e-05
7357.0,0.9812,-6.2e-07,3.749025959356611e-05
7358.0,0.9812,-5.6e-07,3.749025959356611e-05
7359.0,0.9812,-5.1e-07,3.749025959356611e-05
7360.0,0.9812,-5.5e-07,3.749025959356611e-05
7361.0,0.9812,-6e-07,3.749025959356611e-05
7362.0,0.9812,-6.1e-07,3.749025959356611e-05
7363.0,0.9812,-4.9e-07,3.749025959356611e-05
7364.0,0.9812,-4.8e-07,3.749025959356611e-05
7365.0,0.9812,-5.5e-07,3.749025959356611e-05
7366.0,0.9812,-6.1e-07,3.749025959356611e-05
7367.0,0.9812,-6.7e-07,3.749025959356611e-05
7368.0,0.9812,-7.2e-07,3.749025959356611e-05
7369.0,0.9812,-8.6e-07,3.749025959356611e-05
7370.0,0.9812,-9.6e-07,3.749025959356611e-05
7371.0,0.9812,-1.07e-06,3.749025959356611e-05
7372.0,0.9812,-1.19e-06,3.749025959356611e-05
7373.0,0.9812,-1.23e-06,3.749025959356611e-05
7374.0,0.9812,-1.2e-06,3.749025959356611e-05
7375.0,0.9812,-1.21e-06,3.749025959356611e-05
7376.0,0.9812,-1.17e-06,3.749025959356611e-05
7377.0,0.9812,-1.1e-06,3.749025959356611e-05
7378.0,0.9812,-1.08e-06,3.749025959356611e-05
7379.0,0.9812,-1.07e-06,3.749025959356611e-05
7380.0,0.9812,-1.06e-06,3.749025959356611e-05
7381.0,0.9812,-9.6e-07,3.749025959356611e-05
7382.0,0.9812,-8.6e-07,3.749025959356611e-05
7383.0,0.9812,-8.2e-07,3.749025959356611e-05
7384.0,0.9812,-7.7e-07,3.749025959356611e-05
7385.0,0.9812,-6.9e-07,3.749025959356611e-05
7386.0,0.9812,-6.4e-07,3.749025959356611e-05
7387.0,0.9811,-6.1e-07,3.7680265636641845e-05
7388.0,0.9811,-6.3e-07,3.7680265636641845e-05
7389.0,0.9811,-6.2e-07,3.7680265636641845e-05
7390.0,0.9811,-5.8e-07,3.7680265636641845e-05
7391.0,0.9811,-5.4e-07,3.7680265636641845e-05
7392.0,0.9811,-5.1e-07,3.7680265636641845e-05
7393.0,0.9811,-5.2e-07,3.7680265636641845e-05
7394.0,0.9811,-5.7e-07,3.7680265636641845e-05
7395.0,0.9811,-6.4e-07,3.7680265636641845e-05
7396.0,0.9811,-6.4e-07,3.7680265636641845e-05
7397.0,0.9811,-6e-07,3.7680265636641845e-05
7398.0,0.9811,-5.2e-07,3.7680265636641845e-05
7399.0,0.9811,-5e-07,3.7680265636641845e-05
7400.0,0.9811,-4.9e-07,3.7680265636641845e-05
7401.0,0.9811,-4.6e-07,3.7680265636641845e-05
7402.0,0.9811,-4.1e-07,3.7680265636641845e-05
7403.0,0.9811,-4.2e-07,3.7680265636641845e-05
7404.0,0.9811,-4.6e-07,3.7680265636641845e-05
7405.0,0.9811,-6.1e-07,3.7680265636641845e-05
7406.0,0.9811,-6.3e-07,3.7680265636641845e-05
7407.0,0.9811,-6.8e-07,3.7680265636641845e-05
7408.0,0.9811,-7.7e-07,3.7680265636641845e-05
7409.0,0.9811,-8.5e-07,3.7680265636641845e-05
7410.0,0.9811,-9.4e-07,3.7680265636641845e-05
7411.0,0.9811,-1.14e-06,3.7680265636641845e-05
7412.0,0.9811,-1.25e-06,3.7680265636641845e-05
7413.0,0.9811,-1.24e-06,3.7680265636641845e-05
7414.0,0.9811,-1.21e-06,3.7680265636641845e-05
7415.0,0.9811,-1.22e-06,3.7680265636641845e-05
7416.0,0.9811,-1.27e-06,3.7680265636641845e-05
7417.0,0.9811,-1.05e-06,3.7680265636641845e-05
7418.0,0.9811,-9.7e-07,3.7680265636641845e-05
7419.0,0.9811,-9.2e-07,3.7680265636641845e-05
7420.0,0.9811,-8.3e-07,3.7680265636641845e-05
7421.0,0.9811,-7.8e-07,3.7680265636641845e-05
7422.0,0.9811,-7.9e-07,3.7680265636641845e-05
7423.0,0.9811,-7.7e-07,3.7680265636641845e-05
7424.0,0.9811,-7.2e-07,3.7680265636641845e-05
7425.0,0.9811,-6.6e-07,3.7680265636641845e-05
7426.0,0.9811,-6.5e-07,3.7680265636641845e-05
7427.0,0.9811,-6.1e-07,3.7680265636641845e-05
7428.0,0.9811,-4.8e-07,3.7680265636641845e-05
7429.0,0.9811,-4.4e-07,3.7680265636641845e-05
7430.0,0.9811,-4.2e-07,3.7680265636641845e-05
7431.0,0.9811,-4.3e-07,3.7680265636641845e-05
7432.0,0.9811,-3.8e-07,3.7680265636641845e-05
7433.0,0.9811,-2.8e-07,3.7680265636641845e-05
7434.0,0.9811,-2.1e-07,3.7680265636641845e-05
7435.0,0.9811,-1.3e-07,3.7680265636641845e-05
7436.0,0.9811,-2e-08,3.7680265636641845e-05
7437.0,0.9811,3e-08,3.7680265636641845e-05
7438.0,0.9811,-4e-08,3.7680265636641845e-05
7439.0,0.9811,-9e-08,3.7680265636641845e-05
7440.0,0.9811,-8e-08,3.7680265636641845e-05
7441.0,0.9811,-2.2e-07,3.7680265636641845e-05
7442.0,0.9811,-2e-07,3.7680265636641845e-05
7443.0,0.9811,-1.6e-07,3.7680265636641845e-05
7444.0,0.9811,-1.2e-07,3.7680265636641845e-05
7445.0,0.9811,-9e-08,3.7680265636641845e-05
7446.0,0.9811,-1e-07,3.7680265636641845e-05
7447.0,0.9811,1e-08,3.7680265636641845e-05
7448.0,0.9811,6e-08,3.7680265636641845e-05
7449.0,0.9811,5e-08,3.7680265636641845e-05
7450.0,0.9811,-1e-08,3.7680265636641845e-05
7451.0,0.9811,-1.2e-07,3.7680265636641845e-05
7452.0,0.9811,-2.6e-07,3.7680265636641845e-05
7453.0,0.9811,-4.5e-07,3.7680265636641845e-05
7454.0,0.9811,-5.2e-07,3.7680265636641845e-05
7455.0,0.9811,-5.5e-07,3.7680265636641845e-05
7456.0,0.9811,-5.8e-07,3.7680265636641845e-05
7457.0,0.9811,-6.1e-07,3.7680265636641845e-05
7458.0,0.9811,-6.7e-07,3.7680265636641845e-05
7459.0,0.9811,-5.2e-07,3.7680265636641845e-05
7460.0,0.9811,-5.2e-07,3.7680265636641845e-05
7461.0,0.9811,-5.8e-07,3.7680265636641845e-05
7462.0,0.9811,-6.3e-07,3.7680265636641845e-05
7463.0,0.9811,-7e-07,3.7680265636641845e-05
7464.0,0.9811,-7.9e-07,3.7680265636641845e-05
7465.0,0.9811,-9.3e-07,3.7680265636641845e-05
7466.0,0.9811,-1.03e-06,3.7680265636641845e-05
7467.0,0.9811,-1.09e-06,3.7680265636641845e-05
7468.0,0.9811,-1.11e-06,3.7680265636641845e-05
7469.0,0.9811,-1.05e-06,3.7680265636641845e-05
7470.0,0.9811,-9.7e-07,3.7680265636641845e-05
7471.0,0.9811,-8.2e-07,3.7680265636641845e-05
7472.0,0.9811,-6.9e-07,3.7680265636641845e-05
7473.0,0.9811,-6.2e-07,3.7680265636641845e-05
7474.0,0.9811,-6e-07,3.7680265636641845e-05
7475.0,0.9811,-5.2e-07,3.7680265636641845e-05
7476.0,0.9811,-4.1e-07,3.7680265636641845e-05
7477.0,0.9811,-3.5e-07,3.7680265636641845e-05
7478.0,0.9811,-3.3e-07,3.7680265636641845e-05
7479.0,0.9811,-3.8e-07,3.7680265636641845e-05
7480.0,0.9811,-4.1e-07,3.7680265636641845e-05
7481.0,0.9811,-4.3e-07,3.7680265636641845e-05
7482.0,0.9811,-4.2e-07,3.7680265636641845e-05
7483.0,0.9811,-5.2e-07,3.7680265636641845e-05
7484.0,0.9811,-4.6e-07,3.7680265636641845e-05
7485.0,0.9811,-3.7e-07,3.7680265636641845e-05
7486.0,0.9811,-3.8e-07,3.7680265636641845e-05
7487.0,0.9811,-3.6e-07,3.7680265636641845e-05
7488.0,0.9811,-2.1e-07,3.7680265636641845e-05
7489.0,0.9811,-2.3e-07,3.7680265636641845e-05
7490.0,0.9811,-2.1e-07,3.7680265636641845e-05
7491.0,0.9811,-1.5e-07,3.7680265636641845e-05
7492.0,0.9811,-1.1e-07,3.7680265636641845e-05
7493.0,0.9811,-1.5e-07,3.7680265636641845e-05
7494.0,0.9811,-2.7e-07,3.7680265636641845e-05
7495.0,0.9811,-2e-07,3.7680265636641845e-05
7496.0,0.9811,-2.3e-07,3.7680265636641845e-05
7497.0,0.9811,-2.5e-07,3.7680265636641845e-05
7498.0,0.9811,-2.9e-07,3.7680265636641845e-05
7499.0,0.9811,-4e-07,3.7680265636641845e-05
7500.0,0.9811,-5.3e-07,3.7680265636641845e-05
7501.0,0.9811,-5.9e-07,3.7680265636641845e-05
7502.0,0.9811,-7.1e-07,3.7680265636641845e-05
7503.0,0.9811,-8e-07,3.7680265636641845e-05
7504.0,0.9811,-8.7e-07,3.7680265636641845e-05
7505.0,0.9811,-9.2e-07,3.7680265636641845e-05
7506.0,0.9811,-9.8e-07,3.7680265636641845e-05
7507.0,0.9811,-1.02e-06,3.7680265636641845e-05
7508.0,0.9811,-1.02e-06,3.7680265636641845e-05
7509.0,0.9811,-9.8e-07,3.7680265636641845e-05
7510.0,0.9811,-9.1e-07,3.7680265636641845e-05
7511.0,0.9811,-8.2e-07,3.7680265636641845e-05
7512.0,0.9811,-7.7e-07,3.7680265636641845e-05
7513.0,0.9811,-7.1e-07,3.7680265636641845e-05
7514.0,0.9811,-7.5e-07,3.7680265636641845e-05
7515.0,0.9811,-8.6e-07,3.7680265636641845e-05
7516.0,0.9811,-9.2e-07,3.7680265636641845e-05
7517.0,0.9811,-9.1e-07,3.7680265636641845e-05
7518.0,0.9811,-8.7e-07,3.7680265636641845e-05
7519.0,0.9811,-8.4e-07,3.7680265636641845e-05
7520.0,0.9811,-8e-07,3.7680265636641845e-05
7521.0,0.9811,-7.9e-07,3.7680265636641845e-05
7522.0,0.9811,-7.2e-07,3.7680265636641845e-05
7523.0,0.9811,-5.9e-07,3.7680265636641845e-05
7524.0,0.9811,-3.7e-07,3.7680265636641845e-05
7525.0,0.9811,-4e-07,3.7680265636641845e-05
7526.0,0.9811,-3.3e-07,3.7680265636641845e-05
7527.0,0.9811,-2.6e-07,3.7680265636641845e-05
7528.0,0.9811,-2e-07,3.7680265636641845e-05
7529.0,0.9811,-1.2e-07,3.7680265636641845e-05
7530.0,0.9811,0.0,3.7680265636641845e-05
7531.0,0.9811,-9e-08,3.7680265636641845e-05
7532.0,0.9811,-1.6e-07,3.7680265636641845e-05
7533.0,0.9811,-2.3e-07,3.7680265636641845e-05
7534.0,0.9811,-2.9e-07,3.7680265636641845e-05
7535.0,0.9811,-2.9e-07,3.7680265636641845e-05
7536.0,0.9811,-2.2e-07,3.7680265636641845e-05
7537.0,0.9811,-2.7e-07,3.7680265636641845e-05
7538.0,0.9811,-3.3e-07,3.7680265636641845e-05
7539.0,0.9811,-3.1e-07,3.7680265636641845e-05
7540.0,0.9811,-2.6e-07,3.7680265636641845e-05
7541.0,0.9811,-2.3e-07,3.7680265636641845e-05
7542.0,0.9811,-2e-07,3.7680265636641845e-05
7543.0,0.9811,-1.9e-07,3.7680265636641845e-05
7544.0,0.9811,-1.9e-07,3.7680265636641845e-05
7545.0,0.9811,-1.8e-07,3.7680265636641845e-05
7546.0,0.9811,-1.9e-07,3.7680265636641845e-05
7547.0,0.9811,-2.1e-07,3.7680265636641845e-05
7548.0,0.9811,-2.4e-07,3.7680265636641845e-05
7549.0,0.9811,-2.5e-07,3.7680265636641845e-05
7550.0,0.9811,-3.2e-07,3.7680265636641845e-05
7551.0,0.9811,-4.3e-07,3.7680265636641845e-05
7552.0,0.9811,-4.8e-07,3.7680265636641845e-05
7553.0,0.9811,-4.7e-07,3.7680265636641845e-05
7554.0,0.9811,-4.2e-07,3.7680265636641845e-05
7555.0,0.9811,-3.4e-07,3.7680265636641845e-05
7556.0,0.9811,-3.3e-07,3.7680265636641845e-05
7557.0,0.9811,-3.6e-07,3.7680265636641845e-05
7558.0,0.9811,-3.7e-07,3.7680265636641845e-05
7559.0,0.9811,-3.8e-07,3.7680265636641845e-05
7560.0,0.9811,-2.9e-07,3.7680265636641845e-05
7561.0,0.9811,-3.7e-07,3.7680265636641845e-05
7562.0,0.9811,-3.6e-07,3.7680265636641845e-05
7563.0,0.9811,-3.3e-07,3.7680265636641845e-05
7564.0,0.9811,-2.8e-07,3.7680265636641845e-05
7565.0,0.9811,-2e-07,3.7680265636641845e-05
7566.0,0.9811,-3e-08,3.7680265636641845e-05
7567.0,0.9811,5e-08,3.7680265636641845e-05
7568.0,0.9811,1.1e-07,3.7680265636641845e-05
7569.0,0.9811,1.2e-07,3.7680265636641845e-05
7570.0,0.9811,1.1e-07,3.7680265636641845e-05
7571.0,0.9811,1.3e-07,3.7680265636641845e-05
7572.0,0.9811,2e-07,3.7680265636641845e-05
7573.0,0.9811,7e-08,3.7680265636641845e-05
7574.0,0.9811,0.0,3.7680265636641845e-05
7575.0,0.9811,-5e-08,3.7680265636641845e-05
7576.0,0.9811,-9e-08,3.7680265636641845e-05
7577.0,0.9811,-1.2e-07,3.7680265636641845e-05
7578.0,0.9811,-1e-07,3.7680265636641845e-05
7579.0,0.9811,0.0,3.7680265636641845e-05
7580.0,0.9811,6e-08,3.7680265636641845e-05
7581.0,0.9811,1.2e-07,3.7680265636641845e-05
7582.0,0.9811,1.7e-07,3.7680265636641845e-05
7583.0,0.9811,1.2e-07,3.7680265636641845e-05
7584.0,0.9811,2e-08,3.7680265636641845e-05
7585.0,0.9811,-1.6e-07,3.7680265636641845e-05
7586.0,0.9811,-3e-07,3.7680265636641845e-05
7587.0,0.9811,-4.1e-07,3.7680265636641845e-05
7588.0,0.9811,-4.2e-07,3.7680265636641845e-05
7589.0,0.9811,-3.5e-07,3.7680265636641845e-05
7590.0,0.9811,-3.1e-07,3.7680265636641845e-05
7591.0,0.9811,-2.3e-07,3.7680265636641845e-05
7592.0,0.9811,-2.3e-07,3.7680265636641845e-05
7593.0,0.9811,-2.4e-07,3.7680265636641845e-05
7594.0,0.9811,-2.2e-07,3.7680265636641845e-05
7595.0,0.9811,-1.7e-07,3.7680265636641845e-05
7596.0,0.9811,-4e-08,3.7680265636641845e-05
7597.0,0.9811,-1.2e-07,3.7680265636641845e-05
7598.0,0.9811,-1.9e-07,3.7680265636641845e-05
7599.0,0.9811,-2.2e-07,3.7680265636641845e-05
7600.0,0.9811,-1.8e-07,3.7680265636641845e-05
7601.0,0.9811,-1.2e-07,3.7680265636641845e-05
7602.0,0.9811,-4e-08,3.7680265636641845e-05
7603.0,0.9811,8e-08,3.7680265636641845e-05
7604.0,0.9811,1.4e-07,3.7680265636641845e-05
7605.0,0.9811,1.4e-07,3.7680265636641845e-05
7606.0,0.9811,1e-07,3.7680265636641845e-05
7607.0,0.9811,1.4e-07,3.7680265636641845e-05
7608.0,0.9811,3e-07,3.7680265636641845e-05
7609.0,0.9811,2.9e-07,3.7680265636641845e-05
7610.0,0.9811,3.2e-07,3.7680265636641845e-05
7611.0,0.9811,3.1e-07,3.7680265636641845e-05
7612.0,0.9811,3.2e-07,3.7680265636641845e-05
7613.0,0.9811,3.9e-07,3.7680265636641845e-05
7614.0,0.9811,5.2e-07,3.7680265636641845e-05
7615.0,0.9811,5.3e-07,3.7680265636641845e-05
7616.0,0.9811,5.6e-07,3.7680265636641845e-05
7617.0,0.9811,5.8e-07,3.7680265636641845e-05
7618.0,0.9811,5.4e-07,3.7680265636641845e-05
7619.0,0.9811,5.3e-07,3.7680265636641845e-05
7620.0,0.9811,5.9e-07,3.7680265636641845e-05
7621.0,0.9811,4.7e-07,3.7680265636641845e-05
7622.0,0.9811,4.1e-07,3.7680265636641845e-05
7623.0,0.9811,3.4e-07,3.7680265636641845e-05
7624.0,0.9811,2.5e-07,3.7680265636641845e-05
7625.0,0.9811,1.9e-07,3.7680265636641845e-05
7626.0,0.9811,1.9e-07,3.7680265636641845e-05
7627.0,0.9811,3e-07,3.7680265636641845e-05
7628.0,0.9811,3.6e-07,3.7680265636641845e-05
7629.0,0.9811,4.3e-07,3.7680265636641845e-05
7630.0,0.9811,4.7e-07,3.7680265636641845e-05
7631.0,0.9811,5.2e-07,3.7680265636641845e-05
7632.0,0.9811,6.3e-07,3.7680265636641845e-05
7633.0,0.9811,5.4e-07,3.7680265636641845e-05
7634.0,0.9811,4.5e-07,3.7680265636641845e-05
7635.0,0.9811,4.4e-07,3.7680265636641845e-05
7636.0,0.9811,4.6e-07,3.7680265636641845e-05
7637.0,0.9811,4.4e-07,3.7680265636641845e-05
7638.0,0.9811,4.2e-07,3.7680265636641845e-05
7639.0,0.9811,4.7e-07,3.7680265636641845e-05
7640.0,0.9811,4e-07,3.7680265636641845e-05
7641.0,0.9811,3.2e-07,3.7680265636641845e-05
7642.0,0.9811,2.7e-07,3.7680265636641845e-05
7643.0,0.9811,1.9e-07,3.7680265636641845e-05
7644.0,0.9811,5e-08,3.7680265636641845e-05
7645.0,0.9811,-1.2e-07,3.7680265636641845e-05
7646.0,0.9811,-1.9e-07,3.7680265636641845e-05
7647.0,0.9811,-2.2e-07,3.7680265636641845e-05
7648.0,0.9811,-2.7e-07,3.7680265636641845e-05
7649.0,0.9811,-2.9e-07,3.7680265636641845e-05
7650.0,0.9811,-2.3e-07,3.7680265636641845e-05
7651.0,0.9811,-2.2e-07,3.7680265636641845e-05
7652.0,0.9811,-1.9e-07,3.7680265636641845e-05
7653.0,0.9811,-9e-08,3.7680265636641845e-05
7654.0,0.9811,6e-08,3.7680265636641845e-05
7655.0,0.9811,1.4e-07,3.7680265636641845e-05
7656.0,0.9811,1.5e-07,3.7680265636641845e-05
7657.0,0.9811,3.1e-07,3.7680265636641845e-05
7658.0,0.9811,4e-07,3.7680265636641845e-05
7659.0,0.9811,3.8e-07,3.7680265636641845e-05
7660.0,0.9811,2.8e-07,3.7680265636641845e-05
7661.0,0.9811,1.4e-07,3.7680265636641845e-05
7662.0,0.9811,-1e-08,3.7680265636641845e-05
7663.0,0.9811,-2.3e-07,3.7680265636641845e-05
7664.0,0.9811,-2.8e-07,3.7680265636641845e-05
7665.0,0.9811,-2.8e-07,3.7680265636641845e-05
7666.0,0.9811,-3e-07,3.7680265636641845e-05
7667.0,0.9811,-3.4e-07,3.7680265636641845e-05
7668.0,0.9811,-3.9e-07,3.7680265636641845e-05
7669.0,0.9811,-3.4e-07,3.7680265636641845e-05
7670.0,0.9811,-3.8e-07,3.7680265636641845e-05
7671.0,0.9811,-4.5e-07,3.7680265636641845e-05
7672.0,0.9811,-5.1e-07,3.7680265636641845e-05
7673.0,0.9811,-5.2e-07,3.7680265636641845e-05
7674.0,0.9811,-5.6e-07,3.7680265636641845e-05
7675.0,0.9811,-5.4e-07,3.7680265636641845e-05
7676.0,0.9811,-5.8e-07,3.7680265636641845e-05
7677.0,0.9811,-6.1e-07,3.7680265636641845e-05
7678.0,0.9811,-6.2e-07,3.7680265636641845e-05
7679.0,0.9811,-6.1e-07,3.7680265636641845e-05
7680.0,0.9811,-6e-07,3.7680265636641845e-05
7681.0,0.9811,-6.2e-07,3.7680265636641845e-05
7682.0,0.9811,-5.8e-07,3.7680265636641845e-05
7683.0,0.9811,-5.2e-07,3.7680265636641845e-05
7684.0,0.9811,-4.4e-07,3.7680265636641845e-05
7685.0,0.9811,-3.4e-07,3.7680265636641845e-05
7686.0,0.9811,-2.2e-07,3.7680265636641845e-05
7687.0,0.9811,-9e-08,3.7680265636641845e-05
7688.0,0.9811,5e-08,3.7680265636641845e-05
7689.0,0.9811,1.4e-07,3.7680265636641845e-05
7690.0,0.9811,1.6e-07,3.7680265636641845e-05
7691.0,0.9811,1.7e-07,3.7680265636641845e-05
7692.0,0.9811,1.9e-07,3.7680265636641845e-05
7693.0,0.9811,3e-08,3.7680265636641845e-05
7694.0,0.9811,-4e-08,3.7680265636641845e-05
7695.0,0.9811,-4e-08,3.7680265636641845e-05
7696.0,0.9811,-3e-08,3.7680265636641845e-05
7697.0,0.9811,-2e-08,3.7680265636641845e-05
7698.0,0.9811,-4e-08,3.7680265636641845e-05
7699.0,0.9811,2e-07,3.7680265636641845e-05
7700.0,0.9811,2.6e-07,3.7680265636641845e-05
7701.0,0.9811,2.6e-07,3.7680265636641845e-05
7702.0,0.9811,2.5e-07,3.7680265636641845e-05
7703.0,0.9811,2.7e-07,3.7680265636641845e-05
7704.0,0.9811,3.1e-07,3.7680265636641845e-05
7705.0,0.9811,2e-07,3.7680265636641845e-05
7706.0,0.9811,9e-08,3.7680265636641845e-05
7707.0,0.9811,3e-08,3.7680265636641845e-05
7708.0,0.9811,3e-08,3.7680265636641845e-05
7709.0,0.9811,8e-08,3.7680265636641845e-05
7710.0,0.9811,1.3e-07,3.7680265636641845e-05
7711.0,0.9811,2.3e-07,3.7680265636641845e-05
7712.0,0.9811,2.6e-07,3.7680265636641845e-05
7713.0,0.9811,2.1e-07,3.7680265636641845e-05
7714.0,0.9811,1.4e-07,3.7680265636641845e-05
7715.0,0.9811,1.6e-07,3.7680265636641845e-05
7716.0,0.9811,2.2e-07,3.7680265636641845e-05
7717.0,0.9811,7e-08,3.7680265636641845e-05
7718.0,0.9811,4e-08,3.7680265636641845e-05
7719.0,0.9811,5e-08,3.7680265636641845e-05
7720.0,0.9811,3e-08,3.7680265636641845e-05
7721.0,0.9811,2e-08,3.7680265636641845e-05
7722.0,0.9811,6e-08,3.7680265636641845e-05
7723.0,0.9811,3e-08,3.7680265636641845e-05
7724.0,0.9811,5e-08,3.7680265636641845e-05
7725.0,0.9811,7e-08,3.7680265636641845e-05
7726.0,0.9811,9e-08,3.7680265636641845e-05
7727.0,0.9811,1.1e-07,3.7680265636641845e-05
7728.0,0.9811,9e-08,3.7680265636641845e-05
7729.0,0.9811,1.8e-07,3.7680265636641845e-05
7730.0,0.9811,1.6e-07,3.7680265636641845e-05
7731.0,0.9811,1.5e-07,3.7680265636641845e-05
7732.0,0.9811,1.9e-07,3.7680265636641845e-05
7733.0,0.9811,2e-07,3.7680265636641845e-05
7734.0,0.9811,1.8e-07,3.7680265636641845e-05
7735.0,0.9811,1e-07,3.7680265636641845e-05
7736.0,0.9811,-1e-08,3.7680265636641845e-05
7737.0,0.9811,-7e-08,3.7680265636641845e-05
7738.0,0.9811,-9e-08,3.7680265636641845e-05
7739.0,0.9811,-1.3e-07,3.7680265636641845e-05
7740.0,0.9811,-1.6e-07,3.7680265636641845e-05
7741.0,0.9811,-1.4e-07,3.7680265636641845e-05
7742.0,0.9811,-1.3e-07,3.7680265636641845e-05
7743.0,0.9811,-1.4e-07,3.7680265636641845e-05
7744.0,0.9811,-1.5e-07,3.7680265636641845e-05
7745.0,0.9811,-1.5e-07,3.7680265636641845e-05
7746.0,0.9811,-6e-08,3.7680265636641845e-05
7747.0,0.9811,-9e-08,3.7680265636641845e-05
7748.0,0.9811,-1.3e-07,3.7680265636641845e-05
7749.0,0.9811,-1.8e-07,3.7680265636641845e-05
7750.0,0.9811,-2.1e-07,3.7680265636641845e-05
7751.0,0.9811,-2.5e-07,3.7680265636641845e-05
7752.0,0.9811,-2.3e-07,3.7680265636641845e-05
7753.0,0.9811,-3.7e-07,3.7680265636641845e-05
7754.0,0.9811,-4.6e-07,3.7680265636641845e-05
7755.0,0.9811,-5e-07,3.7680265636641845e-05
7756.0,0.9811,-4.8e-07,3.7680265636641845e-05
7757.0,0.9811,-4.3e-07,3.7680265636641845e-05
7758.0,0.9811,-3.7e-07,3.7680265636641845e-05
7759.0,0.9811,-3.2e-07,3.7680265636641845e-05
7760.0,0.9811,-2.2e-07,3.7680265636641845e-05
7761.0,0.9811,-2e-08,3.7680265636641845e-05
7762.0,0.9811,1.8e-07,3.7680265636641845e-05
7763.0,0.9811,3.4e-07,3.7680265636641845e-05
7764.0,0.9811,5.3e-07,3.7680265636641845e-05
7765.0,0.9811,6.9e-07,3.7680265636641845e-05
7766.0,0.9811,7.2e-07,3.7680265636641845e-05
7767.0,0.9811,7.2e-07,3.7680265636641845e-05
7768.0,0.9811,7.6e-07,3.7680265636641845e-05
7769.0,0.9811,8e-07,3.7680265636641845e-05
7770.0,0.9811,7.5e-07,3.7680265636641845e-05
7771.0,0.9811,7.4e-07,3.7680265636641845e-05
7772.0,0.9811,7.4e-07,3.7680265636641845e-05
7773.0,0.9811,7.3e-07,3.7680265636641845e-05
7774.0,0.9811,7.7e-07,3.7680265636641845e-05
7775.0,0.9811,8e-07,3.7680265636641845e-05
7776.0,0.9811,8.5e-07,3.7680265636641845e-05
7777.0,0.9811,6.9e-07,3.7680265636641845e-05
7778.0,0.9811,5.8e-07,3.7680265636641845e-05
7779.0,0.9811,4.9e-07,3.7680265636641845e-05
7780.0,0.9811,3.7e-07,3.7680265636641845e-05
7781.0,0.9811,2.4e-07,3.7680265636641845e-05
7782.0,0.9811,1.1e-07,3.7680265636641845e-05
7783.0,0.9811,1e-07,3.7680265636641845e-05
7784.0,0.9811,1.1e-07,3.7680265636641845e-05
7785.0,0.9811,6e-08,3.7680265636641845e-05
7786.0,0.9811,0.0,3.7680265636641845e-05
7787.0,0.9811,-7e-08,3.7680265636641845e-05
7788.0,0.9811,-1.7e-07,3.7680265636641845e-05
7789.0,0.9811,-1.7e-07,3.7680265636641845e-05
7790.0,0.9811,-1.8e-07,3.7680265636641845e-05
7791.0,0.9811,-1.6e-07,3.7680265636641845e-05
7792.0,0.9811,-9e-08,3.7680265636641845e-05
7793.0,0.9811,-2e-08,3.7680265636641845e-05
7794.0,0.9811,3e-08,3.7680265636641845e-05
7795.0,0.9811,9e-08,3.7680265636641845e-05
7796.0,0.9811,1.1e-07,3.7680265636641845e-05
7797.0,0.9811,1.1e-07,3.7680265636641845e-05
7798.0,0.9811,1.1e-07,3.7680265636641845e-05
7799.0,0.9811,1.1e-07,3.7680265636641845e-05
7800.0,0.9811,1.1e-07,3.7680265636641845e-05
7801.0,0.9811,2e-08,3.7680265636641845e-05
7802.0,0.9811,-2e-08,3.7680265636641845e-05
7803.0,0.9811,-6e-08,3.7680265636641845e-05
7804.0,0.9811,-1.1e-07,3.7680265636641845e-05
7805.0,0.9811,-1.4e-07,3.7680265636641845e-05
7806.0,0.9811,-1.2e-07,3.7680265636641845e-05
7807.0,0.9811,-1.1e-07,3.7680265636641845e-05
7808.0,0.9811,-5e-08,3.7680265636641845e-05
7809.0,0.9811,-5e-08,3.7680265636641845e-05
7810.0,0.9811,-7e-08,3.7680265636641845e-05
7811.0,0.9811,-8e-08,3.7680265636641845e-05
7812.0,0.9811,-7e-08,3.7680265636641845e-05
7813.0,0.9811,-1.3e-07,3.7680265636641845e-05
7814.0,0.9811,-1.4e-07,3.7680265636641845e-05
7815.0,0.9811,-1.4e-07,3.7680265636641845e-05
7816.0,0.9811,-1.5e-07,3.7680265636641845e-05
7817.0,0.9811,-1.7e-07,3.7680265636641845e-05
7818.0,0.9811,-1.8e-07,3.7680265636641845e-05
7819.0,0.9811,-1.3e-07,3.7680265636641845e-05
7820.0,0.9811,-1.2e-07,3.7680265636641845e-05
7821.0,0.9811,-9e-08,3.7680265636641845e-05
7822.0,0.9811,0.0,3.7680265636641845e-05
7823.0,0.9811,1.1e-07,3.7680265636641845e-05
7824.0,0.9811,1.7e-07,3.7680265636641845e-05
7825.0,0.9811,2.7e-07,3.7680265636641845e-05
7826.0,0.9811,3.6e-07,3.7680265636641845e-05
7827.0,0.9811,4.7e-07,3.7680265636641845e-05
7828.0,0.9811,5.5e-07,3.7680265636641845e-05
7829.0,0.9811,6e-07,3.7680265636641845e-05
7830.0,0.9811,7.3e-07,3.7680265636641845e-05
7831.0,0.9811,8.1e-07,3.7680265636641845e-05
7832.0,0.9811,9e-07,3.7680265636641845e-05
7833.0,0.9811,9.6e-07,3.7680265636641845e-05
7834.0,0.9811,9.5e-07,3.7680265636641845e-05
7835.0,0.9811,9.4e-07,3.7680265636641845e-05
7836.0,0.9811,9.9e-07,3.7680265636641845e-05
7837.0,0.9811,9.9e-07,3.7680265636641845e-05
7838.0,0.9811,9.7e-07,3.7680265636641845e-05
7839.0,0.9811,9.1e-07,3.7680265636641845e-05
7840.0,0.9811,9.1e-07,3.7680265636641845e-05
7841.0,0.9811,9.1e-07,3.7680265636641845e-05
7842.0,0.9811,8.8e-07,3.7680265636641845e-05
7843.0,0.9811,8.2e-07,3.7680265636641845e-05
7844.0,0.9811,7.8e-07,3.7680265636641845e-05
7845.0,0.9811,6.9e-07,3.7680265636641845e-05
7846.0,0.9811,6e-07,3.7680265636641845e-05
7847.0,0.9811,4.8e-07,3.7680265636641845e-05
7848.0,0.9811,3.9e-07,3.7680265636641845e-05
7849.0,0.9811,3.7e-07,3.7680265636641845e-05
7850.0,0.9811,4.6e-07,3.7680265636641845e-05
7851.0,0.9811,5.6e-07,3.7680265636641845e-05
7852.0,0.9811,6.9e-07,3.7680265636641845e-05
7853.0,0.9811,7.2e-07,3.7680265636641845e-05
7854.0,0.9811,7.8e-07,3.7680265636641845e-05
7855.0,0.9811,8.8e-07,3.7680265636641845e-05
7856.0,0.9811,8.6e-07,3.7680265636641845e-05
7857.0,0.9811,8.6e-07,3.7680265636641845e-05
7858.0,0.9811,8.2e-07,3.7680265636641845e-05
7859.0,0.9811,7.5e-07,3.7680265636641845e-05
7860.0,0.9811,7.6e-07,3.7680265636641845e-05
7861.0,0.9811,7.7e-07,3.7680265636641845e-05
7862.0,0.9811,7.8e-07,3.7680265636641845e-05
7863.0,0.9811,7.6e-07,3.7680265636641845e-05
7864.0,0.9811,7.8e-07,3.7680265636641845e-05
7865.0,0.9811,8e-07,3.7680265636641845e-05
7866.0,0.9811,7.6e-07,3.7680265636641845e-05
7867.0,0.9811,6.9e-07,3.7680265636641845e-05
7868.0,0.9811,6.5e-07,3.7680265636641845e-05
7869.0,0.9811,6.4e-07,3.7680265636641845e-05
7870.0,0.9811,6.2e-07,3.7680265636641845e-05
7871.0,0.9811,5.6e-07,3.7680265636641845e-05
7872.0,0.9811,5.5e-07,3.7680265636641845e-05
7873.0,0.9811,5.9e-07,3.7680265636641845e-05
7874.0,0.9811,6.1e-07,3.7680265636641845e-05
7875.0,0.9811,6.1e-07,3.7680265636641845e-05
7876.0,0.9811,5.7e-07,3.7680265636641845e-05
7877.0,0.9811,6.3e-07,3.7680265636641845e-05
7878.0,0.9811,8e-07,3.7680265636641845e-05
7879.0,0.9811,9.7e-07,3.7680265636641845e-05
7880.0,0.9811,1.14e-06,3.7680265636641845e-05
7881.0,0.9811,1.21e-06,3.7680265636641845e-05
7882.0,0.9811,1.14e-06,3.7680265636641845e-05
7883.0,0.9811,1e-06,3.7680265636641845e-05
7884.0,0.9811,8.8e-07,3.7680265636641845e-05
7885.0,0.9811,8.6e-07,3.7680265636641845e-05
7886.0,0.9811,8.1e-07,3.7680265636641845e-05
7887.0,0.9811,6.8e-07,3.7680265636641845e-05
7888.0,0.9811,6.8e-07,3.7680265636641845e-05
7889.0,0.9811,7.2e-07,3.7680265636641845e-05
7890.0,0.9811,7.6e-07,3.7680265636641845e-05
7891.0,0.9811,7.8e-07,3.7680265636641845e-05
7892.0,0.9811,9e-07,3.7680265636641845e-05
7893.0,0.9811,8.9e-07,3.7680265636641845e-05
7894.0,0.9811,9.1e-07,3.7680265636641845e-05
7895.0,0.9811,9.7e-07,3.7680265636641845e-05
7896.0,0.9811,1.17e-06,3.7680265636641845e-05
7897.0,0.9811,1.29e-06,3.7680265636641845e-05
7898.0,0.9811,1.31e-06,3.7680265636641845e-05
7899.0,0.9811,1.32e-06,3.7680265636641845e-05
7900.0,0.9811,1.25e-06,3.7680265636641845e-05
7901.0,0.9811,1.14e-06,3.7680265636641845e-05
7902.0,0.9811,1.08e-06,3.7680265636641845e-05
7903.0,0.9811,1.05e-06,3.7680265636641845e-05
7904.0,0.9811,8.2e-07,3.7680265636641845e-05
7905.0,0.9811,7.4e-07,3.7680265636641845e-05
7906.0,0.9811,6.5e-07,3.7680265636641845e-05
7907.0,0.9811,5.6e-07,3.7680265636641845e-05
7908.0,0.9811,7.2e-07,3.7680265636641845e-05
7909.0,0.9811,7.7e-07,3.7680265636641845e-05
7910.0,0.9811,7.9e-07,3.7680265636641845e-05
7911.0,0.9811,8.1e-07,3.7680265636641845e-05
7912.0,0.9811,7.7e-07,3.7680265636641845e-05
7913.0,0.9811,7.2e-07,3.7680265636641845e-05
7914.0,0.9811,7.3e-07,3.7680265636641845e-05
7915.0,0.9811,8.1e-07,3.7680265636641845e-05
7916.0,0.9811,7.6e-07,3.7680265636641845e-05
7917.0,0.9811,7.5e-07,3.7680265636641845e-05
7918.0,0.9811,7.2e-07,3.7680265636641845e-05
7919.0,0.9811,6.9e-07,3.7680265636641845e-05
7920.0,0.9811,7.3e-07,3.7680265636641845e-05
7921.0,0.9811,7.6e-07,3.7680265636641845e-05
7922.0,0.9812,8.3e-07,3.749025959356611e-05
7923.0,0.9812,9e-07,3.749025959356611e-05
7924.0,0.9812,1.01e-06,3.749025959356611e-05
7925.0,0.9812,1.07e-06,3.749025959356611e-05
7926.0,0.9812,1.15e-06,3.749025959356611e-05
7927.0,0.9812,1.31e-06,3.749025959356611e-05
7928.0,0.9812,1.52e-06,3.749025959356611e-05
7929.0,0.9812,1.61e-06,3.749025959356611e-05
7930.0,0.9812,1.56e-06,3.749025959356611e-05
7931.0,0.9812,1.45e-06,3.749025959356611e-05
7932.0,0.9812,1.4e-06,3.749025959356611e-05
7933.0,0.9812,1.34e-06,3.749025959356611e-05
7934.0,0.9812,1.24e-06,3.749025959356611e-05
7935.0,0.9812,1.11e-06,3.749025959356611e-05
7936.0,0.9812,1.04e-06,3.749025959356611e-05
7937.0,0.9812,1.02e-06,3.749025959356611e-05
7938.0,0.9812,9.9e-07,3.749025959356611e-05
7939.0,0.9812,9.6e-07,3.749025959356611e-05
7940.0,0.9812,1.08e-06,3.749025959356611e-05
7941.0,0.9812,1.18e-06,3.749025959356611e-05
7942.0,0.9812,1.22e-06,3.749025959356611e-05
7943.0,0.9812,1.25e-06,3.749025959356611e-05
7944.0,0.9812,1.26e-06,3.749025959356611e-05
7945.0,0.9812,1.24e-06,3.749025959356611e-05
7946.0,0.9812,1.22e-06,3.749025959356611e-05
7947.0,0.9812,1.23e-06,3.749025959356611e-05
7948.0,0.9812,1.14e-06,3.749025959356611e-05
7949.0,0.9812,1.13e-06,3.749025959356611e-05
7950.0,0.9812,1.16e-06,3.749025959356611e-05
7951.0,0.9812,1.14e-06,3.749025959356611e-05
7952.0,0.9812,1.17e-06,3.749025959356611e-05
7953.0,0.9812,1.2e-06,3.749025959356611e-05
7954.0,0.9812,1.21e-06,3.749025959356611e-05
7955.0,0.9812,1.14e-06,3.749025959356611e-05
7956.0,0.9812,1.03e-06,3.749025959356611e-05
7957.0,0.9812,9.7e-07,3.749025959356611e-05
7958.0,0.9812,9.7e-07,3.749025959356611e-05
7959.0,0.9812,1.03e-06,3.749025959356611e-05
7960.0,0.9812,1.05e-06,3.749025959356611e-05
7961.0,0.9812,1.11e-06,3.749025959356611e-05
7962.0,0.9812,1.24e-06,3.749025959356611e-05
7963.0,0.9812,1.36e-06,3.749025959356611e-05
7964.0,0.9812,1.53e-06,3.749025959356611e-05
7965.0,0.9812,1.58e-06,3.749025959356611e-05
7966.0,0.9812,1.56e-06,3.749025959356611e-05
7967.0,0.9812,1.53e-06,3.749025959356611e-05
7968.0,0.9812,1.26e-06,3.749025959356611e-05
7969.0,0.9812,1.08e-06,3.749025959356611e-05
7970.0,0.9812,9.5e-07,3.749025959356611e-05
7971.0,0.9812,8.3e-07,3.749025959356611e-05
7972.0,0.9812,6.3e-07,3.749025959356611e-05
7973.0,0.9812,5.5e-07,3.749025959356611e-05
7974.0,0.9812,5.3e-07,3.749025959356611e-05
7975.0,0.9812,5.3e-07,3.749025959356611e-05
7976.0,0.9812,6.1e-07,3.749025959356611e-05
7977.0,0.9812,6.8e-07,3.749025959356611e-05
7978.0,0.9812,7e-07,3.749025959356611e-05
7979.0,0.9812,7.3e-07,3.749025959356611e-05
7980.0,0.9812,7.8e-07,3.749025959356611e-05
7981.0,0.9812,8.4e-07,3.749025959356611e-05
7982.0,0.9812,9e-07,3.749025959356611e-05
7983.0,0.9812,9.7e-07,3.749025959356611e-05
7984.0,0.9812,1.03e-06,3.749025959356611e-05
7985.0,0.9812,1.05e-06,3.749025959356611e-05
7986.0,0.9812,1.1e-06,3.749025959356611e-05
7987.0,0.9812,1.12e-06,3.749025959356611e-05
7988.0,0.9812,1.09e-06,3.749025959356611e-05
7989.0,0.9812,1.15e-06,3.749025959356611e-05
7990.0,0.9812,1.27e-06,3.749025959356611e-05
7991.0,0.9812,1.37e-06,3.749025959356611e-05
7992.0,0.9812,1.5e-06,3.749025959356611e-05
7993.0,0.9812,1.59e-06,3.749025959356611e-05
7994.0,0.9812,1.6e-06,3.749025959356611e-05
7995.0,0.9812,1.57e-06,3.749025959356611e-05
7996.0,0.9812,1.47e-06,3.749025959356611e-05
7997.0,0.9812,1.37e-06,3.749025959356611e-05
7998.0,0.9812,1.3e-06,3.749025959356611e-05
7999.0,0.9812,1.29e-06,3.749025959356611e-05
8000.0,0.9812,1.25e-06,3.749025959356611e-05
8001.0,0.9812,1.24e-06,3.749025959356611e-05
8002.0,0.9812,1.24e-06,3.749025959356611e-05
8003.0,0.9812,1.2e-06,3.749025959356611e-05
8004.0,0.9812,1.27e-06,3.749025959356611e-05
8005.0,0.9812,1.3e-06,3.749025959356611e-05
8006.0,0.9812,1.3e-06,3.749025959356611e-05
8007.0,0.9812,1.28e-06,3.749025959356611e-05
8008.0,0.9812,1.24e-06,3.749025959356611e-05
8009.0,0.9813,1.18e-06,3.730019344685137e-05
8010.0,0.9813,1.18e-06,3.730019344685137e-05
8011.0,0.9813,1.16e-06,3.730019344685137e-05
8012.0,0.9813,1.17e-06,3.730019344685137e-05
8013.0,0.9813,1.18e-06,3.730019344685137e-05
8014.0,0.9813,1.14e-06,3.730019344685137e-05
8015.0,0.9813,1.04e-06,3.730019344685137e-05
8016.0,0.9813,1e-06,3.730019344685137e-05
8017.0,0.9813,9.4e-07,3.730019344685137e-05
8018.0,0.9813,8.9e-07,3.730019344685137e-05
8019.0,0.9813,8.9e-07,3.730019344685137e-05
8020.0,0.9813,9.2e-07,3.730019344685137e-05
8021.0,0.9813,9.9e-07,3.730019344685137e-05
8022.0,0.9813,1.01e-06,3.730019344685137e-05
8023.0,0.9813,9.7e-07,3.730019344685137e-05
8024.0,0.9813,9.6e-07,3.730019344685137e-05
8025.0,0.9813,9.4e-07,3.730019344685137e-05
8026.0,0.9813,9.2e-07,3.730019344685137e-05
8027.0,0.9813,8.6e-07,3.730019344685137e-05
8028.0,0.9813,7.3e-07,3.730019344685137e-05
8029.0,0.9813,6.5e-07,3.730019344685137e-05
8030.0,0.9813,5.8e-07,3.730019344685137e-05
8031.0,0.9813,5.4e-07,3.730019344685137e-05
8032.0,0.9813,6.9e-07,3.730019344685137e-05
8033.0,0.9813,8.2e-07,3.730019344685137e-05
8034.0,0.9813,9.6e-07,3.730019344685137e-05
8035.0,0.9813,1.09e-06,3.730019344685137e-05
8036.0,0.9813,1.35e-06,3.730019344685137e-05
8037.0,0.9813,1.49e-06,3.730019344685137e-05
8038.0,0.9813,1.57e-06,3.730019344685137e-05
8039.0,0.9813,1.67e-06,3.730019344685137e-05
8040.0,0.9813,1.75e-06,3.730019344685137e-05
8041.0,0.9813,1.83e-06,3.730019344685137e-05
8042.0,0.9813,1.83e-06,3.730019344685137e-05
8043.0,0.9813,1.79e-06,3.730019344685137e-05
8044.0,0.9813,1.74e-06,3.730019344685137e-05
8045.0,0.9813,1.68e-06,3.730019344685137e-05
8046.0,0.9813,1.58e-06,3.730019344685137e-05
8047.0,0.9813,1.48e-06,3.730019344685137e-05
8048.0,0.9813,1.26e-06,3.730019344685137e-05
8049.0,0.9813,1.11e-06,3.730019344685137e-05
8050.0,0.9813,1.01e-06,3.730019344685137e-05
8051.0,0.9813,9e-07,3.730019344685137e-05
8052.0,0.9813,8.9e-07,3.730019344685137e-05
8053.0,0.9813,8.6e-07,3.730019344685137e-05
8054.0,0.9813,8.5e-07,3.730019344685137e-05
8055.0,0.9813,8.7e-07,3.730019344685137e-05
8056.0,0.9813,1.02e-06,3.730019344685137e-05
8057.0,0.9813,1.1e-06,3.730019344685137e-05
8058.0,0.9813,1.17e-06,3.730019344685137e-05
8059.0,0.9813,1.27e-06,3.730019344685137e-05
8060.0,0.9813,1.37e-06,3.730019344685137e-05
8061.0,0.9813,1.45e-06,3.730019344685137e-05
8062.0,0.9813,1.51e-06,3.730019344685137e-05
8063.0,0.9813,1.54e-06,3.730019344685137e-05
8064.0,0.9813,1.52e-06,3.730019344685137e-05
8065.0,0.9813,1.51e-06,3.730019344685137e-05
8066.0,0.9813,1.49e-06,3.730019344685137e-05
8067.0,0.9813,1.43e-06,3.730019344685137e-05
8068.0,0.9813,1.35e-06,3.730019344685137e-05
8069.0,0.9813,1.3e-06,3.730019344685137e-05
8070.0,0.9813,1.24e-06,3.730019344685137e-05
8071.0,0.9813,1.18e-06,3.730019344685137e-05
8072.0,0.9813,1.07e-06,3.730019344685137e-05
8073.0,0.9813,9.7e-07,3.730019344685137e-05
8074.0,0.9813,9.1e-07,3.730019344685137e-05
8075.0,0.9813,8.9e-07,3.730019344685137e-05
8076.0,0.9813,8.5e-07,3.730019344685137e-05
8077.0,0.9813,9e-07,3.730019344685137e-05
8078.0,0.9813,9.8e-07,3.730019344685137e-05
8079.0,0.9813,1.03e-06,3.730019344685137e-05
8080.0,0.9813,1.21e-06,3.730019344685137e-05
8081.0,0.9813,1.38e-06,3.730019344685137e-05
8082.0,0.9813,1.52e-06,3.730019344685137e-05
8083.0,0.9813,1.63e-06,3.730019344685137e-05
8084.0,0.9813,1.65e-06,3.730019344685137e-05
8085.0,0.9813,1.65e-06,3.730019344685137e-05
8086.0,0.9813,1.69e-06,3.730019344685137e-05
8087.0,0.9813,1.74e-06,3.730019344685137e-05
8088.0,0.9813,1.62e-06,3.730019344685137e-05
8089.0,0.9813,1.51e-06,3.730019344685137e-05
8090.0,0.9813,1.43e-06,3.730019344685137e-05
8091.0,0.9813,1.35e-06,3.730019344685137e-05
8092.0,0.9814,1.27e-06,3.711006695468324e-05
8093.0,0.9814,1.16e-06,3.711006695468324e-05
8094.0,0.9814,1.04e-06,3.711006695468324e-05
8095.0,0.9814,9.4e-07,3.711006695468324e-05
8096.0,0.9814,9.7e-07,3.711006695468324e-05
8097.0,0.9814,1.02e-06,3.711006695468324e-05
8098.0,0.9814,1.05e-06,3.711006695468324e-05
8099.0,0.9814,1.08e-06,3.711006695468324e-05
8100.0,0.9814,1.22e-06,3.711006695468324e-05
8101.0,0.9814,1.25e-06,3.711006695468324e-05
8102.0,0.9814,1.23e-06,3.711006695468324e-05
8103.0,0.9814,1.17e-06,3.711006695468324e-05
8104.0,0.9814,9.8e-07,3.711006695468324e-05
8105.0,0.9814,8.8e-07,3.711006695468324e-05
8106.0,0.9814,8e-07,3.711006695468324e-05
8107.0,0.9814,7.3e-07,3.711006695468324e-05
8108.0,0.9814,7.8e-07,3.711006695468324e-05
8109.0,0.9814,7.6e-07,3.711006695468324e-05
8110.0,0.9814,6.6e-07,3.711006695468324e-05
8111.0,0.9814,5.3e-07,3.711006695468324e-05
8112.0,0.9814,5.6e-07,3.711006695468324e-05
8113.0,0.9814,5.6e-07,3.711006695468324e-05
8114.0,0.9814,5.9e-07,3.711006695468324e-05
8115.0,0.9814,6.2e-07,3.711006695468324e-05
8116.0,0.9814,6.7e-07,3.711006695468324e-05
8117.0,0.9814,6.9e-07,3.711006695468324e-05
8118.0,0.9814,7.5e-07,3.711006695468324e-05
8119.0,0.9814,7.7e-07,3.711006695468324e-05
8120.0,0.9814,6.5e-07,3.711006695468324e-05
8121.0,0.9814,6.1e-07,3.711006695468324e-05
8122.0,0.9814,5.5e-07,3.711006695468324e-05
8123.0,0.9814,5e-07,3.711006695468324e-05
8124.0,0.9814,5.1e-07,3.711006695468324e-05
8125.0,0.9814,5.2e-07,3.711006695468324e-05
8126.0,0.9814,5.1e-07,3.711006695468324e-05
8127.0,0.9814,5.3e-07,3.711006695468324e-05
8128.0,0.9814,7.6e-07,3.711006695468324e-05
8129.0,0.9814,8.4e-07,3.711006695468324e-05
8130.0,0.9814,8.2e-07,3.711006695468324e-05
8131.0,0.9814,7.7e-07,3.711006695468324e-05
8132.0,0.9814,6.9e-07,3.711006695468324e-05
8133.0,0.9814,6.4e-07,3.711006695468324e-05
8134.0,0.9814,6.3e-07,3.711006695468324e-05
8135.0,0.9814,6.9e-07,3.711006695468324e-05
8136.0,0.9814,7.5e-07,3.711006695468324e-05
8137.0,0.9814,7.9e-07,3.711006695468324e-05
8138.0,0.9814,8.3e-07,3.711006695468324e-05
8139.0,0.9814,8.8e-07,3.711006695468324e-05
8140.0,0.9814,1e-06,3.711006695468324e-05
8141.0,0.9814,1.04e-06,3.711006695468324e-05
8142.0,0.9814,9.9e-07,3.711006695468324e-05
8143.0,0.9814,8.5e-07,3.711006695468324e-05
8144.0,0.9814,7.3e-07,3.711006695468324e-05
8145.0,0.9814,7.1e-07,3.711006695468324e-05
8146.0,0.9814,7.2e-07,3.711006695468324e-05
8147.0,0.9814,7.1e-07,3.711006695468324e-05
8148.0,0.9814,8.1e-07,3.711006695468324e-05
8149.0,0.9814,8.6e-07,3.711006695468324e-05
8150.0,0.9814,9.5e-07,3.711006695468324e-05
8151.0,0.9814,1.06e-06,3.711006695468324e-05
8152.0,0.9814,1.09e-06,3.711006695468324e-05
8153.0,0.9814,1.11e-06,3.711006695468324e-05
8154.0,0.9814,1.17e-06,3.711006695468324e-05
8155.0,0.9814,1.31e-06,3.711006695468324e-05
8156.0,0.9814,1.26e-06,3.711006695468324e-05
8157.0,0.9814,1.2e-06,3.711006695468324e-05
8158.0,0.9814,1.09e-06,3.711006695468324e-05
8159.0,0.9814,9.8e-07,3.711006695468324e-05
8160.0,0.9814,9.7e-07,3.711006695468324e-05
8161.0,0.9814,1e-06,3.711006695468324e-05
8162.0,0.9814,1.02e-06,3.711006695468324e-05
8163.0,0.9814,1.11e-06,3.711006695468324e-05
8164.0,0.9814,1.28e-06,3.711006695468324e-05
8165.0,0.9814,1.28e-06,3.711006695468324e-05
8166.0,0.9814,1.17e-06,3.711006695468324e-05
8167.0,0.9814,1.06e-06,3.711006695468324e-05
8168.0,0.9814,9.6e-07,3.711006695468324e-05
8169.0,0.9814,9.1e-07,3.711006695468324e-05
8170.0,0.9814,8.4e-07,3.711006695468324e-05
8171.0,0.9814,7.8e-07,3.711006695468324e-05
8172.0,0.9814,9.2e-07,3.711006695468324e-05
8173.0,0.9814,9.6e-07,3.711006695468324e-05
8174.0,0.9814,9.5e-07,3.711006695468324e-05
8175.0,0.9814,9.3e-07,3.711006695468324e-05
8176.0,0.9814,9e-07,3.711006695468324e-05
8177.0,0.9814,8.1e-07,3.711006695468324e-05
8178.0,0.9814,7.1e-07,3.711006695468324e-05
8179.0,0.9814,6.2e-07,3.711006695468324e-05
8180.0,0.9814,5.9e-07,3.711006695468324e-05
8181.0,0.9814,6.1e-07,3.711006695468324e-05
8182.0,0.9814,6.6e-07,3.711006695468324e-05
8183.0,0.9814,7.6e-07,3.711006695468324e-05
8184.0,0.9814,9.4e-07,3.711006695468324e-05
8185.0,0.9814,9.5e-07,3.711006695468324e-05
8186.0,0.9814,8.4e-07,3.711006695468324e-05
8187.0,0.9814,7e-07,3.711006695468324e-05
8188.0,0.9814,3.9e-07,3.711006695468324e-05
8189.0,0.9814,1.8e-07,3.711006695468324e-05
8190.0,0.9814,5e-08,3.711006695468324e-05
8191.0,0.9814,-4e-08,3.711006695468324e-05
8192.0,0.9814,-2e-07,3.711006695468324e-05
8193.0,0.9814,-2.9e-07,3.711006695468324e-05
8194.0,0.9814,-3.5e-07,3.711006695468324e-05
8195.0,0.9814,-3.7e-07,3.711006695468324e-05
8196.0,0.9814,-3.8e-07,3.711006695468324e-05
8197.0,0.9814,-3.7e-07,3.711006695468324e-05
8198.0,0.9814,-2.6e-07,3.711006695468324e-05
8199.0,0.9814,-6e-08,3.711006695468324e-05
8200.0,0.9814,2e-07,3.711006695468324e-05
8201.0,0.9814,3.5e-07,3.711006695468324e-05
8202.0,0.9814,4.6e-07,3.711006695468324e-05
8203.0,0.9814,5.4e-07,3.711006695468324e-05
8204.0,0.9814,5.8e-07,3.711006695468324e-05
8205.0,0.9814,6.1e-07,3.711006695468324e-05
8206.0,0.9814,6.9e-07,3.711006695468324e-05
8207.0,0.9814,8.5e-07,3.711006695468324e-05
8208.0,0.9814,9.7e-07,3.711006695468324e-05
8209.0,0.9814,1.01e-06,3.711006695468324e-05
8210.0,0.9814,9.9e-07,3.711006695468324e-05
8211.0,0.9814,9.2e-07,3.711006695468324e-05
8212.0,0.9814,8.6e-07,3.711006695468324e-05
8213.0,0.9814,7.7e-07,3.711006695468324e-05
8214.0,0.9814,6.5e-07,3.711006695468324e-05
8215.0,0.9814,5.5e-07,3.711006695468324e-05
8216.0,0.9814,4.6e-07,3.711006695468324e-05
8217.0,0.9814,4.4e-07,3.711006695468324e-05
8218.0,0.9814,4.2e-07,3.711006695468324e-05
8219.0,0.9814,3.4e-07,3.711006695468324e-05
8220.0,0.9814,4.1e-07,3.711006695468324e-05
8221.0,0.9814,4.1e-07,3.711006695468324e-05
8222.0,0.9814,4.8e-07,3.711006695468324e-05
8223.0,0.9814,6e-07,3.711006695468324e-05
8224.0,0.9814,5.7e-07,3.711006695468324e-05
8225.0,0.9814,5.3e-07,3.711006695468324e-05
8226.0,0.9814,4.6e-07,3.711006695468324e-05
8227.0,0.9814,3.9e-07,3.711006695468324e-05
8228.0,0.9814,3.3e-07,3.711006695468324e-05
8229.0,0.9814,3e-07,3.711006695468324e-05
8230.0,0.9814,3.1e-07,3.711006695468324e-05
8231.0,0.9814,3.7e-07,3.711006695468324e-05
8232.0,0.9814,6.3e-07,3.711006695468324e-05
8233.0,0.9815,7.9e-07,3.6919879872847314e-05
8234.0,0.9815,1.01e-06,3.6919879872847314e-05
8235.0,0.9815,1.21e-06,3.6919879872847314e-05
8236.0,0.9815,1.3e-06,3.6919879872847314e-05
8237.0,0.9815,1.26e-06,3.6919879872847314e-05
8238.0,0.9815,1.18e-06,3.6919879872847314e-05
8239.0,0.9815,1.11e-06,3.6919879872847314e-05
8240.0,0.9815,9.3e-07,3.6919879872847314e-05
8241.0,0.9815,8.4e-07,3.6919879872847314e-05
8242.0,0.9815,7.8e-07,3.6919879872847314e-05
8243.0,0.9815,6.9e-07,3.6919879872847314e-05
8244.0,0.9815,7.5e-07,3.6919879872847314e-05
8245.0,0.9815,7.8e-07,3.6919879872847314e-05
8246.0,0.9815,8.6e-07,3.6919879872847314e-05
8247.0,0.9815,9e-07,3.6919879872847314e-05
8248.0,0.9815,7.2e-07,3.6919879872847314e-05
8249.0,0.9815,5.5e-07,3.6919879872847314e-05
8250.0,0.9815,4.5e-07,3.6919879872847314e-05
8251.0,0.9815,3.7e-07,3.6919879872847314e-05
8252.0,0.9815,1e-07,3.6919879872847314e-05
8253.0,0.9815,4e-08,3.6919879872847314e-05
8254.0,0.9815,1e-08,3.6919879872847314e-05
8255.0,0.9815,-9e-08,3.6919879872847314e-05
8256.0,0.9815,-1e-07,3.6919879872847314e-05
8257.0,0.9815,-1.4e-07,3.6919879872847314e-05
8258.0,0.9815,-1.1e-07,3.6919879872847314e-05
8259.0,0.9815,-6e-08,3.6919879872847314e-05
8260.0,0.9815,-9e-08,3.6919879872847314e-05
8261.0,0.9815,-1e-07,3.6919879872847314e-05
8262.0,0.9815,-7e-08,3.6919879872847314e-05
8263.0,0.9815,-7e-08,3.6919879872847314e-05
8264.0,0.9815,-2.7e-07,3.6919879872847314e-05
8265.0,0.9815,-3.5e-07,3.6919879872847314e-05
8266.0,0.9815,-3.3e-07,3.6919879872847314e-05
8267.0,0.9815,-2.1e-07,3.6919879872847314e-05
8268.0,0.9815,-2.9e-07,3.6919879872847314e-05
8269.0,0.9815,-3.2e-07,3.6919879872847314e-05
8270.0,0.9815,-2.7e-07,3.6919879872847314e-05
8271.0,0.9815,-1.8e-07,3.6919879872847314e-05
8272.0,0.9815,-1.3e-07,3.6919879872847314e-05
8273.0,0.9815,-8e-08,3.6919879872847314e-05
8274.0,0.9815,3e-08,3.6919879872847314e-05
8275.0,0.9815,1.1e-07,3.6919879872847314e-05
8276.0,0.9815,5e-08,3.6919879872847314e-05
8277.0,0.9815,5e-08,3.6919879872847314e-05
8278.0,0.9815,9e-08,3.6919879872847314e-05
8279.0,0.9815,1.7e-07,3.6919879872847314e-05
8280.0,0.9815,1.9e-07,3.6919879872847314e-05
8281.0,0.9815,2.1e-07,3.6919879872847314e-05
8282.0,0.9815,2.8e-07,3.6919879872847314e-05
8283.0,0.9815,3.9e-07,3.6919879872847314e-05
8284.0,0.9815,4.5e-07,3.6919879872847314e-05
8285.0,0.9815,5.1e-07,3.6919879872847314e-05
8286.0,0.9815,6.7e-07,3.6919879872847314e-05
8287.0,0.9815,8.3e-07,3.6919879872847314e-05
8288.0,0.9815,8.4e-07,3.6919879872847314e-05
8289.0,0.9815,7.8e-07,3.6919879872847314e-05
8290.0,0.9815,7.4e-07,3.6919879872847314e-05
8291.0,0.9815,7.4e-07,3.6919879872847314e-05
8292.0,0.9815,5.9e-07,3.6919879872847314e-05
8293.0,0.9815,5.6e-07,3.6919879872847314e-05
8294.0,0.9815,5.9e-07,3.6919879872847314e-05
8295.0,0.9815,6.1e-07,3.6919879872847314e-05
8296.0,0.9815,5.8e-07,3.6919879872847314e-05
8297.0,0.9815,5.8e-07,3.6919879872847314e-05
8298.0,0.9815,6.5e-07,3.6919879872847314e-05
8299.0,0.9815,6.5e-07,3.6919879872847314e-05
8300.0,0.9815,6.2e-07,3.6919879872847314e-05
8301.0,0.9815,6.2e-07,3.6919879872847314e-05
8302.0,0.9815,5.6e-07,3.6919879872847314e-05
8303.0,0.9815,5e-07,3.6919879872847314e-05
8304.0,0.9815,5.2e-07,3.6919879872847314e-05
8305.0,0.9815,4.5e-07,3.6919879872847314e-05
8306.0,0.9815,3.5e-07,3.6919879872847314e-05
8307.0,0.9815,3.2e-07,3.6919879872847314e-05
8308.0,0.9815,2.6e-07,3.6919879872847314e-05
8309.0,0.9815,2.3e-07,3.6919879872847314e-05
8310.0,0.9815,2e-07,3.6919879872847314e-05
8311.0,0.9815,1.4e-07,3.6919879872847314e-05
8312.0,0.9815,4e-08,3.6919879872847314e-05
8313.0,0.9815,-3e-08,3.6919879872847314e-05
8314.0,0.9815,-5e-08,3.6919879872847314e-05
8315.0,0.9815,-7e-08,3.6919879872847314e-05
8316.0,0.9815,-7e-08,3.6919879872847314e-05
8317.0,0.9815,-1e-08,3.6919879872847314e-05
8318.0,0.9815,5e-08,3.6919879872847314e-05
8319.0,0.9815,6e-08,3.6919879872847314e-05
8320.0,0.9815,2.3e-07,3.6919879872847314e-05
8321.0,0.9815,3.2e-07,3.6919879872847314e-05
8322.0,0.9815,3.8e-07,3.6919879872847314e-05
8323.0,0.9815,4e-07,3.6919879872847314e-05
8324.0,0.9815,3.7e-07,3.6919879872847314e-05
8325.0,0.9815,3.5e-07,3.6919879872847314e-05
8326.0,0.9815,2.6e-07,3.6919879872847314e-05
8327.0,0.9815,2.1e-07,3.6919879872847314e-05
8328.0,0.9815,1.2e-07,3.6919879872847314e-05
8329.0,0.9815,6e-08,3.6919879872847314e-05
8330.0,0.9815,4e-08,3.6919879872847314e-05
8331.0,0.9815,5e-08,3.6919879872847314e-05
8332.0,0.9815,3e-08,3.6919879872847314e-05
8333.0,0.9815,-3e-08,3.6919879872847314e-05
8334.0,0.9815,-7e-08,3.6919879872847314e-05
8335.0,0.9815,-7e-08,3.6919879872847314e-05
8336.0,0.9815,-1.5e-07,3.6919879872847314e-05
8337.0,0.9815,-2.2e-07,3.6919879872847314e-05
8338.0,0.9815,-2.8e-07,3.6919879872847314e-05
8339.0,0.9815,-2.9e-07,3.6919879872847314e-05
8340.0,0.9815,-2.2e-07,3.6919879872847314e-05
8341.0,0.9815,-1.3e-07,3.6919879872847314e-05
8342.0,0.9815,-1.4e-07,3.6919879872847314e-05
8343.0,0.9815,-2.1e-07,3.6919879872847314e-05
8344.0,0.9815,-1.5e-07,3.6919879872847314e-05
8345.0,0.9815,-1.1e-07,3.6919879872847314e-05
8346.0,0.9815,-6e-08,3.6919879872847314e-05
8347.0,0.9815,6e-08,3.6919879872847314e-05
8348.0,0.9815,2.1e-07,3.6919879872847314e-05
8349.0,0.9815,2.1e-07,3.6919879872847314e-05
8350.0,0.9815,1.3e-07,3.6919879872847314e-05
8351.0,0.9815,1e-07,3.6919879872847314e-05
8352.0,0.9815,1.2e-07,3.6919879872847314e-05
8353.0,0.9815,1.2e-07,3.6919879872847314e-05
8354.0,0.9815,9e-08,3.6919879872847314e-05
8355.0,0.9815,6e-08,3.6919879872847314e-05
8356.0,0.9815,1e-07,3.6919879872847314e-05
8357.0,0.9815,1.2e-07,3.6919879872847314e-05
8358.0,0.9815,1.2e-07,3.6919879872847314e-05
8359.0,0.9815,1.2e-07,3.6919879872847314e-05
8360.0,0.9815,2.1e-07,3.6919879872847314e-05
8361.0,0.9815,3.1e-07,3.6919879872847314e-05
8362.0,0.9815,4.7e-07,3.6919879872847314e-05
8363.0,0.9815,6.3e-07,3.6919879872847314e-05
8364.0,0.9815,8.2e-07,3.6919879872847314e-05
8365.0,0.9815,1.01e-06,3.6919879872847314e-05
8366.0,0.9815,1.12e-06,3.6919879872847314e-05
8367.0,0.9815,1.14e-06,3.6919879872847314e-05
8368.0,0.9815,9.9e-07,3.6919879872847314e-05
8369.0,0.9815,9e-07,3.6919879872847314e-05
8370.0,0.9815,8.8e-07,3.6919879872847314e-05
8371.0,0.9815,8.4e-07,3.6919879872847314e-05
8372.0,0.9815,8.2e-07,3.6919879872847314e-05
8373.0,0.9815,8.3e-07,3.6919879872847314e-05
8374.0,0.9815,8.4e-07,3.6919879872847314e-05
8375.0,0.9815,8.3e-07,3.6919879872847314e-05
8376.0,0.9815,8.4e-07,3.6919879872847314e-05
8377.0,0.9815,8.1e-07,3.6919879872847314e-05
8378.0,0.9815,7.8e-07,3.6919879872847314e-05
8379.0,0.9815,7.5e-07,3.6919879872847314e-05
8380.0,0.9815,5.3e-07,3.6919879872847314e-05
8381.0,0.9815,3.6e-07,3.6919879872847314e-05
8382.0,0.9815,2.1e-07,3.6919879872847314e-05
8383.0,0.9815,1.3e-07,3.6919879872847314e-05
8384.0,0.9815,1.2e-07,3.6919879872847314e-05
8385.0,0.9815,1.7e-07,3.6919879872847314e-05
8386.0,0.9815,2.8e-07,3.6919879872847314e-05
8387.0,0.9815,3.5e-07,3.6919879872847314e-05
8388.0,0.9815,4.8e-07,3.6919879872847314e-05
8389.0,0.9815,5e-07,3.6919879872847314e-05
8390.0,0.9815,5.2e-07,3.6919879872847314e-05
8391.0,0.9815,5.3e-07,3.6919879872847314e-05
8392.0,0.9815,4.1e-07,3.6919879872847314e-05
8393.0,0.9815,4e-07,3.6919879872847314e-05
8394.0,0.9815,3.8e-07,3.6919879872847314e-05
8395.0,0.9815,3.7e-07,3.6919879872847314e-05
8396.0,0.9815,4.7e-07,3.6919879872847314e-05
8397.0,0.9815,5.4e-07,3.6919879872847314e-05
8398.0,0.9815,6.2e-07,3.6919879872847314e-05
8399.0,0.9815,6.8e-07,3.6919879872847314e-05
8400.0,0.9815,7.6e-07,3.6919879872847314e-05
8401.0,0.9815,8.5e-07,3.6919879872847314e-05
8402.0,0.9815,9.5e-07,3.6919879872847314e-05
8403.0,0.9815,1.01e-06,3.6919879872847314e-05
8404.0,0.9815,1.05e-06,3.6919879872847314e-05
8405.0,0.9815,1.05e-06,3.6919879872847314e-05
8406.0,0.9815,1e-06,3.6919879872847314e-05
8407.0,0.9815,8.8e-07,3.6919879872847314e-05
8408.0,0.9815,6.9e-07,3.6919879872847314e-05
8409.0,0.9815,4.9e-07,3.6919879872847314e-05
8410.0,0.9815,2.9e-07,3.6919879872847314e-05
8411.0,0.9815,9e-08,3.6919879872847314e-05
8412.0,0.9815,-1.4e-07,3.6919879872847314e-05
8413.0,0.9815,-2.9e-07,3.6919879872847314e-05
8414.0,0.9815,-3.3e-07,3.6919879872847314e-05
8415.0,0.9815,-3.6e-07,3.6919879872847314e-05
8416.0,0.9815,-1.4e-07,3.6919879872847314e-05
8417.0,0.9815,9e-08,3.6919879872847314e-05
8418.0,0.9815,2.4e-07,3.6919879872847314e-05
8419.0,0.9815,3.7e-07,3.6919879872847314e-05
8420.0,0.9815,6.3e-07,3.6919879872847314e-05
8421.0,0.9815,8e-07,3.6919879872847314e-05
8422.0,0.9815,9.1e-07,3.6919879872847314e-05
8423.0,0.9815,1e-06,3.6919879872847314e-05
8424.0,0.9815,9.2e-07,3.6919879872847314e-05
8425.0,0.9815,9.4e-07,3.6919879872847314e-05
8426.0,0.9815,8.9e-07,3.6919879872847314e-05
8427.0,0.9815,8.2e-07,3.6919879872847314e-05
8428.0,0.9815,6.9e-07,3.6919879872847314e-05
8429.0,0.9815,6.1e-07,3.6919879872847314e-05
8430.0,0.9815,5.5e-07,3.6919879872847314e-05
8431.0,0.9815,4.7e-07,3.6919879872847314e-05
8432.0,0.9815,3.4e-07,3.6919879872847314e-05
8433.0,0.9815,2.7e-07,3.6919879872847314e-05
8434.0,0.9815,2.5e-07,3.6919879872847314e-05
8435.0,0.9815,2e-07,3.6919879872847314e-05
8436.0,0.9815,2.3e-07,3.6919879872847314e-05
8437.0,0.9815,2.7e-07,3.6919879872847314e-05
8438.0,0.9815,2.8e-07,3.6919879872847314e-05
8439.0,0.9815,2.4e-07,3.6919879872847314e-05
8440.0,0.9815,2.3e-07,3.6919879872847314e-05
8441.0,0.9815,1.9e-07,3.6919879872847314e-05
8442.0,0.9815,2e-07,3.6919879872847314e-05
8443.0,0.9815,2.4e-07,3.6919879872847314e-05
8444.0,0.9815,1.9e-07,3.6919879872847314e-05
8445.0,0.9815,1.8e-07,3.6919879872847314e-05
8446.0,0.9815,1.7e-07,3.6919879872847314e-05
8447.0,0.9815,1.7e-07,3.6919879872847314e-05
8448.0,0.9815,2e-07,3.6919879872847314e-05
8449.0,0.9815,1.6e-07,3.6919879872847314e-05
8450.0,0.9815,1.2e-07,3.6919879872847314e-05
8451.0,0.9815,1.8e-07,3.6919879872847314e-05
8452.0,0.9815,1.5e-07,3.6919879872847314e-05
8453.0,0.9815,9e-08,3.6919879872847314e-05
8454.0,0.9815,3e-08,3.6919879872847314e-05
8455.0,0.9815,-5e-08,3.6919879872847314e-05
8456.0,0.9815,-7e-08,3.6919879872847314e-05
8457.0,0.9815,-4e-08,3.6919879872847314e-05
8458.0,0.9815,0.0,3.6919879872847314e-05
8459.0,0.9815,3e-08,3.6919879872847314e-05
8460.0,0.9815,1.3e-07,3.6919879872847314e-05
8461.0,0.9815,2e-07,3.6919879872847314e-05
8462.0,0.9815,2.9e-07,3.6919879872847314e-05
8463.0,0.9815,4e-07,3.6919879872847314e-05
8464.0,0.9815,5.7e-07,3.6919879872847314e-05
8465.0,0.9815,7.2e-07,3.6919879872847314e-05
8466.0,0.9815,8.1e-07,3.6919879872847314e-05
8467.0,0.9815,8.3e-07,3.6919879872847314e-05
8468.0,0.9815,9.3e-07,3.6919879872847314e-05
8469.0,0.9815,9.5e-07,3.6919879872847314e-05
8470.0,0.9815,9.4e-07,3.6919879872847314e-05
8471.0,0.9815,8.7e-07,3.6919879872847314e-05
8472.0,0.9815,8.1e-07,3.6919879872847314e-05
8473.0,0.9815,7.9e-07,3.6919879872847314e-05
8474.0,0.9815,7.3e-07,3.6919879872847314e-05
8475.0,0.9815,6.9e-07,3.6919879872847314e-05
8476.0,0.9815,7.5e-07,3.6919879872847314e-05
8477.0,0.9815,7.9e-07,3.6919879872847314e-05
8478.0,0.9815,8.5e-07,3.6919879872847314e-05
8479.0,0.9815,8.9e-07,3.6919879872847314e-05
8480.0,0.9815,9.8e-07,3.6919879872847314e-05
8481.0,0.9815,1.09e-06,3.6919879872847314e-05
8482.0,0.9815,1.13e-06,3.6919879872847314e-05
8483.0,0.9815,1.11e-06,3.6919879872847314e-05
8484.0,0.9815,1.04e-06,3.6919879872847314e-05
8485.0,0.9815,9.9e-07,3.6919879872847314e-05
8486.0,0.9815,9.2e-07,3.6919879872847314e-05
8487.0,0.9816,8.3e-07,3.672963195469091e-05
8488.0,0.9816,6.7e-07,3.672963195469091e-05
8489.0,0.9816,6e-07,3.672963195469091e-05
8490.0,0.9816,5.8e-07,3.672963195469091e-05
8491.0,0.9816,5.2e-07,3.672963195469091e-05
8492.0,0.9816,4.9e-07,3.672963195469091e-05
8493.0,0.9816,5.2e-07,3.672963195469091e-05
8494.0,0.9816,5.6e-07,3.672963195469091e-05
8495.0,0.9816,5.7e-07,3.672963195469091e-05
8496.0,0.9816,4.8e-07,3.672963195469091e-05
8497.0,0.9816,4e-07,3.672963195469091e-05
8498.0,0.9816,3.1e-07,3.672963195469091e-05
8499.0,0.9816,2.1e-07,3.672963195469091e-05
8500.0,0.9816,1.4e-07,3.672963195469091e-05
8501.0,0.9816,1.2e-07,3.672963195469091e-05
8502.0,0.9816,1.6e-07,3.672963195469091e-05
8503.0,0.9816,2.1e-07,3.672963195469091e-05
8504.0,0.9816,2.9e-07,3.672963195469091e-05
8505.0,0.9816,3.2e-07,3.672963195469091e-05
8506.0,0.9816,3.4e-07,3.672963195469091e-05
8507.0,0.9816,3e-07,3.672963195469091e-05
8508.0,0.9816,1.9e-07,3.672963195469091e-05
8509.0,0.9816,1.8e-07,3.672963195469091e-05
8510.0,0.9816,1.6e-07,3.672963195469091e-05
8511.0,0.9816,1.4e-07,3.672963195469091e-05
8512.0,0.9816,1.7e-07,3.672963195469091e-05
8513.0,0.9816,1.8e-07,3.672963195469091e-05
8514.0,0.9816,1.9e-07,3.672963195469091e-05
8515.0,0.9816,2.1e-07,3.672963195469091e-05
8516.0,0.9816,1.8e-07,3.672963195469091e-05
8517.0,0.9816,1.1e-07,3.672963195469091e-05
8518.0,0.9816,1e-07,3.672963195469091e-05
8519.0,0.9816,1.5e-07,3.672963195469091e-05
8520.0,0.9816,7e-08,3.672963195469091e-05
8521.0,0.9816,8e-08,3.672963195469091e-05
8522.0,0.9816,1.2e-07,3.672963195469091e-05
8523.0,0.9816,1.7e-07,3.672963195469091e-05
8524.0,0.9816,1.9e-07,3.672963195469091e-05
8525.0,0.9816,1.9e-07,3.672963195469091e-05
8526.0,0.9816,1.7e-07,3.672963195469091e-05
8527.0,0.9816,1.9e-07,3.672963195469091e-05
8528.0,0.9816,2.5e-07,3.672963195469091e-05
8529.0,0.9816,3.1e-07,3.672963195469091e-05
8530.0,0.9816,3.6e-07,3.672963195469091e-05
8531.0,0.9816,4.2e-07,3.672963195469091e-05
8532.0,0.9816,6.3e-07,3.672963195469091e-05
8533.0,0.9816,7.4e-07,3.672963195469091e-05
8534.0,0.9816,7.9e-07,3.672963195469091e-05
8535.0,0.9816,8.8e-07,3.672963195469091e-05
8536.0,0.9816,9.1e-07,3.672963195469091e-05
8537.0,0.9816,8.9e-07,3.672963195469091e-05
8538.0,0.9816,8.3e-07,3.672963195469091e-05
8539.0,0.9816,7.6e-07,3.672963195469091e-05
8540.0,0.9816,6.5e-07,3.672963195469091e-05
8541.0,0.9816,5.5e-07,3.672963195469091e-05
8542.0,0.9816,4.5e-07,3.672963195469091e-05
8543.0,0.9816,3.9e-07,3.672963195469091e-05
8544.0,0.9816,3.6e-07,3.672963195469091e-05
8545.0,0.9816,3.2e-07,3.672963195469091e-05
8546.0,0.9816,2.4e-07,3.672963195469091e-05
8547.0,0.9816,1.5e-07,3.672963195469091e-05
8548.0,0.9816,1.2e-07,3.672963195469091e-05
8549.0,0.9816,1e-07,3.672963195469091e-05
8550.0,0.9816,1.1e-07,3.672963195469091e-05
8551.0,0.9816,1.8e-07,3.672963195469091e-05
8552.0,0.9816,2.7e-07,3.672963195469091e-05
8553.0,0.9816,3.3e-07,3.672963195469091e-05
8554.0,0.9816,4.2e-07,3.672963195469091e-05
8555.0,0.9816,5e-07,3.672963195469091e-05
8556.0,0.9816,6.5e-07,3.672963195469091e-05
8557.0,0.9816,7.5e-07,3.672963195469091e-05
8558.0,0.9816,8.4e-07,3.672963195469091e-05
8559.0,0.9816,8.8e-07,3.672963195469091e-05
8560.0,0.9816,8.6e-07,3.672963195469091e-05
8561.0,0.9816,8.3e-07,3.672963195469091e-05
8562.0,0.9816,7.9e-07,3.672963195469091e-05
8563.0,0.9816,7.7e-07,3.672963195469091e-05
8564.0,0.9816,7.7e-07,3.672963195469091e-05
8565.0,0.9816,8.2e-07,3.672963195469091e-05
8566.0,0.9816,8e-07,3.672963195469091e-05
8567.0,0.9816,7.4e-07,3.672963195469091e-05
8568.0,0.9816,6.3e-07,3.672963195469091e-05
8569.0,0.9816,4.3e-07,3.672963195469091e-05
8570.0,0.9816,2.9e-07,3.672963195469091e-05
8571.0,0.9816,1.8e-07,3.672963195469091e-05
8572.0,0.9816,-1.2e-07,3.672963195469091e-05
8573.0,0.9816,-2e-07,3.672963195469091e-05
8574.0,0.9816,-2e-07,3.672963195469091e-05
8575.0,0.9816,-1.7e-07,3.672963195469091e-05
8576.0,0.9816,2.4e-07,3.672963195469091e-05
8577.0,0.9816,5.1e-07,3.672963195469091e-05
8578.0,0.9816,6.5e-07,3.672963195469091e-05
8579.0,0.9816,7.6e-07,3.672963195469091e-05
8580.0,0.9816,9e-07,3.672963195469091e-05
8581.0,0.9816,9.5e-07,3.672963195469091e-05
8582.0,0.9816,9.7e-07,3.672963195469091e-05
8583.0,0.9816,1e-06,3.672963195469091e-05
8584.0,0.9816,8.1e-07,3.672963195469091e-05
8585.0,0.9816,6.6e-07,3.672963195469091e-05
8586.0,0.9816,5.4e-07,3.672963195469091e-05
8587.0,0.9816,4.8e-07,3.672963195469091e-05
8588.0,0.9816,2.9e-07,3.672963195469091e-05
8589.0,0.9816,1.3e-07,3.672963195469091e-05
8590.0,0.9816,2e-08,3.672963195469091e-05
8591.0,0.9816,-5e-08,3.672963195469091e-05
8592.0,0.9816,-1.4e-07,3.672963195469091e-05
8593.0,0.9816,-1.9e-07,3.672963195469091e-05
8594.0,0.9816,-2.4e-07,3.672963195469091e-05
8595.0,0.9816,-3e-07,3.672963195469091e-05
8596.0,0.9816,-2.5e-07,3.672963195469091e-05
8597.0,0.9816,-2.1e-07,3.672963195469091e-05
8598.0,0.9816,-1.3e-07,3.672963195469091e-05
8599.0,0.9816,-2e-08,3.672963195469091e-05
8600.0,0.9816,9e-08,3.672963195469091e-05
8601.0,0.9816,2e-07,3.672963195469091e-05
8602.0,0.9816,3.1e-07,3.672963195469091e-05
8603.0,0.9816,4e-07,3.672963195469091e-05
8604.0,0.9816,3.4e-07,3.672963195469091e-05
8605.0,0.9816,3.8e-07,3.672963195469091e-05
8606.0,0.9816,4e-07,3.672963195469091e-05
8607.0,0.9816,4.3e-07,3.672963195469091e-05
8608.0,0.9816,5.3e-07,3.672963195469091e-05
8609.0,0.9816,6.9e-07,3.672963195469091e-05
8610.0,0.9816,8.9e-07,3.672963195469091e-05
8611.0,0.9816,1.12e-06,3.672963195469091e-05
8612.0,0.9816,1.46e-06,3.672963195469091e-05
8613.0,0.9816,1.61e-06,3.672963195469091e-05
8614.0,0.9816,1.68e-06,3.672963195469091e-05
8615.0,0.9816,1.72e-06,3.672963195469091e-05
8616.0,0.9816,1.5e-06,3.672963195469091e-05
8617.0,0.9816,1.38e-06,3.672963195469091e-05
8618.0,0.9816,1.27e-06,3.672963195469091e-05
8619.0,0.9816,1.17e-06,3.672963195469091e-05
8620.0,0.9816,1.05e-06,3.672963195469091e-05
8621.0,0.9816,9.6e-07,3.672963195469091e-05
8622.0,0.9816,8.6e-07,3.672963195469091e-05
8623.0,0.9816,7.5e-07,3.672963195469091e-05
8624.0,0.9816,7.4e-07,3.672963195469091e-05
8625.0,0.9816,7.3e-07,3.672963195469091e-05
8626.0,0.9816,7.2e-07,3.672963195469091e-05
8627.0,0.9816,6.9e-07,3.672963195469091e-05
8628.0,0.9816,6.2e-07,3.672963195469091e-05
8629.0,0.9816,5.3e-07,3.672963195469091e-05
8630.0,0.9816,4.3e-07,3.672963195469091e-05
8631.0,0.9816,3.4e-07,3.672963195469091e-05
8632.0,0.9816,1.2e-07,3.672963195469091e-05
8633.0,0.9816,-1e-08,3.672963195469091e-05
8634.0,0.9816,-7e-08,3.672963195469091e-05
8635.0,0.9816,-8e-08,3.672963195469091e-05
8636.0,0.9816,1e-08,3.672963195469091e-05
8637.0,0.9816,1.8e-07,3.672963195469091e-05
8638.0,0.9816,3.5e-07,3.672963195469091e-05
8639.0,0.9816,4.6e-07,3.672963195469091e-05
8640.0,0.9816,5.7e-07,3.672963195469091e-05
8641.0,0.9816,5.3e-07,3.672963195469091e-05
8642.0,0.9816,4.8e-07,3.672963195469091e-05
8643.0,0.9816,4.5e-07,3.672963195469091e-05
8644.0,0.9816,7e-08,3.672963195469091e-05
8645.0,0.9816,-1.6e-07,3.672963195469091e-05
8646.0,0.9816,-3.1e-07,3.672963195469091e-05
8647.0,0.9816,-3.7e-07,3.672963195469091e-05
8648.0,0.9816,-3e-07,3.672963195469091e-05
8649.0,0.9816,-2.7e-07,3.672963195469091e-05
8650.0,0.9816,-2.4e-07,3.672963195469091e-05
8651.0,0.9816,-1.4e-07,3.672963195469091e-05
8652.0,0.9816,2e-08,3.672963195469091e-05
8653.0,0.9816,3e-08,3.672963195469091e-05
8654.0,0.9816,-2e-08,3.672963195469091e-05
8655.0,0.9816,-6e-08,3.672963195469091e-05
8656.0,0.9816,-2.2e-07,3.672963195469091e-05
8657.0,0.9816,-2.7e-07,3.672963195469091e-05
8658.0,0.9816,-2.6e-07,3.672963195469091e-05
8659.0,0.9816,-1.8e-07,3.672963195469091e-05
8660.0,0.9816,-1e-08,3.672963195469091e-05
8661.0,0.9816,6e-08,3.672963195469091e-05
8662.0,0.9816,1.1e-07,3.672963195469091e-05
8663.0,0.9816,1.4e-07,3.672963195469091e-05
8664.0,0.9816,1.9e-07,3.672963195469091e-05
8665.0,0.9816,3e-07,3.672963195469091e-05
8666.0,0.9816,4e-07,3.672963195469091e-05
8667.0,0.9816,5.4e-07,3.672963195469091e-05
8668.0,0.9816,6e-07,3.672963195469091e-05
8669.0,0.9816,5.2e-07,3.672963195469091e-05
8670.0,0.9816,4.5e-07,3.672963195469091e-05
8671.0,0.9816,4.6e-07,3.672963195469091e-05
8672.0,0.9816,3.7e-07,3.672963195469091e-05
8673.0,0.9816,3.4e-07,3.672963195469091e-05
8674.0,0.9816,3.6e-07,3.672963195469091e-05
8675.0,0.9816,3.7e-07,3.672963195469091e-05
8676.0,0.9816,4.5e-07,3.672963195469091e-05
8677.0,0.9816,4.8e-07,3.672963195469091e-05
8678.0,0.9816,5.1e-07,3.672963195469091e-05
8679.0,0.9816,5.3e-07,3.672963195469091e-05
8680.0,0.9816,4.7e-07,3.672963195469091e-05
8681.0,0.9816,4.7e-07,3.672963195469091e-05
8682.0,0.9816,4.4e-07,3.672963195469091e-05
8683.0,0.9816,3.8e-07,3.672963195469091e-05
8684.0,0.9816,2.8e-07,3.672963195469091e-05
8685.0,0.9816,2.6e-07,3.672963195469091e-05
8686.0,0.9816,3.2e-07,3.672963195469091e-05
8687.0,0.9816,3.8e-07,3.672963195469091e-05
8688.0,0.9816,3.9e-07,3.672963195469091e-05
8689.0,0.9816,4.6e-07,3.672963195469091e-05
8690.0,0.9816,5e-07,3.672963195469091e-05
8691.0,0.9816,5.1e-07,3.672963195469091e-05
8692.0,0.9816,4.8e-07,3.672963195469091e-05
8693.0,0.9816,3.9e-07,3.672963195469091e-05
8694.0,0.9816,3.7e-07,3.672963195469091e-05
8695.0,0.9816,3.9e-07,3.672963195469091e-05
8696.0,0.9816,3.9e-07,3.672963195469091e-05
8697.0,0.9816,3.8e-07,3.672963195469091e-05
8698.0,0.9816,3.4e-07,3.672963195469091e-05
8699.0,0.9816,2.5e-07,3.672963195469091e-05
8700.0,0.9816,2.8e-07,3.672963195469091e-05
8701.0,0.9816,3.4e-07,3.672963195469091e-05
8702.0,0.9816,3.6e-07,3.672963195469091e-05
8703.0,0.9816,3.3e-07,3.672963195469091e-05
8704.0,0.9816,4.2e-07,3.672963195469091e-05
8705.0,0.9816,4.8e-07,3.672963195469091e-05
8706.0,0.9816,4.7e-07,3.672963195469091e-05
8707.0,0.9816,4e-07,3.672963195469091e-05
8708.0,0.9816,4.2e-07,3.672963195469091e-05
8709.0,0.9816,3.6e-07,3.672963195469091e-05
8710.0,0.9816,2.7e-07,3.672963195469091e-05
8711.0,0.9816,1.7e-07,3.672963195469091e-05
8712.0,0.9816,1.9e-07,3.672963195469091e-05
8713.0,0.9816,2.2e-07,3.672963195469091e-05
8714.0,0.9816,2.7e-07,3.672963195469091e-05
8715.0,0.9816,3.3e-07,3.672963195469091e-05
8716.0,0.9816,5.4e-07,3.672963195469091e-05
8717.0,0.9816,5.6e-07,3.672963195469091e-05
8718.0,0.9816,5.5e-07,3.672963195469091e-05
8719.0,0.9816,5e-07,3.672963195469091e-05
8720.0,0.9816,2.9e-07,3.672963195469091e-05
8721.0,0.9816,1.6e-07,3.672963195469091e-05
8722.0,0.9816,1.1e-07,3.672963195469091e-05
8723.0,0.9816,9e-08,3.672963195469091e-05
8724.0,0.9816,1.6e-07,3.672963195469091e-05
8725.0,0.9816,1.9e-07,3.672963195469091e-05
8726.0,0.9816,1.8e-07,3.672963195469091e-05
8727.0,0.9816,1.5e-07,3.672963195469091e-05
8728.0,0.9816,9e-08,3.672963195469091e-05
8729.0,0.9816,-2e-08,3.672963195469091e-05
8730.0,0.9816,-7e-08,3.672963195469091e-05
8731.0,0.9816,-1e-07,3.672963195469091e-05
8732.0,0.9816,-3.1e-07,3.672963195469091e-05
8733.0,0.9816,-3.6e-07,3.672963195469091e-05
8734.0,0.9816,-3.5e-07,3.672963195469091e-05
8735.0,0.9816,-3e-07,3.672963195469091e-05
8736.0,0.9816,-9e-08,3.672963195469091e-05
8737.0,0.9816,5e-08,3.672963195469091e-05
8738.0,0.9816,1.7e-07,3.672963195469091e-05
8739.0,0.9816,2.4e-07,3.672963195469091e-05
8740.0,0.9816,2.5e-07,3.672963195469091e-05
8741.0,0.9816,1.8e-07,3.672963195469091e-05
8742.0,0.9816,1.1e-07,3.672963195469091e-05
8743.0,0.9816,6e-08,3.672963195469091e-05
8744.0,0.9816,-1.3e-07,3.672963195469091e-05
8745.0,0.9816,-1.9e-07,3.672963195469091e-05
8746.0,0.9816,-2.2e-07,3.672963195469091e-05
8747.0,0.9816,-2.7e-07,3.672963195469091e-05
8748.0,0.9816,-1.6e-07,3.672963195469091e-05
8749.0,0.9816,-1.4e-07,3.672963195469091e-05
8750.0,0.9816,-1.7e-07,3.672963195469091e-05
8751.0,0.9816,-2.7e-07,3.672963195469091e-05
8752.0,0.9816,-4.2e-07,3.672963195469091e-05
8753.0,0.9816,-5.5e-07,3.672963195469091e-05
8754.0,0.9816,-5.9e-07,3.672963195469091e-05
8755.0,0.9816,-5.3e-07,3.672963195469091e-05
8756.0,0.9816,-4.5e-07,3.672963195469091e-05
8757.0,0.9816,-3.6e-07,3.672963195469091e-05
8758.0,0.9816,-3.5e-07,3.672963195469091e-05
8759.0,0.9816,-3.7e-07,3.672963195469091e-05
8760.0,0.9816,-2e-07,3.672963195469091e-05
8761.0,0.9816,-9e-08,3.672963195469091e-05
8762.0,0.9816,-1e-08,3.672963195469091e-05
8763.0,0.9816,6e-08,3.672963195469091e-05
8764.0,0.9816,1.6e-07,3.672963195469091e-05
8765.0,0.9816,3.1e-07,3.672963195469091e-05
8766.0,0.9816,3.8e-07,3.672963195469091e-05
8767.0,0.9816,3.9e-07,3.672963195469091e-05
8768.0,0.9816,2.7e-07,3.672963195469091e-05
8769.0,0.9816,1.3e-07,3.672963195469091e-05
8770.0,0.9816,2e-08,3.672963195469091e-05
8771.0,0.9816,-7e-08,3.672963195469091e-05
8772.0,0.9816,-3.3e-07,3.672963195469091e-05
8773.0,0.9816,-3.7e-07,3.672963195469091e-05
8774.0,0.9816,-3.5e-07,3.672963195469091e-05
8775.0,0.9816,-3.8e-07,3.672963195469091e-05
8776.0,0.9816,-1.9e-07,3.672963195469091e-05
8777.0,0.9816,-1e-07,3.672963195469091e-05
8778.0,0.9816,-4e-08,3.672963195469091e-05
8779.0,0.9816,3e-08,3.672963195469091e-05
8780.0,0.9816,-7e-08,3.672963195469091e-05
8781.0,0.9816,-1e-07,3.672963195469091e-05
8782.0,0.9816,-8e-08,3.672963195469091e-05
8783.0,0.9816,-8e-08,3.672963195469091e-05
8784.0,0.9816,-2e-07,3.672963195469091e-05
8785.0,0.9816,-3.1e-07,3.672963195469091e-05
8786.0,0.9816,-4.2e-07,3.672963195469091e-05
8787.0,0.9816,-4.8e-07,3.672963195469091e-05
8788.0,0.9816,-5e-07,3.672963195469091e-05
8789.0,0.9816,-5e-07,3.672963195469091e-05
8790.0,0.9816,-5e-07,3.672963195469091e-05
8791.0,0.9816,-4.6e-07,3.672963195469091e-05
8792.0,0.9816,-4.2e-07,3.672963195469091e-05
8793.0,0.9816,-3.4e-07,3.672963195469091e-05
8794.0,0.9816,-2.8e-07,3.672963195469091e-05
8795.0,0.9816,-2.2e-07,3.672963195469091e-05
8796.0,0.9816,-2.5e-07,3.672963195469091e-05
8797.0,0.9816,-2.3e-07,3.672963195469091e-05
8798.0,0.9816,-1.8e-07,3.672963195469091e-05
8799.0,0.9816,-1.5e-07,3.672963195469091e-05
8800.0,0.9816,-2.7e-07,3.672963195469091e-05
8801.0,0.9816,-3.7e-07,3.672963195469091e-05
8802.0,0.9816,-4.6e-07,3.672963195469091e-05
8803.0,0.9816,-5.6e-07,3.672963195469091e-05
8804.0,0.9816,-7.1e-07,3.672963195469091e-05
8805.0,0.9816,-7.3e-07,3.672963195469091e-05
8806.0,0.9816,-6.8e-07,3.672963195469091e-05
8807.0,0.9816,-6.2e-07,3.672963195469091e-05
8808.0,0.9816,-4.4e-07,3.672963195469091e-05
8809.0,0.9816,-4.5e-07,3.672963195469091e-05
8810.0,0.9816,-4.9e-07,3.672963195469091e-05
8811.0,0.9816,-4.9e-07,3.672963195469091e-05
8812.0,0.9816,-5.4e-07,3.672963195469091e-05
8813.0,0.9816,-5.9e-07,3.672963195469091e-05
8814.0,0.9816,-6.2e-07,3.672963195469091e-05
8815.0,0.9816,-6.8e-07,3.672963195469091e-05
8816.0,0.9816,-6.2e-07,3.672963195469091e-05
8817.0,0.9816,-6.4e-07,3.672963195469091e-05
8818.0,0.9816,-6.7e-07,3.672963195469091e-05
8819.0,0.9816,-6.8e-07,3.672963195469091e-05
8820.0,0.9816,-6.1e-07,3.672963195469091e-05
8821.0,0.9816,-6.3e-07,3.672963195469091e-05
8822.0,0.9816,-6.8e-07,3.672963195469091e-05
8823.0,0.9816,-7.2e-07,3.672963195469091e-05
8824.0,0.9816,-5.8e-07,3.672963195469091e-05
8825.0,0.9816,-5.1e-07,3.672963195469091e-05
8826.0,0.9816,-4.9e-07,3.672963195469091e-05
8827.0,0.9816,-4.4e-07,3.672963195469091e-05
8828.0,0.9816,-3e-07,3.672963195469091e-05
8829.0,0.9816,-2.8e-07,3.672963195469091e-05
8830.0,0.9816,-2.9e-07,3.672963195469091e-05
8831.0,0.9816,-2.7e-07,3.672963195469091e-05
8832.0,0.9816,-3.3e-07,3.672963195469091e-05
8833.0,0.9816,-3.4e-07,3.672963195469091e-05
8834.0,0.9816,-3.4e-07,3.672963195469091e-05
8835.0,0.9816,-3.4e-07,3.672963195469091e-05
8836.0,0.9816,-3.9e-07,3.672963195469091e-05
8837.0,0.9816,-4e-07,3.672963195469091e-05
8838.0,0.9816,-4.1e-07,3.672963195469091e-05
8839.0,0.9816,-4.3e-07,3.672963195469091e-05
8840.0,0.9816,-4.1e-07,3.672963195469091e-05
8841.0,0.9816,-3.5e-07,3.672963195469091e-05
8842.0,0.9816,-3.2e-07,3.672963195469091e-05
8843.0,0.9816,-3.1e-07,3.672963195469091e-05
8844.0,0.9816,-1.9e-07,3.672963195469091e-05
8845.0,0.9816,-1e-07,3.672963195469091e-05
8846.0,0.9816,0.0,3.672963195469091e-05
8847.0,0.9816,8e-08,3.672963195469091e-05
8848.0,0.9816,1.8e-07,3.672963195469091e-05
8849.0,0.9816,2.1e-07,3.672963195469091e-05
8850.0,0.9816,2.1e-07,3.672963195469091e-05
8851.0,0.9816,2.2e-07,3.672963195469091e-05
8852.0,0.9816,1.4e-07,3.672963195469091e-05
8853.0,0.9816,1.2e-07,3.672963195469091e-05
8854.0,0.9816,1.4e-07,3.672963195469091e-05
8855.0,0.9816,1.9e-07,3.672963195469091e-05
8856.0,0.9816,1.5e-07,3.672963195469091e-05
8857.0,0.9816,1.5e-07,3.672963195469091e-05
8858.0,0.9816,1.6e-07,3.672963195469091e-05
8859.0,0.9816,1e-07,3.672963195469091e-05
8860.0,0.9816,-1e-08,3.672963195469091e-05
8861.0,0.9816,0.0,3.672963195469091e-05
8862.0,0.9816,0.0,3.672963195469091e-05
8863.0,0.9816,0.0,3.672963195469091e-05
8864.0,0.9816,7e-08,3.672963195469091e-05
8865.0,0.9816,1.4e-07,3.672963195469091e-05
8866.0,0.9816,1.6e-07,3.672963195469091e-05
8867.0,0.9816,1.7e-07,3.672963195469091e-05
8868.0,0.9816,2.4e-07,3.672963195469091e-05
8869.0,0.9816,2.6e-07,3.672963195469091e-05
8870.0,0.9816,3e-07,3.672963195469091e-05
8871.0,0.9816,3.9e-07,3.672963195469091e-05
8872.0,0.9816,4.6e-07,3.672963195469091e-05
8873.0,0.9816,4.3e-07,3.672963195469091e-05
8874.0,0.9816,3.7e-07,3.672963195469091e-05
8875.0,0.9816,2.8e-07,3.672963195469091e-05
8876.0,0.9816,1.9e-07,3.672963195469091e-05
8877.0,0.9816,1.7e-07,3.672963195469091e-05
8878.0,0.9816,1.7e-07,3.672963195469091e-05
8879.0,0.9816,1.6e-07,3.672963195469091e-05
8880.0,0.9816,1.7e-07,3.672963195469091e-05
8881.0,0.9816,1.9e-07,3.672963195469091e-05
8882.0,0.9816,1.8e-07,3.672963195469091e-05
8883.0,0.9816,1.8e-07,3.672963195469091e-05
8884.0,0.9816,1.1e-07,3.672963195469091e-05
8885.0,0.9816,6e-08,3.672963195469091e-05
8886.0,0.9816,4e-08,3.672963195469091e-05
8887.0,0.9816,4e-08,3.672963195469091e-05
8888.0,0.9816,-5e-08,3.672963195469091e-05
8889.0,0.9816,-1.1e-07,3.672963195469091e-05
8890.0,0.9816,-1.4e-07,3.672963195469091e-05
8891.0,0.9816,-1.3e-07,3.672963195469091e-05
8892.0,0.9816,-8e-08,3.672963195469091e-05
8893.0,0.9816,-5e-08,3.672963195469091e-05
8894.0,0.9816,-6e-08,3.672963195469091e-05
8895.0,0.9816,-1.2e-07,3.672963195469091e-05
8896.0,0.9816,-4e-08,3.672963195469091e-05
8897.0,0.9816,3e-08,3.672963195469091e-05
8898.0,0.9816,1.3e-07,3.672963195469091e-05
8899.0,0.9816,2.4e-07,3.672963195469091e-05
8900.0,0.9816,2.5e-07,3.672963195469091e-05
8901.0,0.9816,2.3e-07,3.672963195469091e-05
8902.0,0.9816,2e-07,3.672963195469091e-05
8903.0,0.9816,2.2e-07,3.672963195469091e-05
8904.0,0.9816,2e-07,3.672963195469091e-05
8905.0,0.9816,1.7e-07,3.672963195469091e-05
8906.0,0.9816,6e-08,3.672963195469091e-05
8907.0,0.9816,-8e-08,3.672963195469091e-05
8908.0,0.9816,-1.2e-07,3.672963195469091e-05
8909.0,0.9816,-1.9e-07,3.672963195469091e-05
8910.0,0.9816,-2.4e-07,3.672963195469091e-05
8911.0,0.9816,-2.9e-07,3.672963195469091e-05
8912.0,0.9816,-3.8e-07,3.672963195469091e-05
8913.0,0.9816,-3.9e-07,3.672963195469091e-05
8914.0,0.9816,-4e-07,3.672963195469091e-05
8915.0,0.9816,-4.2e-07,3.672963195469091e-05
8916.0,0.9816,-3.5e-07,3.672963195469091e-05
8917.0,0.9816,-3.2e-07,3.672963195469091e-05
8918.0,0.9816,-3.4e-07,3.672963195469091e-05
8919.0,0.9816,-4.4e-07,3.672963195469091e-05
8920.0,0.9816,-5.2e-07,3.672963195469091e-05
8921.0,0.9816,-6.3e-07,3.672963195469091e-05
8922.0,0.9816,-7.5e-07,3.672963195469091e-05
8923.0,0.9816,-8.5e-07,3.672963195469091e-05
8924.0,0.9816,-9.8e-07,3.672963195469091e-05
8925.0,0.9816,-9.7e-07,3.672963195469091e-05
8926.0,0.9816,-9.1e-07,3.672963195469091e-05
8927.0,0.9816,-8.3e-07,3.672963195469091e-05
8928.0,0.9816,-6.9e-07,3.672963195469091e-05
8929.0,0.9816,-5.6e-07,3.672963195469091e-05
8930.0,0.9816,-4.4e-07,3.672963195469091e-05
8931.0,0.9816,-2.8e-07,3.672963195469091e-05
8932.0,0.9816,-1.5e-07,3.672963195469091e-05
8933.0,0.9816,-1e-08,3.672963195469091e-05
8934.0,0.9816,8e-08,3.672963195469091e-05
8935.0,0.9816,1.4e-07,3.672963195469091e-05
8936.0,0.9816,9e-08,3.672963195469091e-05
8937.0,0.9816,6e-08,3.672963195469091e-05
8938.0,0.9816,5e-08,3.672963195469091e-05
8939.0,0.9816,4e-08,3.672963195469091e-05
8940.0,0.9816,-2e-08,3.672963195469091e-05
8941.0,0.9816,1e-08,3.672963195469091e-05
8942.0,0.9816,-4e-08,3.672963195469091e-05
8943.0,0.9816,-1.5e-07,3.672963195469091e-05
8944.0,0.9816,-2.6e-07,3.672963195469091e-05
8945.0,0.9816,-4.4e-07,3.672963195469091e-05
8946.0,0.9816,-5.9e-07,3.672963195469091e-05
8947.0,0.9816,-6.8e-07,3.672963195469091e-05
8948.0,0.9816,-8.7e-07,3.672963195469091e-05
8949.0,0.9816,-9.2e-07,3.672963195469091e-05
8950.0,0.9816,-9.2e-07,3.672963195469091e-05
8951.0,0.9816,-9.1e-07,3.672963195469091e-05
8952.0,0.9816,-6.9e-07,3.672963195469091e-05
8953.0,0.9816,-6.9e-07,3.672963195469091e-05
8954.0,0.9816,-7.5e-07,3.672963195469091e-05
8955.0,0.9816,-8.3e-07,3.672963195469091e-05
8956.0,0.9816,-1.04e-06,3.672963195469091e-05
8957.0,0.9816,-1.13e-06,3.672963195469091e-05
8958.0,0.9816,-1.18e-06,3.672963195469091e-05
8959.0,0.9816,-1.23e-06,3.672963195469091e-05
8960.0,0.9816,-1.23e-06,3.672963195469091e-05
8961.0,0.9816,-1.22e-06,3.672963195469091e-05
8962.0,0.9816,-1.11e-06,3.672963195469091e-05
8963.0,0.9816,-9.6e-07,3.672963195469091e-05
8964.0,0.9816,-8.1e-07,3.672963195469091e-05
8965.0,0.9816,-6.6e-07,3.672963195469091e-05
8966.0,0.9816,-5.1e-07,3.672963195469091e-05
8967.0,0.9816,-4e-07,3.672963195469091e-05
8968.0,0.9816,-2e-07,3.672963195469091e-05
8969.0,0.9816,-4e-08,3.672963195469091e-05
8970.0,0.9816,5e-08,3.672963195469091e-05
8971.0,0.9816,1e-07,3.672963195469091e-05
8972.0,0.9816,1.2e-07,3.672963195469091e-05
8973.0,0.9816,1.3e-07,3.672963195469091e-05
8974.0,0.9816,1.2e-07,3.672963195469091e-05
8975.0,0.9816,5e-08,3.672963195469091e-05
8976.0,0.9816,-9e-08,3.672963195469091e-05
8977.0,0.9816,-1.6e-07,3.672963195469091e-05
8978.0,0.9816,-2.6e-07,3.672963195469091e-05
8979.0,0.9816,-3.4e-07,3.672963195469091e-05
8980.0,0.9816,-3.8e-07,3.672963195469091e-05
8981.0,0.9816,-3.7e-07,3.672963195469091e-05
8982.0,0.9816,-3.5e-07,3.672963195469091e-05
8983.0,0.9816,-3.1e-07,3.672963195469091e-05
8984.0,0.9816,-3.9e-07,3.672963195469091e-05
8985.0,0.9816,-4.7e-07,3.672963195469091e-05
8986.0,0.9816,-5e-07,3.672963195469091e-05
8987.0,0.9816,-5.1e-07,3.672963195469091e-05
8988.0,0.9816,-6.4e-07,3.672963195469091e-05
8989.0,0.9816,-6e-07,3.672963195469091e-05
8990.0,0.9816,-4.9e-07,3.672963195469091e-05
8991.0,0.9816,-4.4e-07,3.672963195469091e-05
8992.0,0.9816,-1e-07,3.672963195469091e-05
8993.0,0.9816,3.9e-07,3.672963195469091e-05
8994.0,0.9816,-8.67e-06,3.672963195469091e-05
8995.0,0.9816,-1.85e-06,3.672963195469091e-05
8996.0,0.9816,-1.85e-06,3.672963195469091e-05
8997.0,0.9816,-1.29e-06,3.672963195469091e-05
8998.0,0.9816,-1.56e-06,3.672963195469091e-05
8999.0,0.9816,-9.2e-07,3.672963195469091e-05
9000.0,0.9816,-8.7e-07,3.672963195469091e-05
