t,x_original,xdot_original,xdot_pred
0,0.001,0,0.003621564
2,0.00100133,3.99E-05,0.003624606
4,0.001005171,0.000115234,0.003633065
6,0.001012314,0.000214288,0.003648891
8,0.001023407,0.000332775,0.003673335
10,0.001039013,0.000468185,0.003707594
12,0.00105964,0.00061881,0.003752532
14,0.001085753,0.000783385,0.003808936
16,0.001117784,0.000960927,0.003877374
18,0.001156138,0.001150638,0.003958453
20,0.0012012,0.001351853,0.00405231
22,0.001253334,0.001564009,0.004159129
24,0.001312888,0.001786617,0.004279254
26,0.001380196,0.002019249,0.004412354
28,0.00145558,0.002261526,0.004558525
30,0.00153935,0.002513105,0.004717463
32,0.001631806,0.00277368,0.004889058
34,0.001733239,0.003042969,0.00507306
36,0.001843929,0.003320715,0.005269096
38,0.001964152,0.003606679,0.005476897
40,0.002094173,0.003900641,0.005696087
42,0.002234253,0.004202395,0.005926497
44,0.002384644,0.004511749,0.006167572
46,0.002545595,0.004828521,0.00641907
48,0.002717346,0.00515254,0.006680753
50,0.002900135,0.005483644,0.00695213
52,0.003094191,0.00582168,0.007233091
54,0.003299741,0.006166499,0.007523187
56,0.003517006,0.006517963,0.00782233
58,0.003746204,0.006875937,0.008130036
60,0.003987547,0.007240291,0.008446168
62,0.004241244,0.007610901,0.008770445
64,0.004507499,0.007987647,0.009102677
66,0.004786512,0.008370413,0.009442618
68,0.005078482,0.008759088,0.009790105
70,0.005383601,0.009153561,0.010144853
72,0.005702058,0.009553726,0.010506723
74,0.006034041,0.009959481,0.010875463
76,0.006379732,0.010370724,0.011251024
78,0.00673931,0.010787357,0.011633171
80,0.007112953,0.011209283,0.012021744
82,0.007500833,0.011636409,0.01241654
84,0.007903121,0.012068642,0.012817479
86,0.008319984,0.01250589,0.013224428
88,0.008751586,0.012948065,0.013637207
90,0.009198089,0.013395079,0.014055699
92,0.009659651,0.013846844,0.014479798
94,0.010136426,0.014303275,0.014909343
96,0.010628569,0.014764289,0.015344239
98,0.011136229,0.015229801,0.015784342
100,0.011659554,0.01569973,0.016229562
102,0.012198687,0.016173993,0.016679771
104,0.01275377,0.01665251,0.017134894
106,0.013324944,0.017135201,0.017594757
108,0.013912343,0.017621986,0.018059336
110,0.014516103,0.018112787,0.01852852
112,0.015136354,0.018607525,0.019002153
114,0.015773225,0.019106123,0.01948018
116,0.016426841,0.019608504,0.019962499
118,0.017097328,0.02011459,0.020449005
120,0.017784805,0.020624305,0.02093961
122,0.01848939,0.021137572,0.021434184
124,0.019211201,0.021654317,0.02193272
126,0.01995035,0.022174464,0.02243509
128,0.020706948,0.022697937,0.02294121
130,0.021481103,0.023224661,0.02345096
132,0.022272922,0.023754561,0.023964308
134,0.023082507,0.024287563,0.024481094
136,0.02390996,0.024823592,0.025001321
138,0.024755379,0.025362574,0.025524816
140,0.02561886,0.025904434,0.026051572
142,0.026500497,0.026449098,0.026581489
144,0.02740038,0.026996492,0.027114427
146,0.028318598,0.027546542,0.027650364
148,0.029255237,0.028099175,0.0281892
150,0.030210381,0.028654315,0.028730871
152,0.031184111,0.029211889,0.029275289
154,0.032176505,0.029771823,0.02982233
156,0.03318764,0.030334043,0.030371968
158,0.034217589,0.030898476,0.030924113
160,0.035266424,0.031465046,0.03147865
162,0.036334213,0.032033681,0.03203556
164,0.037421023,0.032604306,0.032594725
166,0.038526918,0.033176847,0.033156034
168,0.039651959,0.03375123,0.0337195
170,0.040796205,0.034327381,0.034284953
172,0.041959713,0.034905226,0.03485235
174,0.043142536,0.035484691,0.03542164
176,0.044344726,0.0360657,0.035992682
178,0.045566332,0.036648181,0.03656545
180,0.0468074,0.037232058,0.037139867
182,0.048067976,0.037817258,0.037715822
184,0.049348099,0.038403705,0.03829326
186,0.05064781,0.038991325,0.03887208
188,0.051967145,0.039580044,0.03945224
190,0.053306138,0.040169786,0.040033646
192,0.05466482,0.040760477,0.04061621
194,0.056043222,0.041352043,0.04119984
196,0.057441369,0.041944408,0.041784495
198,0.058859285,0.042537498,0.04237009
200,0.060296993,0.043131238,0.042956546
202,0.061754511,0.043725552,0.04354376
204,0.063231857,0.044320366,0.044131666
206,0.064729044,0.044915605,0.044720218
208,0.066246084,0.045511194,0.04530931
210,0.067782986,0.046107057,0.04589886
212,0.069339756,0.046703119,0.046488795
214,0.0709164,0.047299306,0.047079057
216,0.072512918,0.047895542,0.047669545
218,0.074129309,0.048491752,0.048260175
220,0.075765572,0.049087861,0.048850905
222,0.077421698,0.049683793,0.04944163
224,0.07909768,0.050279475,0.05003229
226,0.080793508,0.050874829,0.050622787
228,0.082509168,0.051469783,0.051213067
230,0.084244643,0.05206426,0.05180304
232,0.085999916,0.052658185,0.052392617
234,0.087774965,0.053251483,0.052981757
236,0.089569768,0.053844081,0.053570334
238,0.091384298,0.054435902,0.054158315
240,0.093218527,0.055026872,0.0547456
242,0.095072424,0.055616917,0.05533213
244,0.096945956,0.056205961,0.055917807
246,0.098839087,0.056793931,0.056502577
248,0.100751779,0.057380751,0.057086337
250,0.102683991,0.057966349,0.05766905
252,0.104635679,0.058550648,0.058250595
254,0.106606798,0.059133577,0.058830924
256,0.1085973,0.05971506,0.05940995
258,0.110607134,0.060295024,0.059987634
260,0.112636247,0.060873396,0.060563844
262,0.114684584,0.061450101,0.061138526
264,0.116752086,0.062025068,0.06171162
266,0.118838694,0.062598223,0.062283028
268,0.120944344,0.063169492,0.06285271
270,0.12306897,0.063738805,0.06342057
272,0.125212507,0.064306087,0.06398652
274,0.127374882,0.064871268,0.06455052
276,0.129556025,0.065434275,0.065112464
278,0.131755859,0.065995036,0.065672286
280,0.133974309,0.066553481,0.06622994
282,0.136211293,0.067109538,0.06678532
284,0.138466731,0.067663136,0.06733837
286,0.140740538,0.068214205,0.06788901
288,0.143032627,0.068762675,0.068437174
290,0.14534291,0.069308476,0.06898281
292,0.147671294,0.069851538,0.0695258
294,0.150017687,0.070391792,0.07006612
296,0.152381993,0.07092917,0.07060367
298,0.154764113,0.071463602,0.071138375
300,0.157163947,0.071995021,0.071670204
302,0.159581392,0.072523358,0.07219906
304,0.162016344,0.073048548,0.072724864
306,0.164468695,0.073570522,0.07324756
308,0.166938335,0.074089214,0.07376709
310,0.169425154,0.074604558,0.07428337
312,0.171929037,0.075116488,0.07479634
314,0.174449868,0.07562494,0.07530595
316,0.17698753,0.076129849,0.0758121
318,0.179541901,0.076631149,0.07631475
320,0.18211286,0.077128778,0.076813824
322,0.184700283,0.077622672,0.07730925
324,0.187304042,0.078112769,0.07780099
326,0.189924009,0.078599006,0.07828895
328,0.192560053,0.079081321,0.07877308
330,0.195212041,0.079559654,0.079253316
332,0.197879839,0.080033943,0.07972961
334,0.20056331,0.080504128,0.08020188
336,0.203262315,0.080970151,0.08067007
338,0.205976714,0.081431952,0.081134126
340,0.208706363,0.081889473,0.08159398
342,0.211451118,0.082342655,0.08204956
344,0.214210833,0.082791443,0.08250086
346,0.216985359,0.083235779,0.08294775
348,0.219774546,0.083675608,0.083390236
350,0.222578241,0.084110873,0.08382821
352,0.225396292,0.084541522,0.08426165
354,0.228228542,0.0849675,0.0846905
356,0.231074834,0.085388753,0.08511468
358,0.233935008,0.08580523,0.085534155
360,0.236808904,0.086216878,0.08594888
362,0.239696359,0.086623646,0.08635878
364,0.242597208,0.087025483,0.08676381
366,0.245511286,0.087422341,0.087163925
368,0.248438425,0.08781417,0.08755907
370,0.251378456,0.088200922,0.087949194
372,0.254331208,0.088582549,0.08833427
374,0.257296508,0.088959004,0.08871421
376,0.260274183,0.089330243,0.089088984
378,0.263264057,0.089696218,0.089458555
380,0.266265953,0.090056887,0.08982288
382,0.269279693,0.090412206,0.09018189
384,0.272305097,0.090762131,0.09053556
386,0.275341985,0.091106621,0.090883836
388,0.278390173,0.091445635,0.09122668
390,0.281449477,0.091779132,0.09156405
392,0.284519713,0.092107072,0.091895916
394,0.287600693,0.092429418,0.09222222
396,0.290692231,0.092746131,0.09254294
398,0.293794137,0.093057174,0.092858024
400,0.296906221,0.093362511,0.09316743
402,0.300028291,0.093662108,0.09347114
404,0.303160155,0.093955929,0.0937691
406,0.30630162,0.094243941,0.094061285
408,0.30945249,0.094526112,0.09434767
410,0.312612571,0.09480241,0.09462818
412,0.315781664,0.095072804,0.094902836
414,0.318959573,0.095337265,0.095171586
416,0.322146098,0.095595763,0.0954344
418,0.325341041,0.09584827,0.095691234
420,0.328544199,0.096094759,0.095942065
422,0.331755373,0.096335205,0.096186884
424,0.334974359,0.096569581,0.096425645
426,0.338200954,0.096797864,0.096658334
428,0.341434955,0.09702003,0.09688493
430,0.344676157,0.097236056,0.09710539
432,0.347924355,0.097445922,0.09731971
434,0.351179341,0.097649607,0.09752785
436,0.354440911,0.097847091,0.09772981
438,0.357708856,0.098038355,0.09792555
440,0.360982969,0.098223383,0.098115064
442,0.364263041,0.098402156,0.09829833
444,0.367548863,0.098574661,0.09847533
446,0.370840226,0.098740882,0.09864606
448,0.374136919,0.098900804,0.09881047
450,0.377438733,0.099054417,0.09896859
452,0.380745457,0.099201707,0.099120386
454,0.384056879,0.099342664,0.099265836
456,0.387372788,0.099477278,0.09940495
458,0.390692973,0.099605541,0.0995377
460,0.394017221,0.099727444,0.099664085
462,0.39734532,0.099842981,0.099784106
464,0.400677058,0.099952146,0.09989775
466,0.404012223,0.100054934,0.10000499
468,0.407350601,0.100151341,0.10010585
470,0.41069198,0.100241364,0.10020031
472,0.414036147,0.100325002,0.10028837
474,0.417382888,0.100402253,0.100370035
476,0.420731992,0.100473118,0.10044529
478,0.424083246,0.100537597,0.10051415
480,0.427436435,0.100595693,0.10057661
482,0.430791349,0.100647409,0.10063266
484,0.434147774,0.100692748,0.10068231
486,0.437505498,0.100731717,0.10072559
488,0.440864308,0.10076432,0.10076248
490,0.444223994,0.100790564,0.100792974
492,0.447584343,0.100810459,0.100817084
494,0.450945143,0.100824011,0.10083485
496,0.454306184,0.100831233,0.100846246
498,0.457667255,0.100832133,0.10085129
500,0.461028146,0.100826725,0.10085
502,0.464388647,0.10081502,0.10084238
504,0.467748548,0.100797033,0.10082846
506,0.47110764,0.100772777,0.10080823
508,0.474465716,0.10074227,0.100781724
510,0.477822567,0.100705527,0.100748934
512,0.481177986,0.100662566,0.1007099
514,0.484531766,0.100613405,0.10066464
516,0.487883701,0.100558063,0.10061315
518,0.491233587,0.100496561,0.100555465
520,0.494581217,0.10042892,0.1004916
522,0.497926389,0.100355163,0.10042159
524,0.5012689,0.100275311,0.100345425
526,0.504608546,0.100189389,0.10026316
528,0.507945127,0.100097422,0.10017482
530,0.511278441,0.099999435,0.10008041
532,0.51460829,0.099895455,0.09997997
534,0.517934473,0.09978551,0.099873506
536,0.521256794,0.099669627,0.09976106
538,0.524575056,0.099547835,0.099642664
540,0.527889061,0.099420166,0.09951835
542,0.531198616,0.099286649,0.099388145
544,0.534503527,0.099147316,0.099252075
546,0.5378036,0.099002199,0.09911017
548,0.541098644,0.098851332,0.09896246
550,0.544388469,0.09869475,0.09880899
552,0.547672885,0.098532486,0.09864979
554,0.550951705,0.098364577,0.09848489
556,0.55422474,0.098191059,0.09831434
558,0.557491806,0.098011969,0.09813815
560,0.560752717,0.097827345,0.09795639
562,0.564007291,0.097637226,0.097769074
564,0.567255346,0.097441652,0.09757625
566,0.570496702,0.097240662,0.097377956
568,0.573731178,0.097034298,0.09717424
570,0.576958598,0.096822602,0.096965134
572,0.580178786,0.096605615,0.09675068
574,0.583391565,0.09638338,0.096530914
576,0.586596763,0.096155942,0.096305884
578,0.589794208,0.095923345,0.096075654
580,0.592983729,0.095685634,0.095840245
582,0.596165157,0.095442854,0.09559972
584,0.599338326,0.095195053,0.09535411
586,0.602503068,0.094942276,0.095103465
588,0.605659221,0.094684572,0.094847836
590,0.60880662,0.094421988,0.09458727
592,0.611945106,0.094154574,0.09432181
594,0.615074519,0.093882379,0.09405151
596,0.618194701,0.093605452,0.09377643
598,0.621305495,0.093323845,0.0934966
600,0.624406749,0.093037608,0.09321207
602,0.627498309,0.092746793,0.09292292
604,0.630580024,0.092451451,0.09262917
606,0.633651745,0.092151636,0.092330895
608,0.636713325,0.091847401,0.092028126
610,0.639764618,0.091538798,0.09172094
612,0.642805481,0.091225883,0.09140938
614,0.645835771,0.090908709,0.0910935
616,0.648855349,0.090587332,0.09077335
618,0.651864076,0.090261806,0.090449
620,0.654861816,0.089932188,0.09012048
622,0.657848433,0.089598534,0.08978788
624,0.660823797,0.0892609,0.089451216
626,0.663787775,0.088919344,0.08911059
628,0.666740239,0.088573922,0.08876603
630,0.669681062,0.088224692,0.08841759
632,0.672610119,0.087871712,0.088065356
634,0.675527287,0.087515041,0.08770936
636,0.678432445,0.087154738,0.08734966
638,0.681325474,0.08679086,0.08698635
640,0.684206256,0.086423467,0.08661944
642,0.687074677,0.086052619,0.086249016
644,0.689930622,0.085678376,0.085875146
646,0.692773982,0.085300798,0.08549787
648,0.695604647,0.084919944,0.085117266
650,0.69842251,0.084535875,0.08473338
652,0.701227465,0.084148652,0.08434627
654,0.704019409,0.083758335,0.08395602
656,0.706798242,0.083364987,0.083562665
658,0.709563864,0.082968667,0.0831663
660,0.712316179,0.082569437,0.08276695
662,0.715055091,0.082167359,0.082364686
664,0.717780507,0.081762494,0.081959575
666,0.720492337,0.081354904,0.08155169
668,0.723190493,0.080944651,0.08114109
670,0.725874886,0.080531796,0.08072781
672,0.728545432,0.080116402,0.08031194
674,0.73120205,0.07969853,0.07989352
676,0.733844658,0.079278243,0.07947266
678,0.736473178,0.078855603,0.07904936
680,0.739087534,0.078430672,0.07862373
682,0.741687651,0.078003511,0.0781958
684,0.744273457,0.077574184,0.07776564
686,0.746844882,0.077142751,0.07733333
688,0.749401858,0.076709276,0.07689892
690,0.751944319,0.07627382,0.07646248
692,0.7544722,0.075836445,0.07602405
694,0.756985441,0.075397213,0.07558372
696,0.75948398,0.074956186,0.07514153
698,0.761967761,0.074513426,0.074697554
700,0.764436728,0.074068993,0.07425187
702,0.766890826,0.073622951,0.0738045
704,0.769330005,0.073175359,0.07335553
706,0.771754214,0.072726279,0.072905034
708,0.774163406,0.072275772,0.072453044
710,0.776557536,0.0718239,0.07199963
712,0.77893656,0.071370722,0.07154488
714,0.781300437,0.0709163,0.07108883
716,0.783649127,0.070460693,0.070631534
718,0.785982592,0.070003962,0.07017307
720,0.788300798,0.069546167,0.06971349
722,0.79060371,0.069087366,0.06925286
724,0.792891297,0.068627621,0.06879124
726,0.79516353,0.068166989,0.06832867
728,0.797420381,0.067705529,0.06786524
730,0.799661825,0.067243301,0.067400984
732,0.801887837,0.066780362,0.06693598
734,0.804098396,0.066316771,0.06647027
736,0.806293482,0.065852585,0.06600392
738,0.808473077,0.065387861,0.065537
740,0.810637166,0.064922657,0.065069534
742,0.812785733,0.064457029,0.06460161
744,0.814918768,0.063991034,0.06413328
746,0.817036259,0.063524727,0.06366459
748,0.819138198,0.063058165,0.06319561
750,0.821224578,0.062591402,0.06272638
752,0.823295394,0.062124494,0.06225696
754,0.825350644,0.061657494,0.06178741
756,0.827390326,0.061190457,0.061317798
758,0.82941444,0.060723437,0.06084814
760,0.83142299,0.060256486,0.060378525
762,0.833415979,0.059789658,0.059908994
764,0.835393412,0.059323005,0.0594396
766,0.837355298,0.058856579,0.05897039
768,0.839301646,0.058390431,0.05850143
770,0.841232466,0.057924612,0.05803276
772,0.843147772,0.057459174,0.05756444
774,0.845047577,0.056994165,0.0570965
776,0.846931899,0.056529636,0.056629024
778,0.848800753,0.056065636,0.05616202
780,0.85065416,0.055602213,0.055695575
782,0.852492141,0.055139415,0.055229727
784,0.854314717,0.05467729,0.05476451
786,0.856121913,0.054215886,0.0543
788,0.857913755,0.053755248,0.053836215
790,0.859690269,0.053295423,0.05337321
792,0.861451484,0.052836456,0.05291102
794,0.863197431,0.052378393,0.052449718
796,0.86492814,0.051921277,0.05198935
798,0.866643645,0.051465153,0.051529918
800,0.86834398,0.051010064,0.05107151
802,0.870029182,0.050556053,0.050614152
804,0.871699288,0.050103162,0.0501579
806,0.873354335,0.049651432,0.049702767
808,0.874994366,0.049200906,0.049248826
810,0.87661942,0.048751622,0.04879609
812,0.87822954,0.048303622,0.04834461
814,0.879824772,0.047856945,0.047894444
816,0.88140516,0.047411629,0.047445606
818,0.88297075,0.046967714,0.046998154
820,0.884521591,0.046525235,0.04655211
822,0.886057732,0.046084231,0.04610753
824,0.887579223,0.045644738,0.04566444
826,0.889086116,0.045206791,0.045222864
828,0.890578464,0.044770426,0.04478287
830,0.89205632,0.044335679,0.044344455
832,0.893519739,0.043902581,0.043907683
834,0.894968778,0.043471168,0.04347257
836,0.896403494,0.043041472,0.043039177
838,0.897823945,0.042613525,0.04260751
840,0.89923019,0.042187359,0.04217759
842,0.90062229,0.041763005,0.041749474
844,0.902000307,0.041340493,0.04132319
846,0.903364302,0.040919853,0.04089877
848,0.904714339,0.040501114,0.040476233
850,0.906050482,0.040084306,0.040055603
852,0.907372798,0.039669455,0.03963694
854,0.908681351,0.039256589,0.039220236
856,0.909976208,0.038845735,0.038805537
858,0.911257439,0.038436919,0.038392853
860,0.912525111,0.038030166,0.037982225
862,0.913779295,0.037625502,0.037573677
864,0.91502006,0.03722295,0.03716725
866,0.916247477,0.036822535,0.036762927
868,0.91746162,0.03642428,0.036360767
870,0.91866256,0.036028206,0.035960786
872,0.919850372,0.035634336,0.035562996
874,0.921025128,0.035242692,0.035167407
876,0.922186904,0.034853293,0.034774076
878,0.923335776,0.034466159,0.034382995
880,0.92447182,0.034081311,0.033994213
882,0.925595112,0.033698768,0.033607714
884,0.926705731,0.033318546,0.033223536
886,0.927803753,0.032940665,0.03284169
888,0.928889257,0.03256514,0.03246219
890,0.929962324,0.03219199,0.032085072
892,0.931023031,0.031821228,0.031710353
894,0.93207146,0.031452872,0.031338017
896,0.933107692,0.031086936,0.030968107
898,0.934131806,0.030723433,0.03060062
900,0.935143885,0.030362378,0.030235581
902,0.936144011,0.030003783,0.029873013
904,0.937132267,0.029647661,0.029512914
906,0.938108734,0.029294024,0.029155279
908,0.939073497,0.028942883,0.028800156
910,0.940026639,0.02859425,0.028447542
912,0.940968243,0.028248133,0.028097458
914,0.941898395,0.027904544,0.027749876
916,0.942817178,0.027563491,0.027404856
918,0.943724677,0.027224982,0.027062356
920,0.944620978,0.026889027,0.026722439
922,0.945506166,0.026555632,0.026385074
924,0.946380326,0.026224805,0.026050273
926,0.947243544,0.025896551,0.025718044
928,0.948095907,0.025570878,0.025388416
930,0.9489375,0.02524779,0.025061384
932,0.949768409,0.024927293,0.024736919
934,0.950588723,0.024609391,0.024415083
936,0.951398525,0.024294088,0.024095817
938,0.952197905,0.023981387,0.023779185
940,0.952986948,0.023671292,0.023465157
942,0.953765742,0.023363805,0.02315374
944,0.954534372,0.023058928,0.022844953
946,0.955292928,0.022756663,0.022538759
948,0.956041495,0.022457011,0.022235196
950,0.956780161,0.022159973,0.021934273
952,0.957509012,0.021865548,0.021635933
954,0.958228137,0.021573738,0.021340255
956,0.958937622,0.02128454,0.021047154
958,0.959637553,0.020997953,0.020756694
960,0.960328019,0.020713978,0.020468853
962,0.961009106,0.02043261,0.020183645
964,0.961680901,0.020153849,0.019901032
966,0.962343491,0.019877691,0.019621016
968,0.962996962,0.019604133,0.019343637
970,0.963641401,0.019333171,0.01906885
972,0.964276895,0.019064802,0.018796662
974,0.964903529,0.018799021,0.01852708
976,0.965521389,0.018535823,0.018260084
978,0.966130563,0.018275204,0.017995685
980,0.966731135,0.018017157,0.01773386
982,0.967323191,0.017761677,0.017474614
984,0.967906816,0.017508758,0.017217929
986,0.968482096,0.017258393,0.01696383
988,0.969049115,0.017010575,0.016712278
990,0.969607958,0.016765298,0.016463269
992,0.97015871,0.016522552,0.01621681
994,0.970701454,0.016282331,0.015972877
996,0.971236275,0.016044626,0.015731473
998,0.971763256,0.015809429,0.015492599
1000,0.97228248,0.01557673,0.015256233
1002,0.972794031,0.015346522,0.015022347
1004,0.973297991,0.015118793,0.014790969
1006,0.973794442,0.014893535,0.014562073
1008,0.974283467,0.014670737,0.014335659
1010,0.974765146,0.01445039,0.014111704
1012,0.975239562,0.014232482,0.013890174
1014,0.975706796,0.014017003,0.013671098
1016,0.976166927,0.013803941,0.013454475
1018,0.976620037,0.013593286,0.013240248
1020,0.977066204,0.013385026,0.013028415
1022,0.977505509,0.013179148,0.012819
1024,0.97793803,0.012975641,0.012611944
1026,0.978363847,0.012774493,0.012407274
1028,0.978783037,0.012575691,0.012204985
1030,0.979195677,0.012379223,0.012005016
1032,0.979601847,0.012185074,0.011807364
1034,0.980001621,0.011993233,0.01161205
1036,0.980395077,0.011803686,0.011419044
1038,0.980782291,0.01161642,0.011228337
1040,0.981163339,0.01143142,0.011039895
1042,0.981538294,0.011248673,0.010853712
1044,0.981907233,0.011068165,0.010669782
1046,0.982270229,0.010889881,0.010488098
1048,0.982627356,0.010713808,0.01030865
1050,0.982978687,0.01053993,0.010131375
1052,0.983324295,0.010368233,0.00995632
1054,0.983664252,0.010198702,0.009783421
1056,0.983998629,0.010031323,0.009612694
1058,0.984327498,0.009866079,0.009444134
1060,0.98465093,0.009702956,0.0092777
1062,0.984968995,0.009541939,0.009113352
1064,0.985281762,0.009383011,0.00895114
1066,0.9855893,0.009226158,0.00879099
1068,0.985891679,0.009071364,0.008632924
1070,0.986188966,0.008918612,0.008476931
1072,0.986481229,0.008767887,0.008322937
1074,0.986768535,0.008619174,0.00817099
1076,0.98705095,0.008472455,0.008021049
1078,0.987328541,0.008327715,0.007873099
1080,0.987601372,0.008184938,0.007727095
1082,0.987869509,0.008044107,0.00758309
1084,0.988133016,0.007905205,0.007441002
1086,0.988391956,0.007768217,0.007300853
1088,0.988646394,0.007633127,0.007162593
1090,0.988896391,0.007499916,0.00702624
1092,0.98914201,0.00736857,0.006891748
1094,0.989383312,0.00723907,0.006759099
1096,0.989620359,0.007111401,0.006628311
1098,0.989853211,0.006985547,0.006499367
1100,0.990081927,0.006861489,0.006372219
1102,0.990306567,0.006739211,0.006246848
1104,0.990527191,0.006618698,0.006123238
1106,0.990743855,0.006499931,0.006001403
1108,0.990956618,0.006382894,0.005881327
1110,0.991165537,0.00626757,0.005762958
1112,0.991370668,0.006153943,0.005646274
1114,0.991572068,0.006041996,0.005531294
1116,0.991769792,0.005931711,0.005417997
1118,0.991963894,0.005823072,0.005306329
1120,0.99215443,0.005716062,0.005196339
1122,0.992341452,0.005610665,0.005087938
1124,0.992525014,0.005506864,0.004981138
1126,0.992705169,0.005404641,0.004875955
1128,0.992881968,0.005303981,0.004772332
1130,0.993055464,0.005204866,0.004670248
1132,0.993225706,0.00510728,0.004569716
1134,0.993392747,0.005011206,0.004470678
1136,0.993556634,0.004916628,0.004373182
1138,0.993717419,0.00482353,0.004277135
1140,0.993875148,0.004731893,0.004182584
1142,0.994029872,0.004641703,0.004089471
1144,0.994181637,0.004552943,0.003997808
1146,0.99433049,0.004465596,0.00390757
1148,0.994476478,0.004379647,0.003818696
1150,0.994619647,0.004295078,0.003731236
1152,0.994760043,0.004211874,0.003645164
1154,0.99489771,0.004130019,0.003560416
1156,0.995032694,0.004049497,0.003477044
1158,0.995165037,0.003970291,0.003394944
1160,0.995294783,0.003892386,0.003314166
1162,0.995421975,0.003815765,0.003234722
1164,0.995546655,0.003740414,0.003156507
1166,0.995668866,0.003666317,0.003079535
1168,0.995788648,0.003593457,0.003003851
1170,0.995906042,0.00352182,0.002929353
1172,0.996021088,0.00345139,0.002856088
1174,0.996133827,0.003382152,0.00278403
1176,0.996244296,0.00331409,0.002713109
1178,0.996352536,0.003247189,0.002643375
1180,0.996458584,0.003181435,0.002574798
1182,0.996562478,0.003116812,0.002507348
1184,0.996664254,0.003053305,0.002441035
1186,0.996763951,0.002990899,0.002375789
1188,0.996861604,0.002929581,0.002311659
1190,0.996957248,0.002869335,0.002248575
1192,0.99705092,0.002810146,0.002186543
1194,0.997142653,0.002752002,0.002125575
1196,0.997232483,0.002694886,0.002065636
1198,0.997320442,0.002638785,0.002006737
1200,0.997406565,0.002583686,0.001948804
1202,0.997490884,0.002529573,0.001891845
1204,0.997573432,0.002476433,0.001835868
1206,0.99765424,0.002424253,0.00178084
1208,0.997733341,0.002373019,0.001726768
1210,0.997810765,0.002322717,0.001673619
1212,0.997886543,0.002273333,0.0016214
1214,0.997960705,0.002224856,0.001570076
1216,0.99803328,0.002177271,0.001519613
1218,0.998104299,0.002130565,0.00147006
1220,0.99817379,0.002084725,0.001421339
1222,0.998241781,0.002039739,0.001373457
1224,0.998308301,0.001995594,0.00132642
1226,0.998373377,0.001952277,0.001280192
1228,0.998437036,0.001909777,0.001234779
1230,0.998499305,0.001868079,0.001190145
1232,0.998560211,0.001827173,0.001146338
1234,0.998619779,0.001787046,0.001103234
1236,0.998678036,0.001747685,0.001060926
1238,0.998735005,0.001709081,0.001019332
1240,0.998790712,0.001671219,0.000978457
1242,0.998845182,0.00163409,0.00093835
1244,0.998898438,0.00159768,0.000898884
1246,0.998950504,0.00156198,0.000860152
1248,0.999001403,0.001526977,0.00082207
1250,0.999051158,0.001492661,0.000784641
1252,0.999099792,0.00145902,0.000747869
1254,0.999147327,0.001426044,0.000711714
1256,0.999193785,0.001393721,0.000676224
1258,0.999239186,0.001362041,0.000641311
1260,0.999283552,0.001330994,0.000607025
1262,0.999326905,0.00130057,0.000573321
1264,0.999369263,0.001270756,0.000540155
1266,0.999410648,0.001241545,0.000507577
1268,0.999451079,0.001212925,0.000475492
1270,0.999490575,0.001184886,0.000443997
1272,0.999529156,0.001157419,0.000412948
1274,0.99956684,0.001130515,0.000382441
1276,0.999603645,0.001104162,0.000352425
1278,0.99963959,0.001078353,0.00032285
1280,0.999674693,0.001053077,0.000293709
1282,0.99970897,0.001028325,0.000264996
1284,0.99974244,0.001004089,0.000236652
1286,0.999775118,0.000980359,0.000208714
1288,0.999807023,0.000957126,0.000181113
1290,0.999838169,0.000934382,0.000153772
1292,0.999868573,0.000912118,0.000126705
1294,0.99989825,0.000890324,9.98E-05
1296,0.999927217,0.000868994,7.30E-05
1298,0.999955487,0.000848119,4.60E-05
1300,0.999983077,0.00082769,1.85E-05
1302,1.00001,0.000807699,1.28E-06
1304,1.000036271,0.000788138,1.28E-06
1306,1.000061905,0.000769,1.28E-06
1308,1.000086914,0.000750276,1.28E-06
1310,1.000111313,0.00073196,1.28E-06
1312,1.000135114,0.000714042,1.28E-06
1314,1.000158331,0.000696517,1.28E-06
1316,1.000180977,0.000679377,1.28E-06
1318,1.000203064,0.000662614,1.28E-06
1320,1.000224605,0.000646221,1.28E-06
1322,1.000245611,0.000630192,1.28E-06
1324,1.000266095,0.000614519,1.28E-06
1326,1.000286069,0.000599195,1.28E-06
1328,1.000305542,0.000584214,1.28E-06
1330,1.000324528,0.00056957,1.28E-06
1332,1.000343037,0.000555256,1.28E-06
1334,1.000361079,0.000541264,1.28E-06
1336,1.000378665,0.00052759,1.28E-06
1338,1.000395806,0.000514227,1.28E-06
1340,1.000412511,0.000501168,1.28E-06
1342,1.000428792,0.000488408,1.28E-06
1344,1.000444656,0.000475941,1.28E-06
1346,1.000460115,0.00046376,1.28E-06
1348,1.000475177,0.000451861,1.28E-06
1350,1.000489852,0.000440238,1.28E-06
1352,1.000504148,0.000428884,1.28E-06
1354,1.000518074,0.000417795,1.28E-06
1356,1.00053164,0.000406965,1.28E-06
1358,1.000544853,0.000396389,1.28E-06
1360,1.000557722,0.000386062,1.28E-06
1362,1.000570254,0.000375978,1.28E-06
1364,1.000582459,0.000366132,1.28E-06
1366,1.000594343,0.000356521,1.28E-06
1368,1.000605914,0.000347138,1.28E-06
1370,1.00061718,0.000337979,1.28E-06
1372,1.000628148,0.000329039,1.28E-06
1374,1.000638825,0.000320314,1.28E-06
1376,1.000649218,0.000311799,1.28E-06
1378,1.000659335,0.00030349,1.28E-06
1380,1.000669181,0.000295382,1.28E-06
1382,1.000678763,0.000287471,1.28E-06
1384,1.000688088,0.000279752,1.28E-06
1386,1.000697162,0.000272223,1.28E-06
1388,1.000705991,0.000264878,1.28E-06
1390,1.000714582,0.000257713,1.28E-06
1392,1.000722939,0.000250725,1.28E-06
1394,1.00073107,0.00024391,1.28E-06
1396,1.000738978,0.000237264,1.28E-06
1398,1.000746671,0.000230783,1.28E-06
1400,1.000754153,0.000224464,1.28E-06
1402,1.00076143,0.000218303,1.28E-06
1404,1.000768507,0.000212296,1.28E-06
1406,1.000775388,0.00020644,1.28E-06
1408,1.000782079,0.000200732,1.28E-06
1410,1.000788585,0.000195169,1.28E-06
1412,1.00079491,0.000189746,1.28E-06
1414,1.000801058,0.000184462,1.28E-06
1416,1.000807035,0.000179312,1.28E-06
1418,1.000812845,0.000174294,1.28E-06
1420,1.000818492,0.000169405,1.28E-06
1422,1.00082398,0.000164642,1.28E-06
1424,1.000829313,0.000160001,1.28E-06
1426,1.000834496,0.000155481,1.28E-06
1428,1.000839532,0.000151078,1.28E-06
1430,1.000844425,0.000146789,1.28E-06
1432,1.000849179,0.000142612,1.28E-06
1434,1.000853797,0.000138545,1.28E-06
1436,1.000858283,0.000134584,1.28E-06
1438,1.000862641,0.000130727,1.28E-06
1440,1.000866873,0.000126972,1.28E-06
1442,1.000870984,0.000123316,1.28E-06
1444,1.000874976,0.000119758,1.28E-06
1446,1.000878852,0.000116293,1.28E-06
1448,1.000882616,0.000112922,1.28E-06
1450,1.000886271,0.00010964,1.28E-06
1452,1.000889819,0.000106446,1.28E-06
1454,1.000893264,0.000103338,1.28E-06
1456,1.000896607,0.000100314,1.28E-06
1458,1.000899853,9.74E-05,1.28E-06
1460,1.000903003,9.45E-05,1.28E-06
1462,1.000906061,9.17E-05,1.28E-06
1464,1.000909028,8.90E-05,1.28E-06
1466,1.000911907,8.64E-05,1.28E-06
1468,1.000914701,8.38E-05,1.28E-06
1470,1.000917412,8.13E-05,1.28E-06
1472,1.000920042,7.89E-05,1.28E-06
1474,1.000922593,7.65E-05,1.28E-06
1476,1.000925068,7.43E-05,1.28E-06
1478,1.000927469,7.20E-05,1.28E-06
1480,1.000929798,6.99E-05,1.28E-06
1482,1.000932056,6.77E-05,1.28E-06
1484,1.000934246,6.57E-05,1.28E-06
1486,1.00093637,6.37E-05,1.28E-06
1488,1.000938429,6.18E-05,1.28E-06
1490,1.000940426,5.99E-05,1.28E-06
1492,1.000942362,5.81E-05,1.28E-06
1494,1.000944238,5.63E-05,1.28E-06
1496,1.000946057,5.46E-05,1.28E-06
1498,1.000947821,5.29E-05,1.28E-06
1500,1.00094953,5.13E-05,1.28E-06
1502,1.000951186,4.97E-05,1.28E-06
1504,1.000952791,4.82E-05,1.28E-06
1506,1.000954347,4.67E-05,1.28E-06
1508,1.000955854,4.52E-05,1.28E-06
1510,1.000957314,4.38E-05,1.28E-06
1512,1.000958729,4.24E-05,1.28E-06
1514,1.0009601,4.11E-05,1.28E-06
1516,1.000961427,3.98E-05,1.28E-06
1518,1.000962713,3.86E-05,1.28E-06
1520,1.000963959,3.74E-05,1.28E-06
1522,1.000965165,3.62E-05,1.28E-06
1524,1.000966333,3.50E-05,1.28E-06
1526,1.000967465,3.39E-05,1.28E-06
1528,1.00096856,3.29E-05,1.28E-06
1530,1.00096962,3.18E-05,1.28E-06
1532,1.000970647,3.08E-05,1.28E-06
1534,1.000971641,2.98E-05,1.28E-06
1536,1.000972603,2.89E-05,1.28E-06
1538,1.000973534,2.79E-05,1.28E-06
1540,1.000974436,2.70E-05,1.28E-06
1542,1.000975308,2.62E-05,1.28E-06
1544,1.000976152,2.53E-05,1.28E-06
1546,1.000976969,2.45E-05,1.28E-06
1548,1.000977759,2.37E-05,1.28E-06
1550,1.000978524,2.29E-05,1.28E-06
1552,1.000979264,2.22E-05,1.28E-06
1554,1.000979979,2.15E-05,1.28E-06
1556,1.000980672,2.08E-05,1.28E-06
1558,1.000981341,2.01E-05,1.28E-06
1560,1.000981989,1.94E-05,1.28E-06
1562,1.000982615,1.88E-05,1.28E-06
1564,1.000983221,1.82E-05,1.28E-06
1566,1.000983806,1.76E-05,1.28E-06
1568,1.000984373,1.70E-05,1.28E-06
1570,1.00098492,1.64E-05,1.28E-06
1572,1.000985449,1.59E-05,1.28E-06
1574,1.000985961,1.53E-05,1.28E-06
1576,1.000986455,1.48E-05,1.28E-06
1578,1.000986933,1.43E-05,1.28E-06
1580,1.000987395,1.39E-05,1.28E-06
1582,1.000987842,1.34E-05,1.28E-06
1584,1.000988273,1.29E-05,1.28E-06
1586,1.00098869,1.25E-05,1.28E-06
1588,1.000989093,1.21E-05,1.28E-06
1590,1.000989482,1.17E-05,1.28E-06
1592,1.000989858,1.13E-05,1.28E-06
1594,1.000990221,1.09E-05,1.28E-06
1596,1.000990571,1.05E-05,1.28E-06
1598,1.00099091,1.02E-05,1.28E-06
1600,1.000991237,9.81E-06,1.28E-06
1602,1.000991553,9.48E-06,1.28E-06
1604,1.000991858,9.15E-06,1.28E-06
1606,1.000992153,8.84E-06,1.28E-06
1608,1.000992437,8.53E-06,1.28E-06
1610,1.000992712,8.24E-06,1.28E-06
1612,1.000992977,7.95E-06,1.28E-06
1614,1.000993233,7.68E-06,1.28E-06
1616,1.00099348,7.41E-06,1.28E-06
1618,1.000993718,7.15E-06,1.28E-06
1620,1.000993948,6.90E-06,1.28E-06
1622,1.00099417,6.66E-06,1.28E-06
1624,1.000994384,6.42E-06,1.28E-06
1626,1.000994591,6.20E-06,1.28E-06
1628,1.00099479,5.98E-06,1.28E-06
1630,1.000994982,5.77E-06,1.28E-06
1632,1.000995168,5.57E-06,1.28E-06
1634,1.000995347,5.37E-06,1.28E-06
1636,1.000995519,5.18E-06,1.28E-06
1638,1.000995686,4.99E-06,1.28E-06
1640,1.000995846,4.82E-06,1.28E-06
1642,1.000996001,4.64E-06,1.28E-06
1644,1.00099615,4.48E-06,1.28E-06
1646,1.000996294,4.32E-06,1.28E-06
1648,1.000996433,4.16E-06,1.28E-06
1650,1.000996567,4.01E-06,1.28E-06
1652,1.000996696,3.87E-06,1.28E-06
1654,1.00099682,3.73E-06,1.28E-06
1656,1.00099694,3.59E-06,1.28E-06
1658,1.000997055,3.46E-06,1.28E-06
1660,1.000997166,3.34E-06,1.28E-06
1662,1.000997273,3.21E-06,1.28E-06
1664,1.000997377,3.10E-06,1.28E-06
1666,1.000997476,2.98E-06,1.28E-06
1668,1.000997572,2.87E-06,1.28E-06
1670,1.000997664,2.77E-06,1.28E-06
1672,1.000997753,2.67E-06,1.28E-06
1674,1.000997839,2.57E-06,1.28E-06
1676,1.000997921,2.47E-06,1.28E-06
1678,1.000998001,2.38E-06,1.28E-06
1680,1.000998077,2.29E-06,1.28E-06
1682,1.000998151,2.21E-06,1.28E-06
1684,1.000998222,2.13E-06,1.28E-06
1686,1.00099829,2.05E-06,1.28E-06
1688,1.000998356,1.97E-06,1.28E-06
1690,1.000998419,1.90E-06,1.28E-06
1692,1.00099848,1.83E-06,1.28E-06
1694,1.000998538,1.76E-06,1.28E-06
1696,1.000998595,1.69E-06,1.28E-06
1698,1.000998649,1.63E-06,1.28E-06
1700,1.000998701,1.57E-06,1.28E-06
1702,1.000998752,1.51E-06,1.28E-06
1704,1.0009988,1.45E-06,1.28E-06
1706,1.000998846,1.39E-06,1.28E-06
1708,1.000998891,1.34E-06,1.28E-06
1710,1.000998934,1.29E-06,1.28E-06
1712,1.000998975,1.24E-06,1.28E-06
1714,1.000999015,1.19E-06,1.28E-06
1716,1.000999053,1.15E-06,1.28E-06
1718,1.00099909,1.10E-06,1.28E-06
1720,1.000999126,1.06E-06,1.28E-06
1722,1.00099916,1.02E-06,1.28E-06
1724,1.000999192,9.81E-07,1.28E-06
1726,1.000999224,9.43E-07,1.28E-06
1728,1.000999254,9.06E-07,1.28E-06
1730,1.000999283,8.71E-07,1.28E-06
1732,1.000999311,8.37E-07,1.28E-06
1734,1.000999338,8.04E-07,1.28E-06
1736,1.000999364,7.73E-07,1.28E-06
1738,1.000999388,7.43E-07,1.28E-06
1740,1.000999412,7.14E-07,1.28E-06
1742,1.000999435,6.86E-07,1.28E-06
1744,1.000999457,6.59E-07,1.28E-06
1746,1.000999478,6.33E-07,1.28E-06
1748,1.000999498,6.08E-07,1.28E-06
1750,1.000999518,5.84E-07,1.28E-06
1752,1.000999536,5.60E-07,1.28E-06
1754,1.000999554,5.38E-07,1.28E-06
1756,1.000999571,5.17E-07,1.28E-06
1758,1.000999588,4.96E-07,1.28E-06
1760,1.000999604,4.76E-07,1.28E-06
1762,1.000999619,4.57E-07,1.28E-06
1764,1.000999634,4.39E-07,1.28E-06
1766,1.000999648,4.21E-07,1.28E-06
1768,1.000999661,4.04E-07,1.28E-06
1770,1.000999674,3.88E-07,1.28E-06
1772,1.000999687,3.72E-07,1.28E-06
1774,1.000999699,3.57E-07,1.28E-06
1776,1.00099971,3.43E-07,1.28E-06
1778,1.000999721,3.29E-07,1.28E-06
1780,1.000999731,3.15E-07,1.28E-06
1782,1.000999742,3.03E-07,1.28E-06
1784,1.000999751,2.90E-07,1.28E-06
1786,1.00099976,2.78E-07,1.28E-06
1788,1.000999769,2.67E-07,1.28E-06
1790,1.000999778,2.56E-07,1.28E-06
1792,1.000999786,2.45E-07,1.28E-06
1794,1.000999794,2.35E-07,1.28E-06
1796,1.000999801,2.26E-07,1.28E-06
1798,1.000999809,2.16E-07,1.28E-06
1800,1.000999816,2.07E-07,1.28E-06
1802,1.000999822,1.99E-07,1.28E-06
1804,1.000999829,1.90E-07,1.28E-06
1806,1.000999835,1.83E-07,1.28E-06
1808,1.00099984,1.75E-07,1.28E-06
1810,1.000999846,1.68E-07,1.28E-06
1812,1.000999851,1.61E-07,1.28E-06
1814,1.000999857,1.54E-07,1.28E-06
1816,1.000999861,1.47E-07,1.28E-06
1818,1.000999866,1.41E-07,1.28E-06
1820,1.000999871,1.35E-07,1.28E-06
1822,1.000999875,1.30E-07,1.28E-06
1824,1.000999879,1.24E-07,1.28E-06
1826,1.000999883,1.19E-07,1.28E-06
1828,1.000999887,1.14E-07,1.28E-06
1830,1.000999891,1.09E-07,1.28E-06
1832,1.000999894,1.04E-07,1.28E-06
1834,1.000999897,9.98E-08,1.28E-06
1836,1.0009999,9.56E-08,1.28E-06
1838,1.000999904,9.15E-08,1.28E-06
1840,1.000999906,8.75E-08,1.28E-06
1842,1.000999909,8.38E-08,1.28E-06
1844,1.000999912,8.02E-08,1.28E-06
1846,1.000999914,7.67E-08,1.28E-06
1848,1.000999917,7.34E-08,1.28E-06
1850,1.000999919,7.02E-08,1.28E-06
1852,1.000999922,6.72E-08,1.28E-06
1854,1.000999924,6.43E-08,1.28E-06
1856,1.000999926,6.15E-08,1.28E-06
1858,1.000999928,5.88E-08,1.28E-06
1860,1.00099993,5.62E-08,1.28E-06
1862,1.000999931,5.38E-08,1.28E-06
1864,1.000999933,5.14E-08,1.28E-06
1866,1.000999935,4.92E-08,1.28E-06
1868,1.000999936,4.70E-08,1.28E-06
1870,1.000999938,4.49E-08,1.28E-06
1872,1.000999939,4.29E-08,1.28E-06
1874,1.000999941,4.11E-08,1.28E-06
1876,1.000999942,3.92E-08,1.28E-06
1878,1.000999943,3.75E-08,1.28E-06
1880,1.000999944,3.58E-08,1.28E-06
1882,1.000999945,3.42E-08,1.28E-06
1884,1.000999947,3.27E-08,1.28E-06
1886,1.000999948,3.13E-08,1.28E-06
1888,1.000999949,2.99E-08,1.28E-06
1890,1.00099995,2.85E-08,1.28E-06
1892,1.00099995,2.72E-08,1.28E-06
1894,1.000999951,2.60E-08,1.28E-06
1896,1.000999952,2.48E-08,1.28E-06
1898,1.000999953,2.37E-08,1.28E-06
1900,1.000999954,2.27E-08,1.28E-06
1902,1.000999954,2.16E-08,1.28E-06
1904,1.000999955,2.07E-08,1.28E-06
1906,1.000999956,1.97E-08,1.28E-06
1908,1.000999956,1.88E-08,1.28E-06
1910,1.000999957,1.80E-08,1.28E-06
1912,1.000999958,1.71E-08,1.28E-06
1914,1.000999958,1.64E-08,1.28E-06
1916,1.000999959,1.56E-08,1.28E-06
1918,1.000999959,1.49E-08,1.28E-06
1920,1.00099996,1.42E-08,1.28E-06
1922,1.00099996,1.36E-08,1.28E-06
1924,1.00099996,1.29E-08,1.28E-06
1926,1.000999961,1.23E-08,1.28E-06
1928,1.000999961,1.18E-08,1.28E-06
1930,1.000999962,1.12E-08,1.28E-06
1932,1.000999962,1.07E-08,1.28E-06
1934,1.000999962,1.02E-08,1.28E-06
1936,1.000999963,9.73E-09,1.28E-06
1938,1.000999963,9.28E-09,1.28E-06
1940,1.000999963,8.85E-09,1.28E-06
1942,1.000999964,8.43E-09,1.28E-06
1944,1.000999964,8.04E-09,1.28E-06
1946,1.000999964,7.66E-09,1.28E-06
1948,1.000999964,7.30E-09,1.28E-06
1950,1.000999965,6.96E-09,1.28E-06
1952,1.000999965,6.63E-09,1.28E-06
1954,1.000999965,6.32E-09,1.28E-06
1956,1.000999965,6.02E-09,1.28E-06
1958,1.000999965,5.73E-09,1.28E-06
1960,1.000999966,5.46E-09,1.28E-06
1962,1.000999966,5.20E-09,1.28E-06
1964,1.000999966,4.96E-09,1.28E-06
1966,1.000999966,4.72E-09,1.28E-06
1968,1.000999966,4.49E-09,1.28E-06
1970,1.000999966,4.28E-09,1.28E-06
1972,1.000999966,4.07E-09,1.28E-06
1974,1.000999967,3.88E-09,1.28E-06
1976,1.000999967,3.69E-09,1.28E-06
1978,1.000999967,3.52E-09,1.28E-06
1980,1.000999967,3.35E-09,1.28E-06
1982,1.000999967,3.18E-09,1.28E-06
1984,1.000999967,3.03E-09,1.28E-06
1986,1.000999967,2.88E-09,1.28E-06
1988,1.000999967,2.74E-09,1.28E-06
1990,1.000999967,2.61E-09,1.28E-06
1992,1.000999968,2.48E-09,1.28E-06
1994,1.000999968,2.36E-09,1.28E-06
1996,1.000999968,2.25E-09,1.28E-06
1998,1.000999968,2.14E-09,1.28E-06
2000,1.000999968,2.03E-09,1.28E-06
2002,1.000999968,1.93E-09,1.28E-06
2004,1.000999968,1.84E-09,1.28E-06
2006,1.000999968,1.75E-09,1.28E-06
2008,1.000999968,1.66E-09,1.28E-06
2010,1.000999968,1.58E-09,1.28E-06
2012,1.000999968,1.50E-09,1.28E-06
2014,1.000999968,1.43E-09,1.28E-06
2016,1.000999968,1.36E-09,1.28E-06
2018,1.000999968,1.29E-09,1.28E-06
2020,1.000999968,1.23E-09,1.28E-06
2022,1.000999968,1.16E-09,1.28E-06
2024,1.000999968,1.11E-09,1.28E-06
2026,1.000999968,1.05E-09,1.28E-06
2028,1.000999968,9.99E-10,1.28E-06
2030,1.000999968,9.49E-10,1.28E-06
2032,1.000999969,9.01E-10,1.28E-06
2034,1.000999969,8.56E-10,1.28E-06
2036,1.000999969,8.13E-10,1.28E-06
2038,1.000999969,7.72E-10,1.28E-06
2040,1.000999969,7.33E-10,1.28E-06
2042,1.000999969,6.96E-10,1.28E-06
2044,1.000999969,6.61E-10,1.28E-06
2046,1.000999969,6.27E-10,1.28E-06
2048,1.000999969,5.95E-10,1.28E-06
2050,1.000999969,5.65E-10,1.28E-06
2052,1.000999969,5.36E-10,1.28E-06
2054,1.000999969,5.09E-10,1.28E-06
2056,1.000999969,4.83E-10,1.28E-06
2058,1.000999969,4.58E-10,1.28E-06
2060,1.000999969,4.35E-10,1.28E-06
2062,1.000999969,4.12E-10,1.28E-06
2064,1.000999969,3.91E-10,1.28E-06
2066,1.000999969,3.71E-10,1.28E-06
2068,1.000999969,3.52E-10,1.28E-06
2070,1.000999969,3.34E-10,1.28E-06
2072,1.000999969,3.16E-10,1.28E-06
2074,1.000999969,3.00E-10,1.28E-06
2076,1.000999969,2.84E-10,1.28E-06
2078,1.000999969,2.70E-10,1.28E-06
2080,1.000999969,2.56E-10,1.28E-06
2082,1.000999969,2.42E-10,1.28E-06
2084,1.000999969,2.30E-10,1.28E-06
2086,1.000999969,2.18E-10,1.28E-06
2088,1.000999969,2.06E-10,1.28E-06
2090,1.000999969,1.95E-10,1.28E-06
2092,1.000999969,1.85E-10,1.28E-06
2094,1.000999969,1.75E-10,1.28E-06
2096,1.000999969,1.66E-10,1.28E-06
2098,1.000999969,1.57E-10,1.28E-06
2100,1.000999969,1.49E-10,1.28E-06
2102,1.000999969,1.41E-10,1.28E-06
2104,1.000999969,1.34E-10,1.28E-06
2106,1.000999969,1.27E-10,1.28E-06
2108,1.000999969,1.20E-10,1.28E-06
2110,1.000999969,1.14E-10,1.28E-06
2112,1.000999969,1.08E-10,1.28E-06
2114,1.000999969,1.02E-10,1.28E-06
2116,1.000999969,9.63E-11,1.28E-06
2118,1.000999969,9.12E-11,1.28E-06
2120,1.000999969,8.63E-11,1.28E-06
2122,1.000999969,8.17E-11,1.28E-06
2124,1.000999969,7.73E-11,1.28E-06
2126,1.000999969,7.31E-11,1.28E-06
2128,1.000999969,6.92E-11,1.28E-06
2130,1.000999969,6.54E-11,1.28E-06
2132,1.000999969,6.19E-11,1.28E-06
2134,1.000999969,5.85E-11,1.28E-06
2136,1.000999969,5.54E-11,1.28E-06
2138,1.000999969,5.24E-11,1.28E-06
2140,1.000999969,4.95E-11,1.28E-06
2142,1.000999969,4.68E-11,1.28E-06
2144,1.000999969,4.43E-11,1.28E-06
2146,1.000999969,4.18E-11,1.28E-06
2148,1.000999969,3.96E-11,1.28E-06
2150,1.000999969,3.74E-11,1.28E-06
2152,1.000999969,3.53E-11,1.28E-06
2154,1.000999969,3.34E-11,1.28E-06
2156,1.000999969,3.16E-11,1.28E-06
2158,1.000999969,2.98E-11,1.28E-06
2160,1.000999969,2.82E-11,1.28E-06
2162,1.000999969,2.66E-11,1.28E-06
2164,1.000999969,2.51E-11,1.28E-06
2166,1.000999969,2.38E-11,1.28E-06
2168,1.000999969,2.24E-11,1.28E-06
2170,1.000999969,2.12E-11,1.28E-06
2172,1.000999969,2.00E-11,1.28E-06
2174,1.000999969,1.89E-11,1.28E-06
2176,1.000999969,1.78E-11,1.28E-06
2178,1.000999969,1.68E-11,1.28E-06
2180,1.000999969,1.59E-11,1.28E-06
2182,1.000999969,1.50E-11,1.28E-06
2184,1.000999969,1.42E-11,1.28E-06
2186,1.000999969,1.34E-11,1.28E-06
2188,1.000999969,1.26E-11,1.28E-06
2190,1.000999969,1.19E-11,1.28E-06
2192,1.000999969,1.12E-11,1.28E-06
2194,1.000999969,1.06E-11,1.28E-06
2196,1.000999969,1.00E-11,1.28E-06
2198,1.000999969,9.43E-12,1.28E-06
2200,1.000999969,8.90E-12,1.28E-06
2202,1.000999969,8.39E-12,1.28E-06
2204,1.000999969,7.91E-12,1.28E-06
2206,1.000999969,7.46E-12,1.28E-06
2208,1.000999969,7.04E-12,1.28E-06
2210,1.000999969,6.63E-12,1.28E-06
2212,1.000999969,6.26E-12,1.28E-06
2214,1.000999969,5.90E-12,1.28E-06
2216,1.000999969,5.56E-12,1.28E-06
2218,1.000999969,5.24E-12,1.28E-06
2220,1.000999969,4.94E-12,1.28E-06
2222,1.000999969,4.65E-12,1.28E-06
2224,1.000999969,4.38E-12,1.28E-06
2226,1.000999969,4.13E-12,1.28E-06
2228,1.000999969,3.89E-12,1.28E-06
2230,1.000999969,3.67E-12,1.28E-06
2232,1.000999969,3.45E-12,1.28E-06
2234,1.000999969,3.25E-12,1.28E-06
2236,1.000999969,3.06E-12,1.28E-06
2238,1.000999969,2.88E-12,1.28E-06
2240,1.000999969,2.72E-12,1.28E-06
2242,1.000999969,2.56E-12,1.28E-06
2244,1.000999969,2.41E-12,1.28E-06
2246,1.000999969,2.27E-12,1.28E-06
2248,1.000999969,2.13E-12,1.28E-06
2250,1.000999969,2.01E-12,1.28E-06
2252,1.000999969,1.89E-12,1.28E-06
2254,1.000999969,1.78E-12,1.28E-06
2256,1.000999969,1.67E-12,1.28E-06
2258,1.000999969,1.57E-12,1.28E-06
2260,1.000999969,1.48E-12,1.28E-06
2262,1.000999969,1.39E-12,1.28E-06
2264,1.000999969,1.31E-12,1.28E-06
2266,1.000999969,1.23E-12,1.28E-06
2268,1.000999969,1.16E-12,1.28E-06
2270,1.000999969,1.09E-12,1.28E-06
2272,1.000999969,1.03E-12,1.28E-06
2274,1.000999969,9.64E-13,1.28E-06
2276,1.000999969,9.07E-13,1.28E-06
2278,1.000999969,8.52E-13,1.28E-06
2280,1.000999969,8.01E-13,1.28E-06
2282,1.000999969,7.53E-13,1.28E-06
2284,1.000999969,7.08E-13,1.28E-06
2286,1.000999969,6.65E-13,1.28E-06
2288,1.000999969,6.25E-13,1.28E-06
2290,1.000999969,5.87E-13,1.28E-06
2292,1.000999969,5.52E-13,1.28E-06
2294,1.000999969,5.19E-13,1.28E-06
2296,1.000999969,4.87E-13,1.28E-06
2298,1.000999969,4.58E-13,1.28E-06
2300,1.000999969,4.30E-13,1.28E-06
2302,1.000999969,4.04E-13,1.28E-06
2304,1.000999969,3.79E-13,1.28E-06
2306,1.000999969,3.56E-13,1.28E-06
2308,1.000999969,3.34E-13,1.28E-06
2310,1.000999969,3.14E-13,1.28E-06
2312,1.000999969,2.94E-13,1.28E-06
2314,1.000999969,2.76E-13,1.28E-06
2316,1.000999969,2.59E-13,1.28E-06
2318,1.000999969,2.43E-13,1.28E-06
2320,1.000999969,2.28E-13,1.28E-06
2322,1.000999969,2.14E-13,1.28E-06
2324,1.000999969,2.01E-13,1.28E-06
2326,1.000999969,1.89E-13,1.28E-06
2328,1.000999969,1.77E-13,1.28E-06
2330,1.000999969,1.66E-13,1.28E-06
2332,1.000999969,1.56E-13,1.28E-06
2334,1.000999969,1.46E-13,1.28E-06
2336,1.000999969,1.37E-13,1.28E-06
2338,1.000999969,1.28E-13,1.28E-06
2340,1.000999969,1.20E-13,1.28E-06
2342,1.000999969,1.13E-13,1.28E-06
2344,1.000999969,1.06E-13,1.28E-06
2346,1.000999969,9.92E-14,1.28E-06
2348,1.000999969,9.29E-14,1.28E-06
2350,1.000999969,8.71E-14,1.28E-06
2352,1.000999969,8.16E-14,1.28E-06
2354,1.000999969,7.65E-14,1.28E-06
2356,1.000999969,7.17E-14,1.28E-06
2358,1.000999969,6.71E-14,1.28E-06
2360,1.000999969,6.29E-14,1.28E-06
2362,1.000999969,5.89E-14,1.28E-06
2364,1.000999969,5.52E-14,1.28E-06
2366,1.000999969,5.17E-14,1.28E-06
2368,1.000999969,4.84E-14,1.28E-06
2370,1.000999969,4.53E-14,1.28E-06
2372,1.000999969,4.24E-14,1.28E-06
2374,1.000999969,3.97E-14,1.28E-06
2376,1.000999969,3.72E-14,1.28E-06
2378,1.000999969,3.48E-14,1.28E-06
2380,1.000999969,3.26E-14,1.28E-06
2382,1.000999969,3.05E-14,1.28E-06
2384,1.000999969,2.85E-14,1.28E-06
2386,1.000999969,2.67E-14,1.28E-06
2388,1.000999969,2.50E-14,1.28E-06
2390,1.000999969,2.34E-14,1.28E-06
2392,1.000999969,2.19E-14,1.28E-06
2394,1.000999969,2.04E-14,1.28E-06
2396,1.000999969,1.91E-14,1.28E-06
2398,1.000999969,1.79E-14,1.28E-06
2400,1.000999969,1.67E-14,1.28E-06
2402,1.000999969,1.56E-14,1.28E-06
2404,1.000999969,1.46E-14,1.28E-06
2406,1.000999969,1.37E-14,1.28E-06
2408,1.000999969,1.28E-14,1.28E-06
2410,1.000999969,1.19E-14,1.28E-06
2412,1.000999969,1.12E-14,1.28E-06
2414,1.000999969,1.04E-14,1.28E-06
2416,1.000999969,9.75E-15,1.28E-06
2418,1.000999969,9.11E-15,1.28E-06
2420,1.000999969,8.51E-15,1.28E-06
2422,1.000999969,7.95E-15,1.28E-06
2424,1.000999969,7.42E-15,1.28E-06
2426,1.000999969,6.93E-15,1.28E-06
2428,1.000999969,6.48E-15,1.28E-06
2430,1.000999969,6.05E-15,1.28E-06
2432,1.000999969,5.65E-15,1.28E-06
2434,1.000999969,5.27E-15,1.28E-06
2436,1.000999969,4.92E-15,1.28E-06
2438,1.000999969,4.60E-15,1.28E-06
2440,1.000999969,4.29E-15,1.28E-06
2442,1.000999969,4.00E-15,1.28E-06
2444,1.000999969,3.74E-15,1.28E-06
2446,1.000999969,3.49E-15,1.28E-06
2448,1.000999969,3.25E-15,1.28E-06
2450,1.000999969,3.04E-15,1.28E-06
2452,1.000999969,2.83E-15,1.28E-06
2454,1.000999969,2.64E-15,1.28E-06
2456,1.000999969,2.47E-15,1.28E-06
2458,1.000999969,2.30E-15,1.28E-06
2460,1.000999969,2.14E-15,1.28E-06
2462,1.000999969,2.00E-15,1.28E-06
2464,1.000999969,1.87E-15,1.28E-06
2466,1.000999969,1.74E-15,1.28E-06
2468,1.000999969,1.62E-15,1.28E-06
2470,1.000999969,1.51E-15,1.28E-06
2472,1.000999969,1.41E-15,1.28E-06
2474,1.000999969,1.31E-15,1.28E-06
2476,1.000999969,1.22E-15,1.28E-06
2478,1.000999969,1.14E-15,1.28E-06
2480,1.000999969,1.06E-15,1.28E-06
2482,1.000999969,9.90E-16,1.28E-06
2484,1.000999969,9.22E-16,1.28E-06
2486,1.000999969,8.59E-16,1.28E-06
2488,1.000999969,8.00E-16,1.28E-06
2490,1.000999969,7.45E-16,1.28E-06
2492,1.000999969,6.94E-16,1.28E-06
2494,1.000999969,6.46E-16,1.28E-06
2496,1.000999969,6.02E-16,1.28E-06
2498,1.000999969,5.60E-16,1.28E-06
2500,1.000999969,5.22E-16,1.28E-06
2502,1.000999969,4.86E-16,1.28E-06
2504,1.000999969,4.52E-16,1.28E-06
2506,1.000999969,4.21E-16,1.28E-06
2508,1.000999969,3.92E-16,1.28E-06
2510,1.000999969,3.64E-16,1.28E-06
2512,1.000999969,3.39E-16,1.28E-06
2514,1.000999969,3.15E-16,1.28E-06
2516,1.000999969,2.93E-16,1.28E-06
2518,1.000999969,2.73E-16,1.28E-06
2520,1.000999969,2.54E-16,1.28E-06
2522,1.000999969,2.36E-16,1.28E-06
2524,1.000999969,2.20E-16,1.28E-06
2526,1.000999969,2.04E-16,1.28E-06
2528,1.000999969,1.90E-16,1.28E-06
2530,1.000999969,1.76E-16,1.28E-06
2532,1.000999969,1.64E-16,1.28E-06
2534,1.000999969,1.53E-16,1.28E-06
2536,1.000999969,1.42E-16,1.28E-06
2538,1.000999969,1.32E-16,1.28E-06
2540,1.000999969,1.22E-16,1.28E-06
2542,1.000999969,1.14E-16,1.28E-06
2544,1.000999969,1.06E-16,1.28E-06
2546,1.000999969,9.82E-17,1.28E-06
2548,1.000999969,9.12E-17,1.28E-06
2550,1.000999969,8.47E-17,1.28E-06
2552,1.000999969,7.87E-17,1.28E-06
2554,1.000999969,7.31E-17,1.28E-06
2556,1.000999969,6.79E-17,1.28E-06
2558,1.000999969,6.30E-17,1.28E-06
2560,1.000999969,5.85E-17,1.28E-06
2562,1.000999969,5.43E-17,1.28E-06
2564,1.000999969,5.04E-17,1.28E-06
2566,1.000999969,4.68E-17,1.28E-06
2568,1.000999969,4.34E-17,1.28E-06
2570,1.000999969,4.03E-17,1.28E-06
2572,1.000999969,3.74E-17,1.28E-06
2574,1.000999969,3.47E-17,1.28E-06
2576,1.000999969,3.22E-17,1.28E-06
2578,1.000999969,2.99E-17,1.28E-06
2580,1.000999969,2.77E-17,1.28E-06
2582,1.000999969,2.57E-17,1.28E-06
2584,1.000999969,2.38E-17,1.28E-06
2586,1.000999969,2.21E-17,1.28E-06
2588,1.000999969,2.05E-17,1.28E-06
2590,1.000999969,1.90E-17,1.28E-06
2592,1.000999969,1.76E-17,1.28E-06
2594,1.000999969,1.63E-17,1.28E-06
2596,1.000999969,1.51E-17,1.28E-06
2598,1.000999969,1.40E-17,1.28E-06
2600,1.000999969,1.30E-17,1.28E-06
2602,1.000999969,1.20E-17,1.28E-06
2604,1.000999969,1.12E-17,1.28E-06
2606,1.000999969,1.03E-17,1.28E-06
2608,1.000999969,9.58E-18,1.28E-06
2610,1.000999969,8.87E-18,1.28E-06
2612,1.000999969,8.22E-18,1.28E-06
2614,1.000999969,7.61E-18,1.28E-06
2616,1.000999969,7.05E-18,1.28E-06
2618,1.000999969,6.53E-18,1.28E-06
2620,1.000999969,6.04E-18,1.28E-06
2622,1.000999969,5.59E-18,1.28E-06
2624,1.000999969,5.18E-18,1.28E-06
2626,1.000999969,4.79E-18,1.28E-06
2628,1.000999969,4.44E-18,1.28E-06
2630,1.000999969,4.11E-18,1.28E-06
2632,1.000999969,3.80E-18,1.28E-06
2634,1.000999969,3.52E-18,1.28E-06
2636,1.000999969,3.25E-18,1.28E-06
2638,1.000999969,3.01E-18,1.28E-06
2640,1.000999969,2.78E-18,1.28E-06
2642,1.000999969,2.57E-18,1.28E-06
2644,1.000999969,2.38E-18,1.28E-06
2646,1.000999969,2.20E-18,1.28E-06
2648,1.000999969,2.04E-18,1.28E-06
2650,1.000999969,1.88E-18,1.28E-06
2652,1.000999969,1.74E-18,1.28E-06
2654,1.000999969,1.61E-18,1.28E-06
2656,1.000999969,1.49E-18,1.28E-06
2658,1.000999969,1.37E-18,1.28E-06
2660,1.000999969,1.27E-18,1.28E-06
2662,1.000999969,1.17E-18,1.28E-06
2664,1.000999969,1.08E-18,1.28E-06
2666,1.000999969,1.00E-18,1.28E-06
2668,1.000999969,9.26E-19,1.28E-06
2670,1.000999969,8.55E-19,1.28E-06
2672,1.000999969,7.90E-19,1.28E-06
2674,1.000999969,7.30E-19,1.28E-06
2676,1.000999969,6.74E-19,1.28E-06
2678,1.000999969,6.22E-19,1.28E-06
2680,1.000999969,5.74E-19,1.28E-06
2682,1.000999969,5.30E-19,1.28E-06
2684,1.000999969,4.90E-19,1.28E-06
2686,1.000999969,4.52E-19,1.28E-06
2688,1.000999969,4.17E-19,1.28E-06
2690,1.000999969,3.85E-19,1.28E-06
2692,1.000999969,3.55E-19,1.28E-06
2694,1.000999969,3.28E-19,1.28E-06
2696,1.000999969,3.02E-19,1.28E-06
2698,1.000999969,2.79E-19,1.28E-06
2700,1.000999969,2.57E-19,1.28E-06
2702,1.000999969,2.37E-19,1.28E-06
2704,1.000999969,2.19E-19,1.28E-06
2706,1.000999969,2.02E-19,1.28E-06
2708,1.000999969,1.86E-19,1.28E-06
2710,1.000999969,1.72E-19,1.28E-06
2712,1.000999969,1.58E-19,1.28E-06
2714,1.000999969,1.46E-19,1.28E-06
2716,1.000999969,1.34E-19,1.28E-06
2718,1.000999969,1.24E-19,1.28E-06
2720,1.000999969,1.14E-19,1.28E-06
2722,1.000999969,1.05E-19,1.28E-06
2724,1.000999969,9.70E-20,1.28E-06
2726,1.000999969,8.93E-20,1.28E-06
2728,1.000999969,8.23E-20,1.28E-06
2730,1.000999969,7.58E-20,1.28E-06
2732,1.000999969,6.98E-20,1.28E-06
2734,1.000999969,6.43E-20,1.28E-06
2736,1.000999969,5.92E-20,1.28E-06
2738,1.000999969,5.45E-20,1.28E-06
2740,1.000999969,5.02E-20,1.28E-06
2742,1.000999969,4.62E-20,1.28E-06
2744,1.000999969,4.26E-20,1.28E-06
2746,1.000999969,3.92E-20,1.28E-06
2748,1.000999969,3.61E-20,1.28E-06
2750,1.000999969,3.32E-20,1.28E-06
2752,1.000999969,3.05E-20,1.28E-06
2754,1.000999969,2.81E-20,1.28E-06
2756,1.000999969,2.58E-20,1.28E-06
2758,1.000999969,2.38E-20,1.28E-06
2760,1.000999969,2.19E-20,1.28E-06
2762,1.000999969,2.01E-20,1.28E-06
2764,1.000999969,1.85E-20,1.28E-06
2766,1.000999969,1.70E-20,1.28E-06
2768,1.000999969,1.56E-20,1.28E-06
2770,1.000999969,1.44E-20,1.28E-06
2772,1.000999969,1.32E-20,1.28E-06
2774,1.000999969,1.22E-20,1.28E-06
2776,1.000999969,1.12E-20,1.28E-06
2778,1.000999969,1.03E-20,1.28E-06
2780,1.000999969,9.43E-21,1.28E-06
2782,1.000999969,8.67E-21,1.28E-06
2784,1.000999969,7.97E-21,1.28E-06
2786,1.000999969,7.32E-21,1.28E-06
2788,1.000999969,6.72E-21,1.28E-06
2790,1.000999969,6.17E-21,1.28E-06
2792,1.000999969,5.67E-21,1.28E-06
2794,1.000999969,5.21E-21,1.28E-06
2796,1.000999969,4.78E-21,1.28E-06
2798,1.000999969,4.39E-21,1.28E-06
2800,1.000999969,4.03E-21,1.28E-06
2802,1.000999969,3.70E-21,1.28E-06
2804,1.000999969,3.40E-21,1.28E-06
2806,1.000999969,3.12E-21,1.28E-06
2808,1.000999969,2.86E-21,1.28E-06
2810,1.000999969,2.63E-21,1.28E-06
2812,1.000999969,2.41E-21,1.28E-06
2814,1.000999969,2.21E-21,1.28E-06
2816,1.000999969,2.03E-21,1.28E-06
2818,1.000999969,1.86E-21,1.28E-06
2820,1.000999969,1.71E-21,1.28E-06
2822,1.000999969,1.57E-21,1.28E-06
2824,1.000999969,1.44E-21,1.28E-06
2826,1.000999969,1.32E-21,1.28E-06
2828,1.000999969,1.21E-21,1.28E-06
2830,1.000999969,1.11E-21,1.28E-06
2832,1.000999969,1.01E-21,1.28E-06
2834,1.000999969,9.30E-22,1.28E-06
2836,1.000999969,8.52E-22,1.28E-06
2838,1.000999969,7.81E-22,1.28E-06
2840,1.000999969,7.15E-22,1.28E-06
2842,1.000999969,6.56E-22,1.28E-06
2844,1.000999969,6.01E-22,1.28E-06
2846,1.000999969,5.50E-22,1.28E-06
2848,1.000999969,5.04E-22,1.28E-06
2850,1.000999969,4.62E-22,1.28E-06
2852,1.000999969,4.23E-22,1.28E-06
2854,1.000999969,3.87E-22,1.28E-06
2856,1.000999969,3.54E-22,1.28E-06
2858,1.000999969,3.24E-22,1.28E-06
2860,1.000999969,2.97E-22,1.28E-06
2862,1.000999969,2.72E-22,1.28E-06
2864,1.000999969,2.49E-22,1.28E-06
2866,1.000999969,2.28E-22,1.28E-06
2868,1.000999969,2.08E-22,1.28E-06
2870,1.000999969,1.91E-22,1.28E-06
2872,1.000999969,1.75E-22,1.28E-06
2874,1.000999969,1.60E-22,1.28E-06
2876,1.000999969,1.46E-22,1.28E-06
2878,1.000999969,1.34E-22,1.28E-06
2880,1.000999969,1.22E-22,1.28E-06
2882,1.000999969,1.12E-22,1.28E-06
2884,1.000999969,1.02E-22,1.28E-06
2886,1.000999969,9.34E-23,1.28E-06
2888,1.000999969,8.54E-23,1.28E-06
2890,1.000999969,7.81E-23,1.28E-06
2892,1.000999969,7.14E-23,1.28E-06
2894,1.000999969,6.52E-23,1.28E-06
2896,1.000999969,5.96E-23,1.28E-06
2898,1.000999969,5.45E-23,1.28E-06
2900,1.000999969,4.98E-23,1.28E-06
2902,1.000999969,4.55E-23,1.28E-06
2904,1.000999969,4.15E-23,1.28E-06
2906,1.000999969,3.79E-23,1.28E-06
2908,1.000999969,3.46E-23,1.28E-06
2910,1.000999969,3.16E-23,1.28E-06
2912,1.000999969,2.89E-23,1.28E-06
2914,1.000999969,2.64E-23,1.28E-06
2916,1.000999969,2.41E-23,1.28E-06
2918,1.000999969,2.20E-23,1.28E-06
2920,1.000999969,2.01E-23,1.28E-06
2922,1.000999969,1.83E-23,1.28E-06
2924,1.000999969,1.67E-23,1.28E-06
2926,1.000999969,1.53E-23,1.28E-06
2928,1.000999969,1.39E-23,1.28E-06
2930,1.000999969,1.27E-23,1.28E-06
2932,1.000999969,1.16E-23,1.28E-06
2934,1.000999969,1.06E-23,1.28E-06
2936,1.000999969,9.64E-24,1.28E-06
2938,1.000999969,8.79E-24,1.28E-06
2940,1.000999969,8.02E-24,1.28E-06
2942,1.000999969,7.31E-24,1.28E-06
2944,1.000999969,6.66E-24,1.28E-06
2946,1.000999969,6.08E-24,1.28E-06
2948,1.000999969,5.54E-24,1.28E-06
2950,1.000999969,5.05E-24,1.28E-06
2952,1.000999969,4.60E-24,1.28E-06
2954,1.000999969,4.19E-24,1.28E-06
2956,1.000999969,3.82E-24,1.28E-06
2958,1.000999969,3.48E-24,1.28E-06
2960,1.000999969,3.17E-24,1.28E-06
2962,1.000999969,2.89E-24,1.28E-06
2964,1.000999969,2.63E-24,1.28E-06
2966,1.000999969,2.40E-24,1.28E-06
2968,1.000999969,2.18E-24,1.28E-06
2970,1.000999969,1.99E-24,1.28E-06
2972,1.000999969,1.81E-24,1.28E-06
2974,1.000999969,1.65E-24,1.28E-06
2976,1.000999969,1.50E-24,1.28E-06
2978,1.000999969,1.36E-24,1.28E-06
2980,1.000999969,1.24E-24,1.28E-06
2982,1.000999969,1.13E-24,1.28E-06
2984,1.000999969,1.03E-24,1.28E-06
2986,1.000999969,9.36E-25,1.28E-06
2988,1.000999969,8.51E-25,1.28E-06
2990,1.000999969,7.74E-25,1.28E-06
2992,1.000999969,7.04E-25,1.28E-06
2994,1.000999969,6.41E-25,1.28E-06
2996,1.000999969,5.83E-25,1.28E-06
2998,1.000999969,5.30E-25,1.28E-06
3000,1.000999969,4.82E-25,1.28E-06
3002,1.000999969,4.38E-25,1.28E-06
3004,1.000999969,3.98E-25,1.28E-06
3006,1.000999969,3.62E-25,1.28E-06
3008,1.000999969,3.29E-25,1.28E-06
3010,1.000999969,2.99E-25,1.28E-06
3012,1.000999969,2.72E-25,1.28E-06
3014,1.000999969,2.47E-25,1.28E-06
3016,1.000999969,2.24E-25,1.28E-06
3018,1.000999969,2.04E-25,1.28E-06
3020,1.000999969,1.85E-25,1.28E-06
3022,1.000999969,1.68E-25,1.28E-06
3024,1.000999969,1.53E-25,1.28E-06
3026,1.000999969,1.39E-25,1.28E-06
3028,1.000999969,1.26E-25,1.28E-06
3030,1.000999969,1.14E-25,1.28E-06
3032,1.000999969,1.04E-25,1.28E-06
3034,1.000999969,9.41E-26,1.28E-06
3036,1.000999969,8.54E-26,1.28E-06
3038,1.000999969,7.75E-26,1.28E-06
3040,1.000999969,7.03E-26,1.28E-06
3042,1.000999969,6.38E-26,1.28E-06
3044,1.000999969,5.79E-26,1.28E-06
3046,1.000999969,5.25E-26,1.28E-06
3048,1.000999969,4.76E-26,1.28E-06
3050,1.000999969,4.32E-26,1.28E-06
3052,1.000999969,3.92E-26,1.28E-06
3054,1.000999969,3.55E-26,1.28E-06
3056,1.000999969,3.22E-26,1.28E-06
3058,1.000999969,2.92E-26,1.28E-06
3060,1.000999969,2.65E-26,1.28E-06
3062,1.000999969,2.40E-26,1.28E-06
3064,1.000999969,2.18E-26,1.28E-06
3066,1.000999969,1.97E-26,1.28E-06
3068,1.000999969,1.79E-26,1.28E-06
3070,1.000999969,1.62E-26,1.28E-06
3072,1.000999969,1.47E-26,1.28E-06
3074,1.000999969,1.33E-26,1.28E-06
3076,1.000999969,1.20E-26,1.28E-06
3078,1.000999969,1.09E-26,1.28E-06
3080,1.000999969,9.87E-27,1.28E-06
3082,1.000999969,8.94E-27,1.28E-06
3084,1.000999969,8.09E-27,1.28E-06
3086,1.000999969,7.33E-27,1.28E-06
3088,1.000999969,6.63E-27,1.28E-06
3090,1.000999969,6.00E-27,1.28E-06
3092,1.000999969,5.43E-27,1.28E-06
3094,1.000999969,4.92E-27,1.28E-06
3096,1.000999969,4.45E-27,1.28E-06
3098,1.000999969,4.03E-27,1.28E-06
3100,1.000999969,3.64E-27,1.28E-06
3102,1.000999969,3.29E-27,1.28E-06
3104,1.000999969,2.98E-27,1.28E-06
3106,1.000999969,2.70E-27,1.28E-06
3108,1.000999969,2.44E-27,1.28E-06
3110,1.000999969,2.20E-27,1.28E-06
3112,1.000999969,1.99E-27,1.28E-06
3114,1.000999969,1.80E-27,1.28E-06
3116,1.000999969,1.63E-27,1.28E-06
3118,1.000999969,1.47E-27,1.28E-06
3120,1.000999969,1.33E-27,1.28E-06
3122,1.000999969,1.20E-27,1.28E-06
3124,1.000999969,1.09E-27,1.28E-06
3126,1.000999969,9.82E-28,1.28E-06
3128,1.000999969,8.87E-28,1.28E-06
3130,1.000999969,8.01E-28,1.28E-06
3132,1.000999969,7.24E-28,1.28E-06
3134,1.000999969,6.54E-28,1.28E-06
3136,1.000999969,5.90E-28,1.28E-06
3138,1.000999969,5.33E-28,1.28E-06
3140,1.000999969,4.81E-28,1.28E-06
3142,1.000999969,4.34E-28,1.28E-06
3144,1.000999969,3.92E-28,1.28E-06
3146,1.000999969,3.54E-28,1.28E-06
3148,1.000999969,3.19E-28,1.28E-06
3150,1.000999969,2.88E-28,1.28E-06
3152,1.000999969,2.60E-28,1.28E-06
3154,1.000999969,2.35E-28,1.28E-06
3156,1.000999969,2.12E-28,1.28E-06
3158,1.000999969,1.91E-28,1.28E-06
3160,1.000999969,1.72E-28,1.28E-06
3162,1.000999969,1.55E-28,1.28E-06
3164,1.000999969,1.40E-28,1.28E-06
3166,1.000999969,1.26E-28,1.28E-06
3168,1.000999969,1.14E-28,1.28E-06
3170,1.000999969,1.03E-28,1.28E-06
3172,1.000999969,9.26E-29,1.28E-06
3174,1.000999969,8.34E-29,1.28E-06
3176,1.000999969,7.52E-29,1.28E-06
3178,1.000999969,6.78E-29,1.28E-06
3180,1.000999969,6.11E-29,1.28E-06
3182,1.000999969,5.50E-29,1.28E-06
3184,1.000999969,4.96E-29,1.28E-06
3186,1.000999969,4.46E-29,1.28E-06
3188,1.000999969,4.02E-29,1.28E-06
3190,1.000999969,3.62E-29,1.28E-06
3192,1.000999969,3.26E-29,1.28E-06
3194,1.000999969,2.94E-29,1.28E-06
3196,1.000999969,2.64E-29,1.28E-06
3198,1.000999969,2.38E-29,1.28E-06
3200,1.000999969,2.14E-29,1.28E-06
3202,1.000999969,1.93E-29,1.28E-06
3204,1.000999969,1.74E-29,1.28E-06
3206,1.000999969,1.56E-29,1.28E-06
3208,1.000999969,1.40E-29,1.28E-06
3210,1.000999969,1.26E-29,1.28E-06
3212,1.000999969,1.14E-29,1.28E-06
3214,1.000999969,1.02E-29,1.28E-06
3216,1.000999969,9.20E-30,1.28E-06
3218,1.000999969,8.27E-30,1.28E-06
3220,1.000999969,7.44E-30,1.28E-06
3222,1.000999969,6.69E-30,1.28E-06
3224,1.000999969,6.01E-30,1.28E-06
3226,1.000999969,5.41E-30,1.28E-06
3228,1.000999969,4.86E-30,1.28E-06
3230,1.000999969,4.37E-30,1.28E-06
3232,1.000999969,3.92E-30,1.28E-06
3234,1.000999969,3.53E-30,1.28E-06
3236,1.000999969,3.17E-30,1.28E-06
3238,1.000999969,2.85E-30,1.28E-06
3240,1.000999969,2.56E-30,1.28E-06
3242,1.000999969,2.30E-30,1.28E-06
3244,1.000999969,2.06E-30,1.28E-06
3246,1.000999969,1.85E-30,1.28E-06
3248,1.000999969,1.66E-30,1.28E-06
3250,1.000999969,1.49E-30,1.28E-06
3252,1.000999969,1.34E-30,1.28E-06
3254,1.000999969,1.20E-30,1.28E-06
3256,1.000999969,1.08E-30,1.28E-06
3258,1.000999969,9.69E-31,1.28E-06
3260,1.000999969,8.70E-31,1.28E-06
3262,1.000999969,7.80E-31,1.28E-06
3264,1.000999969,7.00E-31,1.28E-06
3266,1.000999969,6.28E-31,1.28E-06
3268,1.000999969,5.63E-31,1.28E-06
3270,1.000999969,5.05E-31,1.28E-06
3272,1.000999969,4.53E-31,1.28E-06
3274,1.000999969,4.06E-31,1.28E-06
3276,1.000999969,3.64E-31,1.28E-06
3278,1.000999969,3.27E-31,1.28E-06
3280,1.000999969,2.93E-31,1.28E-06
3282,1.000999969,2.63E-31,1.28E-06
3284,1.000999969,2.35E-31,1.28E-06
3286,1.000999969,2.11E-31,1.28E-06
3288,1.000999969,1.89E-31,1.28E-06
3290,1.000999969,1.69E-31,1.28E-06
3292,1.000999969,1.52E-31,1.28E-06
3294,1.000999969,1.36E-31,1.28E-06
3296,1.000999969,1.22E-31,1.28E-06
3298,1.000999969,1.09E-31,1.28E-06
3300,1.000999969,9.76E-32,1.28E-06
3302,1.000999969,8.74E-32,1.28E-06
3304,1.000999969,7.82E-32,1.28E-06
3306,1.000999969,7.00E-32,1.28E-06
3308,1.000999969,6.27E-32,1.28E-06
3310,1.000999969,5.61E-32,1.28E-06
3312,1.000999969,5.02E-32,1.28E-06
3314,1.000999969,4.49E-32,1.28E-06
3316,1.000999969,4.02E-32,1.28E-06
3318,1.000999969,3.60E-32,1.28E-06
3320,1.000999969,3.22E-32,1.28E-06
3322,1.000999969,2.88E-32,1.28E-06
3324,1.000999969,2.57E-32,1.28E-06
3326,1.000999969,2.30E-32,1.28E-06
3328,1.000999969,2.06E-32,1.28E-06
3330,1.000999969,1.84E-32,1.28E-06
3332,1.000999969,1.65E-32,1.28E-06
3334,1.000999969,1.47E-32,1.28E-06
3336,1.000999969,1.32E-32,1.28E-06
3338,1.000999969,1.18E-32,1.28E-06
3340,1.000999969,1.05E-32,1.28E-06
3342,1.000999969,9.39E-33,1.28E-06
3344,1.000999969,8.39E-33,1.28E-06
3346,1.000999969,7.49E-33,1.28E-06
3348,1.000999969,6.69E-33,1.28E-06
3350,1.000999969,5.98E-33,1.28E-06
3352,1.000999969,5.34E-33,1.28E-06
3354,1.000999969,4.77E-33,1.28E-06
3356,1.000999969,4.26E-33,1.28E-06
3358,1.000999969,3.80E-33,1.28E-06
3360,1.000999969,3.39E-33,1.28E-06
3362,1.000999969,3.03E-33,1.28E-06
3364,1.000999969,2.70E-33,1.28E-06
3366,1.000999969,2.41E-33,1.28E-06
3368,1.000999969,2.15E-33,1.28E-06
3370,1.000999969,1.92E-33,1.28E-06
3372,1.000999969,1.71E-33,1.28E-06
3374,1.000999969,1.53E-33,1.28E-06
3376,1.000999969,1.36E-33,1.28E-06
3378,1.000999969,1.22E-33,1.28E-06
3380,1.000999969,1.08E-33,1.28E-06
3382,1.000999969,9.67E-34,1.28E-06
3384,1.000999969,8.62E-34,1.28E-06
3386,1.000999969,7.69E-34,1.28E-06
3388,1.000999969,6.85E-34,1.28E-06
3390,1.000999969,6.11E-34,1.28E-06
3392,1.000999969,5.44E-34,1.28E-06
3394,1.000999969,4.85E-34,1.28E-06
3396,1.000999969,4.32E-34,1.28E-06
3398,1.000999969,3.85E-34,1.28E-06
3400,1.000999969,3.43E-34,1.28E-06
3402,1.000999969,3.06E-34,1.28E-06
3404,1.000999969,2.72E-34,1.28E-06
3406,1.000999969,2.42E-34,1.28E-06
3408,1.000999969,2.16E-34,1.28E-06
3410,1.000999969,1.92E-34,1.28E-06
3412,1.000999969,1.71E-34,1.28E-06
3414,1.000999969,1.52E-34,1.28E-06
3416,1.000999969,1.36E-34,1.28E-06
3418,1.000999969,1.21E-34,1.28E-06
3420,1.000999969,1.07E-34,1.28E-06
3422,1.000999969,9.55E-35,1.28E-06
3424,1.000999969,8.50E-35,1.28E-06
3426,1.000999969,7.56E-35,1.28E-06
3428,1.000999969,6.72E-35,1.28E-06
3430,1.000999969,5.98E-35,1.28E-06
3432,1.000999969,5.32E-35,1.28E-06
3434,1.000999969,4.73E-35,1.28E-06
3436,1.000999969,4.21E-35,1.28E-06
3438,1.000999969,3.74E-35,1.28E-06
3440,1.000999969,3.32E-35,1.28E-06
3442,1.000999969,2.95E-35,1.28E-06
3444,1.000999969,2.63E-35,1.28E-06
3446,1.000999969,2.33E-35,1.28E-06
3448,1.000999969,2.07E-35,1.28E-06
3450,1.000999969,1.84E-35,1.28E-06
3452,1.000999969,1.64E-35,1.28E-06
3454,1.000999969,1.45E-35,1.28E-06
3456,1.000999969,1.29E-35,1.28E-06
3458,1.000999969,1.15E-35,1.28E-06
3460,1.000999969,1.02E-35,1.28E-06
3462,1.000999969,9.04E-36,1.28E-06
3464,1.000999969,8.03E-36,1.28E-06
3466,1.000999969,7.13E-36,1.28E-06
3468,1.000999969,6.33E-36,1.28E-06
3470,1.000999969,5.62E-36,1.28E-06
3472,1.000999969,4.98E-36,1.28E-06
3474,1.000999969,4.42E-36,1.28E-06
3476,1.000999969,3.92E-36,1.28E-06
3478,1.000999969,3.48E-36,1.28E-06
3480,1.000999969,3.09E-36,1.28E-06
3482,1.000999969,2.74E-36,1.28E-06
3484,1.000999969,2.43E-36,1.28E-06
3486,1.000999969,2.15E-36,1.28E-06
3488,1.000999969,1.91E-36,1.28E-06
3490,1.000999969,1.69E-36,1.28E-06
3492,1.000999969,1.50E-36,1.28E-06
3494,1.000999969,1.33E-36,1.28E-06
3496,1.000999969,1.18E-36,1.28E-06
3498,1.000999969,1.05E-36,1.28E-06
3500,1.000999969,9.26E-37,1.28E-06
3502,1.000999969,8.21E-37,1.28E-06
3504,1.000999969,7.27E-37,1.28E-06
3506,1.000999969,6.44E-37,1.28E-06
3508,1.000999969,5.70E-37,1.28E-06
3510,1.000999969,5.05E-37,1.28E-06
3512,1.000999969,4.47E-37,1.28E-06
3514,1.000999969,3.96E-37,1.28E-06
3516,1.000999969,3.51E-37,1.28E-06
3518,1.000999969,3.10E-37,1.28E-06
3520,1.000999969,2.75E-37,1.28E-06
3522,1.000999969,2.43E-37,1.28E-06
3524,1.000999969,2.15E-37,1.28E-06
3526,1.000999969,1.90E-37,1.28E-06
3528,1.000999969,1.69E-37,1.28E-06
3530,1.000999969,1.49E-37,1.28E-06
3532,1.000999969,1.32E-37,1.28E-06
3534,1.000999969,1.17E-37,1.28E-06
3536,1.000999969,1.03E-37,1.28E-06
3538,1.000999969,9.13E-38,1.28E-06
3540,1.000999969,8.07E-38,1.28E-06
3542,1.000999969,7.13E-38,1.28E-06
3544,1.000999969,6.31E-38,1.28E-06
3546,1.000999969,5.57E-38,1.28E-06
3548,1.000999969,4.93E-38,1.28E-06
3550,1.000999969,4.35E-38,1.28E-06
3552,1.000999969,3.85E-38,1.28E-06
3554,1.000999969,3.40E-38,1.28E-06
3556,1.000999969,3.00E-38,1.28E-06
3558,1.000999969,2.65E-38,1.28E-06
3560,1.000999969,2.34E-38,1.28E-06
3562,1.000999969,2.07E-38,1.28E-06
3564,1.000999969,1.83E-38,1.28E-06
3566,1.000999969,1.61E-38,1.28E-06
3568,1.000999969,1.42E-38,1.28E-06
3570,1.000999969,1.26E-38,1.28E-06
3572,1.000999969,1.11E-38,1.28E-06
3574,1.000999969,9.80E-39,1.28E-06
3576,1.000999969,8.65E-39,1.28E-06
3578,1.000999969,7.63E-39,1.28E-06
3580,1.000999969,6.73E-39,1.28E-06
3582,1.000999969,5.94E-39,1.28E-06
3584,1.000999969,5.24E-39,1.28E-06
3586,1.000999969,4.62E-39,1.28E-06
3588,1.000999969,4.08E-39,1.28E-06
3590,1.000999969,3.59E-39,1.28E-06
3592,1.000999969,3.17E-39,1.28E-06
3594,1.000999969,2.79E-39,1.28E-06
3596,1.000999969,2.46E-39,1.28E-06
3598,1.000999969,2.17E-39,1.28E-06
3600,1.000999969,1.91E-39,1.28E-06
3602,1.000999969,1.69E-39,1.28E-06
3604,1.000999969,1.49E-39,1.28E-06
3606,1.000999969,1.31E-39,1.28E-06
3608,1.000999969,1.15E-39,1.28E-06
3610,1.000999969,1.02E-39,1.28E-06
3612,1.000999969,8.95E-40,1.28E-06
3614,1.000999969,7.88E-40,1.28E-06
3616,1.000999969,6.94E-40,1.28E-06
3618,1.000999969,6.11E-40,1.28E-06
3620,1.000999969,5.38E-40,1.28E-06
3622,1.000999969,4.74E-40,1.28E-06
3624,1.000999969,4.17E-40,1.28E-06
3626,1.000999969,3.67E-40,1.28E-06
3628,1.000999969,3.23E-40,1.28E-06
3630,1.000999969,2.84E-40,1.28E-06
3632,1.000999969,2.50E-40,1.28E-06
3634,1.000999969,2.20E-40,1.28E-06
3636,1.000999969,1.93E-40,1.28E-06
3638,1.000999969,1.70E-40,1.28E-06
3640,1.000999969,1.50E-40,1.28E-06
3642,1.000999969,1.32E-40,1.28E-06
3644,1.000999969,1.16E-40,1.28E-06
3646,1.000999969,1.02E-40,1.28E-06
3648,1.000999969,8.94E-41,1.28E-06
3650,1.000999969,7.86E-41,1.28E-06
3652,1.000999969,6.91E-41,1.28E-06
3654,1.000999969,6.07E-41,1.28E-06
3656,1.000999969,5.33E-41,1.28E-06
3658,1.000999969,4.69E-41,1.28E-06
3660,1.000999969,4.12E-41,1.28E-06
3662,1.000999969,3.62E-41,1.28E-06
3664,1.000999969,3.18E-41,1.28E-06
3666,1.000999969,2.79E-41,1.28E-06
3668,1.000999969,2.45E-41,1.28E-06
3670,1.000999969,2.15E-41,1.28E-06
3672,1.000999969,1.89E-41,1.28E-06
3674,1.000999969,1.66E-41,1.28E-06
3676,1.000999969,1.45E-41,1.28E-06
3678,1.000999969,1.28E-41,1.28E-06
3680,1.000999969,1.12E-41,1.28E-06
3682,1.000999969,9.83E-42,1.28E-06
3684,1.000999969,8.62E-42,1.28E-06
3686,1.000999969,7.56E-42,1.28E-06
3688,1.000999969,6.64E-42,1.28E-06
3690,1.000999969,5.82E-42,1.28E-06
3692,1.000999969,5.10E-42,1.28E-06
3694,1.000999969,4.47E-42,1.28E-06
3696,1.000999969,3.92E-42,1.28E-06
3698,1.000999969,3.44E-42,1.28E-06
3700,1.000999969,3.01E-42,1.28E-06
3702,1.000999969,2.64E-42,1.28E-06
3704,1.000999969,2.32E-42,1.28E-06
3706,1.000999969,2.03E-42,1.28E-06
3708,1.000999969,1.78E-42,1.28E-06
3710,1.000999969,1.56E-42,1.28E-06
3712,1.000999969,1.36E-42,1.28E-06
3714,1.000999969,1.19E-42,1.28E-06
3716,1.000999969,1.05E-42,1.28E-06
3718,1.000999969,9.16E-43,1.28E-06
3720,1.000999969,8.02E-43,1.28E-06
3722,1.000999969,7.03E-43,1.28E-06
3724,1.000999969,6.15E-43,1.28E-06
3726,1.000999969,5.38E-43,1.28E-06
3728,1.000999969,4.71E-43,1.28E-06
3730,1.000999969,4.12E-43,1.28E-06
3732,1.000999969,3.61E-43,1.28E-06
3734,1.000999969,3.16E-43,1.28E-06
3736,1.000999969,2.76E-43,1.28E-06
3738,1.000999969,2.42E-43,1.28E-06
3740,1.000999969,2.11E-43,1.28E-06
3742,1.000999969,1.85E-43,1.28E-06
3744,1.000999969,1.62E-43,1.28E-06
3746,1.000999969,1.41E-43,1.28E-06
3748,1.000999969,1.23E-43,1.28E-06
3750,1.000999969,1.08E-43,1.28E-06
3752,1.000999969,9.43E-44,1.28E-06
3754,1.000999969,8.24E-44,1.28E-06
3756,1.000999969,7.20E-44,1.28E-06
3758,1.000999969,6.30E-44,1.28E-06
3760,1.000999969,5.50E-44,1.28E-06
3762,1.000999969,4.80E-44,1.28E-06
3764,1.000999969,4.20E-44,1.28E-06
3766,1.000999969,3.67E-44,1.28E-06
3768,1.000999969,3.20E-44,1.28E-06
3770,1.000999969,2.79E-44,1.28E-06
3772,1.000999969,2.44E-44,1.28E-06
3774,1.000999969,2.13E-44,1.28E-06
3776,1.000999969,1.86E-44,1.28E-06
3778,1.000999969,1.62E-44,1.28E-06
3780,1.000999969,1.42E-44,1.28E-06
3782,1.000999969,1.24E-44,1.28E-06
3784,1.000999969,1.08E-44,1.28E-06
3786,1.000999969,9.41E-45,1.28E-06
3788,1.000999969,8.20E-45,1.28E-06
3790,1.000999969,7.16E-45,1.28E-06
3792,1.000999969,6.24E-45,1.28E-06
3794,1.000999969,5.44E-45,1.28E-06
3796,1.000999969,4.74E-45,1.28E-06
3798,1.000999969,4.14E-45,1.28E-06
3800,1.000999969,3.61E-45,1.28E-06
3802,1.000999969,3.14E-45,1.28E-06
3804,1.000999969,2.74E-45,1.28E-06
3806,1.000999969,2.39E-45,1.28E-06
3808,1.000999969,2.08E-45,1.28E-06
3810,1.000999969,1.81E-45,1.28E-06
3812,1.000999969,1.58E-45,1.28E-06
3814,1.000999969,1.37E-45,1.28E-06
3816,1.000999969,1.20E-45,1.28E-06
3818,1.000999969,1.04E-45,1.28E-06
3820,1.000999969,9.08E-46,1.28E-06
3822,1.000999969,7.90E-46,1.28E-06
3824,1.000999969,6.88E-46,1.28E-06
3826,1.000999969,5.99E-46,1.28E-06
3828,1.000999969,5.21E-46,1.28E-06
3830,1.000999969,4.54E-46,1.28E-06
3832,1.000999969,3.95E-46,1.28E-06
3834,1.000999969,3.43E-46,1.28E-06
3836,1.000999969,2.99E-46,1.28E-06
3838,1.000999969,2.60E-46,1.28E-06
3840,1.000999969,2.26E-46,1.28E-06
3842,1.000999969,1.97E-46,1.28E-06
3844,1.000999969,1.71E-46,1.28E-06
3846,1.000999969,1.49E-46,1.28E-06
3848,1.000999969,1.29E-46,1.28E-06
3850,1.000999969,1.12E-46,1.28E-06
3852,1.000999969,9.76E-47,1.28E-06
3854,1.000999969,8.49E-47,1.28E-06
3856,1.000999969,7.37E-47,1.28E-06
3858,1.000999969,6.41E-47,1.28E-06
3860,1.000999969,5.57E-47,1.28E-06
3862,1.000999969,4.84E-47,1.28E-06
3864,1.000999969,4.20E-47,1.28E-06
3866,1.000999969,3.65E-47,1.28E-06
3868,1.000999969,3.17E-47,1.28E-06
3870,1.000999969,2.75E-47,1.28E-06
3872,1.000999969,2.39E-47,1.28E-06
3874,1.000999969,2.07E-47,1.28E-06
3876,1.000999969,1.80E-47,1.28E-06
3878,1.000999969,1.56E-47,1.28E-06
3880,1.000999969,1.36E-47,1.28E-06
3882,1.000999969,1.18E-47,1.28E-06
3884,1.000999969,1.02E-47,1.28E-06
3886,1.000999969,8.85E-48,1.28E-06
3888,1.000999969,7.68E-48,1.28E-06
3890,1.000999969,6.66E-48,1.28E-06
3892,1.000999969,5.77E-48,1.28E-06
3894,1.000999969,5.01E-48,1.28E-06
3896,1.000999969,4.34E-48,1.28E-06
3898,1.000999969,3.76E-48,1.28E-06
3900,1.000999969,3.26E-48,1.28E-06
3902,1.000999969,2.83E-48,1.28E-06
3904,1.000999969,2.45E-48,1.28E-06
3906,1.000999969,2.12E-48,1.28E-06
3908,1.000999969,1.84E-48,1.28E-06
3910,1.000999969,1.59E-48,1.28E-06
3912,1.000999969,1.38E-48,1.28E-06
3914,1.000999969,1.20E-48,1.28E-06
3916,1.000999969,1.04E-48,1.28E-06
3918,1.000999969,8.97E-49,1.28E-06
3920,1.000999969,7.76E-49,1.28E-06
3922,1.000999969,6.72E-49,1.28E-06
3924,1.000999969,5.82E-49,1.28E-06
3926,1.000999969,5.04E-49,1.28E-06
3928,1.000999969,4.36E-49,1.28E-06
3930,1.000999969,3.77E-49,1.28E-06
3932,1.000999969,3.26E-49,1.28E-06
3934,1.000999969,2.82E-49,1.28E-06
3936,1.000999969,2.44E-49,1.28E-06
3938,1.000999969,2.11E-49,1.28E-06
3940,1.000999969,1.83E-49,1.28E-06
3942,1.000999969,1.58E-49,1.28E-06
3944,1.000999969,1.37E-49,1.28E-06
3946,1.000999969,1.18E-49,1.28E-06
3948,1.000999969,1.02E-49,1.28E-06
3950,1.000999969,8.83E-50,1.28E-06
3952,1.000999969,7.63E-50,1.28E-06
3954,1.000999969,6.59E-50,1.28E-06
3956,1.000999969,5.70E-50,1.28E-06
3958,1.000999969,4.92E-50,1.28E-06
3960,1.000999969,4.25E-50,1.28E-06
3962,1.000999969,3.67E-50,1.28E-06
3964,1.000999969,3.17E-50,1.28E-06
3966,1.000999969,2.74E-50,1.28E-06
3968,1.000999969,2.36E-50,1.28E-06
3970,1.000999969,2.04E-50,1.28E-06
3972,1.000999969,1.76E-50,1.28E-06
3974,1.000999969,1.52E-50,1.28E-06
3976,1.000999969,1.31E-50,1.28E-06
3978,1.000999969,1.13E-50,1.28E-06
3980,1.000999969,9.78E-51,1.28E-06
3982,1.000999969,8.44E-51,1.28E-06
3984,1.000999969,7.28E-51,1.28E-06
3986,1.000999969,6.28E-51,1.28E-06
3988,1.000999969,5.42E-51,1.28E-06
3990,1.000999969,4.67E-51,1.28E-06
3992,1.000999969,4.03E-51,1.28E-06
3994,1.000999969,3.47E-51,1.28E-06
3996,1.000999969,2.99E-51,1.28E-06
3998,1.000999969,2.58E-51,1.28E-06
4000,1.000999969,2.22E-51,1.28E-06
4002,1.000999969,1.92E-51,1.28E-06
4004,1.000999969,1.65E-51,1.28E-06
4006,1.000999969,1.42E-51,1.28E-06
4008,1.000999969,1.23E-51,1.28E-06
4010,1.000999969,1.06E-51,1.28E-06
4012,1.000999969,9.09E-52,1.28E-06
4014,1.000999969,7.83E-52,1.28E-06
4016,1.000999969,6.74E-52,1.28E-06
4018,1.000999969,5.81E-52,1.28E-06
4020,1.000999969,5.00E-52,1.28E-06
4022,1.000999969,4.30E-52,1.28E-06
4024,1.000999969,3.70E-52,1.28E-06
4026,1.000999969,3.19E-52,1.28E-06
4028,1.000999969,2.74E-52,1.28E-06
4030,1.000999969,2.36E-52,1.28E-06
4032,1.000999969,2.03E-52,1.28E-06
4034,1.000999969,1.75E-52,1.28E-06
4036,1.000999969,1.50E-52,1.28E-06
4038,1.000999969,1.29E-52,1.28E-06
4040,1.000999969,1.11E-52,1.28E-06
4042,1.000999969,9.55E-53,1.28E-06
4044,1.000999969,8.21E-53,1.28E-06
4046,1.000999969,7.06E-53,1.28E-06
4048,1.000999969,6.07E-53,1.28E-06
4050,1.000999969,5.22E-53,1.28E-06
4052,1.000999969,4.48E-53,1.28E-06
4054,1.000999969,3.85E-53,1.28E-06
4056,1.000999969,3.31E-53,1.28E-06
4058,1.000999969,2.84E-53,1.28E-06
4060,1.000999969,2.44E-53,1.28E-06
4062,1.000999969,2.10E-53,1.28E-06
4064,1.000999969,1.80E-53,1.28E-06
4066,1.000999969,1.55E-53,1.28E-06
4068,1.000999969,1.33E-53,1.28E-06
4070,1.000999969,1.14E-53,1.28E-06
4072,1.000999969,9.78E-54,1.28E-06
4074,1.000999969,8.39E-54,1.28E-06
4076,1.000999969,7.20E-54,1.28E-06
4078,1.000999969,6.18E-54,1.28E-06
4080,1.000999969,5.30E-54,1.28E-06
4082,1.000999969,4.55E-54,1.28E-06
4084,1.000999969,3.90E-54,1.28E-06
4086,1.000999969,3.35E-54,1.28E-06
4088,1.000999969,2.87E-54,1.28E-06
4090,1.000999969,2.46E-54,1.28E-06
4092,1.000999969,2.11E-54,1.28E-06
4094,1.000999969,1.81E-54,1.28E-06
4096,1.000999969,1.55E-54,1.28E-06
4098,1.000999969,1.33E-54,1.28E-06
4100,1.000999969,1.14E-54,1.28E-06
4102,1.000999969,9.75E-55,1.28E-06
4104,1.000999969,8.35E-55,1.28E-06
4106,1.000999969,7.16E-55,1.28E-06
4108,1.000999969,6.13E-55,1.28E-06
4110,1.000999969,5.25E-55,1.28E-06
4112,1.000999969,4.50E-55,1.28E-06
4114,1.000999969,3.85E-55,1.28E-06
4116,1.000999969,3.30E-55,1.28E-06
4118,1.000999969,2.82E-55,1.28E-06
4120,1.000999969,2.41E-55,1.28E-06
4122,1.000999969,2.07E-55,1.28E-06
4124,1.000999969,1.77E-55,1.28E-06
4126,1.000999969,1.51E-55,1.28E-06
4128,1.000999969,1.29E-55,1.28E-06
4130,1.000999969,1.11E-55,1.28E-06
4132,1.000999969,9.47E-56,1.28E-06
4134,1.000999969,8.10E-56,1.28E-06
4136,1.000999969,6.93E-56,1.28E-06
4138,1.000999969,5.92E-56,1.28E-06
4140,1.000999969,5.06E-56,1.28E-06
4142,1.000999969,4.33E-56,1.28E-06
4144,1.000999969,3.70E-56,1.28E-06
4146,1.000999969,3.16E-56,1.28E-06
4148,1.000999969,2.70E-56,1.28E-06
4150,1.000999969,2.31E-56,1.28E-06
4152,1.000999969,1.97E-56,1.28E-06
4154,1.000999969,1.69E-56,1.28E-06
4156,1.000999969,1.44E-56,1.28E-06
4158,1.000999969,1.23E-56,1.28E-06
4160,1.000999969,1.05E-56,1.28E-06
4162,1.000999969,8.96E-57,1.28E-06
4164,1.000999969,7.65E-57,1.28E-06
4166,1.000999969,6.53E-57,1.28E-06
4168,1.000999969,5.58E-57,1.28E-06
4170,1.000999969,4.76E-57,1.28E-06
4172,1.000999969,4.06E-57,1.28E-06
4174,1.000999969,3.47E-57,1.28E-06
4176,1.000999969,2.96E-57,1.28E-06
4178,1.000999969,2.52E-57,1.28E-06
4180,1.000999969,2.15E-57,1.28E-06
4182,1.000999969,1.83E-57,1.28E-06
4184,1.000999969,1.56E-57,1.28E-06
4186,1.000999969,1.33E-57,1.28E-06
4188,1.000999969,1.14E-57,1.28E-06
4190,1.000999969,9.69E-58,1.28E-06
4192,1.000999969,8.26E-58,1.28E-06
4194,1.000999969,7.04E-58,1.28E-06
4196,1.000999969,6.00E-58,1.28E-06
4198,1.000999969,5.11E-58,1.28E-06
4200,1.000999969,4.36E-58,1.28E-06
4202,1.000999969,3.71E-58,1.28E-06
4204,1.000999969,3.16E-58,1.28E-06
4206,1.000999969,2.69E-58,1.28E-06
4208,1.000999969,2.29E-58,1.28E-06
4210,1.000999969,1.95E-58,1.28E-06
4212,1.000999969,1.66E-58,1.28E-06
4214,1.000999969,1.41E-58,1.28E-06
4216,1.000999969,1.20E-58,1.28E-06
4218,1.000999969,1.02E-58,1.28E-06
4220,1.000999969,8.72E-59,1.28E-06
4222,1.000999969,7.42E-59,1.28E-06
4224,1.000999969,6.31E-59,1.28E-06
4226,1.000999969,5.37E-59,1.28E-06
4228,1.000999969,4.57E-59,1.28E-06
4230,1.000999969,3.88E-59,1.28E-06
4232,1.000999969,3.30E-59,1.28E-06
4234,1.000999969,2.81E-59,1.28E-06
4236,1.000999969,2.39E-59,1.28E-06
4238,1.000999969,2.03E-59,1.28E-06
4240,1.000999969,1.72E-59,1.28E-06
4242,1.000999969,1.47E-59,1.28E-06
4244,1.000999969,1.25E-59,1.28E-06
4246,1.000999969,1.06E-59,1.28E-06
4248,1.000999969,8.99E-60,1.28E-06
4250,1.000999969,7.63E-60,1.28E-06
4252,1.000999969,6.48E-60,1.28E-06
4254,1.000999969,5.51E-60,1.28E-06
4256,1.000999969,4.68E-60,1.28E-06
4258,1.000999969,3.97E-60,1.28E-06
4260,1.000999969,3.37E-60,1.28E-06
4262,1.000999969,2.86E-60,1.28E-06
4264,1.000999969,2.43E-60,1.28E-06
4266,1.000999969,2.06E-60,1.28E-06
4268,1.000999969,1.75E-60,1.28E-06
4270,1.000999969,1.48E-60,1.28E-06
4272,1.000999969,1.26E-60,1.28E-06
4274,1.000999969,1.07E-60,1.28E-06
4276,1.000999969,9.05E-61,1.28E-06
4278,1.000999969,7.68E-61,1.28E-06
4280,1.000999969,6.51E-61,1.28E-06
4282,1.000999969,5.52E-61,1.28E-06
4284,1.000999969,4.68E-61,1.28E-06
4286,1.000999969,3.97E-61,1.28E-06
4288,1.000999969,3.36E-61,1.28E-06
4290,1.000999969,2.85E-61,1.28E-06
4292,1.000999969,2.41E-61,1.28E-06
4294,1.000999969,2.04E-61,1.28E-06
4296,1.000999969,1.73E-61,1.28E-06
4298,1.000999969,1.47E-61,1.28E-06
4300,1.000999969,1.24E-61,1.28E-06
4302,1.000999969,1.05E-61,1.28E-06
4304,1.000999969,8.91E-62,1.28E-06
4306,1.000999969,7.54E-62,1.28E-06
4308,1.000999969,6.38E-62,1.28E-06
4310,1.000999969,5.40E-62,1.28E-06
4312,1.000999969,4.57E-62,1.28E-06
4314,1.000999969,3.87E-62,1.28E-06
4316,1.000999969,3.27E-62,1.28E-06
4318,1.000999969,2.77E-62,1.28E-06
4320,1.000999969,2.34E-62,1.28E-06
4322,1.000999969,1.98E-62,1.28E-06
4324,1.000999969,1.68E-62,1.28E-06
4326,1.000999969,1.42E-62,1.28E-06
4328,1.000999969,1.20E-62,1.28E-06
4330,1.000999969,1.01E-62,1.28E-06
4332,1.000999969,8.56E-63,1.28E-06
4334,1.000999969,7.24E-63,1.28E-06
4336,1.000999969,6.12E-63,1.28E-06
4338,1.000999969,5.17E-63,1.28E-06
4340,1.000999969,4.37E-63,1.28E-06
4342,1.000999969,3.69E-63,1.28E-06
4344,1.000999969,3.12E-63,1.28E-06
4346,1.000999969,2.63E-63,1.28E-06
4348,1.000999969,2.22E-63,1.28E-06
4350,1.000999969,1.88E-63,1.28E-06
4352,1.000999969,1.58E-63,1.28E-06
4354,1.000999969,1.34E-63,1.28E-06
4356,1.000999969,1.13E-63,1.28E-06
4358,1.000999969,9.53E-64,1.28E-06
4360,1.000999969,8.04E-64,1.28E-06
4362,1.000999969,6.79E-64,1.28E-06
4364,1.000999969,5.73E-64,1.28E-06
4366,1.000999969,4.83E-64,1.28E-06
4368,1.000999969,4.07E-64,1.28E-06
4370,1.000999969,3.44E-64,1.28E-06
4372,1.000999969,2.90E-64,1.28E-06
4374,1.000999969,2.44E-64,1.28E-06
4376,1.000999969,2.06E-64,1.28E-06
4378,1.000999969,1.74E-64,1.28E-06
4380,1.000999969,1.46E-64,1.28E-06
4382,1.000999969,1.23E-64,1.28E-06
4384,1.000999969,1.04E-64,1.28E-06
4386,1.000999969,8.76E-65,1.28E-06
4388,1.000999969,7.38E-65,1.28E-06
4390,1.000999969,6.21E-65,1.28E-06
4392,1.000999969,5.23E-65,1.28E-06
4394,1.000999969,4.41E-65,1.28E-06
4396,1.000999969,3.71E-65,1.28E-06
4398,1.000999969,3.12E-65,1.28E-06
4400,1.000999969,2.63E-65,1.28E-06
4402,1.000999969,2.21E-65,1.28E-06
4404,1.000999969,1.86E-65,1.28E-06
4406,1.000999969,1.57E-65,1.28E-06
4408,1.000999969,1.32E-65,1.28E-06
4410,1.000999969,1.11E-65,1.28E-06
4412,1.000999969,9.34E-66,1.28E-06
4414,1.000999969,7.86E-66,1.28E-06
4416,1.000999969,6.61E-66,1.28E-06
4418,1.000999969,5.56E-66,1.28E-06
4420,1.000999969,4.67E-66,1.28E-06
4422,1.000999969,3.93E-66,1.28E-06
4424,1.000999969,3.30E-66,1.28E-06
4426,1.000999969,2.78E-66,1.28E-06
4428,1.000999969,2.33E-66,1.28E-06
4430,1.000999969,1.96E-66,1.28E-06
4432,1.000999969,1.65E-66,1.28E-06
4434,1.000999969,1.38E-66,1.28E-06
4436,1.000999969,1.16E-66,1.28E-06
4438,1.000999969,9.76E-67,1.28E-06
4440,1.000999969,8.20E-67,1.28E-06
4442,1.000999969,6.89E-67,1.28E-06
4444,1.000999969,5.78E-67,1.28E-06
4446,1.000999969,4.85E-67,1.28E-06
4448,1.000999969,4.07E-67,1.28E-06
4450,1.000999969,3.42E-67,1.28E-06
4452,1.000999969,2.87E-67,1.28E-06
4454,1.000999969,2.41E-67,1.28E-06
4456,1.000999969,2.02E-67,1.28E-06
4458,1.000999969,1.70E-67,1.28E-06
4460,1.000999969,1.42E-67,1.28E-06
4462,1.000999969,1.19E-67,1.28E-06
4464,1.000999969,1.00E-67,1.28E-06
4466,1.000999969,8.39E-68,1.28E-06
4468,1.000999969,7.03E-68,1.28E-06
4470,1.000999969,5.89E-68,1.28E-06
4472,1.000999969,4.94E-68,1.28E-06
4474,1.000999969,4.14E-68,1.28E-06
4476,1.000999969,3.47E-68,1.28E-06
4478,1.000999969,2.91E-68,1.28E-06
4480,1.000999969,2.44E-68,1.28E-06
4482,1.000999969,2.04E-68,1.28E-06
4484,1.000999969,1.71E-68,1.28E-06
4486,1.000999969,1.43E-68,1.28E-06
4488,1.000999969,1.20E-68,1.28E-06
4490,1.000999969,1.00E-68,1.28E-06
4492,1.000999969,8.40E-69,1.28E-06
4494,1.000999969,7.03E-69,1.28E-06
4496,1.000999969,5.89E-69,1.28E-06
4498,1.000999969,4.93E-69,1.28E-06
4500,1.000999969,4.12E-69,1.28E-06
4502,1.000999969,3.45E-69,1.28E-06
4504,1.000999969,2.88E-69,1.28E-06
4506,1.000999969,2.41E-69,1.28E-06
4508,1.000999969,2.02E-69,1.28E-06
4510,1.000999969,1.69E-69,1.28E-06
4512,1.000999969,1.41E-69,1.28E-06
4514,1.000999969,1.18E-69,1.28E-06
4516,1.000999969,9.86E-70,1.28E-06
4518,1.000999969,8.24E-70,1.28E-06
4520,1.000999969,6.89E-70,1.28E-06
4522,1.000999969,5.76E-70,1.28E-06
4524,1.000999969,4.81E-70,1.28E-06
4526,1.000999969,4.02E-70,1.28E-06
4528,1.000999969,3.36E-70,1.28E-06
4530,1.000999969,2.80E-70,1.28E-06
4532,1.000999969,2.34E-70,1.28E-06
4534,1.000999969,1.96E-70,1.28E-06
4536,1.000999969,1.63E-70,1.28E-06
4538,1.000999969,1.36E-70,1.28E-06
4540,1.000999969,1.14E-70,1.28E-06
4542,1.000999969,9.49E-71,1.28E-06
4544,1.000999969,7.92E-71,1.28E-06
4546,1.000999969,6.61E-71,1.28E-06
4548,1.000999969,5.52E-71,1.28E-06
4550,1.000999969,4.60E-71,1.28E-06
4552,1.000999969,3.84E-71,1.28E-06
4554,1.000999969,3.20E-71,1.28E-06
4556,1.000999969,2.67E-71,1.28E-06
4558,1.000999969,2.23E-71,1.28E-06
4560,1.000999969,1.86E-71,1.28E-06
4562,1.000999969,1.55E-71,1.28E-06
4564,1.000999969,1.29E-71,1.28E-06
4566,1.000999969,1.07E-71,1.28E-06
4568,1.000999969,8.95E-72,1.28E-06
4570,1.000999969,7.46E-72,1.28E-06
4572,1.000999969,6.22E-72,1.28E-06
4574,1.000999969,5.18E-72,1.28E-06
4576,1.000999969,4.31E-72,1.28E-06
4578,1.000999969,3.59E-72,1.28E-06
4580,1.000999969,2.99E-72,1.28E-06
4582,1.000999969,2.49E-72,1.28E-06
4584,1.000999969,2.07E-72,1.28E-06
4586,1.000999969,1.73E-72,1.28E-06
4588,1.000999969,1.44E-72,1.28E-06
4590,1.000999969,1.19E-72,1.28E-06
4592,1.000999969,9.94E-73,1.28E-06
4594,1.000999969,8.27E-73,1.28E-06
4596,1.000999969,6.88E-73,1.28E-06
4598,1.000999969,5.72E-73,1.28E-06
4600,1.000999969,4.76E-73,1.28E-06
4602,1.000999969,3.96E-73,1.28E-06
4604,1.000999969,3.29E-73,1.28E-06
4606,1.000999969,2.74E-73,1.28E-06
4608,1.000999969,2.27E-73,1.28E-06
4610,1.000999969,1.89E-73,1.28E-06
4612,1.000999969,1.57E-73,1.28E-06
4614,1.000999969,1.31E-73,1.28E-06
4616,1.000999969,1.08E-73,1.28E-06
4618,1.000999969,9.01E-74,1.28E-06
4620,1.000999969,7.48E-74,1.28E-06
4622,1.000999969,6.21E-74,1.28E-06
4624,1.000999969,5.16E-74,1.28E-06
4626,1.000999969,4.28E-74,1.28E-06
4628,1.000999969,3.56E-74,1.28E-06
4630,1.000999969,2.95E-74,1.28E-06
4632,1.000999969,2.45E-74,1.28E-06
4634,1.000999969,2.03E-74,1.28E-06
4636,1.000999969,1.69E-74,1.28E-06
4638,1.000999969,1.40E-74,1.28E-06
4640,1.000999969,1.16E-74,1.28E-06
4642,1.000999969,9.64E-75,1.28E-06
4644,1.000999969,7.99E-75,1.28E-06
4646,1.000999969,6.63E-75,1.28E-06
4648,1.000999969,5.50E-75,1.28E-06
4650,1.000999969,4.56E-75,1.28E-06
4652,1.000999969,3.78E-75,1.28E-06
4654,1.000999969,3.13E-75,1.28E-06
4656,1.000999969,2.59E-75,1.28E-06
4658,1.000999969,2.15E-75,1.28E-06
4660,1.000999969,1.78E-75,1.28E-06
4662,1.000999969,1.48E-75,1.28E-06
4664,1.000999969,1.22E-75,1.28E-06
4666,1.000999969,1.01E-75,1.28E-06
4668,1.000999969,8.39E-76,1.28E-06
4670,1.000999969,6.94E-76,1.28E-06
4672,1.000999969,5.75E-76,1.28E-06
4674,1.000999969,4.76E-76,1.28E-06
4676,1.000999969,3.94E-76,1.28E-06
4678,1.000999969,3.26E-76,1.28E-06
4680,1.000999969,2.70E-76,1.28E-06
4682,1.000999969,2.23E-76,1.28E-06
4684,1.000999969,1.85E-76,1.28E-06
4686,1.000999969,1.53E-76,1.28E-06
4688,1.000999969,1.26E-76,1.28E-06
4690,1.000999969,1.05E-76,1.28E-06
4692,1.000999969,8.64E-77,1.28E-06
4694,1.000999969,7.15E-77,1.28E-06
4696,1.000999969,5.91E-77,1.28E-06
4698,1.000999969,4.88E-77,1.28E-06
4700,1.000999969,4.04E-77,1.28E-06
4702,1.000999969,3.34E-77,1.28E-06
4704,1.000999969,2.76E-77,1.28E-06
4706,1.000999969,2.28E-77,1.28E-06
4708,1.000999969,1.88E-77,1.28E-06
4710,1.000999969,1.55E-77,1.28E-06
4712,1.000999969,1.28E-77,1.28E-06
4714,1.000999969,1.06E-77,1.28E-06
4716,1.000999969,8.75E-78,1.28E-06
4718,1.000999969,7.22E-78,1.28E-06
4720,1.000999969,5.96E-78,1.28E-06
4722,1.000999969,4.92E-78,1.28E-06
4724,1.000999969,4.06E-78,1.28E-06
4726,1.000999969,3.35E-78,1.28E-06
4728,1.000999969,2.77E-78,1.28E-06
4730,1.000999969,2.28E-78,1.28E-06
4732,1.000999969,1.88E-78,1.28E-06
4734,1.000999969,1.55E-78,1.28E-06
4736,1.000999969,1.28E-78,1.28E-06
4738,1.000999969,1.06E-78,1.28E-06
4740,1.000999969,8.70E-79,1.28E-06
4742,1.000999969,7.17E-79,1.28E-06
4744,1.000999969,5.91E-79,1.28E-06
4746,1.000999969,4.87E-79,1.28E-06
4748,1.000999969,4.02E-79,1.28E-06
4750,1.000999969,3.31E-79,1.28E-06
4752,1.000999969,2.73E-79,1.28E-06
4754,1.000999969,2.24E-79,1.28E-06
4756,1.000999969,1.85E-79,1.28E-06
4758,1.000999969,1.52E-79,1.28E-06
4760,1.000999969,1.25E-79,1.28E-06
4762,1.000999969,1.03E-79,1.28E-06
4764,1.000999969,8.50E-80,1.28E-06
4766,1.000999969,6.99E-80,1.28E-06
4768,1.000999969,5.76E-80,1.28E-06
4770,1.000999969,4.74E-80,1.28E-06
4772,1.000999969,3.90E-80,1.28E-06
4774,1.000999969,3.21E-80,1.28E-06
4776,1.000999969,2.64E-80,1.28E-06
4778,1.000999969,2.17E-80,1.28E-06
4780,1.000999969,1.78E-80,1.28E-06
4782,1.000999969,1.47E-80,1.28E-06
4784,1.000999969,1.21E-80,1.28E-06
4786,1.000999969,9.91E-81,1.28E-06
4788,1.000999969,8.15E-81,1.28E-06
4790,1.000999969,6.70E-81,1.28E-06
4792,1.000999969,5.50E-81,1.28E-06
4794,1.000999969,4.52E-81,1.28E-06
4796,1.000999969,3.72E-81,1.28E-06
4798,1.000999969,3.05E-81,1.28E-06
4800,1.000999969,2.51E-81,1.28E-06
4802,1.000999969,2.06E-81,1.28E-06
4804,1.000999969,1.69E-81,1.28E-06
4806,1.000999969,1.39E-81,1.28E-06
4808,1.000999969,1.14E-81,1.28E-06
4810,1.000999969,9.35E-82,1.28E-06
4812,1.000999969,7.67E-82,1.28E-06
4814,1.000999969,6.30E-82,1.28E-06
4816,1.000999969,5.17E-82,1.28E-06
4818,1.000999969,4.24E-82,1.28E-06
4820,1.000999969,3.48E-82,1.28E-06
4822,1.000999969,2.85E-82,1.28E-06
4824,1.000999969,2.34E-82,1.28E-06
4826,1.000999969,1.92E-82,1.28E-06
4828,1.000999969,1.57E-82,1.28E-06
4830,1.000999969,1.29E-82,1.28E-06
4832,1.000999969,1.06E-82,1.28E-06
4834,1.000999969,8.66E-83,1.28E-06
4836,1.000999969,7.10E-83,1.28E-06
4838,1.000999969,5.82E-83,1.28E-06
4840,1.000999969,4.76E-83,1.28E-06
4842,1.000999969,3.90E-83,1.28E-06
4844,1.000999969,3.20E-83,1.28E-06
4846,1.000999969,2.62E-83,1.28E-06
4848,1.000999969,2.14E-83,1.28E-06
4850,1.000999969,1.76E-83,1.28E-06
4852,1.000999969,1.44E-83,1.28E-06
4854,1.000999969,1.18E-83,1.28E-06
4856,1.000999969,9.63E-84,1.28E-06
4858,1.000999969,7.88E-84,1.28E-06
4860,1.000999969,6.44E-84,1.28E-06
4862,1.000999969,5.27E-84,1.28E-06
4864,1.000999969,4.31E-84,1.28E-06
4866,1.000999969,3.53E-84,1.28E-06
4868,1.000999969,2.89E-84,1.28E-06
4870,1.000999969,2.36E-84,1.28E-06
4872,1.000999969,1.93E-84,1.28E-06
4874,1.000999969,1.58E-84,1.28E-06
4876,1.000999969,1.29E-84,1.28E-06
4878,1.000999969,1.05E-84,1.28E-06
4880,1.000999969,8.61E-85,1.28E-06
4882,1.000999969,7.03E-85,1.28E-06
4884,1.000999969,5.75E-85,1.28E-06
4886,1.000999969,4.69E-85,1.28E-06
4888,1.000999969,3.83E-85,1.28E-06
4890,1.000999969,3.13E-85,1.28E-06
4892,1.000999969,2.56E-85,1.28E-06
4894,1.000999969,2.09E-85,1.28E-06
4896,1.000999969,1.70E-85,1.28E-06
4898,1.000999969,1.39E-85,1.28E-06
4900,1.000999969,1.14E-85,1.28E-06
4902,1.000999969,9.26E-86,1.28E-06
4904,1.000999969,7.56E-86,1.28E-06
4906,1.000999969,6.17E-86,1.28E-06
4908,1.000999969,5.03E-86,1.28E-06
4910,1.000999969,4.10E-86,1.28E-06
4912,1.000999969,3.35E-86,1.28E-06
4914,1.000999969,2.73E-86,1.28E-06
4916,1.000999969,2.22E-86,1.28E-06
4918,1.000999969,1.81E-86,1.28E-06
4920,1.000999969,1.48E-86,1.28E-06
4922,1.000999969,1.20E-86,1.28E-06
4924,1.000999969,9.82E-87,1.28E-06
4926,1.000999969,8.00E-87,1.28E-06
4928,1.000999969,6.52E-87,1.28E-06
4930,1.000999969,5.31E-87,1.28E-06
4932,1.000999969,4.32E-87,1.28E-06
4934,1.000999969,3.52E-87,1.28E-06
4936,1.000999969,2.87E-87,1.28E-06
4938,1.000999969,2.33E-87,1.28E-06
4940,1.000999969,1.90E-87,1.28E-06
4942,1.000999969,1.55E-87,1.28E-06
4944,1.000999969,1.26E-87,1.28E-06
4946,1.000999969,1.02E-87,1.28E-06
4948,1.000999969,8.33E-88,1.28E-06
4950,1.000999969,6.78E-88,1.28E-06
4952,1.000999969,5.52E-88,1.28E-06
4954,1.000999969,4.49E-88,1.28E-06
4956,1.000999969,3.65E-88,1.28E-06
4958,1.000999969,2.97E-88,1.28E-06
4960,1.000999969,2.41E-88,1.28E-06
4962,1.000999969,1.96E-88,1.28E-06
4964,1.000999969,1.59E-88,1.28E-06
4966,1.000999969,1.30E-88,1.28E-06
4968,1.000999969,1.05E-88,1.28E-06
4970,1.000999969,8.55E-89,1.28E-06
4972,1.000999969,6.95E-89,1.28E-06
4974,1.000999969,5.64E-89,1.28E-06
4976,1.000999969,4.58E-89,1.28E-06
4978,1.000999969,3.72E-89,1.28E-06
4980,1.000999969,3.02E-89,1.28E-06
4982,1.000999969,2.45E-89,1.28E-06
4984,1.000999969,1.99E-89,1.28E-06
4986,1.000999969,1.62E-89,1.28E-06
4988,1.000999969,1.31E-89,1.28E-06
4990,1.000999969,1.06E-89,1.28E-06
4992,1.000999969,8.64E-90,1.28E-06
4994,1.000999969,7.01E-90,1.28E-06
4996,1.000999969,5.68E-90,1.28E-06
4998,1.000999969,4.61E-90,1.28E-06
5000,1.000999969,3.74E-90,1.28E-06
5002,1.000999969,3.03E-90,1.28E-06
5004,1.000999969,2.46E-90,1.28E-06
5006,1.000999969,1.99E-90,1.28E-06
5008,1.000999969,1.61E-90,1.28E-06
5010,1.000999969,1.31E-90,1.28E-06
5012,1.000999969,1.06E-90,1.28E-06
5014,1.000999969,8.59E-91,1.28E-06
5016,1.000999969,6.96E-91,1.28E-06
5018,1.000999969,5.64E-91,1.28E-06
5020,1.000999969,4.56E-91,1.28E-06
5022,1.000999969,3.70E-91,1.28E-06
5024,1.000999969,2.99E-91,1.28E-06
5026,1.000999969,2.42E-91,1.28E-06
5028,1.000999969,1.96E-91,1.28E-06
5030,1.000999969,1.59E-91,1.28E-06
5032,1.000999969,1.28E-91,1.28E-06
5034,1.000999969,1.04E-91,1.28E-06
5036,1.000999969,8.41E-92,1.28E-06
5038,1.000999969,6.80E-92,1.28E-06
5040,1.000999969,5.50E-92,1.28E-06
5042,1.000999969,4.45E-92,1.28E-06
5044,1.000999969,3.60E-92,1.28E-06
5046,1.000999969,2.91E-92,1.28E-06
5048,1.000999969,2.35E-92,1.28E-06
5050,1.000999969,1.90E-92,1.28E-06
5052,1.000999969,1.54E-92,1.28E-06
5054,1.000999969,1.24E-92,1.28E-06
5056,1.000999969,1.00E-92,1.28E-06
5058,1.000999969,8.10E-93,1.28E-06
5060,1.000999969,6.55E-93,1.28E-06
5062,1.000999969,5.29E-93,1.28E-06
5064,1.000999969,4.27E-93,1.28E-06
5066,1.000999969,3.45E-93,1.28E-06
5068,1.000999969,2.78E-93,1.28E-06
5070,1.000999969,2.25E-93,1.28E-06
5072,1.000999969,1.81E-93,1.28E-06
5074,1.000999969,1.46E-93,1.28E-06
5076,1.000999969,1.18E-93,1.28E-06
5078,1.000999969,9.53E-94,1.28E-06
5080,1.000999969,7.69E-94,1.28E-06
5082,1.000999969,6.20E-94,1.28E-06
5084,1.000999969,5.00E-94,1.28E-06
5086,1.000999969,4.03E-94,1.28E-06
5088,1.000999969,3.25E-94,1.28E-06
5090,1.000999969,2.62E-94,1.28E-06
5092,1.000999969,2.11E-94,1.28E-06
5094,1.000999969,1.70E-94,1.28E-06
5096,1.000999969,1.37E-94,1.28E-06
5098,1.000999969,1.11E-94,1.28E-06
5100,1.000999969,8.92E-95,1.28E-06
5102,1.000999969,7.18E-95,1.28E-06
5104,1.000999969,5.79E-95,1.28E-06
5106,1.000999969,4.66E-95,1.28E-06
5108,1.000999969,3.75E-95,1.28E-06
5110,1.000999969,3.02E-95,1.28E-06
5112,1.000999969,2.43E-95,1.28E-06
5114,1.000999969,1.96E-95,1.28E-06
5116,1.000999969,1.58E-95,1.28E-06
5118,1.000999969,1.27E-95,1.28E-06
5120,1.000999969,1.02E-95,1.28E-06
5122,1.000999969,8.21E-96,1.28E-06
5124,1.000999969,6.60E-96,1.28E-06
5126,1.000999969,5.31E-96,1.28E-06
5128,1.000999969,4.27E-96,1.28E-06
5130,1.000999969,3.44E-96,1.28E-06
5132,1.000999969,2.76E-96,1.28E-06
5134,1.000999969,2.22E-96,1.28E-06
5136,1.000999969,1.78E-96,1.28E-06
5138,1.000999969,1.43E-96,1.28E-06
5140,1.000999969,1.15E-96,1.28E-06
5142,1.000999969,9.26E-97,1.28E-06
5144,1.000999969,7.44E-97,1.28E-06
5146,1.000999969,5.98E-97,1.28E-06
5148,1.000999969,4.80E-97,1.28E-06
5150,1.000999969,3.85E-97,1.28E-06
5152,1.000999969,3.10E-97,1.28E-06
5154,1.000999969,2.49E-97,1.28E-06
5156,1.000999969,1.99E-97,1.28E-06
5158,1.000999969,1.60E-97,1.28E-06
5160,1.000999969,1.29E-97,1.28E-06
5162,1.000999969,1.03E-97,1.28E-06
5164,1.000999969,8.27E-98,1.28E-06
5166,1.000999969,6.64E-98,1.28E-06
5168,1.000999969,5.32E-98,1.28E-06
5170,1.000999969,4.27E-98,1.28E-06
5172,1.000999969,3.42E-98,1.28E-06
5174,1.000999969,2.75E-98,1.28E-06
5176,1.000999969,2.20E-98,1.28E-06
5178,1.000999969,1.76E-98,1.28E-06
5180,1.000999969,1.41E-98,1.28E-06
5182,1.000999969,1.13E-98,1.28E-06
5184,1.000999969,9.08E-99,1.28E-06
5186,1.000999969,7.27E-99,1.28E-06
5188,1.000999969,5.83E-99,1.28E-06
5190,1.000999969,4.67E-99,1.28E-06
5192,1.000999969,3.74E-99,1.28E-06
5194,1.000999969,2.99E-99,1.28E-06
5196,1.000999969,2.40E-99,1.28E-06
5198,1.000999969,1.92E-99,1.28E-06
5200,1.000999969,1.54E-99,1.28E-06
5202,1.000999969,1.23E-99,1.28E-06
5204,1.000999969,9.84E-100,1.28E-06
5206,1.000999969,7.87E-100,1.28E-06
5208,1.000999969,6.30E-100,1.28E-06
5210,1.000999969,5.04E-100,1.28E-06
5212,1.000999969,4.03E-100,1.28E-06
5214,1.000999969,3.22E-100,1.28E-06
5216,1.000999969,2.58E-100,1.28E-06
5218,1.000999969,2.06E-100,1.28E-06
5220,1.000999969,1.65E-100,1.28E-06
5222,1.000999969,1.32E-100,1.28E-06
5224,1.000999969,1.05E-100,1.28E-06
5226,1.000999969,8.40E-101,1.28E-06
5228,1.000999969,6.71E-101,1.28E-06
5230,1.000999969,5.36E-101,1.28E-06
5232,1.000999969,4.28E-101,1.28E-06
5234,1.000999969,3.42E-101,1.28E-06
5236,1.000999969,2.73E-101,1.28E-06
5238,1.000999969,2.18E-101,1.28E-06
5240,1.000999969,1.74E-101,1.28E-06
5242,1.000999969,1.39E-101,1.28E-06
5244,1.000999969,1.11E-101,1.28E-06
5246,1.000999969,8.85E-102,1.28E-06
5248,1.000999969,7.06E-102,1.28E-06
5250,1.000999969,5.63E-102,1.28E-06
5252,1.000999969,4.49E-102,1.28E-06
5254,1.000999969,3.59E-102,1.28E-06
5256,1.000999969,2.86E-102,1.28E-06
5258,1.000999969,2.28E-102,1.28E-06
5260,1.000999969,1.82E-102,1.28E-06
5262,1.000999969,1.45E-102,1.28E-06
5264,1.000999969,1.15E-102,1.28E-06
5266,1.000999969,9.20E-103,1.28E-06
5268,1.000999969,7.33E-103,1.28E-06
5270,1.000999969,5.84E-103,1.28E-06
5272,1.000999969,4.66E-103,1.28E-06
5274,1.000999969,3.71E-103,1.28E-06
5276,1.000999969,2.95E-103,1.28E-06
5278,1.000999969,2.35E-103,1.28E-06
5280,1.000999969,1.87E-103,1.28E-06
5282,1.000999969,1.49E-103,1.28E-06
5284,1.000999969,1.19E-103,1.28E-06
5286,1.000999969,9.44E-104,1.28E-06
5288,1.000999969,7.52E-104,1.28E-06
5290,1.000999969,5.98E-104,1.28E-06
5292,1.000999969,4.76E-104,1.28E-06
5294,1.000999969,3.78E-104,1.28E-06
5296,1.000999969,3.01E-104,1.28E-06
5298,1.000999969,2.39E-104,1.28E-06
5300,1.000999969,1.90E-104,1.28E-06
5302,1.000999969,1.51E-104,1.28E-06
5304,1.000999969,1.20E-104,1.28E-06
5306,1.000999969,9.56E-105,1.28E-06
5308,1.000999969,7.60E-105,1.28E-06
5310,1.000999969,6.04E-105,1.28E-06
5312,1.000999969,4.80E-105,1.28E-06
5314,1.000999969,3.81E-105,1.28E-06
5316,1.000999969,3.03E-105,1.28E-06
5318,1.000999969,2.40E-105,1.28E-06
5320,1.000999969,1.91E-105,1.28E-06
5322,1.000999969,1.52E-105,1.28E-06
5324,1.000999969,1.20E-105,1.28E-06
5326,1.000999969,9.55E-106,1.28E-06
5328,1.000999969,7.58E-106,1.28E-06
5330,1.000999969,6.02E-106,1.28E-06
5332,1.000999969,4.78E-106,1.28E-06
5334,1.000999969,3.79E-106,1.28E-06
5336,1.000999969,3.01E-106,1.28E-06
5338,1.000999969,2.38E-106,1.28E-06
5340,1.000999969,1.89E-106,1.28E-06
5342,1.000999969,1.50E-106,1.28E-06
5344,1.000999969,1.19E-106,1.28E-06
5346,1.000999969,9.42E-107,1.28E-06
5348,1.000999969,7.47E-107,1.28E-06
5350,1.000999969,5.92E-107,1.28E-06
5352,1.000999969,4.69E-107,1.28E-06
5354,1.000999969,3.72E-107,1.28E-06
5356,1.000999969,2.94E-107,1.28E-06
5358,1.000999969,2.33E-107,1.28E-06
5360,1.000999969,1.85E-107,1.28E-06
5362,1.000999969,1.46E-107,1.28E-06
5364,1.000999969,1.16E-107,1.28E-06
5366,1.000999969,9.16E-108,1.28E-06
5368,1.000999969,7.25E-108,1.28E-06
5370,1.000999969,5.74E-108,1.28E-06
5372,1.000999969,4.54E-108,1.28E-06
5374,1.000999969,3.60E-108,1.28E-06
5376,1.000999969,2.84E-108,1.28E-06
5378,1.000999969,2.25E-108,1.28E-06
5380,1.000999969,1.78E-108,1.28E-06
5382,1.000999969,1.41E-108,1.28E-06
5384,1.000999969,1.11E-108,1.28E-06
5386,1.000999969,8.80E-109,1.28E-06
5388,1.000999969,6.95E-109,1.28E-06
5390,1.000999969,5.50E-109,1.28E-06
5392,1.000999969,4.34E-109,1.28E-06
5394,1.000999969,3.43E-109,1.28E-06
5396,1.000999969,2.71E-109,1.28E-06
5398,1.000999969,2.14E-109,1.28E-06
5400,1.000999969,1.69E-109,1.28E-06