t,x_original,xdot_original,xdot_pred
0,0.001,0.01268799,0.013074632
2,0.026375981,0.01268799,0.012610167
4,0.050873053,0.012248536,0.01216705
6,0.074529657,0.011828302,0.011744062
8,0.097382212,0.011426277,0.011340073
10,0.119465231,0.01104151,0.010954029
12,0.140811444,0.010673106,0.01058494
14,0.161451903,0.010320229,0.010231891
16,0.181416081,0.009982089,0.009894018
18,0.200731971,0.009657945,0.009570517
20,0.219426166,0.009347097,0.009260635
22,0.237523945,0.00904889,0.008963665
24,0.255049348,0.008762702,0.008678942
26,0.272025248,0.00848795,0.008405847
28,0.288473414,0.008224083,0.008143794
30,0.304414576,0.007970581,0.007892235
32,0.319868482,0.007726953,0.007650654
34,0.334853953,0.007492735,0.007418561
36,0.349388932,0.00726749,0.007195502
38,0.363490536,0.007050802,0.006981046
40,0.377175094,0.006842279,0.006774782
42,0.390458196,0.006641551,0.006576329
44,0.403354727,0.006448266,0.006385324
46,0.415878908,0.00626209,0.006201424
48,0.428044327,0.00608271,0.006024305
50,0.439863976,0.005909824,0.005853661
52,0.451350277,0.005743151,0.005689202
54,0.462515117,0.00558242,0.005530655
56,0.473369869,0.005427376,0.005377758
58,0.48392542,0.005277776,0.005230265
60,0.494192199,0.005133389,0.005087944
62,0.504180193,0.004993997,0.004950573
64,0.513898975,0.004859391,0.00481794
66,0.523357719,0.004729372,0.004689848
68,0.532565223,0.004603752,0.004566104
70,0.541529927,0.004482352,0.004446529
72,0.550259925,0.004364999,0.004330953
74,0.55876299,0.004251532,0.004219212
76,0.567046582,0.004141796,0.00411115
78,0.575117864,0.004035641,0.00400662
80,0.582983719,0.003932927,0.00390548
82,0.590650759,0.00383352,0.003807598
84,0.59812534,0.003737291,0.003712844
86,0.605413574,0.003644117,0.003621098
88,0.612521335,0.003553881,0.003532241
90,0.619454278,0.003466471,0.003446166
92,0.62621784,0.003381781,0.003362764
94,0.632817257,0.003299708,0.003281935
96,0.639257568,0.003220155,0.003203582
98,0.645543625,0.003143029,0.003127612
100,0.651680102,0.003068239,0.003053938
102,0.657671503,0.0029957,0.002982475
104,0.663522166,0.002925332,0.002913142
106,0.669236275,0.002857054,0.002845863
108,0.674817861,0.002790793,0.002780562
110,0.680270813,0.002726476,0.00271717
112,0.685598882,0.002664035,0.002655617
114,0.690805687,0.002603402,0.002595842
116,0.69589472,0.002544517,0.002537778
118,0.700869352,0.002487316,0.002481369
120,0.705732836,0.002431742,0.002426555
122,0.710488317,0.00237774,0.002373282
124,0.715138828,0.002325255,0.002321498
126,0.719687301,0.002274237,0.002271153
128,0.724136571,0.002224635,0.002222196
130,0.728489375,0.002176402,0.002174583
132,0.732748359,0.002129492,0.002128269
134,0.736916084,0.002083862,0.002083209
136,0.740995024,0.00203947,0.002039362
138,0.744987573,0.001996274,0.001996691
140,0.748896046,0.001954237,0.001955154
142,0.752722685,0.001913319,0.001914718
144,0.756469658,0.001873487,0.001875345
146,0.760139065,0.001834703,0.001837002
148,0.763732937,0.001796936,0.001799657
150,0.767253244,0.001760153,0.001763277
152,0.770701891,0.001724323,0.001727831
154,0.774080724,0.001689417,0.001693293
156,0.777391533,0.001655404,0.001659632
158,0.780636051,0.001622259,0.001626823
160,0.783815959,0.001589954,0.001594838
162,0.786932885,0.001558463,0.001563653
164,0.789988408,0.001527762,0.001533244
166,0.792984061,0.001497826,0.001503586
168,0.795921327,0.001468633,0.001474657
170,0.798801648,0.00144016,0.001446437
172,0.801626421,0.001412387,0.001418903
174,0.804397002,0.001385291,0.001392036
176,0.807114709,0.001358853,0.001365815
178,0.809780818,0.001333055,0.001340222
180,0.81239657,0.001307876,0.001315238
182,0.814963169,0.001283299,0.001290848
184,0.817481784,0.001259308,0.001267032
186,0.819953551,0.001235884,0.001243774
188,0.822379575,0.001213012,0.001221059
190,0.824760926,0.001190675,0.001198872
192,0.827098646,0.00116886,0.001177197
194,0.829393747,0.001147551,0.00115602
196,0.831647214,0.001126733,0.001135327
198,0.833860003,0.001106394,0.001115106
200,0.836033043,0.00108652,0.001095341
202,0.838167239,0.001067098,0.001076022
204,0.84026347,0.001048116,0.001057137
206,0.842322592,0.001029561,0.001038672
208,0.844345435,0.001011422,0.001020617
210,0.84633281,0.000993688,0.001002962
212,0.848285505,0.000976347,0.000985695
214,0.850204285,0.00095939,0.000968805
216,0.852089897,0.000942806,0.000952283
218,0.853943066,0.000926585,0.000936119
220,0.855764501,0.000910717,0.000920304
222,0.857554888,0.000895194,0.000904828
224,0.859314898,0.000880005,0.000889684
226,0.861045185,0.000865143,0.000874861
228,0.862746383,0.000850599,0.000860352
230,0.864419113,0.000836365,0.000846149
232,0.866063977,0.000822432,0.000832244
234,0.867681564,0.000808793,0.000818629
236,0.869272446,0.000795441,0.000805297
238,0.870837182,0.000782368,0.000792242
240,0.872376316,0.000769567,0.000779455
242,0.873890379,0.000757032,0.00076693
244,0.875379888,0.000744755,0.000754662
246,0.876845348,0.00073273,0.000742642
248,0.87828725,0.000720951,0.000730866
250,0.879706074,0.000709412,0.000719327
252,0.881102288,0.000698107,0.00070802
254,0.882476348,0.00068703,0.000696939
256,0.8838287,0.000676176,0.000686077
258,0.885159779,0.000665539,0.000675431
260,0.886470007,0.000655114,0.000664995
262,0.887759799,0.000644896,0.000654764
264,0.889029558,0.00063488,0.000644733
266,0.890279679,0.000625061,0.000634897
268,0.891510547,0.000615434,0.000625252
270,0.892722537,0.000605995,0.000615793
272,0.893916016,0.000596739,0.000606516
274,0.895091342,0.000587663,0.000597416
276,0.896248865,0.000578762,0.00058849
278,0.897388927,0.000570031,0.000579733
280,0.898511861,0.000561467,0.000571142
282,0.899617993,0.000553066,0.000562713
284,0.900707642,0.000544825,0.000554441
286,0.901781119,0.000536739,0.000546325
288,0.902838729,0.000528805,0.000538359
290,0.903880767,0.000521019,0.000530541
292,0.904907525,0.000513379,0.000522867
294,0.905919287,0.000505881,0.000515334
296,0.906916331,0.000498522,0.000507939
298,0.907898926,0.000491298,0.000500679
300,0.908867339,0.000484207,0.00049355
302,0.90982183,0.000477245,0.000486551
304,0.910762651,0.000470411,0.000479678
306,0.911690051,0.0004637,0.000472928
308,0.912604272,0.000457111,0.000466299
310,0.913505552,0.00045064,0.000459788
312,0.914394123,0.000444285,0.000453392
314,0.915270211,0.000438044,0.00044711
316,0.91613404,0.000431914,0.000440938
318,0.916985826,0.000425893,0.000434874
320,0.917825782,0.000419978,0.000428917
322,0.918654117,0.000414167,0.000423062
324,0.919471034,0.000408458,0.00041731
326,0.920276733,0.000402849,0.000411657
328,0.921071408,0.000397338,0.000406101
330,0.921855251,0.000391922,0.000400641
332,0.922628449,0.000386599,0.000395274
334,0.923391186,0.000381368,0.000389998
336,0.92414364,0.000376227,0.000384812
338,0.924885987,0.000371174,0.000379713
340,0.9256184,0.000366206,0.0003747
342,0.926341046,0.000361323,0.000369771
344,0.927054091,0.000356523,0.000364925
346,0.927757697,0.000351803,0.000360159
348,0.928452022,0.000347162,0.000355473
350,0.929137221,0.000342599,0.000350863
352,0.929813445,0.000338112,0.00034633
354,0.930480845,0.0003337,0.000341872
356,0.931139566,0.00032936,0.000337486
358,0.93178975,0.000325092,0.000333171
360,0.932431539,0.000320894,0.000328927
362,0.933065069,0.000316765,0.000324752
364,0.933690476,0.000312703,0.000320643
366,0.934307891,0.000308707,0.000316602
368,0.934917444,0.000304776,0.000312624
370,0.935519261,0.000300909,0.00030871
372,0.936113467,0.000297103,0.000304858
374,0.936700184,0.000293359,0.000301068
376,0.937279532,0.000289674,0.000297337
378,0.937851628,0.000286048,0.000293665
380,0.938416587,0.000282479,0.000290051
382,0.938974522,0.000278967,0.000286493
384,0.939525543,0.000275511,0.000282991
386,0.94006976,0.000272108,0.000279543
388,0.940607278,0.000268759,0.000276149
390,0.941138202,0.000265462,0.000272806
392,0.941662635,0.000262217,0.000269516
394,0.942180678,0.000259021,0.000266275
396,0.942692428,0.000255875,0.000263085
398,0.943197983,0.000252778,0.000259942
400,0.943697438,0.000249728,0.000256848
402,0.944190887,0.000246724,0.0002538
404,0.94467842,0.000243767,0.000250798
406,0.945160128,0.000240854,0.000247842
408,0.945636098,0.000237985,0.000244929
410,0.946106419,0.00023516,0.00024206
412,0.946571173,0.000232377,0.000239234
414,0.947030446,0.000229636,0.00023645
416,0.947484319,0.000226936,0.000233707
418,0.947932872,0.000224277,0.000231004
420,0.948376185,0.000221656,0.000228342
422,0.948814335,0.000219075,0.000225718
424,0.949247398,0.000216532,0.000223132
426,0.94967545,0.000214026,0.000220584
428,0.950098563,0.000211557,0.000218073
430,0.95051681,0.000209124,0.000215599
432,0.950930262,0.000206726,0.00021316
434,0.951338989,0.000204363,0.000210756
436,0.951743059,0.000202035,0.000208386
438,0.952142539,0.00019974,0.000206051
440,0.952537495,0.000197478,0.000203749
442,0.952927993,0.000195249,0.000201479
444,0.953314096,0.000193051,0.000199242
446,0.953695866,0.000190885,0.000197035
448,0.954073367,0.00018875,0.000194861
450,0.954446657,0.000186645,0.000192716
452,0.954815797,0.00018457,0.000190602
454,0.955180844,0.000182524,0.000188517
456,0.955541858,0.000180507,0.000186461
458,0.955898893,0.000178518,0.000184434
460,0.956252007,0.000176557,0.000182435
462,0.956601252,0.000174623,0.000180462
464,0.956946683,0.000172716,0.000178518
466,0.957288354,0.000170835,0.0001766
468,0.957626315,0.00016898,0.000174708
470,0.957960617,0.000167151,0.000172842
472,0.958291312,0.000165347,0.000171001
474,0.958618448,0.000163568,0.000169185
476,0.958942074,0.000161813,0.000167393
478,0.959262238,0.000160082,0.000165626
480,0.959578986,0.000158374,0.000163882
482,0.959892365,0.00015669,0.000162162
484,0.960202421,0.000155028,0.000160465
486,0.960509197,0.000153388,0.00015879
488,0.960812738,0.000151771,0.000157138
490,0.961113087,0.000150175,0.000155507
492,0.961410287,0.0001486,0.000153898
494,0.96170438,0.000147046,0.00015231
496,0.961995406,0.000145513,0.000150743
498,0.962283407,0.000144,0.000149196
500,0.962568422,0.000142507,0.00014767
502,0.96285049,0.000141034,0.000146163
504,0.963129651,0.00013958,0.000144676
506,0.963405941,0.000138145,0.000143208
508,0.963679399,0.000136729,0.000141759
510,0.963950062,0.000135331,0.000140329
512,0.964217964,0.000133951,0.000138917
514,0.964483143,0.00013259,0.000137523
516,0.964745634,0.000131245,0.000136146
518,0.96500547,0.000129918,0.000134788
520,0.965262686,0.000128608,0.000133446
522,0.965517316,0.000127315,0.000132122
524,0.965769392,0.000126038,0.000130814
526,0.966018947,0.000124777,0.000129523
528,0.966266013,0.000123533,0.000128248
530,0.966510621,0.000122304,0.000126989
532,0.966752802,0.000121091,0.000125745
534,0.966992588,0.000119893,0.000124517
536,0.967230007,0.00011871,0.000123305
538,0.96746509,0.000117541,0.000122107
540,0.967697865,0.000116388,0.000120924
542,0.967928362,0.000115248,0.000119756
544,0.968156608,0.000114123,0.000118602
546,0.968382632,0.000113012,0.000117462
548,0.968606461,0.000111914,0.000116336
550,0.968828122,0.000110831,0.000115224
552,0.969047642,0.00010976,0.000114125
554,0.969265046,0.000108702,0.00011304
556,0.969480362,0.000107658,0.000111968
558,0.969693613,0.000106626,0.000110908
560,0.969904826,0.000105606,0.000109861
562,0.970114024,0.000104599,0.000108827
564,0.970321233,0.000103604,0.000107806
566,0.970526476,0.000102622,0.000106796
568,0.970729778,0.000101651,0.000105799
570,0.97093116,0.000100691,0.000104813
572,0.971130647,9.97E-05,0.000103839
574,0.971328261,9.88E-05,0.000102877
576,0.971524023,9.79E-05,0.000101926
578,0.971717957,9.70E-05,0.000100986
580,0.971910084,9.61E-05,0.000100057
582,0.972100425,9.52E-05,9.91E-05
584,0.972289001,9.43E-05,9.82E-05
586,0.972475833,9.34E-05,9.73E-05
588,0.972660942,9.26E-05,9.64E-05
590,0.972844347,9.17E-05,9.56E-05
592,0.973026069,9.09E-05,9.47E-05
594,0.973206127,9.00E-05,9.39E-05
596,0.97338454,8.92E-05,9.30E-05
598,0.973561327,8.84E-05,9.22E-05
600,0.973736508,8.76E-05,9.13E-05
602,0.9739101,8.68E-05,9.05E-05
604,0.974082123,8.60E-05,8.97E-05
606,0.974252594,8.52E-05,8.89E-05
608,0.97442153,8.45E-05,8.81E-05
610,0.974588949,8.37E-05,8.73E-05
612,0.97475487,8.30E-05,8.66E-05
614,0.974919307,8.22E-05,8.58E-05
616,0.975082279,8.15E-05,8.51E-05
618,0.975243802,8.08E-05,8.43E-05
620,0.975403893,8.00E-05,8.36E-05
622,0.975562567,7.93E-05,8.28E-05
624,0.97571984,7.86E-05,8.21E-05
626,0.975875728,7.79E-05,8.14E-05
628,0.976030246,7.73E-05,8.07E-05
630,0.97618341,7.66E-05,8.00E-05
632,0.976335235,7.59E-05,7.93E-05
634,0.976485736,7.53E-05,7.86E-05
636,0.976634927,7.46E-05,7.79E-05
638,0.976782822,7.39E-05,7.73E-05
640,0.976929437,7.33E-05,7.66E-05
642,0.977074784,7.27E-05,7.60E-05
644,0.977218879,7.20E-05,7.53E-05
646,0.977361734,7.14E-05,7.47E-05
648,0.977503363,7.08E-05,7.40E-05
650,0.97764378,7.02E-05,7.34E-05
652,0.977782998,6.96E-05,7.28E-05
654,0.977921029,6.90E-05,7.22E-05
656,0.978057887,6.84E-05,7.16E-05
658,0.978193583,6.78E-05,7.10E-05
660,0.978328132,6.73E-05,7.04E-05
662,0.978461544,6.67E-05,6.98E-05
664,0.978593833,6.61E-05,6.92E-05
666,0.978725009,6.56E-05,6.87E-05
668,0.978855086,6.50E-05,6.81E-05
670,0.978984074,6.45E-05,6.75E-05
672,0.979111986,6.40E-05,6.70E-05
674,0.979238832,6.34E-05,6.64E-05
676,0.979364624,6.29E-05,6.59E-05
678,0.979489373,6.24E-05,6.53E-05
680,0.97961309,6.19E-05,6.48E-05
682,0.979735786,6.13E-05,6.43E-05
684,0.979857471,6.08E-05,6.37E-05
686,0.979978156,6.03E-05,6.32E-05
688,0.980097852,5.98E-05,6.27E-05
690,0.980216568,5.94E-05,6.22E-05
692,0.980334316,5.89E-05,6.17E-05
694,0.980451104,5.84E-05,6.12E-05
696,0.980566943,5.79E-05,6.07E-05
698,0.980681843,5.74E-05,6.02E-05
700,0.980795813,5.70E-05,5.98E-05
702,0.980908863,5.65E-05,5.93E-05
704,0.981021002,5.61E-05,5.88E-05
706,0.98113224,5.56E-05,5.83E-05
708,0.981242586,5.52E-05,5.79E-05
710,0.981352048,5.47E-05,5.74E-05
712,0.981460637,5.43E-05,5.70E-05
714,0.981568359,5.39E-05,5.65E-05
716,0.981675226,5.34E-05,5.61E-05
718,0.981781244,5.30E-05,5.56E-05
720,0.981886423,5.26E-05,5.52E-05
722,0.981990771,5.22E-05,5.48E-05
724,0.982094296,5.18E-05,5.43E-05
726,0.982197007,5.14E-05,5.39E-05
728,0.982298912,5.10E-05,5.35E-05
730,0.982400018,5.06E-05,5.31E-05
732,0.982500334,5.02E-05,5.27E-05
734,0.982599867,4.98E-05,5.23E-05
736,0.982698626,4.94E-05,5.19E-05
738,0.982796617,4.90E-05,5.15E-05
740,0.982893849,4.86E-05,5.11E-05
742,0.982990329,4.82E-05,5.07E-05
744,0.983086064,4.79E-05,5.03E-05
746,0.983181062,4.75E-05,4.99E-05
748,0.98327533,4.71E-05,4.95E-05
750,0.983368874,4.68E-05,4.92E-05
752,0.983461703,4.64E-05,4.88E-05
754,0.983553822,4.61E-05,4.84E-05
756,0.983645239,4.57E-05,4.81E-05
758,0.98373596,4.54E-05,4.77E-05
760,0.983825993,4.50E-05,4.73E-05
762,0.983915344,4.47E-05,4.70E-05
764,0.984004019,4.43E-05,4.66E-05
766,0.984092025,4.40E-05,4.63E-05
768,0.984179369,4.37E-05,4.59E-05
770,0.984266056,4.33E-05,4.56E-05
772,0.984352093,4.30E-05,4.53E-05
774,0.984437486,4.27E-05,4.49E-05
776,0.984522242,4.24E-05,4.46E-05
778,0.984606365,4.21E-05,4.43E-05
780,0.984689863,4.17E-05,4.39E-05
782,0.984772741,4.14E-05,4.36E-05
784,0.984855005,4.11E-05,4.33E-05
786,0.984936661,4.08E-05,4.30E-05
788,0.985017714,4.05E-05,4.27E-05
790,0.985098171,4.02E-05,4.24E-05
792,0.985178036,3.99E-05,4.21E-05
794,0.985257315,3.96E-05,4.18E-05
796,0.985336014,3.93E-05,4.15E-05
798,0.985414137,3.91E-05,4.12E-05
800,0.985491692,3.88E-05,4.09E-05
802,0.985568681,3.85E-05,4.06E-05
804,0.985645112,3.82E-05,4.03E-05
806,0.985720989,3.79E-05,4.00E-05
808,0.985796316,3.77E-05,3.97E-05
810,0.9858711,3.74E-05,3.94E-05
812,0.985945345,3.71E-05,3.91E-05
814,0.986019056,3.69E-05,3.89E-05
816,0.986092238,3.66E-05,3.86E-05
818,0.986164895,3.63E-05,3.83E-05
820,0.986237033,3.61E-05,3.80E-05
822,0.986308656,3.58E-05,3.78E-05
824,0.986379769,3.56E-05,3.75E-05
826,0.986450377,3.53E-05,3.72E-05
828,0.986520483,3.51E-05,3.70E-05
830,0.986590093,3.48E-05,3.67E-05
832,0.986659211,3.46E-05,3.65E-05
834,0.986727842,3.43E-05,3.62E-05
836,0.986795989,3.41E-05,3.60E-05
838,0.986863657,3.38E-05,3.57E-05
840,0.986930851,3.36E-05,3.55E-05
842,0.986997574,3.34E-05,3.52E-05
844,0.987063831,3.31E-05,3.50E-05
846,0.987129626,3.29E-05,3.47E-05
848,0.987194963,3.27E-05,3.45E-05
850,0.987259846,3.24E-05,3.43E-05
852,0.987324279,3.22E-05,3.40E-05
854,0.987388265,3.20E-05,3.38E-05
856,0.98745181,3.18E-05,3.36E-05
858,0.987514917,3.16E-05,3.33E-05
860,0.987577589,3.13E-05,3.31E-05
862,0.98763983,3.11E-05,3.29E-05
864,0.987701645,3.09E-05,3.27E-05
866,0.987763037,3.07E-05,3.24E-05
868,0.987824009,3.05E-05,3.22E-05
870,0.987884565,3.03E-05,3.20E-05
872,0.987944709,3.01E-05,3.18E-05
874,0.988004444,2.99E-05,3.16E-05
876,0.988063775,2.97E-05,3.14E-05
878,0.988122703,2.95E-05,3.12E-05
880,0.988181233,2.93E-05,3.09E-05
882,0.988239369,2.91E-05,3.07E-05
884,0.988297113,2.89E-05,3.05E-05
886,0.988354469,2.87E-05,3.03E-05
888,0.988411441,2.85E-05,3.01E-05
890,0.98846803,2.83E-05,2.99E-05
892,0.988524242,2.81E-05,2.97E-05
894,0.988580079,2.79E-05,2.95E-05
896,0.988635543,2.77E-05,2.93E-05
898,0.988690639,2.75E-05,2.91E-05
900,0.98874537,2.74E-05,2.90E-05
902,0.988799737,2.72E-05,2.88E-05
904,0.988853746,2.70E-05,2.86E-05
906,0.988907398,2.68E-05,2.84E-05
908,0.988960696,2.66E-05,2.82E-05
910,0.989013644,2.65E-05,2.80E-05
912,0.989066244,2.63E-05,2.78E-05
914,0.9891185,2.61E-05,2.77E-05
916,0.989170413,2.60E-05,2.75E-05
918,0.989221988,2.58E-05,2.73E-05
920,0.989273226,2.56E-05,2.71E-05
922,0.989324131,2.55E-05,2.70E-05
924,0.989374706,2.53E-05,2.68E-05
926,0.989424952,2.51E-05,2.66E-05
928,0.989474873,2.50E-05,2.64E-05
930,0.989524472,2.48E-05,2.63E-05
932,0.989573751,2.46E-05,2.61E-05
934,0.989622712,2.45E-05,2.59E-05
936,0.989671359,2.43E-05,2.58E-05
938,0.989719693,2.42E-05,2.56E-05
940,0.989767718,2.40E-05,2.55E-05
942,0.989815436,2.39E-05,2.53E-05
944,0.989862849,2.37E-05,2.51E-05
946,0.98990996,2.36E-05,2.50E-05
948,0.989956772,2.34E-05,2.48E-05
950,0.990003286,2.33E-05,2.47E-05
952,0.990049505,2.31E-05,2.45E-05
954,0.990095432,2.30E-05,2.44E-05
956,0.990141068,2.28E-05,2.42E-05
958,0.990186417,2.27E-05,2.40E-05
960,0.99023148,2.25E-05,2.39E-05
962,0.99027626,2.24E-05,2.38E-05
964,0.990320759,2.22E-05,2.36E-05
966,0.990364979,2.21E-05,2.35E-05
968,0.990408923,2.20E-05,2.33E-05
970,0.990452592,2.18E-05,2.32E-05
972,0.990495989,2.17E-05,2.30E-05
974,0.990539116,2.16E-05,2.29E-05
976,0.990581976,2.14E-05,2.27E-05
978,0.990624569,2.13E-05,2.26E-05
980,0.990666899,2.12E-05,2.25E-05
982,0.990708967,2.10E-05,2.23E-05
984,0.990750776,2.09E-05,2.22E-05
986,0.990792327,2.08E-05,2.21E-05
988,0.990833622,2.06E-05,2.19E-05
990,0.990874664,2.05E-05,2.18E-05
992,0.990915455,2.04E-05,2.17E-05
994,0.990955996,2.03E-05,2.15E-05
996,0.990996289,2.01E-05,2.14E-05
998,0.991036337,2.00E-05,2.13E-05
1000,0.99107614,1.99E-05,2.11E-05
1002,0.991115702,1.98E-05,2.10E-05
1004,0.991155024,1.97E-05,2.09E-05
1006,0.991194107,1.95E-05,2.08E-05
1008,0.991232954,1.94E-05,2.06E-05
1010,0.991271567,1.93E-05,2.05E-05
1012,0.991309946,1.92E-05,2.04E-05
1014,0.991348095,1.91E-05,2.03E-05
1016,0.991386014,1.90E-05,2.02E-05
1018,0.991423706,1.88E-05,2.00E-05
1020,0.991461172,1.87E-05,1.99E-05
1022,0.991498414,1.86E-05,1.98E-05
1024,0.991535434,1.85E-05,1.97E-05
1026,0.991572233,1.84E-05,1.96E-05
1028,0.991608813,1.83E-05,1.95E-05
1030,0.991645176,1.82E-05,1.93E-05
1032,0.991681323,1.81E-05,1.92E-05
1034,0.991717256,1.80E-05,1.91E-05
1036,0.991752976,1.79E-05,1.90E-05
1038,0.991788486,1.78E-05,1.89E-05
1040,0.991823786,1.77E-05,1.88E-05
1042,0.991858879,1.75E-05,1.87E-05
1044,0.991893765,1.74E-05,1.86E-05
1046,0.991928447,1.73E-05,1.85E-05
1048,0.991962925,1.72E-05,1.83E-05
1050,0.991997202,1.71E-05,1.82E-05
1052,0.992031279,1.70E-05,1.81E-05
1054,0.992065157,1.69E-05,1.80E-05
1056,0.992098838,1.68E-05,1.79E-05
1058,0.992132324,1.67E-05,1.78E-05
1060,0.992165615,1.66E-05,1.77E-05
1062,0.992198713,1.65E-05,1.76E-05
1064,0.99223162,1.65E-05,1.75E-05
1066,0.992264337,1.64E-05,1.74E-05
1068,0.992296865,1.63E-05,1.73E-05
1070,0.992329206,1.62E-05,1.72E-05
1072,0.992361361,1.61E-05,1.71E-05
1074,0.992393331,1.60E-05,1.70E-05
1076,0.992425119,1.59E-05,1.69E-05
1078,0.992456724,1.58E-05,1.68E-05
1080,0.992488149,1.57E-05,1.67E-05
1082,0.992519395,1.56E-05,1.66E-05
1084,0.992550463,1.55E-05,1.66E-05
1086,0.992581354,1.54E-05,1.65E-05
1088,0.99261207,1.54E-05,1.64E-05
1090,0.992642612,1.53E-05,1.63E-05
1092,0.992672981,1.52E-05,1.62E-05
1094,0.992703178,1.51E-05,1.61E-05
1096,0.992733205,1.50E-05,1.60E-05
1098,0.992763063,1.49E-05,1.59E-05
1100,0.992792753,1.48E-05,1.58E-05
1102,0.992822276,1.48E-05,1.57E-05
1104,0.992851633,1.47E-05,1.57E-05
1106,0.992880826,1.46E-05,1.56E-05
1108,0.992909856,1.45E-05,1.55E-05
1110,0.992938724,1.44E-05,1.54E-05
1112,0.992967431,1.44E-05,1.53E-05
1114,0.992995979,1.43E-05,1.52E-05
1116,0.993024367,1.42E-05,1.51E-05
1118,0.993052598,1.41E-05,1.51E-05
1120,0.993080673,1.40E-05,1.50E-05
1122,0.993108592,1.40E-05,1.49E-05
1124,0.993136358,1.39E-05,1.48E-05
1126,0.99316397,1.38E-05,1.47E-05
1128,0.993191429,1.37E-05,1.47E-05
1130,0.993218738,1.37E-05,1.46E-05
1132,0.993245897,1.36E-05,1.45E-05
1134,0.993272907,1.35E-05,1.44E-05
1136,0.99329977,1.34E-05,1.43E-05
1138,0.993326485,1.34E-05,1.43E-05
1140,0.993353055,1.33E-05,1.42E-05
1142,0.993379479,1.32E-05,1.41E-05
1144,0.99340576,1.31E-05,1.40E-05
1146,0.993431898,1.31E-05,1.40E-05
1148,0.993457895,1.30E-05,1.39E-05
1150,0.99348375,1.29E-05,1.38E-05
1152,0.993509465,1.29E-05,1.37E-05
1154,0.993535042,1.28E-05,1.37E-05
1156,0.993560481,1.27E-05,1.36E-05
1158,0.993585782,1.27E-05,1.35E-05
1160,0.993610948,1.26E-05,1.34E-05
1162,0.993635978,1.25E-05,1.34E-05
1164,0.993660874,1.24E-05,1.33E-05
1166,0.993685637,1.24E-05,1.32E-05
1168,0.993710267,1.23E-05,1.32E-05
1170,0.993734766,1.22E-05,1.31E-05
1172,0.993759134,1.22E-05,1.30E-05
1174,0.993783372,1.21E-05,1.30E-05
1176,0.993807482,1.21E-05,1.29E-05
1178,0.993831463,1.20E-05,1.28E-05
1180,0.993855318,1.19E-05,1.27E-05
1182,0.993879046,1.19E-05,1.27E-05
1184,0.993902648,1.18E-05,1.26E-05
1186,0.993926126,1.17E-05,1.26E-05
1188,0.993949481,1.17E-05,1.25E-05
1190,0.993972712,1.16E-05,1.24E-05
1192,0.993995821,1.16E-05,1.24E-05
1194,0.994018809,1.15E-05,1.23E-05
1196,0.994041677,1.14E-05,1.22E-05
1198,0.994064424,1.14E-05,1.22E-05
1200,0.994087053,1.13E-05,1.21E-05
1202,0.994109564,1.13E-05,1.20E-05
1204,0.994131957,1.12E-05,1.20E-05
1206,0.994154234,1.11E-05,1.19E-05
1208,0.994176395,1.11E-05,1.19E-05
1210,0.994198441,1.10E-05,1.18E-05
1212,0.994220373,1.10E-05,1.17E-05
1214,0.994242191,1.09E-05,1.17E-05
1216,0.994263897,1.09E-05,1.16E-05
1218,0.99428549,1.08E-05,1.16E-05
1220,0.994306973,1.07E-05,1.15E-05
1222,0.994328344,1.07E-05,1.14E-05
1224,0.994349606,1.06E-05,1.14E-05
1226,0.994370759,1.06E-05,1.13E-05
1228,0.994391803,1.05E-05,1.13E-05
1230,0.99441274,1.05E-05,1.12E-05
1232,0.994433569,1.04E-05,1.12E-05
1234,0.994454293,1.04E-05,1.11E-05
1236,0.99447491,1.03E-05,1.10E-05
1238,0.994495423,1.03E-05,1.10E-05
1240,0.994515831,1.02E-05,1.09E-05
1242,0.994536136,1.02E-05,1.09E-05
1244,0.994556338,1.01E-05,1.08E-05
1246,0.994576438,1.00E-05,1.08E-05
1248,0.994596436,1.00E-05,1.07E-05
1250,0.994616333,9.95E-06,1.07E-05
1252,0.99463613,9.90E-06,1.06E-05
1254,0.994655827,9.85E-06,1.06E-05
1256,0.994675425,9.80E-06,1.05E-05
1258,0.994694925,9.75E-06,1.04E-05
1260,0.994714327,9.70E-06,1.04E-05
1262,0.994733632,9.65E-06,1.03E-05
1264,0.99475284,9.60E-06,1.03E-05
1266,0.994771952,9.56E-06,1.02E-05
1268,0.994790969,9.51E-06,1.02E-05
1270,0.994809892,9.46E-06,1.01E-05
1272,0.99482872,9.41E-06,1.01E-05
1274,0.994847455,9.37E-06,1.00E-05
1276,0.994866096,9.32E-06,9.99E-06
1278,0.994884646,9.27E-06,9.94E-06
1280,0.994903104,9.23E-06,9.90E-06
1282,0.99492147,9.18E-06,9.85E-06
1284,0.994939746,9.14E-06,9.80E-06
1286,0.994957932,9.09E-06,9.75E-06
1288,0.994976028,9.05E-06,9.70E-06
1290,0.994994036,9.00E-06,9.66E-06
1292,0.995011955,8.96E-06,9.61E-06
1294,0.995029786,8.92E-06,9.56E-06
1296,0.99504753,8.87E-06,9.52E-06
1298,0.995065187,8.83E-06,9.47E-06
1300,0.995082759,8.79E-06,9.43E-06
1302,0.995100244,8.74E-06,9.38E-06
1304,0.995117644,8.70E-06,9.33E-06
1306,0.99513496,8.66E-06,9.29E-06
1308,0.995152192,8.62E-06,9.25E-06
1310,0.99516934,8.57E-06,9.20E-06
1312,0.995186405,8.53E-06,9.16E-06
1314,0.995203387,8.49E-06,9.11E-06
1316,0.995220288,8.45E-06,9.07E-06
1318,0.995237107,8.41E-06,9.03E-06
1320,0.995253845,8.37E-06,8.98E-06
1322,0.995270502,8.33E-06,8.94E-06
1324,0.995287079,8.29E-06,8.90E-06
1326,0.995303577,8.25E-06,8.86E-06
1328,0.995319996,8.21E-06,8.81E-06
1330,0.995336336,8.17E-06,8.77E-06
1332,0.995352598,8.13E-06,8.73E-06
1334,0.995368782,8.09E-06,8.69E-06
1336,0.99538489,8.05E-06,8.65E-06
1338,0.99540092,8.02E-06,8.61E-06
1340,0.995416874,7.98E-06,8.57E-06
1342,0.995432753,7.94E-06,8.53E-06
1344,0.995448556,7.90E-06,8.49E-06
1346,0.995464284,7.86E-06,8.45E-06
1348,0.995479938,7.83E-06,8.41E-06
1350,0.995495518,7.79E-06,8.37E-06
1352,0.995511025,7.75E-06,8.33E-06
1354,0.995526458,7.72E-06,8.29E-06
1356,0.995541819,7.68E-06,8.25E-06
1358,0.995557107,7.64E-06,8.21E-06
1360,0.995572324,7.61E-06,8.18E-06
1362,0.995587469,7.57E-06,8.14E-06
1364,0.995602544,7.54E-06,8.10E-06
1366,0.995617547,7.50E-06,8.06E-06
1368,0.995632481,7.47E-06,8.03E-06
1370,0.995647345,7.43E-06,7.99E-06
1372,0.99566214,7.40E-06,7.95E-06
1374,0.995676866,7.36E-06,7.92E-06
1376,0.995691524,7.33E-06,7.88E-06
1378,0.995706113,7.29E-06,7.84E-06
1380,0.995720635,7.26E-06,7.81E-06
1382,0.99573509,7.23E-06,7.77E-06
1384,0.995749478,7.19E-06,7.74E-06
1386,0.995763799,7.16E-06,7.70E-06
1388,0.995778054,7.13E-06,7.67E-06
1390,0.995792244,7.09E-06,7.63E-06
1392,0.995806368,7.06E-06,7.60E-06
1394,0.995820428,7.03E-06,7.56E-06
1396,0.995834423,7.00E-06,7.53E-06
1398,0.995848353,6.97E-06,7.49E-06
1400,0.99586222,6.93E-06,7.46E-06
1402,0.995876024,6.90E-06,7.43E-06
1404,0.995889764,6.87E-06,7.39E-06
1406,0.995903442,6.84E-06,7.36E-06
1408,0.995917057,6.81E-06,7.33E-06
1410,0.995930611,6.78E-06,7.29E-06
1412,0.995944103,6.75E-06,7.26E-06
1414,0.995957534,6.72E-06,7.23E-06
1416,0.995970903,6.68E-06,7.19E-06
1418,0.995984213,6.65E-06,7.16E-06
1420,0.995997462,6.62E-06,7.13E-06
1422,0.996010651,6.59E-06,7.10E-06
1424,0.99602378,6.56E-06,7.07E-06
1426,0.996036851,6.54E-06,7.04E-06
1428,0.996049863,6.51E-06,7.00E-06
1430,0.996062816,6.48E-06,6.97E-06
1432,0.996075711,6.45E-06,6.94E-06
1434,0.996088548,6.42E-06,6.91E-06
1436,0.996101328,6.39E-06,6.88E-06
1438,0.99611405,6.36E-06,6.85E-06
1440,0.996126716,6.33E-06,6.82E-06
1442,0.996139325,6.30E-06,6.79E-06
1444,0.996151878,6.28E-06,6.76E-06
1446,0.996164375,6.25E-06,6.73E-06
1448,0.996176817,6.22E-06,6.70E-06
1450,0.996189203,6.19E-06,6.67E-06
1452,0.996201534,6.17E-06,6.64E-06
1454,0.996213811,6.14E-06,6.61E-06
1456,0.996226033,6.11E-06,6.58E-06
1458,0.996238202,6.08E-06,6.56E-06
1460,0.996250316,6.06E-06,6.53E-06
1462,0.996262378,6.03E-06,6.50E-06
1464,0.996274386,6.00E-06,6.47E-06
1466,0.996286341,5.98E-06,6.44E-06
1468,0.996298244,5.95E-06,6.41E-06
1470,0.996310094,5.93E-06,6.39E-06
1472,0.996321893,5.90E-06,6.36E-06
1474,0.99633364,5.87E-06,6.33E-06
1476,0.996345335,5.85E-06,6.30E-06
1478,0.99635698,5.82E-06,6.28E-06
1480,0.996368573,5.80E-06,6.25E-06
1482,0.996380116,5.77E-06,6.22E-06
1484,0.996391609,5.75E-06,6.20E-06
1486,0.996403052,5.72E-06,6.17E-06
1488,0.996414446,5.70E-06,6.14E-06
1490,0.996425789,5.67E-06,6.12E-06
1492,0.996437084,5.65E-06,6.09E-06
1494,0.99644833,5.62E-06,6.06E-06
1496,0.996459527,5.60E-06,6.04E-06
1498,0.996470676,5.57E-06,6.01E-06
1500,0.996481777,5.55E-06,5.99E-06
1502,0.99649283,5.53E-06,5.96E-06
1504,0.996503835,5.50E-06,5.94E-06
1506,0.996514794,5.48E-06,5.91E-06
1508,0.996525705,5.46E-06,5.89E-06
1510,0.996536569,5.43E-06,5.86E-06
1512,0.996547387,5.41E-06,5.84E-06
1514,0.996558159,5.39E-06,5.81E-06
1516,0.996568884,5.36E-06,5.79E-06
1518,0.996579564,5.34E-06,5.76E-06
1520,0.996590198,5.32E-06,5.74E-06
1522,0.996600787,5.29E-06,5.71E-06
1524,0.996611332,5.27E-06,5.69E-06
1526,0.996621831,5.25E-06,5.67E-06
1528,0.996632285,5.23E-06,5.64E-06
1530,0.996642696,5.21E-06,5.62E-06
1532,0.996653062,5.18E-06,5.60E-06
1534,0.996663385,5.16E-06,5.57E-06
1536,0.996673664,5.14E-06,5.55E-06
1538,0.996683899,5.12E-06,5.53E-06
1540,0.996694092,5.10E-06,5.50E-06
1542,0.996704241,5.07E-06,5.48E-06
1544,0.996714348,5.05E-06,5.46E-06
1546,0.996724412,5.03E-06,5.43E-06
1548,0.996734435,5.01E-06,5.41E-06
1550,0.996744415,4.99E-06,5.39E-06
1552,0.996754353,4.97E-06,5.37E-06
1554,0.99676425,4.95E-06,5.34E-06
1556,0.996774106,4.93E-06,5.32E-06
1558,0.99678392,4.91E-06,5.30E-06
1560,0.996793694,4.89E-06,5.28E-06
1562,0.996803427,4.87E-06,5.26E-06
1564,0.99681312,4.85E-06,5.24E-06
1566,0.996822772,4.83E-06,5.21E-06
1568,0.996832384,4.81E-06,5.19E-06
1570,0.996841957,4.79E-06,5.17E-06
1572,0.996851489,4.77E-06,5.15E-06
1574,0.996860983,4.75E-06,5.13E-06
1576,0.996870437,4.73E-06,5.11E-06
1578,0.996879852,4.71E-06,5.09E-06
1580,0.996889229,4.69E-06,5.07E-06
1582,0.996898566,4.67E-06,5.05E-06
1584,0.996907866,4.65E-06,5.03E-06
1586,0.996917127,4.63E-06,5.01E-06
1588,0.996926351,4.61E-06,4.98E-06
1590,0.996935536,4.59E-06,4.96E-06
1592,0.996944684,4.57E-06,4.94E-06
1594,0.996953795,4.56E-06,4.92E-06
1596,0.996962868,4.54E-06,4.90E-06
1598,0.996971904,4.52E-06,4.89E-06
1600,0.996980904,4.50E-06,4.87E-06
1602,0.996989867,4.48E-06,4.85E-06
1604,0.996998793,4.46E-06,4.83E-06
1606,0.997007684,4.45E-06,4.81E-06
1608,0.997016538,4.43E-06,4.79E-06
1610,0.997025356,4.41E-06,4.77E-06
1612,0.997034139,4.39E-06,4.75E-06
1614,0.997042886,4.37E-06,4.73E-06
1616,0.997051598,4.36E-06,4.71E-06
1618,0.997060274,4.34E-06,4.69E-06
1620,0.997068916,4.32E-06,4.67E-06
1622,0.997077523,4.30E-06,4.66E-06
1624,0.997086095,4.29E-06,4.64E-06
1626,0.997094633,4.27E-06,4.62E-06
1628,0.997103137,4.25E-06,4.60E-06
1630,0.997111606,4.23E-06,4.58E-06
1632,0.997120042,4.22E-06,4.56E-06
1634,0.997128444,4.20E-06,4.55E-06
1636,0.997136812,4.18E-06,4.53E-06
1638,0.997145147,4.17E-06,4.51E-06
1640,0.997153449,4.15E-06,4.49E-06
1642,0.997161717,4.13E-06,4.47E-06
1644,0.997169953,4.12E-06,4.46E-06
1646,0.997178156,4.10E-06,4.44E-06
1648,0.997186327,4.09E-06,4.42E-06
1650,0.997194465,4.07E-06,4.40E-06
1652,0.997202571,4.05E-06,4.39E-06
1654,0.997210644,4.04E-06,4.37E-06
1656,0.997218686,4.02E-06,4.35E-06
1658,0.997226696,4.01E-06,4.34E-06
1660,0.997234675,3.99E-06,4.32E-06
1662,0.997242622,3.97E-06,4.30E-06
1664,0.997250538,3.96E-06,4.29E-06
1666,0.997258423,3.94E-06,4.27E-06
1668,0.997266276,3.93E-06,4.25E-06
1670,0.997274099,3.91E-06,4.24E-06
1672,0.997281892,3.90E-06,4.22E-06
1674,0.997289654,3.88E-06,4.20E-06
1676,0.997297385,3.87E-06,4.19E-06
1678,0.997305086,3.85E-06,4.17E-06
1680,0.997312758,3.84E-06,4.15E-06
1682,0.997320399,3.82E-06,4.14E-06
1684,0.99732801,3.81E-06,4.12E-06
1686,0.997335592,3.79E-06,4.11E-06
1688,0.997343145,3.78E-06,4.09E-06
1690,0.997350668,3.76E-06,4.08E-06
1692,0.997358162,3.75E-06,4.06E-06
1694,0.997365627,3.73E-06,4.04E-06
1696,0.997373063,3.72E-06,4.03E-06
1698,0.997380471,3.70E-06,4.01E-06
1700,0.997387849,3.69E-06,4.00E-06
1702,0.9973952,3.68E-06,3.98E-06
1704,0.997402522,3.66E-06,3.97E-06
1706,0.997409815,3.65E-06,3.95E-06
1708,0.997417081,3.63E-06,3.94E-06
1710,0.997424319,3.62E-06,3.92E-06
1712,0.997431529,3.61E-06,3.91E-06
1714,0.997438712,3.59E-06,3.89E-06
1716,0.997445867,3.58E-06,3.88E-06
1718,0.997452994,3.56E-06,3.86E-06
1720,0.997460094,3.55E-06,3.85E-06
1722,0.997467168,3.54E-06,3.83E-06
1724,0.997474214,3.52E-06,3.82E-06
1726,0.997481233,3.51E-06,3.81E-06
1728,0.997488226,3.50E-06,3.79E-06
1730,0.997495192,3.48E-06,3.78E-06
1732,0.997502132,3.47E-06,3.76E-06
1734,0.997509045,3.46E-06,3.75E-06
1736,0.997515932,3.44E-06,3.74E-06
1738,0.997522793,3.43E-06,3.72E-06
1740,0.997529629,3.42E-06,3.71E-06
1742,0.997536438,3.40E-06,3.69E-06
1744,0.997543222,3.39E-06,3.68E-06
1746,0.99754998,3.38E-06,3.67E-06
1748,0.997556712,3.37E-06,3.65E-06
1750,0.997563419,3.35E-06,3.64E-06
1752,0.997570101,3.34E-06,3.63E-06
1754,0.997576758,3.33E-06,3.61E-06
1756,0.99758339,3.32E-06,3.60E-06
1758,0.997589997,3.30E-06,3.58E-06
1760,0.99759658,3.29E-06,3.57E-06
1762,0.997603137,3.28E-06,3.56E-06
1764,0.997609671,3.27E-06,3.55E-06
1766,0.99761618,3.25E-06,3.53E-06
1768,0.997622664,3.24E-06,3.52E-06
1770,0.997629125,3.23E-06,3.51E-06
1772,0.997635561,3.22E-06,3.49E-06
1774,0.997641973,3.21E-06,3.48E-06
1776,0.997648362,3.19E-06,3.47E-06
1778,0.997654727,3.18E-06,3.45E-06
1780,0.997661068,3.17E-06,3.44E-06
1782,0.997667386,3.16E-06,3.43E-06
1784,0.997673681,3.15E-06,3.42E-06
1786,0.997679952,3.14E-06,3.40E-06
1788,0.9976862,3.12E-06,3.39E-06
1790,0.997692425,3.11E-06,3.38E-06
1792,0.997698627,3.10E-06,3.37E-06
1794,0.997704807,3.09E-06,3.36E-06
1796,0.997710963,3.08E-06,3.34E-06
1798,0.997717097,3.07E-06,3.33E-06
1800,0.997723209,3.06E-06,3.32E-06
1802,0.997729298,3.04E-06,3.31E-06
1804,0.997735365,3.03E-06,3.29E-06
1806,0.997741409,3.02E-06,3.28E-06
1808,0.997747432,3.01E-06,3.27E-06
1810,0.997753432,3.00E-06,3.26E-06
1812,0.997759411,2.99E-06,3.25E-06
1814,0.997765368,2.98E-06,3.24E-06
1816,0.997771303,2.97E-06,3.22E-06
1818,0.997777216,2.96E-06,3.21E-06
1820,0.997783108,2.95E-06,3.20E-06
1822,0.997788979,2.94E-06,3.19E-06
1824,0.997794828,2.92E-06,3.18E-06
1826,0.997800657,2.91E-06,3.17E-06
1828,0.997806464,2.90E-06,3.16E-06
1830,0.99781225,2.89E-06,3.14E-06
1832,0.997818015,2.88E-06,3.13E-06
1834,0.997823759,2.87E-06,3.12E-06
1836,0.997829483,2.86E-06,3.11E-06
1838,0.997835186,2.85E-06,3.10E-06
1840,0.997840869,2.84E-06,3.09E-06
1842,0.997846531,2.83E-06,3.08E-06
1844,0.997852173,2.82E-06,3.07E-06
1846,0.997857794,2.81E-06,3.06E-06
1848,0.997863396,2.80E-06,3.04E-06
1850,0.997868977,2.79E-06,3.03E-06
1852,0.997874538,2.78E-06,3.02E-06
1854,0.99788008,2.77E-06,3.01E-06
1856,0.997885602,2.76E-06,3.00E-06
1858,0.997891104,2.75E-06,2.99E-06
1860,0.997896586,2.74E-06,2.98E-06
1862,0.997902049,2.73E-06,2.97E-06
1864,0.997907493,2.72E-06,2.96E-06
1866,0.997912917,2.71E-06,2.95E-06
1868,0.997918322,2.70E-06,2.94E-06
1870,0.997923707,2.69E-06,2.93E-06
1872,0.997929074,2.68E-06,2.92E-06
1874,0.997934422,2.67E-06,2.91E-06
1876,0.99793975,2.66E-06,2.90E-06
1878,0.99794506,2.65E-06,2.89E-06
1880,0.997950352,2.65E-06,2.88E-06
1882,0.997955624,2.64E-06,2.87E-06
1884,0.997960878,2.63E-06,2.86E-06
1886,0.997966114,2.62E-06,2.85E-06
1888,0.997971331,2.61E-06,2.84E-06
1890,0.997976529,2.60E-06,2.83E-06
1892,0.99798171,2.59E-06,2.82E-06
1894,0.997986872,2.58E-06,2.81E-06
1896,0.997992016,2.57E-06,2.80E-06
1898,0.997997143,2.56E-06,2.79E-06
1900,0.998002251,2.55E-06,2.78E-06
1902,0.998007341,2.55E-06,2.77E-06
1904,0.998012414,2.54E-06,2.76E-06
1906,0.998017469,2.53E-06,2.75E-06
1908,0.998022507,2.52E-06,2.74E-06
1910,0.998027527,2.51E-06,2.73E-06
1912,0.998032529,2.50E-06,2.72E-06
1914,0.998037514,2.49E-06,2.71E-06
1916,0.998042482,2.48E-06,2.70E-06
1918,0.998047432,2.48E-06,2.70E-06
1920,0.998052366,2.47E-06,2.69E-06
1922,0.998057282,2.46E-06,2.68E-06
1924,0.998062182,2.45E-06,2.67E-06
1926,0.998067064,2.44E-06,2.66E-06
1928,0.99807193,2.43E-06,2.65E-06
1930,0.998076778,2.42E-06,2.64E-06
1932,0.998081611,2.42E-06,2.63E-06
1934,0.998086426,2.41E-06,2.62E-06
1936,0.998091225,2.40E-06,2.61E-06
1938,0.998096008,2.39E-06,2.60E-06
1940,0.998100774,2.38E-06,2.60E-06
1942,0.998105523,2.37E-06,2.59E-06
1944,0.998110257,2.37E-06,2.58E-06
1946,0.998114974,2.36E-06,2.57E-06
1948,0.998119675,2.35E-06,2.56E-06
1950,0.99812436,2.34E-06,2.55E-06
1952,0.998129029,2.33E-06,2.54E-06
1954,0.998133683,2.33E-06,2.53E-06
1956,0.99813832,2.32E-06,2.53E-06
1958,0.998142941,2.31E-06,2.52E-06
1960,0.998147547,2.30E-06,2.51E-06
1962,0.998152137,2.30E-06,2.50E-06
1964,0.998156712,2.29E-06,2.49E-06
1966,0.998161271,2.28E-06,2.48E-06
1968,0.998165815,2.27E-06,2.48E-06
1970,0.998170343,2.26E-06,2.47E-06
1972,0.998174856,2.26E-06,2.46E-06
1974,0.998179354,2.25E-06,2.45E-06
1976,0.998183836,2.24E-06,2.44E-06
1978,0.998188304,2.23E-06,2.43E-06
1980,0.998192756,2.23E-06,2.43E-06
1982,0.998197194,2.22E-06,2.42E-06
1984,0.998201616,2.21E-06,2.41E-06
1986,0.998206024,2.20E-06,2.40E-06
1988,0.998210417,2.20E-06,2.39E-06
1990,0.998214795,2.19E-06,2.39E-06
1992,0.998219158,2.18E-06,2.38E-06
1994,0.998223507,2.17E-06,2.37E-06
1996,0.998227842,2.17E-06,2.36E-06
1998,0.998232161,2.16E-06,2.36E-06
2000,0.998236467,2.15E-06,2.35E-06
2002,0.998240758,2.15E-06,2.34E-06
2004,0.998245035,2.14E-06,2.33E-06
2006,0.998249297,2.13E-06,2.32E-06
2008,0.998253545,2.12E-06,2.32E-06
2010,0.99825778,2.12E-06,2.31E-06
2012,0.998262,2.11E-06,2.30E-06
2014,0.998266206,2.10E-06,2.29E-06
2016,0.998270398,2.10E-06,2.29E-06
2018,0.998274577,2.09E-06,2.28E-06
2020,0.998278741,2.08E-06,2.27E-06
2022,0.998282892,2.08E-06,2.26E-06
2024,0.998287029,2.07E-06,2.26E-06
2026,0.998291152,2.06E-06,2.25E-06
2028,0.998295262,2.05E-06,2.24E-06
2030,0.998299358,2.05E-06,2.23E-06
2032,0.998303441,2.04E-06,2.23E-06
2034,0.998307511,2.03E-06,2.22E-06
2036,0.998311567,2.03E-06,2.21E-06
2038,0.998315609,2.02E-06,2.21E-06
2040,0.998319639,2.01E-06,2.20E-06
2042,0.998323655,2.01E-06,2.19E-06
2044,0.998327658,2.00E-06,2.18E-06
2046,0.998331648,2.00E-06,2.18E-06
2048,0.998335625,1.99E-06,2.17E-06
2050,0.998339589,1.98E-06,2.16E-06
2052,0.99834354,1.98E-06,2.16E-06
2054,0.998347478,1.97E-06,2.15E-06
2056,0.998351404,1.96E-06,2.14E-06
2058,0.998355316,1.96E-06,2.14E-06
2060,0.998359216,1.95E-06,2.13E-06
2062,0.998363103,1.94E-06,2.12E-06
2064,0.998366978,1.94E-06,2.12E-06
2066,0.99837084,1.93E-06,2.11E-06
2068,0.998374689,1.92E-06,2.10E-06
2070,0.998378527,1.92E-06,2.09E-06
2072,0.998382351,1.91E-06,2.09E-06
2074,0.998386164,1.91E-06,2.08E-06
2076,0.998389964,1.90E-06,2.07E-06
2078,0.998393751,1.89E-06,2.07E-06
2080,0.998397527,1.89E-06,2.06E-06
2082,0.99840129,1.88E-06,2.06E-06
2084,0.998405042,1.88E-06,2.05E-06
2086,0.998408781,1.87E-06,2.04E-06
2088,0.998412508,1.86E-06,2.04E-06
2090,0.998416223,1.86E-06,2.03E-06
2092,0.998419927,1.85E-06,2.02E-06
2094,0.998423618,1.85E-06,2.02E-06
2096,0.998427298,1.84E-06,2.01E-06
2098,0.998430966,1.83E-06,2.00E-06
2100,0.998434622,1.83E-06,2.00E-06
2102,0.998438267,1.82E-06,1.99E-06
2104,0.9984419,1.82E-06,1.98E-06
2106,0.998445521,1.81E-06,1.98E-06
2108,0.998449131,1.80E-06,1.97E-06
2110,0.998452729,1.80E-06,1.97E-06
2112,0.998456316,1.79E-06,1.96E-06
2114,0.998459892,1.79E-06,1.95E-06
2116,0.998463456,1.78E-06,1.95E-06
2118,0.998467009,1.78E-06,1.94E-06
2120,0.998470551,1.77E-06,1.94E-06
2122,0.998474081,1.77E-06,1.93E-06
2124,0.9984776,1.76E-06,1.92E-06
2126,0.998481109,1.75E-06,1.92E-06
2128,0.998484606,1.75E-06,1.91E-06
2130,0.998488092,1.74E-06,1.91E-06
2132,0.998491567,1.74E-06,1.90E-06
2134,0.998495031,1.73E-06,1.89E-06
2136,0.998498484,1.73E-06,1.89E-06
2138,0.998501927,1.72E-06,1.88E-06
2140,0.998505358,1.72E-06,1.88E-06
2142,0.998508779,1.71E-06,1.87E-06
2144,0.998512189,1.71E-06,1.86E-06
2146,0.998515589,1.70E-06,1.86E-06
2148,0.998518978,1.69E-06,1.85E-06
2150,0.998522356,1.69E-06,1.85E-06
2152,0.998525723,1.68E-06,1.84E-06
2154,0.998529081,1.68E-06,1.84E-06
2156,0.998532427,1.67E-06,1.83E-06
2158,0.998535764,1.67E-06,1.82E-06
2160,0.998539089,1.66E-06,1.82E-06
2162,0.998542405,1.66E-06,1.81E-06
2164,0.99854571,1.65E-06,1.81E-06
2166,0.998549005,1.65E-06,1.80E-06
2168,0.99855229,1.64E-06,1.80E-06
2170,0.998555564,1.64E-06,1.79E-06
2172,0.998558829,1.63E-06,1.79E-06
2174,0.998562083,1.63E-06,1.78E-06
2176,0.998565327,1.62E-06,1.77E-06
2178,0.998568562,1.62E-06,1.77E-06
2180,0.998571786,1.61E-06,1.76E-06
2182,0.998575,1.61E-06,1.76E-06
2184,0.998578204,1.60E-06,1.75E-06
2186,0.998581399,1.60E-06,1.75E-06
2188,0.998584584,1.59E-06,1.74E-06
2190,0.998587759,1.59E-06,1.74E-06
2192,0.998590924,1.58E-06,1.73E-06
2194,0.998594079,1.58E-06,1.73E-06
2196,0.998597225,1.57E-06,1.72E-06
2198,0.998600361,1.57E-06,1.72E-06
2200,0.998603488,1.56E-06,1.71E-06
2202,0.998606604,1.56E-06,1.71E-06
2204,0.998609712,1.55E-06,1.70E-06
2206,0.99861281,1.55E-06,1.70E-06
2208,0.998615898,1.54E-06,1.69E-06
2210,0.998618977,1.54E-06,1.69E-06
2212,0.998622047,1.53E-06,1.68E-06
2214,0.998625107,1.53E-06,1.68E-06
2216,0.998628158,1.53E-06,1.67E-06
2218,0.9986312,1.52E-06,1.67E-06
2220,0.998634233,1.52E-06,1.66E-06
2222,0.998637256,1.51E-06,1.66E-06
2224,0.99864027,1.51E-06,1.65E-06
2226,0.998643275,1.50E-06,1.65E-06
2228,0.998646271,1.50E-06,1.64E-06
2230,0.998649258,1.49E-06,1.64E-06
2232,0.998652236,1.49E-06,1.63E-06
2234,0.998655205,1.48E-06,1.63E-06
2236,0.998658165,1.48E-06,1.62E-06
2238,0.998661116,1.48E-06,1.62E-06
2240,0.998664058,1.47E-06,1.61E-06
2242,0.998666991,1.47E-06,1.61E-06
2244,0.998669915,1.46E-06,1.60E-06
2246,0.998672831,1.46E-06,1.60E-06
2248,0.998675738,1.45E-06,1.59E-06
2250,0.998678636,1.45E-06,1.59E-06
2252,0.998681525,1.44E-06,1.58E-06
2254,0.998684406,1.44E-06,1.58E-06
2256,0.998687279,1.44E-06,1.57E-06
2258,0.998690142,1.43E-06,1.57E-06
2260,0.998692997,1.43E-06,1.56E-06
2262,0.998695844,1.42E-06,1.56E-06
2264,0.998698682,1.42E-06,1.55E-06
2266,0.998701511,1.41E-06,1.55E-06
2268,0.998704333,1.41E-06,1.55E-06
2270,0.998707145,1.41E-06,1.54E-06
2272,0.99870995,1.40E-06,1.54E-06
2274,0.998712746,1.40E-06,1.53E-06
2276,0.998715534,1.39E-06,1.53E-06
2278,0.998718313,1.39E-06,1.52E-06
2280,0.998721084,1.39E-06,1.52E-06
2282,0.998723847,1.38E-06,1.51E-06
2284,0.998726602,1.38E-06,1.51E-06
2286,0.998729349,1.37E-06,1.51E-06
2288,0.998732088,1.37E-06,1.50E-06
2290,0.998734818,1.37E-06,1.50E-06
2292,0.998737541,1.36E-06,1.49E-06
2294,0.998740255,1.36E-06,1.49E-06
2296,0.998742962,1.35E-06,1.48E-06
2298,0.99874566,1.35E-06,1.48E-06
2300,0.998748351,1.35E-06,1.47E-06
2302,0.998751033,1.34E-06,1.47E-06
2304,0.998753708,1.34E-06,1.47E-06
2306,0.998756375,1.33E-06,1.46E-06
2308,0.998759034,1.33E-06,1.46E-06
2310,0.998761686,1.33E-06,1.45E-06
2312,0.998764329,1.32E-06,1.45E-06
2314,0.998766965,1.32E-06,1.45E-06
2316,0.998769593,1.31E-06,1.44E-06
2318,0.998772214,1.31E-06,1.44E-06
2320,0.998774827,1.31E-06,1.43E-06
2322,0.998777432,1.30E-06,1.43E-06
2324,0.99878003,1.30E-06,1.42E-06
2326,0.99878262,1.30E-06,1.42E-06
2328,0.998785202,1.29E-06,1.42E-06
2330,0.998787777,1.29E-06,1.41E-06
2332,0.998790345,1.28E-06,1.41E-06
2334,0.998792905,1.28E-06,1.40E-06
2336,0.998795458,1.28E-06,1.40E-06
2338,0.998798003,1.27E-06,1.40E-06
2340,0.998800541,1.27E-06,1.39E-06
2342,0.998803072,1.27E-06,1.39E-06
2344,0.998805595,1.26E-06,1.38E-06
2346,0.998808111,1.26E-06,1.38E-06
2348,0.99881062,1.25E-06,1.38E-06
2350,0.998813121,1.25E-06,1.37E-06
2352,0.998815616,1.25E-06,1.37E-06
2354,0.998818103,1.24E-06,1.36E-06
2356,0.998820583,1.24E-06,1.36E-06
2358,0.998823056,1.24E-06,1.36E-06
2360,0.998825522,1.23E-06,1.35E-06
2362,0.99882798,1.23E-06,1.35E-06
2364,0.998830432,1.23E-06,1.35E-06
2366,0.998832877,1.22E-06,1.34E-06
2368,0.998835314,1.22E-06,1.34E-06
2370,0.998837745,1.22E-06,1.33E-06
2372,0.998840169,1.21E-06,1.33E-06
2374,0.998842585,1.21E-06,1.33E-06
2376,0.998844995,1.20E-06,1.32E-06
2378,0.998847398,1.20E-06,1.32E-06
2380,0.998849794,1.20E-06,1.32E-06
2382,0.998852184,1.19E-06,1.31E-06
2384,0.998854566,1.19E-06,1.31E-06
2386,0.998856942,1.19E-06,1.30E-06
2388,0.998859311,1.18E-06,1.30E-06
2390,0.998861674,1.18E-06,1.30E-06
2392,0.998864029,1.18E-06,1.29E-06
2394,0.998866378,1.17E-06,1.29E-06
2396,0.99886872,1.17E-06,1.29E-06
2398,0.998871056,1.17E-06,1.28E-06
2400,0.998873385,1.16E-06,1.28E-06
2402,0.998875708,1.16E-06,1.28E-06
2404,0.998878023,1.16E-06,1.27E-06
2406,0.998880333,1.15E-06,1.27E-06
2408,0.998882636,1.15E-06,1.26E-06
2410,0.998884932,1.15E-06,1.26E-06
2412,0.998887222,1.14E-06,1.26E-06
2414,0.998889505,1.14E-06,1.25E-06
2416,0.998891783,1.14E-06,1.25E-06
2418,0.998894053,1.14E-06,1.25E-06
2420,0.998896318,1.13E-06,1.24E-06
2422,0.998898575,1.13E-06,1.24E-06
2424,0.998900827,1.13E-06,1.24E-06
2426,0.998903072,1.12E-06,1.23E-06
2428,0.998905311,1.12E-06,1.23E-06
2430,0.998907544,1.12E-06,1.23E-06
2432,0.998909771,1.11E-06,1.22E-06
2434,0.998911991,1.11E-06,1.22E-06
2436,0.998914205,1.11E-06,1.22E-06
2438,0.998916413,1.10E-06,1.21E-06
2440,0.998918615,1.10E-06,1.21E-06
2442,0.998920811,1.10E-06,1.21E-06
2444,0.998923,1.09E-06,1.20E-06
2446,0.998925184,1.09E-06,1.20E-06
2448,0.998927361,1.09E-06,1.20E-06
2450,0.998929533,1.09E-06,1.19E-06
2452,0.998931698,1.08E-06,1.19E-06
2454,0.998933857,1.08E-06,1.19E-06
2456,0.998936011,1.08E-06,1.18E-06
2458,0.998938158,1.07E-06,1.18E-06
2460,0.9989403,1.07E-06,1.18E-06
2462,0.998942435,1.07E-06,1.17E-06
2464,0.998944565,1.06E-06,1.17E-06
2466,0.998946689,1.06E-06,1.17E-06
2468,0.998948807,1.06E-06,1.16E-06
2470,0.998950919,1.06E-06,1.16E-06
2472,0.998953025,1.05E-06,1.16E-06
2474,0.998955126,1.05E-06,1.15E-06
2476,0.998957221,1.05E-06,1.15E-06
2478,0.99895931,1.04E-06,1.15E-06
2480,0.998961393,1.04E-06,1.15E-06
2482,0.998963471,1.04E-06,1.14E-06
2484,0.998965542,1.04E-06,1.14E-06
2486,0.998967609,1.03E-06,1.14E-06
2488,0.998969669,1.03E-06,1.13E-06
2490,0.998971724,1.03E-06,1.13E-06
2492,0.998973773,1.02E-06,1.13E-06
2494,0.998975817,1.02E-06,1.12E-06
2496,0.998977855,1.02E-06,1.12E-06
2498,0.998979888,1.02E-06,1.12E-06
2500,0.998981915,1.01E-06,1.11E-06
2502,0.998983936,1.01E-06,1.11E-06
2504,0.998985953,1.01E-06,1.11E-06
2506,0.998987963,1.01E-06,1.11E-06
2508,0.998989968,1.00E-06,1.10E-06
2510,0.998991968,1.00E-06,1.10E-06
2512,0.998993962,9.97E-07,1.10E-06
2514,0.998995951,9.94E-07,1.09E-06
2516,0.998997934,9.92E-07,1.09E-06
2518,0.998999912,9.89E-07,1.09E-06
2520,0.999001885,9.86E-07,1.09E-06
2522,0.999003853,9.84E-07,1.08E-06
2524,0.999005815,9.81E-07,1.08E-06
2526,0.999007772,9.78E-07,1.08E-06
2528,0.999009723,9.76E-07,1.07E-06
2530,0.999011669,9.73E-07,1.07E-06
2532,0.99901361,9.71E-07,1.07E-06
2534,0.999015546,9.68E-07,1.07E-06
2536,0.999017477,9.65E-07,1.06E-06
2538,0.999019402,9.63E-07,1.06E-06
2540,0.999021323,9.60E-07,1.06E-06
2542,0.999023238,9.58E-07,1.05E-06
2544,0.999025148,9.55E-07,1.05E-06
2546,0.999027052,9.52E-07,1.05E-06
2548,0.999028952,9.50E-07,1.05E-06
2550,0.999030847,9.47E-07,1.04E-06
2552,0.999032737,9.45E-07,1.04E-06
2554,0.999034621,9.42E-07,1.04E-06
2556,0.999036501,9.40E-07,1.03E-06
2558,0.999038375,9.37E-07,1.03E-06
2560,0.999040245,9.35E-07,1.03E-06
2562,0.999042109,9.32E-07,1.03E-06
2564,0.999043969,9.30E-07,1.02E-06
2566,0.999045824,9.27E-07,1.02E-06
2568,0.999047673,9.25E-07,1.02E-06
2570,0.999049518,9.22E-07,1.02E-06
2572,0.999051358,9.20E-07,1.01E-06
2574,0.999053193,9.18E-07,1.01E-06
2576,0.999055023,9.15E-07,1.01E-06
2578,0.999056849,9.13E-07,1.00E-06
2580,0.999058669,9.10E-07,1.00E-06
2582,0.999060485,9.08E-07,1.00E-06
2584,0.999062296,9.05E-07,9.97E-07
2586,0.999064102,9.03E-07,9.95E-07
2588,0.999065903,9.01E-07,9.92E-07
2590,0.9990677,8.98E-07,9.89E-07
2592,0.999069492,8.96E-07,9.87E-07
2594,0.999071279,8.94E-07,9.84E-07
2596,0.999073061,8.91E-07,9.82E-07
2598,0.999074839,8.89E-07,9.79E-07
2600,0.999076612,8.87E-07,9.77E-07
2602,0.999078381,8.84E-07,9.74E-07
2604,0.999080145,8.82E-07,9.72E-07
2606,0.999081904,8.80E-07,9.69E-07
2608,0.999083658,8.77E-07,9.67E-07
2610,0.999085408,8.75E-07,9.64E-07
2612,0.999087154,8.73E-07,9.61E-07
2614,0.999088895,8.70E-07,9.59E-07
2616,0.999090631,8.68E-07,9.57E-07
2618,0.999092363,8.66E-07,9.54E-07
2620,0.99909409,8.64E-07,9.52E-07
2622,0.999095813,8.61E-07,9.49E-07
2624,0.999097531,8.59E-07,9.47E-07
2626,0.999099245,8.57E-07,9.44E-07
2628,0.999100954,8.55E-07,9.42E-07
2630,0.999102659,8.52E-07,9.39E-07
2632,0.99910436,8.50E-07,9.37E-07
2634,0.999106056,8.48E-07,9.35E-07
2636,0.999107747,8.46E-07,9.32E-07
2638,0.999109435,8.44E-07,9.30E-07
2640,0.999111117,8.41E-07,9.27E-07
2642,0.999112796,8.39E-07,9.25E-07
2644,0.99911447,8.37E-07,9.23E-07
2646,0.99911614,8.35E-07,9.20E-07
2648,0.999117806,8.33E-07,9.18E-07
2650,0.999119467,8.31E-07,9.16E-07
2652,0.999121124,8.28E-07,9.13E-07
2654,0.999122777,8.26E-07,9.11E-07
2656,0.999124425,8.24E-07,9.09E-07
2658,0.999126069,8.22E-07,9.06E-07
2660,0.999127709,8.20E-07,9.04E-07
2662,0.999129345,8.18E-07,9.02E-07
2664,0.999130977,8.16E-07,8.99E-07
2666,0.999132604,8.14E-07,8.97E-07
2668,0.999134227,8.12E-07,8.95E-07
2670,0.999135846,8.10E-07,8.93E-07
2672,0.999137461,8.07E-07,8.90E-07
2674,0.999139072,8.05E-07,8.88E-07
2676,0.999140679,8.03E-07,8.86E-07
2678,0.999142281,8.01E-07,8.84E-07
2680,0.99914388,7.99E-07,8.81E-07
2682,0.999145474,7.97E-07,8.79E-07
2684,0.999147064,7.95E-07,8.77E-07
2686,0.999148651,7.93E-07,8.75E-07
2688,0.999150233,7.91E-07,8.73E-07
2690,0.999151811,7.89E-07,8.70E-07
2692,0.999153385,7.87E-07,8.68E-07
2694,0.999154955,7.85E-07,8.66E-07
2696,0.999156522,7.83E-07,8.64E-07
2698,0.999158084,7.81E-07,8.62E-07
2700,0.999159642,7.79E-07,8.59E-07
2702,0.999161196,7.77E-07,8.57E-07
2704,0.999162747,7.75E-07,8.55E-07
2706,0.999164293,7.73E-07,8.53E-07
2708,0.999165836,7.71E-07,8.51E-07
2710,0.999167374,7.69E-07,8.49E-07
2712,0.999168909,7.67E-07,8.47E-07
2714,0.99917044,7.65E-07,8.45E-07
2716,0.999171967,7.64E-07,8.42E-07
2718,0.99917349,7.62E-07,8.40E-07
2720,0.999175009,7.60E-07,8.38E-07
2722,0.999176525,7.58E-07,8.36E-07
2724,0.999178037,7.56E-07,8.34E-07
2726,0.999179544,7.54E-07,8.32E-07
2728,0.999181048,7.52E-07,8.30E-07
2730,0.999182549,7.50E-07,8.28E-07
2732,0.999184045,7.48E-07,8.26E-07
2734,0.999185538,7.46E-07,8.24E-07
2736,0.999187027,7.45E-07,8.22E-07
2738,0.999188513,7.43E-07,8.20E-07
2740,0.999189994,7.41E-07,8.18E-07
2742,0.999191472,7.39E-07,8.16E-07
2744,0.999192946,7.37E-07,8.14E-07
2746,0.999194417,7.35E-07,8.12E-07
2748,0.999195884,7.33E-07,8.10E-07
2750,0.999197347,7.32E-07,8.08E-07
2752,0.999198806,7.30E-07,8.06E-07
2754,0.999200262,7.28E-07,8.04E-07
2756,0.999201715,7.26E-07,8.02E-07
2758,0.999203163,7.24E-07,8.00E-07
2760,0.999204608,7.23E-07,7.98E-07
2762,0.99920605,7.21E-07,7.96E-07
2764,0.999207488,7.19E-07,7.94E-07
2766,0.999208922,7.17E-07,7.92E-07
2768,0.999210353,7.15E-07,7.90E-07
2770,0.99921178,7.14E-07,7.88E-07
2772,0.999213204,7.12E-07,7.86E-07
2774,0.999214624,7.10E-07,7.84E-07
2776,0.999216041,7.08E-07,7.82E-07
2778,0.999217454,7.07E-07,7.80E-07
2780,0.999218864,7.05E-07,7.78E-07
2782,0.99922027,7.03E-07,7.77E-07
2784,0.999221673,7.01E-07,7.75E-07
2786,0.999223072,7.00E-07,7.73E-07
2788,0.999224468,6.98E-07,7.71E-07
2790,0.99922586,6.96E-07,7.69E-07
2792,0.999227249,6.94E-07,7.67E-07
2794,0.999228635,6.93E-07,7.65E-07
2796,0.999230017,6.91E-07,7.63E-07
2798,0.999231396,6.89E-07,7.62E-07
2800,0.999232771,6.88E-07,7.60E-07
2802,0.999234143,6.86E-07,7.58E-07
2804,0.999235512,6.84E-07,7.56E-07
2806,0.999236877,6.83E-07,7.54E-07
2808,0.999238239,6.81E-07,7.52E-07
2810,0.999239598,6.79E-07,7.51E-07
2812,0.999240953,6.78E-07,7.49E-07
2814,0.999242305,6.76E-07,7.47E-07
2816,0.999243654,6.74E-07,7.45E-07
2818,0.999244999,6.73E-07,7.43E-07
2820,0.999246342,6.71E-07,7.42E-07
2822,0.99924768,6.69E-07,7.40E-07
2824,0.999249016,6.68E-07,7.38E-07
2826,0.999250349,6.66E-07,7.36E-07
2828,0.999251678,6.65E-07,7.34E-07
2830,0.999253004,6.63E-07,7.33E-07
2832,0.999254326,6.61E-07,7.31E-07
2834,0.999255646,6.60E-07,7.29E-07
2836,0.999256962,6.58E-07,7.27E-07
2838,0.999258275,6.57E-07,7.26E-07
2840,0.999259585,6.55E-07,7.24E-07
2842,0.999260892,6.53E-07,7.22E-07
2844,0.999262196,6.52E-07,7.20E-07
2846,0.999263496,6.50E-07,7.19E-07
2848,0.999264793,6.49E-07,7.17E-07
2850,0.999266088,6.47E-07,7.15E-07
2852,0.999267379,6.46E-07,7.14E-07
2854,0.999268667,6.44E-07,7.12E-07
2856,0.999269951,6.42E-07,7.10E-07
2858,0.999271233,6.41E-07,7.09E-07
2860,0.999272512,6.39E-07,7.07E-07
2862,0.999273788,6.38E-07,7.05E-07
2864,0.99927506,6.36E-07,7.03E-07
2866,0.99927633,6.35E-07,7.02E-07
2868,0.999277596,6.33E-07,7.00E-07
2870,0.999278859,6.32E-07,6.99E-07
2872,0.99928012,6.30E-07,6.97E-07
2874,0.999281377,6.29E-07,6.95E-07
2876,0.999282632,6.27E-07,6.94E-07
2878,0.999283883,6.26E-07,6.92E-07
2880,0.999285131,6.24E-07,6.90E-07
2882,0.999286377,6.23E-07,6.89E-07
2884,0.999287619,6.21E-07,6.87E-07
2886,0.999288859,6.20E-07,6.85E-07
2888,0.999290095,6.18E-07,6.84E-07
2890,0.999291329,6.17E-07,6.82E-07
2892,0.999292559,6.15E-07,6.81E-07
2894,0.999293787,6.14E-07,6.79E-07
2896,0.999295012,6.12E-07,6.77E-07
2898,0.999296234,6.11E-07,6.76E-07
2900,0.999297453,6.09E-07,6.74E-07
2902,0.999298669,6.08E-07,6.73E-07
2904,0.999299882,6.07E-07,6.71E-07
2906,0.999301092,6.05E-07,6.69E-07
2908,0.9993023,6.04E-07,6.68E-07
2910,0.999303504,6.02E-07,6.66E-07
2912,0.999304706,6.01E-07,6.65E-07
2914,0.999305905,5.99E-07,6.63E-07
2916,0.999307101,5.98E-07,6.62E-07
2918,0.999308294,5.97E-07,6.60E-07
2920,0.999309485,5.95E-07,6.59E-07
2922,0.999310672,5.94E-07,6.57E-07
2924,0.999311857,5.92E-07,6.56E-07
2926,0.999313039,5.91E-07,6.54E-07
2928,0.999314219,5.90E-07,6.53E-07
2930,0.999315395,5.88E-07,6.51E-07
2932,0.999316569,5.87E-07,6.49E-07
2934,0.99931774,5.85E-07,6.48E-07
2936,0.999318908,5.84E-07,6.46E-07
2938,0.999320074,5.83E-07,6.45E-07
2940,0.999321236,5.81E-07,6.43E-07
2942,0.999322396,5.80E-07,6.42E-07
2944,0.999323554,5.79E-07,6.40E-07
2946,0.999324708,5.77E-07,6.39E-07
2948,0.99932586,5.76E-07,6.38E-07
2950,0.999327009,5.75E-07,6.36E-07
2952,0.999328156,5.73E-07,6.35E-07
2954,0.9993293,5.72E-07,6.33E-07
2956,0.999330441,5.71E-07,6.32E-07
2958,0.99933158,5.69E-07,6.30E-07
2960,0.999332715,5.68E-07,6.29E-07
2962,0.999333849,5.67E-07,6.27E-07
2964,0.999334979,5.65E-07,6.26E-07
2966,0.999336107,5.64E-07,6.24E-07
2968,0.999337233,5.63E-07,6.23E-07
2970,0.999338355,5.61E-07,6.22E-07
2972,0.999339476,5.60E-07,6.20E-07
2974,0.999340593,5.59E-07,6.19E-07
2976,0.999341708,5.57E-07,6.17E-07
2978,0.99934282,5.56E-07,6.16E-07
2980,0.99934393,5.55E-07,6.14E-07
2982,0.999345037,5.54E-07,6.13E-07
2984,0.999346142,5.52E-07,6.12E-07
2986,0.999347244,5.51E-07,6.10E-07
2988,0.999348344,5.50E-07,6.09E-07
2990,0.999349441,5.49E-07,6.08E-07
2992,0.999350535,5.47E-07,6.06E-07
2994,0.999351627,5.46E-07,6.05E-07
2996,0.999352717,5.45E-07,6.03E-07
2998,0.999353804,5.43E-07,6.02E-07
3000,0.999354888,5.42E-07,6.01E-07
3002,0.99935597,5.41E-07,5.99E-07
3004,0.99935705,5.40E-07,5.98E-07
3006,0.999358127,5.39E-07,5.97E-07
3008,0.999359201,5.37E-07,5.95E-07
3010,0.999360273,5.36E-07,5.94E-07
3012,0.999361343,5.35E-07,5.92E-07
3014,0.99936241,5.34E-07,5.91E-07
3016,0.999363475,5.32E-07,5.90E-07
3018,0.999364537,5.31E-07,5.88E-07
3020,0.999365597,5.30E-07,5.87E-07
3022,0.999366655,5.29E-07,5.86E-07
3024,0.99936771,5.28E-07,5.84E-07
3026,0.999368762,5.26E-07,5.83E-07
3028,0.999369812,5.25E-07,5.82E-07
3030,0.99937086,5.24E-07,5.81E-07
3032,0.999371906,5.23E-07,5.79E-07
3034,0.999372949,5.22E-07,5.78E-07
3036,0.999373989,5.20E-07,5.77E-07
3038,0.999375028,5.19E-07,5.75E-07
3040,0.999376064,5.18E-07,5.74E-07
3042,0.999377097,5.17E-07,5.73E-07
3044,0.999378129,5.16E-07,5.71E-07
3046,0.999379158,5.14E-07,5.70E-07
3048,0.999380184,5.13E-07,5.69E-07
3050,0.999381208,5.12E-07,5.68E-07
3052,0.99938223,5.11E-07,5.66E-07
3054,0.99938325,5.10E-07,5.65E-07
3056,0.999384267,5.09E-07,5.64E-07
3058,0.999385282,5.08E-07,5.63E-07
3060,0.999386295,5.06E-07,5.61E-07
3062,0.999387306,5.05E-07,5.60E-07
3064,0.999388314,5.04E-07,5.59E-07
3066,0.99938932,5.03E-07,5.58E-07
3068,0.999390323,5.02E-07,5.56E-07
3070,0.999391325,5.01E-07,5.55E-07
3072,0.999392324,5.00E-07,5.54E-07
3074,0.999393321,4.98E-07,5.53E-07
3076,0.999394316,4.97E-07,5.51E-07
3078,0.999395308,4.96E-07,5.50E-07
3080,0.999396298,4.95E-07,5.49E-07
3082,0.999397286,4.94E-07,5.48E-07
3084,0.999398272,4.93E-07,5.46E-07
3086,0.999399255,4.92E-07,5.45E-07
3088,0.999400237,4.91E-07,5.44E-07
3090,0.999401216,4.90E-07,5.43E-07
3092,0.999402193,4.88E-07,5.42E-07
3094,0.999403168,4.87E-07,5.40E-07
3096,0.99940414,4.86E-07,5.39E-07
3098,0.999405111,4.85E-07,5.38E-07
3100,0.999406079,4.84E-07,5.37E-07
3102,0.999407045,4.83E-07,5.36E-07
3104,0.999408009,4.82E-07,5.35E-07
3106,0.999408971,4.81E-07,5.33E-07
3108,0.999409931,4.80E-07,5.32E-07
3110,0.999410888,4.79E-07,5.31E-07
3112,0.999411843,4.78E-07,5.30E-07
3114,0.999412797,4.77E-07,5.29E-07
3116,0.999413748,4.76E-07,5.28E-07
3118,0.999414697,4.75E-07,5.26E-07
3120,0.999415644,4.73E-07,5.25E-07
3122,0.999416589,4.72E-07,5.24E-07
3124,0.999417532,4.71E-07,5.23E-07
3126,0.999418472,4.70E-07,5.22E-07
3128,0.999419411,4.69E-07,5.21E-07
3130,0.999420347,4.68E-07,5.20E-07
3132,0.999421282,4.67E-07,5.18E-07
3134,0.999422214,4.66E-07,5.17E-07
3136,0.999423145,4.65E-07,5.16E-07
3138,0.999424073,4.64E-07,5.15E-07
3140,0.999424999,4.63E-07,5.14E-07
3142,0.999425923,4.62E-07,5.13E-07
3144,0.999426845,4.61E-07,5.12E-07
3146,0.999427766,4.60E-07,5.11E-07
3148,0.999428684,4.59E-07,5.09E-07
3150,0.9994296,4.58E-07,5.08E-07
3152,0.999430514,4.57E-07,5.07E-07
3154,0.999431426,4.56E-07,5.06E-07
3156,0.999432336,4.55E-07,5.05E-07
3158,0.999433244,4.54E-07,5.04E-07
3160,0.99943415,4.53E-07,5.03E-07
3162,0.999435054,4.52E-07,5.02E-07
3164,0.999435956,4.51E-07,5.01E-07
3166,0.999436857,4.50E-07,5.00E-07
3168,0.999437755,4.49E-07,4.98E-07
3170,0.999438651,4.48E-07,4.97E-07
3172,0.999439545,4.47E-07,4.96E-07
3174,0.999440438,4.46E-07,4.95E-07
3176,0.999441328,4.45E-07,4.94E-07
3178,0.999442216,4.44E-07,4.93E-07
3180,0.999443103,4.43E-07,4.92E-07
3182,0.999443987,4.42E-07,4.91E-07
3184,0.99944487,4.41E-07,4.90E-07
3186,0.999445751,4.40E-07,4.89E-07
3188,0.99944663,4.39E-07,4.88E-07
3190,0.999447506,4.38E-07,4.87E-07
3192,0.999448381,4.37E-07,4.86E-07
3194,0.999449255,4.37E-07,4.85E-07
3196,0.999450126,4.36E-07,4.84E-07
3198,0.999450995,4.35E-07,4.83E-07
3200,0.999451863,4.34E-07,4.82E-07
3202,0.999452728,4.33E-07,4.81E-07
3204,0.999453592,4.32E-07,4.80E-07
3206,0.999454454,4.31E-07,4.79E-07
3208,0.999455314,4.30E-07,4.77E-07
3210,0.999456172,4.29E-07,4.76E-07
3212,0.999457028,4.28E-07,4.75E-07
3214,0.999457882,4.27E-07,4.74E-07
3216,0.999458735,4.26E-07,4.73E-07
3218,0.999459586,4.25E-07,4.72E-07
3220,0.999460434,4.24E-07,4.71E-07
3222,0.999461282,4.24E-07,4.70E-07
3224,0.999462127,4.23E-07,4.69E-07
3226,0.99946297,4.22E-07,4.68E-07
3228,0.999463812,4.21E-07,4.67E-07
3230,0.999464652,4.20E-07,4.66E-07
3232,0.99946549,4.19E-07,4.65E-07
3234,0.999466326,4.18E-07,4.64E-07
3236,0.99946716,4.17E-07,4.63E-07
3238,0.999467993,4.16E-07,4.63E-07
3240,0.999468824,4.15E-07,4.62E-07
3242,0.999469653,4.15E-07,4.61E-07
3244,0.99947048,4.14E-07,4.60E-07
3246,0.999471306,4.13E-07,4.59E-07
3248,0.99947213,4.12E-07,4.58E-07
3250,0.999472952,4.11E-07,4.57E-07
3252,0.999473772,4.10E-07,4.56E-07
3254,0.99947459,4.09E-07,4.55E-07
3256,0.999475407,4.08E-07,4.54E-07
3258,0.999476222,4.08E-07,4.53E-07
3260,0.999477035,4.07E-07,4.52E-07
3262,0.999477847,4.06E-07,4.51E-07
3264,0.999478657,4.05E-07,4.50E-07
3266,0.999479465,4.04E-07,4.49E-07
3268,0.999480271,4.03E-07,4.48E-07
3270,0.999481076,4.02E-07,4.47E-07
3272,0.999481879,4.01E-07,4.46E-07
3274,0.99948268,4.01E-07,4.45E-07
3276,0.99948348,4.00E-07,4.44E-07
3278,0.999484278,3.99E-07,4.43E-07
3280,0.999485074,3.98E-07,4.42E-07
3282,0.999485869,3.97E-07,4.42E-07
3284,0.999486661,3.96E-07,4.41E-07
3286,0.999487453,3.96E-07,4.40E-07
3288,0.999488242,3.95E-07,4.39E-07
3290,0.99948903,3.94E-07,4.38E-07
3292,0.999489816,3.93E-07,4.37E-07
3294,0.999490601,3.92E-07,4.36E-07
3296,0.999491383,3.91E-07,4.35E-07
3298,0.999492165,3.91E-07,4.34E-07
3300,0.999492944,3.90E-07,4.33E-07
3302,0.999493722,3.89E-07,4.32E-07
3304,0.999494499,3.88E-07,4.32E-07
3306,0.999495273,3.87E-07,4.31E-07
3308,0.999496046,3.87E-07,4.30E-07
3310,0.999496818,3.86E-07,4.29E-07
3312,0.999497587,3.85E-07,4.28E-07
3314,0.999498356,3.84E-07,4.27E-07
3316,0.999499122,3.83E-07,4.26E-07
3318,0.999499887,3.82E-07,4.25E-07
3320,0.999500651,3.82E-07,4.24E-07
3322,0.999501412,3.81E-07,4.24E-07
3324,0.999502173,3.80E-07,4.23E-07
3326,0.999502931,3.79E-07,4.22E-07
3328,0.999503688,3.79E-07,4.21E-07
3330,0.999504444,3.78E-07,4.20E-07
3332,0.999505198,3.77E-07,4.19E-07
3334,0.99950595,3.76E-07,4.18E-07
3336,0.999506701,3.75E-07,4.17E-07
3338,0.99950745,3.75E-07,4.17E-07
3340,0.999508197,3.74E-07,4.16E-07
3342,0.999508943,3.73E-07,4.15E-07
3344,0.999509688,3.72E-07,4.14E-07
3346,0.999510431,3.71E-07,4.13E-07
3348,0.999511172,3.71E-07,4.12E-07
3350,0.999511912,3.70E-07,4.12E-07
3352,0.99951265,3.69E-07,4.11E-07
3354,0.999513387,3.68E-07,4.10E-07
3356,0.999514123,3.68E-07,4.09E-07
3358,0.999514856,3.67E-07,4.08E-07
3360,0.999515589,3.66E-07,4.07E-07
3362,0.999516319,3.65E-07,4.06E-07
3364,0.999517049,3.65E-07,4.06E-07
3366,0.999517776,3.64E-07,4.05E-07
3368,0.999518503,3.63E-07,4.04E-07
3370,0.999519227,3.62E-07,4.03E-07
3372,0.99951995,3.62E-07,4.02E-07
3374,0.999520672,3.61E-07,4.02E-07
3376,0.999521392,3.60E-07,4.01E-07
3378,0.999522111,3.59E-07,4.00E-07
3380,0.999522829,3.59E-07,3.99E-07
3382,0.999523544,3.58E-07,3.98E-07
3384,0.999524259,3.57E-07,3.97E-07
3386,0.999524972,3.56E-07,3.97E-07
3388,0.999525683,3.56E-07,3.96E-07
3390,0.999526393,3.55E-07,3.95E-07
3392,0.999527101,3.54E-07,3.94E-07
3394,0.999527809,3.54E-07,3.93E-07
3396,0.999528514,3.53E-07,3.93E-07
3398,0.999529218,3.52E-07,3.92E-07
3400,0.999529921,3.51E-07,3.91E-07
3402,0.999530622,3.51E-07,3.90E-07
3404,0.999531322,3.50E-07,3.89E-07
3406,0.999532021,3.49E-07,3.89E-07
3408,0.999532718,3.48E-07,3.88E-07
3410,0.999533413,3.48E-07,3.87E-07
3412,0.999534107,3.47E-07,3.86E-07
3414,0.9995348,3.46E-07,3.86E-07
3416,0.999535491,3.46E-07,3.85E-07
3418,0.999536181,3.45E-07,3.84E-07
3420,0.99953687,3.44E-07,3.83E-07
3422,0.999537557,3.44E-07,3.83E-07
3424,0.999538243,3.43E-07,3.82E-07
3426,0.999538927,3.42E-07,3.81E-07
3428,0.99953961,3.41E-07,3.80E-07
3430,0.999540291,3.41E-07,3.79E-07
3432,0.999540972,3.40E-07,3.79E-07
3434,0.99954165,3.39E-07,3.78E-07
3436,0.999542328,3.39E-07,3.77E-07
3438,0.999543004,3.38E-07,3.76E-07
3440,0.999543679,3.37E-07,3.76E-07
3442,0.999544352,3.37E-07,3.75E-07
3444,0.999545024,3.36E-07,3.74E-07
3446,0.999545694,3.35E-07,3.73E-07
3448,0.999546364,3.35E-07,3.73E-07
3450,0.999547032,3.34E-07,3.72E-07
3452,0.999547698,3.33E-07,3.71E-07
3454,0.999548363,3.33E-07,3.70E-07
3456,0.999549027,3.32E-07,3.70E-07
3458,0.99954969,3.31E-07,3.69E-07
3460,0.999550351,3.31E-07,3.68E-07
3462,0.999551011,3.30E-07,3.67E-07
3464,0.999551669,3.29E-07,3.67E-07
3466,0.999552327,3.29E-07,3.66E-07
3468,0.999552982,3.28E-07,3.65E-07
3470,0.999553637,3.27E-07,3.65E-07
3472,0.99955429,3.27E-07,3.64E-07
3474,0.999554942,3.26E-07,3.63E-07
3476,0.999555593,3.25E-07,3.62E-07
3478,0.999556242,3.25E-07,3.62E-07
3480,0.99955689,3.24E-07,3.61E-07
3482,0.999557537,3.23E-07,3.60E-07
3484,0.999558182,3.23E-07,3.60E-07
3486,0.999558827,3.22E-07,3.59E-07
3488,0.99955947,3.21E-07,3.58E-07
3490,0.999560111,3.21E-07,3.57E-07
3492,0.999560751,3.20E-07,3.57E-07
3494,0.999561391,3.20E-07,3.56E-07
3496,0.999562028,3.19E-07,3.55E-07
3498,0.999562665,3.18E-07,3.55E-07
3500,0.9995633,3.18E-07,3.54E-07
3502,0.999563934,3.17E-07,3.53E-07
3504,0.999564567,3.16E-07,3.52E-07
3506,0.999565198,3.16E-07,3.52E-07
3508,0.999565828,3.15E-07,3.51E-07
3510,0.999566457,3.14E-07,3.50E-07
3512,0.999567085,3.14E-07,3.50E-07
3514,0.999567711,3.13E-07,3.49E-07
3516,0.999568337,3.13E-07,3.48E-07
3518,0.999568961,3.12E-07,3.48E-07
3520,0.999569583,3.11E-07,3.47E-07
3522,0.999570205,3.11E-07,3.46E-07
3524,0.999570825,3.10E-07,3.46E-07
3526,0.999571444,3.10E-07,3.45E-07
3528,0.999572062,3.09E-07,3.44E-07
3530,0.999572679,3.08E-07,3.44E-07
3532,0.999573294,3.08E-07,3.43E-07
3534,0.999573908,3.07E-07,3.42E-07
3536,0.999574521,3.06E-07,3.42E-07
3538,0.999575133,3.06E-07,3.41E-07
3540,0.999575743,3.05E-07,3.40E-07
3542,0.999576353,3.05E-07,3.40E-07
3544,0.999576961,3.04E-07,3.39E-07
3546,0.999577568,3.03E-07,3.38E-07
3548,0.999578174,3.03E-07,3.38E-07
3550,0.999578778,3.02E-07,3.37E-07
3552,0.999579382,3.02E-07,3.36E-07
3554,0.999579984,3.01E-07,3.36E-07
3556,0.999580585,3.01E-07,3.35E-07
3558,0.999581185,3.00E-07,3.34E-07
3560,0.999581783,2.99E-07,3.34E-07
3562,0.999582381,2.99E-07,3.33E-07
3564,0.999582977,2.98E-07,3.32E-07
3566,0.999583572,2.98E-07,3.32E-07
3568,0.999584166,2.97E-07,3.31E-07
3570,0.999584759,2.96E-07,3.31E-07
3572,0.999585351,2.96E-07,3.30E-07
3574,0.999585941,2.95E-07,3.29E-07
3576,0.999586531,2.95E-07,3.29E-07
3578,0.999587119,2.94E-07,3.28E-07
3580,0.999587706,2.94E-07,3.27E-07
3582,0.999588292,2.93E-07,3.27E-07
3584,0.999588877,2.92E-07,3.26E-07
3586,0.999589461,2.92E-07,3.25E-07
3588,0.999590043,2.91E-07,3.25E-07
3590,0.999590624,2.91E-07,3.24E-07
3592,0.999591205,2.90E-07,3.24E-07
3594,0.999591784,2.90E-07,3.23E-07
3596,0.999592362,2.89E-07,3.22E-07
3598,0.999592939,2.88E-07,3.22E-07
3600,0.999593515,2.88E-07,3.21E-07
3602,0.999594089,2.87E-07,3.21E-07
3604,0.999594663,2.87E-07,3.20E-07
3606,0.999595235,2.86E-07,3.19E-07
3608,0.999595807,2.86E-07,3.19E-07
3610,0.999596377,2.85E-07,3.18E-07
3612,0.999596946,2.85E-07,3.17E-07
3614,0.999597514,2.84E-07,3.17E-07
3616,0.999598081,2.83E-07,3.16E-07
3618,0.999598647,2.83E-07,3.16E-07
3620,0.999599211,2.82E-07,3.15E-07
3622,0.999599775,2.82E-07,3.14E-07
3624,0.999600338,2.81E-07,3.14E-07
3626,0.999600899,2.81E-07,3.13E-07
3628,0.99960146,2.80E-07,3.13E-07
3630,0.999602019,2.80E-07,3.12E-07
3632,0.999602577,2.79E-07,3.11E-07
3634,0.999603134,2.79E-07,3.11E-07
3636,0.99960369,2.78E-07,3.10E-07
3638,0.999604245,2.78E-07,3.10E-07
3640,0.999604799,2.77E-07,3.09E-07
3642,0.999605352,2.76E-07,3.09E-07
3644,0.999605904,2.76E-07,3.08E-07
3646,0.999606455,2.75E-07,3.07E-07
3648,0.999607005,2.75E-07,3.07E-07
3650,0.999607553,2.74E-07,3.06E-07
3652,0.999608101,2.74E-07,3.06E-07
3654,0.999608648,2.73E-07,3.05E-07
3656,0.999609193,2.73E-07,3.04E-07
3658,0.999609738,2.72E-07,3.04E-07
3660,0.999610281,2.72E-07,3.03E-07
3662,0.999610824,2.71E-07,3.03E-07
3664,0.999611365,2.71E-07,3.02E-07
3666,0.999611905,2.70E-07,3.02E-07
3668,0.999612445,2.70E-07,3.01E-07
3670,0.999612983,2.69E-07,3.00E-07
3672,0.99961352,2.69E-07,3.00E-07
3674,0.999614057,2.68E-07,2.99E-07
3676,0.999614592,2.68E-07,2.99E-07
3678,0.999615126,2.67E-07,2.98E-07
3680,0.999615659,2.67E-07,2.98E-07
3682,0.999616191,2.66E-07,2.97E-07
3684,0.999616723,2.66E-07,2.97E-07
3686,0.999617253,2.65E-07,2.96E-07
3688,0.999617782,2.65E-07,2.95E-07
3690,0.99961831,2.64E-07,2.95E-07
3692,0.999618837,2.64E-07,2.94E-07
3694,0.999619364,2.63E-07,2.94E-07
3696,0.999619889,2.63E-07,2.93E-07
3698,0.999620413,2.62E-07,2.93E-07
3700,0.999620936,2.62E-07,2.92E-07
3702,0.999621458,2.61E-07,2.92E-07
3704,0.99962198,2.61E-07,2.91E-07
3706,0.9996225,2.60E-07,2.90E-07
3708,0.999623019,2.60E-07,2.90E-07
3710,0.999623537,2.59E-07,2.89E-07
3712,0.999624055,2.59E-07,2.89E-07
3714,0.999624571,2.58E-07,2.88E-07
3716,0.999625087,2.58E-07,2.88E-07
3718,0.999625601,2.57E-07,2.87E-07
3720,0.999626114,2.57E-07,2.87E-07
3722,0.999626627,2.56E-07,2.86E-07
3724,0.999627138,2.56E-07,2.86E-07
3726,0.999627649,2.55E-07,2.85E-07
3728,0.999628158,2.55E-07,2.85E-07
3730,0.999628667,2.54E-07,2.84E-07
3732,0.999629175,2.54E-07,2.84E-07
3734,0.999629682,2.53E-07,2.83E-07
3736,0.999630187,2.53E-07,2.82E-07
3738,0.999630692,2.52E-07,2.82E-07
3740,0.999631196,2.52E-07,2.81E-07
3742,0.999631699,2.51E-07,2.81E-07
3744,0.999632201,2.51E-07,2.80E-07
3746,0.999632702,2.51E-07,2.80E-07
3748,0.999633202,2.50E-07,2.79E-07
3750,0.999633701,2.50E-07,2.79E-07
3752,0.9996342,2.49E-07,2.78E-07
3754,0.999634697,2.49E-07,2.78E-07
3756,0.999635194,2.48E-07,2.77E-07
3758,0.999635689,2.48E-07,2.77E-07
3760,0.999636184,2.47E-07,2.76E-07
3762,0.999636677,2.47E-07,2.76E-07
3764,0.99963717,2.46E-07,2.75E-07
3766,0.999637662,2.46E-07,2.75E-07
3768,0.999638153,2.45E-07,2.74E-07
3770,0.999638643,2.45E-07,2.74E-07
3772,0.999639132,2.45E-07,2.73E-07
3774,0.99963962,2.44E-07,2.73E-07
3776,0.999640107,2.44E-07,2.72E-07
3778,0.999640594,2.43E-07,2.72E-07
3780,0.999641079,2.43E-07,2.71E-07
3782,0.999641564,2.42E-07,2.71E-07
3784,0.999642047,2.42E-07,2.70E-07
3786,0.99964253,2.41E-07,2.70E-07
3788,0.999643012,2.41E-07,2.69E-07
3790,0.999643493,2.41E-07,2.69E-07
3792,0.999643973,2.40E-07,2.68E-07
3794,0.999644452,2.40E-07,2.68E-07
3796,0.999644931,2.39E-07,2.67E-07
3798,0.999645408,2.39E-07,2.67E-07
3800,0.999645885,2.38E-07,2.66E-07
3802,0.999646361,2.38E-07,2.66E-07
3804,0.999646835,2.37E-07,2.65E-07
3806,0.999647309,2.37E-07,2.65E-07
3808,0.999647783,2.37E-07,2.64E-07
3810,0.999648255,2.36E-07,2.64E-07
3812,0.999648726,2.36E-07,2.63E-07
3814,0.999649197,2.35E-07,2.63E-07
3816,0.999649666,2.35E-07,2.63E-07
3818,0.999650135,2.34E-07,2.62E-07
3820,0.999650603,2.34E-07,2.62E-07
3822,0.99965107,2.34E-07,2.61E-07
3824,0.999651536,2.33E-07,2.61E-07
3826,0.999652001,2.33E-07,2.60E-07
3828,0.999652466,2.32E-07,2.60E-07
3830,0.99965293,2.32E-07,2.59E-07
3832,0.999653392,2.31E-07,2.59E-07
3834,0.999653854,2.31E-07,2.58E-07
3836,0.999654315,2.31E-07,2.58E-07
3838,0.999654776,2.30E-07,2.57E-07
3840,0.999655235,2.30E-07,2.57E-07
3842,0.999655694,2.29E-07,2.56E-07
3844,0.999656152,2.29E-07,2.56E-07
3846,0.999656608,2.28E-07,2.55E-07
3848,0.999657065,2.28E-07,2.55E-07
3850,0.99965752,2.28E-07,2.55E-07
3852,0.999657974,2.27E-07,2.54E-07
3854,0.999658428,2.27E-07,2.54E-07
3856,0.999658881,2.26E-07,2.53E-07
3858,0.999659333,2.26E-07,2.53E-07
3860,0.999659784,2.26E-07,2.52E-07
3862,0.999660234,2.25E-07,2.52E-07
3864,0.999660684,2.25E-07,2.51E-07
3866,0.999661132,2.24E-07,2.51E-07
3868,0.99966158,2.24E-07,2.51E-07
3870,0.999662027,2.24E-07,2.50E-07
3872,0.999662473,2.23E-07,2.50E-07
3874,0.999662919,2.23E-07,2.49E-07
3876,0.999663364,2.22E-07,2.49E-07
3878,0.999663807,2.22E-07,2.48E-07
3880,0.99966425,2.22E-07,2.48E-07
3882,0.999664693,2.21E-07,2.47E-07
3884,0.999665134,2.21E-07,2.47E-07
3886,0.999665575,2.20E-07,2.47E-07
3888,0.999666015,2.20E-07,2.46E-07
3890,0.999666454,2.20E-07,2.46E-07
3892,0.999666892,2.19E-07,2.45E-07
3894,0.999667329,2.19E-07,2.45E-07
3896,0.999667766,2.18E-07,2.44E-07
3898,0.999668202,2.18E-07,2.44E-07
3900,0.999668637,2.18E-07,2.43E-07
3902,0.999669071,2.17E-07,2.43E-07
3904,0.999669505,2.17E-07,2.43E-07
3906,0.999669938,2.16E-07,2.42E-07
3908,0.99967037,2.16E-07,2.42E-07
3910,0.999670801,2.16E-07,2.41E-07
3912,0.999671232,2.15E-07,2.41E-07
3914,0.999671661,2.15E-07,2.40E-07
3916,0.99967209,2.14E-07,2.40E-07
3918,0.999672518,2.14E-07,2.40E-07
3920,0.999672946,2.14E-07,2.39E-07
3922,0.999673372,2.13E-07,2.39E-07
3924,0.999673798,2.13E-07,2.38E-07
3926,0.999674223,2.13E-07,2.38E-07
3928,0.999674648,2.12E-07,2.37E-07
3930,0.999675071,2.12E-07,2.37E-07
3932,0.999675494,2.11E-07,2.37E-07
3934,0.999675916,2.11E-07,2.36E-07
3936,0.999676337,2.11E-07,2.36E-07
3938,0.999676758,2.10E-07,2.35E-07
3940,0.999677178,2.10E-07,2.35E-07
3942,0.999677597,2.10E-07,2.35E-07
3944,0.999678015,2.09E-07,2.34E-07
3946,0.999678433,2.09E-07,2.34E-07
3948,0.99967885,2.08E-07,2.33E-07
3950,0.999679266,2.08E-07,2.33E-07
3952,0.999679681,2.08E-07,2.32E-07
3954,0.999680096,2.07E-07,2.32E-07
3956,0.99968051,2.07E-07,2.32E-07
3958,0.999680923,2.07E-07,2.31E-07
3960,0.999681335,2.06E-07,2.31E-07
3962,0.999681747,2.06E-07,2.30E-07
3964,0.999682158,2.05E-07,2.30E-07
3966,0.999682568,2.05E-07,2.30E-07
3968,0.999682978,2.05E-07,2.29E-07
3970,0.999683387,2.04E-07,2.29E-07
3972,0.999683795,2.04E-07,2.28E-07
3974,0.999684202,2.04E-07,2.28E-07
3976,0.999684609,2.03E-07,2.28E-07
3978,0.999685015,2.03E-07,2.27E-07
3980,0.99968542,2.03E-07,2.27E-07
3982,0.999685824,2.02E-07,2.26E-07
3984,0.999686228,2.02E-07,2.26E-07
3986,0.999686631,2.02E-07,2.26E-07
3988,0.999687033,2.01E-07,2.25E-07
3990,0.999687435,2.01E-07,2.25E-07
3992,0.999687836,2.00E-07,2.24E-07
3994,0.999688236,2.00E-07,2.24E-07
3996,0.999688636,2.00E-07,2.24E-07
3998,0.999689035,1.99E-07,2.23E-07
4000,0.999689433,1.99E-07,2.23E-07
4002,0.99968983,1.99E-07,2.23E-07
4004,0.999690227,1.98E-07,2.22E-07
4006,0.999690623,1.98E-07,2.22E-07
4008,0.999691018,1.98E-07,2.21E-07
4010,0.999691413,1.97E-07,2.21E-07
4012,0.999691807,1.97E-07,2.21E-07
4014,0.9996922,1.97E-07,2.20E-07
4016,0.999692593,1.96E-07,2.20E-07
4018,0.999692985,1.96E-07,2.20E-07
4020,0.999693376,1.96E-07,2.19E-07
4022,0.999693767,1.95E-07,2.19E-07
4024,0.999694156,1.95E-07,2.18E-07
4026,0.999694546,1.95E-07,2.18E-07
4028,0.999694934,1.94E-07,2.18E-07
4030,0.999695322,1.94E-07,2.17E-07
4032,0.999695709,1.94E-07,2.17E-07
4034,0.999696096,1.93E-07,2.17E-07
4036,0.999696481,1.93E-07,2.16E-07
4038,0.999696867,1.93E-07,2.16E-07
4040,0.999697251,1.92E-07,2.15E-07
4042,0.999697635,1.92E-07,2.15E-07
4044,0.999698018,1.92E-07,2.15E-07
4046,0.9996984,1.91E-07,2.14E-07
4048,0.999698782,1.91E-07,2.14E-07
4050,0.999699163,1.91E-07,2.14E-07
4052,0.999699544,1.90E-07,2.13E-07
4054,0.999699924,1.90E-07,2.13E-07
4056,0.999700303,1.90E-07,2.12E-07
4058,0.999700681,1.89E-07,2.12E-07
4060,0.999701059,1.89E-07,2.12E-07
4062,0.999701436,1.89E-07,2.11E-07
4064,0.999701813,1.88E-07,2.11E-07
4066,0.999702189,1.88E-07,2.11E-07
4068,0.999702564,1.88E-07,2.10E-07
4070,0.999702939,1.87E-07,2.10E-07
4072,0.999703313,1.87E-07,2.10E-07
4074,0.999703686,1.87E-07,2.09E-07
4076,0.999704059,1.86E-07,2.09E-07
4078,0.999704431,1.86E-07,2.08E-07
4080,0.999704802,1.86E-07,2.08E-07
4082,0.999705173,1.85E-07,2.08E-07
4084,0.999705543,1.85E-07,2.07E-07
4086,0.999705912,1.85E-07,2.07E-07
4088,0.999706281,1.84E-07,2.07E-07
4090,0.999706649,1.84E-07,2.06E-07
4092,0.999707017,1.84E-07,2.06E-07
4094,0.999707384,1.83E-07,2.06E-07
4096,0.99970775,1.83E-07,2.05E-07
4098,0.999708116,1.83E-07,2.05E-07
4100,0.999708481,1.83E-07,2.05E-07
4102,0.999708845,1.82E-07,2.04E-07
4104,0.999709209,1.82E-07,2.04E-07
4106,0.999709572,1.82E-07,2.04E-07
4108,0.999709935,1.81E-07,2.03E-07
4110,0.999710297,1.81E-07,2.03E-07
4112,0.999710658,1.81E-07,2.03E-07
4114,0.999711019,1.80E-07,2.02E-07
4116,0.999711379,1.80E-07,2.02E-07
4118,0.999711738,1.80E-07,2.02E-07
4120,0.999712097,1.79E-07,2.01E-07
4122,0.999712456,1.79E-07,2.01E-07
4124,0.999712813,1.79E-07,2.01E-07
4126,0.99971317,1.79E-07,2.00E-07
4128,0.999713527,1.78E-07,2.00E-07
4130,0.999713882,1.78E-07,1.99E-07
4132,0.999714238,1.78E-07,1.99E-07
4134,0.999714592,1.77E-07,1.99E-07
4136,0.999714946,1.77E-07,1.98E-07
4138,0.9997153,1.77E-07,1.98E-07
4140,0.999715652,1.76E-07,1.98E-07
4142,0.999716005,1.76E-07,1.98E-07
4144,0.999716356,1.76E-07,1.97E-07
4146,0.999716707,1.76E-07,1.97E-07
4148,0.999717058,1.75E-07,1.97E-07
4150,0.999717407,1.75E-07,1.96E-07
4152,0.999717757,1.75E-07,1.96E-07
4154,0.999718105,1.74E-07,1.95E-07
4156,0.999718453,1.74E-07,1.95E-07
4158,0.999718801,1.74E-07,1.95E-07
4160,0.999719148,1.73E-07,1.95E-07
4162,0.999719494,1.73E-07,1.94E-07
4164,0.99971984,1.73E-07,1.94E-07
4166,0.999720185,1.73E-07,1.94E-07
4168,0.999720529,1.72E-07,1.93E-07
4170,0.999720873,1.72E-07,1.93E-07
4172,0.999721217,1.72E-07,1.93E-07
4174,0.999721559,1.71E-07,1.92E-07
4176,0.999721902,1.71E-07,1.92E-07
4178,0.999722243,1.71E-07,1.92E-07
4180,0.999722584,1.71E-07,1.91E-07
4182,0.999722925,1.70E-07,1.91E-07
4184,0.999723265,1.70E-07,1.91E-07
4186,0.999723604,1.70E-07,1.90E-07
4188,0.999723943,1.69E-07,1.90E-07
4190,0.999724281,1.69E-07,1.90E-07
4192,0.999724619,1.69E-07,1.89E-07
4194,0.999724956,1.69E-07,1.89E-07
4196,0.999725292,1.68E-07,1.89E-07
4198,0.999725628,1.68E-07,1.88E-07
4200,0.999725964,1.68E-07,1.88E-07
4202,0.999726299,1.67E-07,1.88E-07
4204,0.999726633,1.67E-07,1.88E-07
4206,0.999726967,1.67E-07,1.87E-07
4208,0.9997273,1.67E-07,1.87E-07
4210,0.999727632,1.66E-07,1.87E-07
4212,0.999727964,1.66E-07,1.86E-07
4214,0.999728296,1.66E-07,1.86E-07
4216,0.999728627,1.65E-07,1.86E-07
4218,0.999728957,1.65E-07,1.85E-07
4220,0.999729287,1.65E-07,1.85E-07
4222,0.999729616,1.65E-07,1.85E-07
4224,0.999729945,1.64E-07,1.84E-07
4226,0.999730273,1.64E-07,1.84E-07
4228,0.999730601,1.64E-07,1.84E-07
4230,0.999730928,1.64E-07,1.84E-07
4232,0.999731254,1.63E-07,1.83E-07
4234,0.99973158,1.63E-07,1.83E-07
4236,0.999731906,1.63E-07,1.83E-07
4238,0.999732231,1.62E-07,1.82E-07
4240,0.999732555,1.62E-07,1.82E-07
4242,0.999732879,1.62E-07,1.82E-07
4244,0.999733202,1.62E-07,1.81E-07
4246,0.999733525,1.61E-07,1.81E-07
4248,0.999733847,1.61E-07,1.81E-07
4250,0.999734169,1.61E-07,1.81E-07
4252,0.99973449,1.61E-07,1.80E-07
4254,0.999734811,1.60E-07,1.80E-07
4256,0.999735131,1.60E-07,1.80E-07
4258,0.99973545,1.60E-07,1.79E-07
4260,0.999735769,1.60E-07,1.79E-07
4262,0.999736088,1.59E-07,1.79E-07
4264,0.999736406,1.59E-07,1.78E-07
4266,0.999736723,1.59E-07,1.78E-07
4268,0.99973704,1.58E-07,1.78E-07
4270,0.999737357,1.58E-07,1.78E-07
4272,0.999737673,1.58E-07,1.77E-07
4274,0.999737988,1.58E-07,1.77E-07
4276,0.999738303,1.57E-07,1.77E-07
4278,0.999738617,1.57E-07,1.76E-07
4280,0.999738931,1.57E-07,1.76E-07
4282,0.999739244,1.57E-07,1.76E-07
4284,0.999739557,1.56E-07,1.76E-07
4286,0.999739869,1.56E-07,1.75E-07
4288,0.999740181,1.56E-07,1.75E-07
4290,0.999740492,1.56E-07,1.75E-07
4292,0.999740803,1.55E-07,1.75E-07
4294,0.999741113,1.55E-07,1.74E-07
4296,0.999741423,1.55E-07,1.74E-07
4298,0.999741732,1.55E-07,1.74E-07
4300,0.999742041,1.54E-07,1.73E-07
4302,0.999742349,1.54E-07,1.73E-07
4304,0.999742657,1.54E-07,1.73E-07
4306,0.999742964,1.54E-07,1.73E-07
4308,0.999743271,1.53E-07,1.72E-07
4310,0.999743577,1.53E-07,1.72E-07
4312,0.999743883,1.53E-07,1.72E-07
4314,0.999744188,1.53E-07,1.71E-07
4316,0.999744493,1.52E-07,1.71E-07
4318,0.999744797,1.52E-07,1.71E-07
4320,0.999745101,1.52E-07,1.71E-07
4322,0.999745404,1.52E-07,1.70E-07
4324,0.999745707,1.51E-07,1.70E-07
4326,0.999746009,1.51E-07,1.70E-07
4328,0.99974631,1.51E-07,1.69E-07
4330,0.999746612,1.51E-07,1.69E-07
4332,0.999746912,1.50E-07,1.69E-07
4334,0.999747213,1.50E-07,1.69E-07
4336,0.999747513,1.50E-07,1.68E-07
4338,0.999747812,1.50E-07,1.68E-07
4340,0.999748111,1.49E-07,1.68E-07
4342,0.999748409,1.49E-07,1.68E-07
4344,0.999748707,1.49E-07,1.67E-07
4346,0.999749004,1.49E-07,1.67E-07
4348,0.999749301,1.48E-07,1.67E-07
4350,0.999749597,1.48E-07,1.67E-07
4352,0.999749893,1.48E-07,1.66E-07
4354,0.999750189,1.48E-07,1.66E-07
4356,0.999750484,1.47E-07,1.66E-07
4358,0.999750778,1.47E-07,1.65E-07
4360,0.999751072,1.47E-07,1.65E-07
4362,0.999751366,1.47E-07,1.65E-07
4364,0.999751659,1.47E-07,1.65E-07
4366,0.999751951,1.46E-07,1.64E-07
4368,0.999752243,1.46E-07,1.64E-07
4370,0.999752535,1.46E-07,1.64E-07
4372,0.999752826,1.46E-07,1.64E-07
4374,0.999753117,1.45E-07,1.63E-07
4376,0.999753407,1.45E-07,1.63E-07
4378,0.999753697,1.45E-07,1.63E-07
4380,0.999753986,1.45E-07,1.63E-07
4382,0.999754275,1.44E-07,1.62E-07
4384,0.999754563,1.44E-07,1.62E-07
4386,0.999754851,1.44E-07,1.62E-07
4388,0.999755139,1.44E-07,1.62E-07
4390,0.999755426,1.43E-07,1.61E-07
4392,0.999755712,1.43E-07,1.61E-07
4394,0.999755998,1.43E-07,1.61E-07
4396,0.999756284,1.43E-07,1.61E-07
4398,0.999756569,1.43E-07,1.60E-07
4400,0.999756854,1.42E-07,1.60E-07
4402,0.999757138,1.42E-07,1.60E-07
4404,0.999757422,1.42E-07,1.60E-07
4406,0.999757705,1.42E-07,1.59E-07
4408,0.999757988,1.41E-07,1.59E-07
4410,0.99975827,1.41E-07,1.59E-07
4412,0.999758552,1.41E-07,1.59E-07
4414,0.999758834,1.41E-07,1.58E-07
4416,0.999759115,1.41E-07,1.58E-07
4418,0.999759395,1.40E-07,1.58E-07
4420,0.999759675,1.40E-07,1.57E-07
4422,0.999759955,1.40E-07,1.57E-07
4424,0.999760234,1.40E-07,1.57E-07
4426,0.999760513,1.39E-07,1.57E-07
4428,0.999760792,1.39E-07,1.56E-07
4430,0.999761069,1.39E-07,1.56E-07
4432,0.999761347,1.39E-07,1.56E-07
4434,0.999761624,1.39E-07,1.56E-07
4436,0.999761901,1.38E-07,1.56E-07
4438,0.999762177,1.38E-07,1.55E-07
4440,0.999762453,1.38E-07,1.55E-07
4442,0.999762728,1.38E-07,1.55E-07
4444,0.999763003,1.37E-07,1.55E-07
4446,0.999763277,1.37E-07,1.54E-07
4448,0.999763551,1.37E-07,1.54E-07
4450,0.999763825,1.37E-07,1.54E-07
4452,0.999764098,1.37E-07,1.54E-07
4454,0.99976437,1.36E-07,1.53E-07
4456,0.999764643,1.36E-07,1.53E-07
4458,0.999764915,1.36E-07,1.53E-07
4460,0.999765186,1.36E-07,1.53E-07
4462,0.999765457,1.35E-07,1.52E-07
4464,0.999765727,1.35E-07,1.52E-07
4466,0.999765998,1.35E-07,1.52E-07
4468,0.999766267,1.35E-07,1.52E-07
4470,0.999766536,1.35E-07,1.51E-07
4472,0.999766805,1.34E-07,1.51E-07
4474,0.999767074,1.34E-07,1.51E-07
4476,0.999767342,1.34E-07,1.51E-07
4478,0.999767609,1.34E-07,1.50E-07
4480,0.999767876,1.34E-07,1.50E-07
4482,0.999768143,1.33E-07,1.50E-07
4484,0.999768409,1.33E-07,1.50E-07
4486,0.999768675,1.33E-07,1.50E-07
4488,0.999768941,1.33E-07,1.49E-07
4490,0.999769206,1.33E-07,1.49E-07
4492,0.99976947,1.32E-07,1.49E-07
4494,0.999769735,1.32E-07,1.49E-07
4496,0.999769998,1.32E-07,1.48E-07
4498,0.999770262,1.32E-07,1.48E-07
4500,0.999770525,1.31E-07,1.48E-07
4502,0.999770787,1.31E-07,1.48E-07
4504,0.999771049,1.31E-07,1.47E-07
4506,0.999771311,1.31E-07,1.47E-07
4508,0.999771573,1.31E-07,1.47E-07
4510,0.999771833,1.30E-07,1.47E-07
4512,0.999772094,1.30E-07,1.47E-07
4514,0.999772354,1.30E-07,1.46E-07
4516,0.999772614,1.30E-07,1.46E-07
4518,0.999772873,1.30E-07,1.46E-07
4520,0.999773132,1.29E-07,1.46E-07
4522,0.99977339,1.29E-07,1.45E-07
4524,0.999773649,1.29E-07,1.45E-07
4526,0.999773906,1.29E-07,1.45E-07
4528,0.999774163,1.29E-07,1.45E-07
4530,0.99977442,1.28E-07,1.45E-07
4532,0.999774677,1.28E-07,1.44E-07
4534,0.999774933,1.28E-07,1.44E-07
4536,0.999775189,1.28E-07,1.44E-07
4538,0.999775444,1.28E-07,1.44E-07
4540,0.999775699,1.27E-07,1.43E-07
4542,0.999775953,1.27E-07,1.43E-07
4544,0.999776207,1.27E-07,1.43E-07
4546,0.999776461,1.27E-07,1.43E-07
4548,0.999776714,1.27E-07,1.43E-07
4550,0.999776967,1.26E-07,1.42E-07
4552,0.99977722,1.26E-07,1.42E-07
4554,0.999777472,1.26E-07,1.42E-07
4556,0.999777724,1.26E-07,1.42E-07
4558,0.999777975,1.26E-07,1.41E-07
4560,0.999778226,1.25E-07,1.41E-07
4562,0.999778476,1.25E-07,1.41E-07
4564,0.999778727,1.25E-07,1.41E-07
4566,0.999778976,1.25E-07,1.41E-07
4568,0.999779226,1.25E-07,1.40E-07
4570,0.999779475,1.25E-07,1.40E-07
4572,0.999779723,1.24E-07,1.40E-07
4574,0.999779972,1.24E-07,1.40E-07
4576,0.99978022,1.24E-07,1.40E-07
4578,0.999780467,1.24E-07,1.39E-07
4580,0.999780714,1.24E-07,1.39E-07
4582,0.999780961,1.23E-07,1.39E-07
4584,0.999781207,1.23E-07,1.39E-07
4586,0.999781453,1.23E-07,1.38E-07
4588,0.999781699,1.23E-07,1.38E-07
4590,0.999781944,1.23E-07,1.38E-07
4592,0.999782189,1.22E-07,1.38E-07
4594,0.999782433,1.22E-07,1.38E-07
4596,0.999782677,1.22E-07,1.37E-07
4598,0.999782921,1.22E-07,1.37E-07
4600,0.999783164,1.22E-07,1.37E-07
4602,0.999783407,1.21E-07,1.37E-07
4604,0.99978365,1.21E-07,1.37E-07
4606,0.999783892,1.21E-07,1.36E-07
4608,0.999784134,1.21E-07,1.36E-07
4610,0.999784375,1.21E-07,1.36E-07
4612,0.999784616,1.21E-07,1.36E-07
4614,0.999784857,1.20E-07,1.36E-07
4616,0.999785097,1.20E-07,1.35E-07
4618,0.999785337,1.20E-07,1.35E-07
4620,0.999785577,1.20E-07,1.35E-07
4622,0.999785816,1.20E-07,1.35E-07
4624,0.999786055,1.19E-07,1.35E-07
4626,0.999786294,1.19E-07,1.34E-07
4628,0.999786532,1.19E-07,1.34E-07
4630,0.99978677,1.19E-07,1.34E-07
4632,0.999787007,1.19E-07,1.34E-07
4634,0.999787244,1.19E-07,1.33E-07
4636,0.999787481,1.18E-07,1.33E-07
4638,0.999787717,1.18E-07,1.33E-07
4640,0.999787953,1.18E-07,1.33E-07
4642,0.999788189,1.18E-07,1.33E-07
4644,0.999788424,1.18E-07,1.33E-07
4646,0.999788659,1.17E-07,1.32E-07
4648,0.999788894,1.17E-07,1.32E-07
4650,0.999789128,1.17E-07,1.32E-07
4652,0.999789362,1.17E-07,1.32E-07
4654,0.999789595,1.17E-07,1.32E-07
4656,0.999789828,1.17E-07,1.31E-07
4658,0.999790061,1.16E-07,1.31E-07
4660,0.999790293,1.16E-07,1.31E-07
4662,0.999790526,1.16E-07,1.31E-07
4664,0.999790757,1.16E-07,1.31E-07
4666,0.999790989,1.16E-07,1.30E-07
4668,0.99979122,1.16E-07,1.30E-07
4670,0.99979145,1.15E-07,1.30E-07
4672,0.999791681,1.15E-07,1.30E-07
4674,0.999791911,1.15E-07,1.30E-07
4676,0.99979214,1.15E-07,1.29E-07
4678,0.99979237,1.15E-07,1.29E-07
4680,0.999792598,1.14E-07,1.29E-07
4682,0.999792827,1.14E-07,1.29E-07
4684,0.999793055,1.14E-07,1.29E-07
4686,0.999793283,1.14E-07,1.28E-07
4688,0.999793511,1.14E-07,1.28E-07
4690,0.999793738,1.14E-07,1.28E-07
4692,0.999793965,1.13E-07,1.28E-07
4694,0.999794191,1.13E-07,1.28E-07
4696,0.999794418,1.13E-07,1.27E-07
4698,0.999794643,1.13E-07,1.27E-07
4700,0.999794869,1.13E-07,1.27E-07
4702,0.999795094,1.13E-07,1.27E-07
4704,0.999795319,1.12E-07,1.27E-07
4706,0.999795543,1.12E-07,1.26E-07
4708,0.999795768,1.12E-07,1.26E-07
4710,0.999795991,1.12E-07,1.26E-07
4712,0.999796215,1.12E-07,1.26E-07
4714,0.999796438,1.12E-07,1.26E-07
4716,0.999796661,1.11E-07,1.26E-07
4718,0.999796883,1.11E-07,1.25E-07
4720,0.999797105,1.11E-07,1.25E-07
4722,0.999797327,1.11E-07,1.25E-07
4724,0.999797549,1.11E-07,1.25E-07
4726,0.99979777,1.11E-07,1.25E-07
4728,0.999797991,1.10E-07,1.24E-07
4730,0.999798211,1.10E-07,1.24E-07
4732,0.999798431,1.10E-07,1.24E-07
4734,0.999798651,1.10E-07,1.24E-07
4736,0.999798871,1.10E-07,1.24E-07
4738,0.99979909,1.10E-07,1.24E-07
4740,0.999799309,1.09E-07,1.23E-07
4742,0.999799527,1.09E-07,1.23E-07
4744,0.999799745,1.09E-07,1.23E-07
4746,0.999799963,1.09E-07,1.23E-07
4748,0.999800181,1.09E-07,1.23E-07
4750,0.999800398,1.09E-07,1.22E-07
4752,0.999800615,1.08E-07,1.22E-07
4754,0.999800831,1.08E-07,1.22E-07
4756,0.999801048,1.08E-07,1.22E-07
4758,0.999801264,1.08E-07,1.22E-07
4760,0.999801479,1.08E-07,1.22E-07
4762,0.999801694,1.08E-07,1.21E-07
4764,0.999801909,1.07E-07,1.21E-07
4766,0.999802124,1.07E-07,1.21E-07
4768,0.999802338,1.07E-07,1.21E-07
4770,0.999802552,1.07E-07,1.21E-07
4772,0.999802766,1.07E-07,1.20E-07
4774,0.999802979,1.07E-07,1.20E-07
4776,0.999803193,1.07E-07,1.20E-07
4778,0.999803405,1.06E-07,1.20E-07
4780,0.999803618,1.06E-07,1.20E-07
4782,0.99980383,1.06E-07,1.20E-07
4784,0.999804042,1.06E-07,1.19E-07
4786,0.999804253,1.06E-07,1.19E-07
4788,0.999804464,1.06E-07,1.19E-07
4790,0.999804675,1.05E-07,1.19E-07
4792,0.999804886,1.05E-07,1.19E-07
4794,0.999805096,1.05E-07,1.19E-07
4796,0.999805306,1.05E-07,1.18E-07
4798,0.999805515,1.05E-07,1.18E-07
4800,0.999805725,1.05E-07,1.18E-07
4802,0.999805934,1.05E-07,1.18E-07
4804,0.999806142,1.04E-07,1.18E-07
4806,0.999806351,1.04E-07,1.18E-07
4808,0.999806559,1.04E-07,1.17E-07
4810,0.999806767,1.04E-07,1.17E-07
4812,0.999806974,1.04E-07,1.17E-07
4814,0.999807181,1.04E-07,1.17E-07
4816,0.999807388,1.03E-07,1.17E-07
4818,0.999807595,1.03E-07,1.17E-07
4820,0.999807801,1.03E-07,1.16E-07
4822,0.999808007,1.03E-07,1.16E-07
4824,0.999808213,1.03E-07,1.16E-07
4826,0.999808418,1.03E-07,1.16E-07
4828,0.999808623,1.03E-07,1.16E-07
4830,0.999808828,1.02E-07,1.15E-07
4832,0.999809032,1.02E-07,1.15E-07
4834,0.999809236,1.02E-07,1.15E-07
4836,0.99980944,1.02E-07,1.15E-07
4838,0.999809644,1.02E-07,1.15E-07
4840,0.999809847,1.02E-07,1.15E-07
4842,0.99981005,1.01E-07,1.15E-07
4844,0.999810253,1.01E-07,1.14E-07
4846,0.999810455,1.01E-07,1.14E-07
4848,0.999810657,1.01E-07,1.14E-07
4850,0.999810859,1.01E-07,1.14E-07
4852,0.99981106,1.01E-07,1.14E-07
4854,0.999811261,1.01E-07,1.14E-07
4856,0.999811462,1.00E-07,1.13E-07
4858,0.999811663,1.00E-07,1.13E-07
4860,0.999811863,1.00E-07,1.13E-07
4862,0.999812063,1.00E-07,1.13E-07
4864,0.999812263,9.99E-08,1.13E-07
4866,0.999812462,9.97E-08,1.13E-07
4868,0.999812661,9.96E-08,1.12E-07
4870,0.99981286,9.94E-08,1.12E-07
4872,0.999813059,9.93E-08,1.12E-07
4874,0.999813257,9.91E-08,1.12E-07
4876,0.999813455,9.90E-08,1.12E-07
4878,0.999813653,9.88E-08,1.12E-07
4880,0.99981385,9.87E-08,1.11E-07
4882,0.999814047,9.86E-08,1.11E-07
4884,0.999814244,9.84E-08,1.11E-07
4886,0.999814441,9.83E-08,1.11E-07
4888,0.999814637,9.81E-08,1.11E-07
4890,0.999814833,9.80E-08,1.11E-07
4892,0.999815029,9.78E-08,1.10E-07
4894,0.999815224,9.77E-08,1.10E-07
4896,0.999815419,9.76E-08,1.10E-07
4898,0.999815614,9.74E-08,1.10E-07
4900,0.999815809,9.73E-08,1.10E-07
4902,0.999816003,9.71E-08,1.10E-07
4904,0.999816197,9.70E-08,1.10E-07
4906,0.999816391,9.69E-08,1.09E-07
4908,0.999816584,9.67E-08,1.09E-07
4910,0.999816777,9.66E-08,1.09E-07
4912,0.99981697,9.64E-08,1.09E-07
4914,0.999817163,9.63E-08,1.09E-07
4916,0.999817355,9.62E-08,1.09E-07
4918,0.999817547,9.60E-08,1.08E-07
4920,0.999817739,9.59E-08,1.08E-07
4922,0.99981793,9.58E-08,1.08E-07
4924,0.999818122,9.56E-08,1.08E-07
4926,0.999818313,9.55E-08,1.08E-07
4928,0.999818503,9.53E-08,1.08E-07
4930,0.999818694,9.52E-08,1.07E-07
4932,0.999818884,9.51E-08,1.07E-07
4934,0.999819074,9.49E-08,1.07E-07
4936,0.999819263,9.48E-08,1.07E-07
4938,0.999819452,9.47E-08,1.07E-07
4940,0.999819642,9.45E-08,1.07E-07
4942,0.99981983,9.44E-08,1.07E-07
4944,0.999820019,9.42E-08,1.06E-07
4946,0.999820207,9.41E-08,1.06E-07
4948,0.999820395,9.40E-08,1.06E-07
4950,0.999820583,9.38E-08,1.06E-07
4952,0.99982077,9.37E-08,1.06E-07
4954,0.999820957,9.36E-08,1.06E-07
4956,0.999821144,9.34E-08,1.06E-07
4958,0.999821331,9.33E-08,1.05E-07
4960,0.999821517,9.32E-08,1.05E-07
4962,0.999821703,9.30E-08,1.05E-07
4964,0.999821889,9.29E-08,1.05E-07
4966,0.999822075,9.28E-08,1.05E-07
4968,0.99982226,9.26E-08,1.05E-07
4970,0.999822445,9.25E-08,1.04E-07
4972,0.99982263,9.24E-08,1.04E-07
4974,0.999822814,9.22E-08,1.04E-07
4976,0.999822998,9.21E-08,1.04E-07
4978,0.999823182,9.20E-08,1.04E-07
4980,0.999823366,9.19E-08,1.04E-07
4982,0.999823549,9.17E-08,1.04E-07
4984,0.999823733,9.16E-08,1.03E-07
4986,0.999823916,9.15E-08,1.03E-07
4988,0.999824098,9.13E-08,1.03E-07
4990,0.999824281,9.12E-08,1.03E-07
4992,0.999824463,9.11E-08,1.03E-07
4994,0.999824645,9.09E-08,1.03E-07
4996,0.999824826,9.08E-08,1.03E-07
4998,0.999825008,9.07E-08,1.02E-07
5000,0.999825189,9.06E-08,1.02E-07
5002,0.99982537,9.04E-08,1.02E-07
5004,0.99982555,9.03E-08,1.02E-07
5006,0.999825731,9.02E-08,1.02E-07
5008,0.999825911,9.00E-08,1.02E-07
5010,0.999826091,8.99E-08,1.02E-07
5012,0.99982627,8.98E-08,1.01E-07
5014,0.999826449,8.97E-08,1.01E-07
5016,0.999826628,8.95E-08,1.01E-07
5018,0.999826807,8.94E-08,1.01E-07
5020,0.999826986,8.93E-08,1.01E-07
5022,0.999827164,8.92E-08,1.01E-07
5024,0.999827342,8.90E-08,1.01E-07
5026,0.99982752,8.89E-08,1.00E-07
5028,0.999827698,8.88E-08,1.00E-07
5030,0.999827875,8.87E-08,1.00E-07
5032,0.999828052,8.85E-08,1.00E-07
5034,0.999828229,8.84E-08,9.99E-08
5036,0.999828405,8.83E-08,9.98E-08
5038,0.999828582,8.82E-08,9.96E-08
5040,0.999828758,8.80E-08,9.95E-08
5042,0.999828934,8.79E-08,9.93E-08
5044,0.999829109,8.78E-08,9.92E-08
5046,0.999829284,8.77E-08,9.91E-08
5048,0.99982946,8.75E-08,9.89E-08
5050,0.999829634,8.74E-08,9.88E-08
5052,0.999829809,8.73E-08,9.86E-08
5054,0.999829983,8.72E-08,9.85E-08
5056,0.999830157,8.70E-08,9.84E-08
5058,0.999830331,8.69E-08,9.83E-08
5060,0.999830505,8.68E-08,9.81E-08
5062,0.999830678,8.67E-08,9.80E-08
5064,0.999830851,8.66E-08,9.78E-08
5066,0.999831024,8.64E-08,9.77E-08
5068,0.999831197,8.63E-08,9.76E-08
5070,0.999831369,8.62E-08,9.74E-08
5072,0.999831541,8.61E-08,9.73E-08
5074,0.999831713,8.60E-08,9.71E-08
5076,0.999831885,8.58E-08,9.71E-08
5078,0.999832056,8.57E-08,9.69E-08
5080,0.999832228,8.56E-08,9.68E-08
5082,0.999832399,8.55E-08,9.66E-08
5084,0.999832569,8.54E-08,9.65E-08
5086,0.99983274,8.52E-08,9.64E-08
5088,0.99983291,8.51E-08,9.62E-08
5090,0.99983308,8.50E-08,9.61E-08
5092,0.99983325,8.49E-08,9.60E-08
5094,0.999833419,8.48E-08,9.58E-08
5096,0.999833589,8.46E-08,9.57E-08
5098,0.999833758,8.45E-08,9.56E-08
5100,0.999833927,8.44E-08,9.54E-08
5102,0.999834095,8.43E-08,9.53E-08
5104,0.999834263,8.42E-08,9.52E-08
5106,0.999834432,8.41E-08,9.51E-08
5108,0.999834599,8.39E-08,9.49E-08
5110,0.999834767,8.38E-08,9.48E-08
5112,0.999834935,8.37E-08,9.46E-08
5114,0.999835102,8.36E-08,9.45E-08
5116,0.999835269,8.35E-08,9.44E-08
5118,0.999835435,8.34E-08,9.43E-08
5120,0.999835602,8.32E-08,9.41E-08
5122,0.999835768,8.31E-08,9.40E-08
5124,0.999835934,8.30E-08,9.39E-08
5126,0.9998361,8.29E-08,9.38E-08
5128,0.999836266,8.28E-08,9.36E-08
5130,0.999836431,8.27E-08,9.35E-08
5132,0.999836596,8.26E-08,9.33E-08
5134,0.999836761,8.24E-08,9.32E-08
5136,0.999836926,8.23E-08,9.31E-08
5138,0.99983709,8.22E-08,9.30E-08
5140,0.999837254,8.21E-08,9.28E-08
5142,0.999837418,8.20E-08,9.27E-08
5144,0.999837582,8.19E-08,9.26E-08
5146,0.999837745,8.18E-08,9.25E-08
5148,0.999837909,8.17E-08,9.23E-08
5150,0.999838072,8.15E-08,9.22E-08
5152,0.999838235,8.14E-08,9.21E-08
5154,0.999838397,8.13E-08,9.20E-08
5156,0.99983856,8.12E-08,9.19E-08
5158,0.999838722,8.11E-08,9.17E-08
5160,0.999838884,8.10E-08,9.16E-08
5162,0.999839046,8.09E-08,9.15E-08
5164,0.999839207,8.08E-08,9.14E-08
5166,0.999839368,8.06E-08,9.12E-08
5168,0.999839529,8.05E-08,9.11E-08
5170,0.99983969,8.04E-08,9.10E-08
5172,0.999839851,8.03E-08,9.09E-08
5174,0.999840011,8.02E-08,9.07E-08
5176,0.999840172,8.01E-08,9.06E-08
5178,0.999840332,8.00E-08,9.05E-08
5180,0.999840491,7.99E-08,9.04E-08
5182,0.999840651,7.98E-08,9.02E-08
5184,0.99984081,7.97E-08,9.01E-08
5186,0.999840969,7.95E-08,9.00E-08
5188,0.999841128,7.94E-08,8.98E-08
5190,0.999841287,7.93E-08,8.98E-08
5192,0.999841445,7.92E-08,8.96E-08
5194,0.999841603,7.91E-08,8.95E-08
5196,0.999841761,7.90E-08,8.94E-08
5198,0.999841919,7.89E-08,8.93E-08
5200,0.999842077,7.88E-08,8.92E-08
5202,0.999842234,7.87E-08,8.90E-08
5204,0.999842391,7.86E-08,8.89E-08
5206,0.999842548,7.85E-08,8.88E-08
5208,0.999842705,7.84E-08,8.87E-08
5210,0.999842861,7.83E-08,8.85E-08
5212,0.999843018,7.81E-08,8.84E-08
5214,0.999843174,7.80E-08,8.83E-08
5216,0.99984333,7.79E-08,8.82E-08
5218,0.999843485,7.78E-08,8.81E-08
5220,0.999843641,7.77E-08,8.79E-08
5222,0.999843796,7.76E-08,8.78E-08
5224,0.999843951,7.75E-08,8.77E-08
5226,0.999844106,7.74E-08,8.76E-08
5228,0.99984426,7.73E-08,8.75E-08
5230,0.999844415,7.72E-08,8.73E-08
5232,0.999844569,7.71E-08,8.73E-08
5234,0.999844723,7.70E-08,8.71E-08
5236,0.999844877,7.69E-08,8.70E-08
5238,0.99984503,7.68E-08,8.69E-08
5240,0.999845184,7.67E-08,8.68E-08
5242,0.999845337,7.66E-08,8.67E-08
5244,0.99984549,7.65E-08,8.65E-08
5246,0.999845642,7.64E-08,8.64E-08
5248,0.999845795,7.63E-08,8.63E-08
5250,0.999845947,7.62E-08,8.62E-08
5252,0.999846099,7.60E-08,8.61E-08
5254,0.999846251,7.59E-08,8.59E-08
5256,0.999846403,7.58E-08,8.59E-08
5258,0.999846554,7.57E-08,8.57E-08
5260,0.999846706,7.56E-08,8.56E-08
5262,0.999846857,7.55E-08,8.55E-08
5264,0.999847007,7.54E-08,8.54E-08
5266,0.999847158,7.53E-08,8.53E-08
5268,0.999847309,7.52E-08,8.52E-08
5270,0.999847459,7.51E-08,8.50E-08
5272,0.999847609,7.50E-08,8.49E-08
5274,0.999847759,7.49E-08,8.48E-08
5276,0.999847908,7.48E-08,8.47E-08
5278,0.999848058,7.47E-08,8.46E-08
5280,0.999848207,7.46E-08,8.45E-08
5282,0.999848356,7.45E-08,8.44E-08
5284,0.999848505,7.44E-08,8.43E-08
5286,0.999848654,7.43E-08,8.41E-08
5288,0.999848802,7.42E-08,8.41E-08
5290,0.99984895,7.41E-08,8.39E-08
5292,0.999849098,7.40E-08,8.38E-08
5294,0.999849246,7.39E-08,8.37E-08
5296,0.999849394,7.38E-08,8.36E-08
5298,0.999849541,7.37E-08,8.35E-08
5300,0.999849689,7.36E-08,8.34E-08
5302,0.999849836,7.35E-08,8.32E-08
5304,0.999849983,7.34E-08,8.32E-08
5306,0.999850129,7.33E-08,8.30E-08
5308,0.999850276,7.32E-08,8.29E-08
5310,0.999850422,7.31E-08,8.28E-08
5312,0.999850568,7.30E-08,8.27E-08
5314,0.999850714,7.29E-08,8.26E-08
5316,0.99985086,7.28E-08,8.25E-08
5318,0.999851005,7.27E-08,8.24E-08
5320,0.99985115,7.26E-08,8.23E-08
5322,0.999851296,7.26E-08,8.22E-08
5324,0.99985144,7.25E-08,8.20E-08
5326,0.999851585,7.24E-08,8.19E-08
5328,0.99985173,7.23E-08,8.19E-08
5330,0.999851874,7.22E-08,8.17E-08
5332,0.999852018,7.21E-08,8.16E-08
5334,0.999852162,7.20E-08,8.15E-08
5336,0.999852306,7.19E-08,8.14E-08
5338,0.999852449,7.18E-08,8.13E-08
5340,0.999852593,7.17E-08,8.12E-08
5342,0.999852736,7.16E-08,8.11E-08
5344,0.999852879,7.15E-08,8.10E-08
5346,0.999853022,7.14E-08,8.09E-08
5348,0.999853164,7.13E-08,8.07E-08
5350,0.999853307,7.12E-08,8.07E-08
5352,0.999853449,7.11E-08,8.06E-08
5354,0.999853591,7.10E-08,8.04E-08
5356,0.999853733,7.09E-08,8.03E-08
5358,0.999853875,7.08E-08,8.03E-08
5360,0.999854016,7.07E-08,8.01E-08
5362,0.999854157,7.06E-08,8.00E-08
5364,0.999854298,7.06E-08,7.99E-08
5366,0.999854439,7.05E-08,7.98E-08
5368,0.99985458,7.04E-08,7.97E-08
5370,0.999854721,7.03E-08,7.96E-08
5372,0.999854861,7.02E-08,7.95E-08
5374,0.999855001,7.01E-08,7.94E-08
5376,0.999855141,7.00E-08,7.93E-08
5378,0.999855281,6.99E-08,7.92E-08
5380,0.999855421,6.98E-08,7.91E-08
5382,0.99985556,6.97E-08,7.90E-08
5384,0.999855699,6.96E-08,7.89E-08
5386,0.999855838,6.95E-08,7.88E-08
5388,0.999855977,6.94E-08,7.87E-08
5390,0.999856116,6.93E-08,7.86E-08
5392,0.999856254,6.93E-08,7.85E-08
5394,0.999856393,6.92E-08,7.84E-08
5396,0.999856531,6.91E-08,7.83E-08
5398,0.999856669,6.90E-08,7.82E-08
5400,0.999856807,6.89E-08,7.80E-08
5402,0.999856944,6.88E-08,7.80E-08
5404,0.999857082,6.87E-08,7.79E-08
5406,0.999857219,6.86E-08,7.77E-08
5408,0.999857356,6.85E-08,7.76E-08
5410,0.999857493,6.84E-08,7.76E-08
5412,0.99985763,6.84E-08,7.75E-08
5414,0.999857766,6.83E-08,7.73E-08
5416,0.999857902,6.82E-08,7.73E-08
5418,0.999858039,6.81E-08,7.72E-08
5420,0.999858175,6.80E-08,7.70E-08
5422,0.99985831,6.79E-08,7.69E-08
5424,0.999858446,6.78E-08,7.69E-08
5426,0.999858582,6.77E-08,7.68E-08
5428,0.999858717,6.76E-08,7.66E-08
5430,0.999858852,6.75E-08,7.66E-08
5432,0.999858987,6.75E-08,7.65E-08
5434,0.999859122,6.74E-08,7.64E-08
5436,0.999859256,6.73E-08,7.62E-08
5438,0.999859391,6.72E-08,7.62E-08
5440,0.999859525,6.71E-08,7.61E-08
5442,0.999859659,6.70E-08,7.60E-08
5444,0.999859793,6.69E-08,7.59E-08
5446,0.999859926,6.68E-08,7.58E-08
5448,0.99986006,6.68E-08,7.57E-08
5450,0.999860193,6.67E-08,7.56E-08
5452,0.999860326,6.66E-08,7.55E-08
5454,0.999860459,6.65E-08,7.54E-08
5456,0.999860592,6.64E-08,7.53E-08
5458,0.999860725,6.63E-08,7.52E-08
5460,0.999860857,6.62E-08,7.51E-08
5462,0.99986099,6.61E-08,7.50E-08
5464,0.999861122,6.61E-08,7.49E-08
5466,0.999861254,6.60E-08,7.48E-08
5468,0.999861385,6.59E-08,7.47E-08
5470,0.999861517,6.58E-08,7.46E-08
5472,0.999861648,6.57E-08,7.45E-08
5474,0.99986178,6.56E-08,7.44E-08
5476,0.999861911,6.55E-08,7.43E-08
5478,0.999862042,6.55E-08,7.42E-08
5480,0.999862173,6.54E-08,7.41E-08
5482,0.999862303,6.53E-08,7.40E-08
5484,0.999862434,6.52E-08,7.39E-08
5486,0.999862564,6.51E-08,7.38E-08
5488,0.999862694,6.50E-08,7.38E-08
5490,0.999862824,6.50E-08,7.36E-08
5492,0.999862954,6.49E-08,7.35E-08
5494,0.999863083,6.48E-08,7.35E-08
5496,0.999863213,6.47E-08,7.34E-08
5498,0.999863342,6.46E-08,7.33E-08
5500,0.999863471,6.45E-08,7.32E-08
5502,0.9998636,6.45E-08,7.31E-08
5504,0.999863728,6.44E-08,7.30E-08
5506,0.999863857,6.43E-08,7.29E-08
5508,0.999863985,6.42E-08,7.28E-08
5510,0.999864114,6.41E-08,7.27E-08
5512,0.999864242,6.40E-08,7.26E-08
5514,0.99986437,6.40E-08,7.25E-08
5516,0.999864497,6.39E-08,7.24E-08
5518,0.999864625,6.38E-08,7.23E-08
5520,0.999864752,6.37E-08,7.22E-08
5522,0.99986488,6.36E-08,7.22E-08
5524,0.999865007,6.35E-08,7.21E-08
5526,0.999865134,6.35E-08,7.20E-08
5528,0.99986526,6.34E-08,7.19E-08
5530,0.999865387,6.33E-08,7.18E-08
5532,0.999865513,6.32E-08,7.17E-08
5534,0.99986564,6.31E-08,7.16E-08
5536,0.999865766,6.31E-08,7.15E-08
5538,0.999865892,6.30E-08,7.14E-08
5540,0.999866018,6.29E-08,7.13E-08
5542,0.999866143,6.28E-08,7.13E-08
5544,0.999866269,6.27E-08,7.12E-08
5546,0.999866394,6.27E-08,7.11E-08
5548,0.999866519,6.26E-08,7.10E-08
5550,0.999866644,6.25E-08,7.09E-08
5552,0.999866769,6.24E-08,7.08E-08
5554,0.999866894,6.23E-08,7.07E-08
5556,0.999867018,6.23E-08,7.06E-08
5558,0.999867142,6.22E-08,7.05E-08
5560,0.999867267,6.21E-08,7.04E-08
5562,0.999867391,6.20E-08,7.04E-08
5564,0.999867515,6.19E-08,7.03E-08
5566,0.999867638,6.19E-08,7.02E-08
5568,0.999867762,6.18E-08,7.01E-08
5570,0.999867885,6.17E-08,7.00E-08
5572,0.999868008,6.16E-08,6.99E-08
5574,0.999868131,6.15E-08,6.98E-08
5576,0.999868254,6.15E-08,6.97E-08
5578,0.999868377,6.14E-08,6.96E-08
5580,0.9998685,6.13E-08,6.95E-08
5582,0.999868622,6.12E-08,6.95E-08
5584,0.999868744,6.11E-08,6.94E-08
5586,0.999868867,6.11E-08,6.93E-08
5588,0.999868989,6.10E-08,6.92E-08
5590,0.99986911,6.09E-08,6.91E-08
5592,0.999869232,6.08E-08,6.90E-08
5594,0.999869354,6.08E-08,6.89E-08
5596,0.999869475,6.07E-08,6.89E-08
5598,0.999869596,6.06E-08,6.88E-08
5600,0.999869717,6.05E-08,6.87E-08
5602,0.999869838,6.04E-08,6.86E-08
5604,0.999869959,6.04E-08,6.85E-08
5606,0.999870079,6.03E-08,6.84E-08
5608,0.9998702,6.02E-08,6.83E-08
5610,0.99987032,6.01E-08,6.83E-08
5612,0.99987044,6.01E-08,6.82E-08
5614,0.99987056,6.00E-08,6.81E-08
5616,0.99987068,5.99E-08,6.80E-08
5618,0.9998708,5.98E-08,6.79E-08
5620,0.999870919,5.98E-08,6.78E-08
5622,0.999871039,5.97E-08,6.78E-08
5624,0.999871158,5.96E-08,6.77E-08
5626,0.999871277,5.95E-08,6.76E-08
5628,0.999871396,5.95E-08,6.75E-08
5630,0.999871515,5.94E-08,6.74E-08
5632,0.999871633,5.93E-08,6.73E-08
5634,0.999871752,5.92E-08,6.72E-08
5636,0.99987187,5.92E-08,6.72E-08
5638,0.999871988,5.91E-08,6.71E-08
5640,0.999872106,5.90E-08,6.70E-08
5642,0.999872224,5.89E-08,6.69E-08
5644,0.999872342,5.89E-08,6.68E-08
5646,0.999872459,5.88E-08,6.67E-08
5648,0.999872577,5.87E-08,6.67E-08
5650,0.999872694,5.86E-08,6.66E-08
5652,0.999872811,5.86E-08,6.65E-08
5654,0.999872928,5.85E-08,6.64E-08
5656,0.999873045,5.84E-08,6.63E-08
5658,0.999873162,5.83E-08,6.62E-08
5660,0.999873278,5.83E-08,6.61E-08
5662,0.999873395,5.82E-08,6.61E-08
5664,0.999873511,5.81E-08,6.60E-08
5666,0.999873627,5.80E-08,6.59E-08
5668,0.999873743,5.80E-08,6.58E-08
5670,0.999873859,5.79E-08,6.57E-08
5672,0.999873974,5.78E-08,6.56E-08
5674,0.99987409,5.78E-08,6.56E-08
5676,0.999874205,5.77E-08,6.55E-08
5678,0.999874321,5.76E-08,6.54E-08
5680,0.999874436,5.75E-08,6.53E-08
5682,0.999874551,5.75E-08,6.53E-08
5684,0.999874665,5.74E-08,6.52E-08
5686,0.99987478,5.73E-08,6.51E-08
5688,0.999874894,5.73E-08,6.50E-08
5690,0.999875009,5.72E-08,6.49E-08
5692,0.999875123,5.71E-08,6.48E-08
5694,0.999875237,5.70E-08,6.48E-08
5696,0.999875351,5.70E-08,6.47E-08
5698,0.999875465,5.69E-08,6.46E-08
5700,0.999875579,5.68E-08,6.45E-08
5702,0.999875692,5.68E-08,6.45E-08
5704,0.999875805,5.67E-08,6.44E-08
5706,0.999875919,5.66E-08,6.43E-08
5708,0.999876032,5.65E-08,6.42E-08
5710,0.999876145,5.65E-08,6.41E-08
5712,0.999876257,5.64E-08,6.40E-08
5714,0.99987637,5.63E-08,6.40E-08
5716,0.999876483,5.63E-08,6.39E-08
5718,0.999876595,5.62E-08,6.38E-08
5720,0.999876707,5.61E-08,6.38E-08
5722,0.999876819,5.60E-08,6.37E-08
5724,0.999876931,5.60E-08,6.36E-08
5726,0.999877043,5.59E-08,6.35E-08
5728,0.999877155,5.58E-08,6.34E-08
5730,0.999877266,5.58E-08,6.33E-08
5732,0.999877378,5.57E-08,6.33E-08
5734,0.999877489,5.56E-08,6.32E-08
5736,0.9998776,5.56E-08,6.31E-08
5738,0.999877711,5.55E-08,6.30E-08
5740,0.999877822,5.54E-08,6.30E-08
5742,0.999877933,5.54E-08,6.29E-08
5744,0.999878043,5.53E-08,6.28E-08
5746,0.999878154,5.52E-08,6.27E-08
5748,0.999878264,5.52E-08,6.26E-08
5750,0.999878374,5.51E-08,6.26E-08
5752,0.999878484,5.50E-08,6.25E-08
5754,0.999878594,5.49E-08,6.24E-08
5756,0.999878704,5.49E-08,6.23E-08
5758,0.999878813,5.48E-08,6.23E-08
5760,0.999878923,5.47E-08,6.22E-08
5762,0.999879032,5.47E-08,6.21E-08
5764,0.999879142,5.46E-08,6.20E-08
5766,0.999879251,5.45E-08,6.20E-08
5768,0.99987936,5.45E-08,6.19E-08
5770,0.999879468,5.44E-08,6.18E-08
5772,0.999879577,5.43E-08,6.17E-08
5774,0.999879686,5.43E-08,6.17E-08
5776,0.999879794,5.42E-08,6.16E-08
5778,0.999879902,5.41E-08,6.15E-08
5780,0.99988001,5.41E-08,6.14E-08
5782,0.999880118,5.40E-08,6.13E-08
5784,0.999880226,5.39E-08,6.13E-08
5786,0.999880334,5.39E-08,6.12E-08
5788,0.999880442,5.38E-08,6.11E-08
5790,0.999880549,5.37E-08,6.11E-08
5792,0.999880656,5.37E-08,6.10E-08
5794,0.999880764,5.36E-08,6.09E-08
5796,0.999880871,5.35E-08,6.08E-08
5798,0.999880978,5.35E-08,6.08E-08
5800,0.999881084,5.34E-08,6.07E-08
5802,0.999881191,5.33E-08,6.06E-08
5804,0.999881298,5.33E-08,6.05E-08
5806,0.999881404,5.32E-08,6.05E-08
5808,0.99988151,5.31E-08,6.04E-08
5810,0.999881617,5.31E-08,6.03E-08
5812,0.999881723,5.30E-08,6.02E-08
5814,0.999881829,5.29E-08,6.02E-08
5816,0.999881934,5.29E-08,6.01E-08
5818,0.99988204,5.28E-08,6.00E-08
5820,0.999882145,5.28E-08,5.99E-08
5822,0.999882251,5.27E-08,5.99E-08
5824,0.999882356,5.26E-08,5.98E-08
5826,0.999882461,5.26E-08,5.97E-08
5828,0.999882566,5.25E-08,5.97E-08
5830,0.999882671,5.24E-08,5.96E-08
5832,0.999882776,5.24E-08,5.95E-08
5834,0.99988288,5.23E-08,5.94E-08
5836,0.999882985,5.22E-08,5.94E-08
5838,0.999883089,5.22E-08,5.93E-08
5840,0.999883193,5.21E-08,5.92E-08
5842,0.999883298,5.20E-08,5.92E-08
5844,0.999883402,5.20E-08,5.91E-08
5846,0.999883505,5.19E-08,5.90E-08
5848,0.999883609,5.19E-08,5.90E-08
5850,0.999883713,5.18E-08,5.89E-08
5852,0.999883816,5.17E-08,5.88E-08
5854,0.999883919,5.17E-08,5.88E-08
5856,0.999884023,5.16E-08,5.87E-08
5858,0.999884126,5.15E-08,5.86E-08
5860,0.999884229,5.15E-08,5.85E-08
5862,0.999884332,5.14E-08,5.85E-08
5864,0.999884434,5.14E-08,5.84E-08
5866,0.999884537,5.13E-08,5.83E-08
5868,0.999884639,5.12E-08,5.82E-08
5870,0.999884742,5.12E-08,5.82E-08
5872,0.999884844,5.11E-08,5.81E-08
5874,0.999884946,5.10E-08,5.80E-08
5876,0.999885048,5.10E-08,5.80E-08
5878,0.99988515,5.09E-08,5.79E-08
5880,0.999885252,5.09E-08,5.78E-08
5882,0.999885353,5.08E-08,5.77E-08
5884,0.999885455,5.07E-08,5.77E-08
5886,0.999885556,5.07E-08,5.76E-08
5888,0.999885657,5.06E-08,5.75E-08
5890,0.999885758,5.06E-08,5.75E-08
5892,0.999885859,5.05E-08,5.74E-08
5894,0.99988596,5.04E-08,5.73E-08
5896,0.999886061,5.04E-08,5.73E-08
5898,0.999886161,5.03E-08,5.72E-08
5900,0.999886262,5.02E-08,5.71E-08
5902,0.999886362,5.02E-08,5.71E-08
5904,0.999886463,5.01E-08,5.70E-08
5906,0.999886563,5.01E-08,5.69E-08
5908,0.999886663,5.00E-08,5.68E-08
5910,0.999886763,4.99E-08,5.68E-08
5912,0.999886862,4.99E-08,5.67E-08
5914,0.999886962,4.98E-08,5.66E-08
5916,0.999887062,4.98E-08,5.66E-08
5918,0.999887161,4.97E-08,5.65E-08
5920,0.99988726,4.96E-08,5.64E-08
5922,0.999887359,4.96E-08,5.64E-08
5924,0.999887458,4.95E-08,5.63E-08
5926,0.999887557,4.95E-08,5.62E-08
5928,0.999887656,4.94E-08,5.62E-08
5930,0.999887755,4.93E-08,5.61E-08
5932,0.999887853,4.93E-08,5.61E-08
5934,0.999887952,4.92E-08,5.60E-08
5936,0.99988805,4.92E-08,5.59E-08
5938,0.999888148,4.91E-08,5.59E-08
5940,0.999888247,4.90E-08,5.58E-08
5942,0.999888345,4.90E-08,5.57E-08
5944,0.999888442,4.89E-08,5.57E-08
5946,0.99988854,4.89E-08,5.56E-08
5948,0.999888638,4.88E-08,5.55E-08
5950,0.999888735,4.88E-08,5.55E-08
5952,0.999888833,4.87E-08,5.54E-08
5954,0.99988893,4.86E-08,5.53E-08
5956,0.999889027,4.86E-08,5.53E-08
5958,0.999889124,4.85E-08,5.52E-08
5960,0.999889221,4.85E-08,5.51E-08
5962,0.999889318,4.84E-08,5.51E-08
5964,0.999889415,4.83E-08,5.50E-08
5966,0.999889511,4.83E-08,5.49E-08
5968,0.999889608,4.82E-08,5.49E-08
5970,0.999889704,4.82E-08,5.48E-08
5972,0.9998898,4.81E-08,5.47E-08
5974,0.999889896,4.81E-08,5.47E-08
5976,0.999889992,4.80E-08,5.46E-08
5978,0.999890088,4.79E-08,5.45E-08
5980,0.999890184,4.79E-08,5.45E-08
5982,0.99989028,4.78E-08,5.44E-08
5984,0.999890375,4.78E-08,5.43E-08
5986,0.999890471,4.77E-08,5.43E-08
5988,0.999890566,4.77E-08,5.42E-08
5990,0.999890661,4.76E-08,5.41E-08
5992,0.999890756,4.75E-08,5.41E-08
5994,0.999890851,4.75E-08,5.40E-08
5996,0.999890946,4.74E-08,5.40E-08
5998,0.999891041,4.74E-08,5.39E-08
6000,0.999891135,4.73E-08,5.38E-08
6002,0.99989123,4.73E-08,5.38E-08
6004,0.999891324,4.72E-08,5.37E-08
6006,0.999891419,4.72E-08,5.37E-08
6008,0.999891513,4.71E-08,5.36E-08
6010,0.999891607,4.70E-08,5.35E-08
6012,0.999891701,4.70E-08,5.35E-08
6014,0.999891795,4.69E-08,5.34E-08
6016,0.999891889,4.69E-08,5.33E-08
6018,0.999891982,4.68E-08,5.33E-08
6020,0.999892076,4.68E-08,5.32E-08
6022,0.999892169,4.67E-08,5.31E-08
6024,0.999892262,4.66E-08,5.31E-08
6026,0.999892356,4.66E-08,5.30E-08
6028,0.999892449,4.65E-08,5.29E-08
6030,0.999892542,4.65E-08,5.29E-08
6032,0.999892634,4.64E-08,5.28E-08
6034,0.999892727,4.64E-08,5.28E-08
6036,0.99989282,4.63E-08,5.27E-08
6038,0.999892912,4.63E-08,5.27E-08
6040,0.999893005,4.62E-08,5.26E-08
6042,0.999893097,4.62E-08,5.25E-08
6044,0.999893189,4.61E-08,5.25E-08
6046,0.999893281,4.60E-08,5.24E-08
6048,0.999893373,4.60E-08,5.23E-08
6050,0.999893465,4.59E-08,5.23E-08
6052,0.999893557,4.59E-08,5.22E-08
6054,0.999893649,4.58E-08,5.21E-08
6056,0.99989374,4.58E-08,5.21E-08
6058,0.999893832,4.57E-08,5.20E-08
6060,0.999893923,4.57E-08,5.20E-08
6062,0.999894014,4.56E-08,5.19E-08
6064,0.999894105,4.56E-08,5.19E-08
6066,0.999894196,4.55E-08,5.18E-08
6068,0.999894287,4.55E-08,5.18E-08
6070,0.999894378,4.54E-08,5.17E-08
6072,0.999894469,4.53E-08,5.16E-08
6074,0.999894559,4.53E-08,5.16E-08
6076,0.99989465,4.52E-08,5.15E-08
6078,0.99989474,4.52E-08,5.14E-08
6080,0.99989483,4.51E-08,5.14E-08
6082,0.999894921,4.51E-08,5.13E-08
6084,0.999895011,4.50E-08,5.12E-08
6086,0.999895101,4.50E-08,5.12E-08
6088,0.99989519,4.49E-08,5.11E-08
6090,0.99989528,4.49E-08,5.11E-08
6092,0.99989537,4.48E-08,5.10E-08
6094,0.999895459,4.48E-08,5.10E-08
6096,0.999895549,4.47E-08,5.09E-08
6098,0.999895638,4.47E-08,5.08E-08
6100,0.999895727,4.46E-08,5.08E-08
6102,0.999895816,4.46E-08,5.07E-08
6104,0.999895905,4.45E-08,5.06E-08
6106,0.999895994,4.44E-08,5.06E-08
6108,0.999896083,4.44E-08,5.05E-08
6110,0.999896172,4.43E-08,5.05E-08
6112,0.99989626,4.43E-08,5.04E-08
6114,0.999896349,4.42E-08,5.04E-08
6116,0.999896437,4.42E-08,5.03E-08
6118,0.999896526,4.41E-08,5.03E-08
6120,0.999896614,4.41E-08,5.02E-08
6122,0.999896702,4.40E-08,5.01E-08
6124,0.99989679,4.40E-08,5.01E-08
6126,0.999896878,4.39E-08,5.00E-08
6128,0.999896965,4.39E-08,5.00E-08
6130,0.999897053,4.38E-08,4.99E-08
6132,0.999897141,4.38E-08,4.99E-08
6134,0.999897228,4.37E-08,4.98E-08
6136,0.999897315,4.37E-08,4.97E-08
6138,0.999897403,4.36E-08,4.97E-08
6140,0.99989749,4.36E-08,4.96E-08
6142,0.999897577,4.35E-08,4.96E-08
6144,0.999897664,4.35E-08,4.95E-08
6146,0.999897751,4.34E-08,4.94E-08
6148,0.999897837,4.34E-08,4.94E-08
6150,0.999897924,4.33E-08,4.94E-08
6152,0.999898011,4.33E-08,4.93E-08
6154,0.999898097,4.32E-08,4.92E-08
6156,0.999898183,4.32E-08,4.92E-08
6158,0.99989827,4.31E-08,4.91E-08
6160,0.999898356,4.31E-08,4.90E-08
6162,0.999898442,4.30E-08,4.90E-08
6164,0.999898528,4.30E-08,4.89E-08
6166,0.999898614,4.29E-08,4.89E-08
6168,0.999898699,4.29E-08,4.88E-08
6170,0.999898785,4.28E-08,4.88E-08
6172,0.999898871,4.28E-08,4.87E-08
6174,0.999898956,4.27E-08,4.87E-08
6176,0.999899041,4.27E-08,4.86E-08
6178,0.999899127,4.26E-08,4.85E-08
6180,0.999899212,4.26E-08,4.85E-08
6182,0.999899297,4.25E-08,4.85E-08
6184,0.999899382,4.25E-08,4.84E-08
6186,0.999899467,4.24E-08,4.83E-08
6188,0.999899551,4.24E-08,4.83E-08
6190,0.999899636,4.23E-08,4.82E-08
6192,0.999899721,4.23E-08,4.81E-08
6194,0.999899805,4.22E-08,4.81E-08
6196,0.999899889,4.22E-08,4.81E-08
6198,0.999899974,4.21E-08,4.80E-08
6200,0.999900058,4.21E-08,4.80E-08
6202,0.999900142,4.20E-08,4.79E-08
6204,0.999900226,4.20E-08,4.78E-08
6206,0.99990031,4.19E-08,4.78E-08
6208,0.999900394,4.19E-08,4.77E-08
6210,0.999900477,4.18E-08,4.77E-08
6212,0.999900561,4.18E-08,4.76E-08
6214,0.999900644,4.17E-08,4.76E-08
6216,0.999900728,4.17E-08,4.75E-08
6218,0.999900811,4.17E-08,4.75E-08
6220,0.999900894,4.16E-08,4.74E-08
6222,0.999900977,4.16E-08,4.73E-08
6224,0.99990106,4.15E-08,4.73E-08
6226,0.999901143,4.15E-08,4.73E-08
6228,0.999901226,4.14E-08,4.72E-08
6230,0.999901309,4.14E-08,4.71E-08
6232,0.999901392,4.13E-08,4.71E-08
6234,0.999901474,4.13E-08,4.70E-08
6236,0.999901557,4.12E-08,4.70E-08
6238,0.999901639,4.12E-08,4.69E-08
6240,0.999901721,4.11E-08,4.69E-08
6242,0.999901803,4.11E-08,4.68E-08
6244,0.999901885,4.10E-08,4.68E-08
6246,0.999901967,4.10E-08,4.67E-08
6248,0.999902049,4.09E-08,4.66E-08
6250,0.999902131,4.09E-08,4.66E-08
6252,0.999902213,4.08E-08,4.66E-08
6254,0.999902294,4.08E-08,4.65E-08
6256,0.999902376,4.08E-08,4.64E-08
6258,0.999902457,4.07E-08,4.64E-08
6260,0.999902539,4.07E-08,4.63E-08
6262,0.99990262,4.06E-08,4.63E-08
6264,0.999902701,4.06E-08,4.62E-08
6266,0.999902782,4.05E-08,4.62E-08
6268,0.999902863,4.05E-08,4.61E-08
6270,0.999902944,4.04E-08,4.61E-08
6272,0.999903025,4.04E-08,4.60E-08
6274,0.999903105,4.03E-08,4.60E-08
6276,0.999903186,4.03E-08,4.59E-08
6278,0.999903266,4.02E-08,4.59E-08
6280,0.999903347,4.02E-08,4.58E-08
6282,0.999903427,4.02E-08,4.58E-08
6284,0.999903507,4.01E-08,4.57E-08
6286,0.999903587,4.01E-08,4.57E-08
6288,0.999903667,4.00E-08,4.56E-08
6290,0.999903747,4.00E-08,4.56E-08
6292,0.999903827,3.99E-08,4.55E-08
6294,0.999903907,3.99E-08,4.55E-08
6296,0.999903987,3.98E-08,4.54E-08
6298,0.999904066,3.98E-08,4.54E-08
6300,0.999904146,3.97E-08,4.53E-08
6302,0.999904225,3.97E-08,4.53E-08
6304,0.999904304,3.97E-08,4.52E-08
6306,0.999904384,3.96E-08,4.51E-08
6308,0.999904463,3.96E-08,4.51E-08
6310,0.999904542,3.95E-08,4.51E-08
6312,0.999904621,3.95E-08,4.50E-08
6314,0.9999047,3.94E-08,4.50E-08
6316,0.999904778,3.94E-08,4.49E-08
6318,0.999904857,3.93E-08,4.48E-08
6320,0.999904936,3.93E-08,4.48E-08
6322,0.999905014,3.93E-08,4.48E-08
6324,0.999905093,3.92E-08,4.47E-08
6326,0.999905171,3.92E-08,4.47E-08
6328,0.999905249,3.91E-08,4.46E-08
6330,0.999905327,3.91E-08,4.45E-08
6332,0.999905405,3.90E-08,4.45E-08
6334,0.999905483,3.90E-08,4.45E-08
6336,0.999905561,3.89E-08,4.44E-08
6338,0.999905639,3.89E-08,4.43E-08
6340,0.999905717,3.89E-08,4.43E-08
6342,0.999905794,3.88E-08,4.43E-08
6344,0.999905872,3.88E-08,4.42E-08
6346,0.999905949,3.87E-08,4.42E-08
6348,0.999906027,3.87E-08,4.41E-08
6350,0.999906104,3.86E-08,4.40E-08
6352,0.999906181,3.86E-08,4.40E-08
6354,0.999906258,3.86E-08,4.40E-08
6356,0.999906335,3.85E-08,4.39E-08
6358,0.999906412,3.85E-08,4.39E-08
6360,0.999906489,3.84E-08,4.38E-08
6362,0.999906566,3.84E-08,4.38E-08
6364,0.999906642,3.83E-08,4.37E-08
6366,0.999906719,3.83E-08,4.37E-08
6368,0.999906796,3.82E-08,4.36E-08
6370,0.999906872,3.82E-08,4.36E-08
6372,0.999906948,3.82E-08,4.35E-08
6374,0.999907025,3.81E-08,4.35E-08
6376,0.999907101,3.81E-08,4.34E-08
6378,0.999907177,3.80E-08,4.34E-08
6380,0.999907253,3.80E-08,4.33E-08
6382,0.999907329,3.79E-08,4.33E-08
6384,0.999907404,3.79E-08,4.32E-08
6386,0.99990748,3.79E-08,4.32E-08
6388,0.999907556,3.78E-08,4.31E-08
6390,0.999907631,3.78E-08,4.31E-08
6392,0.999907707,3.77E-08,4.30E-08
6394,0.999907782,3.77E-08,4.30E-08
6396,0.999907858,3.77E-08,4.29E-08
6398,0.999907933,3.76E-08,4.29E-08
6400,0.999908008,3.76E-08,4.28E-08
6402,0.999908083,3.75E-08,4.28E-08
6404,0.999908158,3.75E-08,4.28E-08
6406,0.999908233,3.74E-08,4.27E-08
6408,0.999908308,3.74E-08,4.26E-08
6410,0.999908382,3.74E-08,4.26E-08
6412,0.999908457,3.73E-08,4.26E-08
6414,0.999908531,3.73E-08,4.25E-08
6416,0.999908606,3.72E-08,4.25E-08
6418,0.99990868,3.72E-08,4.24E-08
6420,0.999908755,3.72E-08,4.24E-08
6422,0.999908829,3.71E-08,4.23E-08
6424,0.999908903,3.71E-08,4.23E-08
6426,0.999908977,3.70E-08,4.22E-08
6428,0.999909051,3.70E-08,4.22E-08
6430,0.999909125,3.69E-08,4.22E-08
6432,0.999909199,3.69E-08,4.21E-08
6434,0.999909272,3.69E-08,4.20E-08
6436,0.999909346,3.68E-08,4.20E-08
6438,0.99990942,3.68E-08,4.20E-08
6440,0.999909493,3.67E-08,4.19E-08
6442,0.999909566,3.67E-08,4.19E-08
6444,0.99990964,3.67E-08,4.18E-08
6446,0.999909713,3.66E-08,4.18E-08
6448,0.999909786,3.66E-08,4.17E-08
6450,0.999909859,3.65E-08,4.17E-08
6452,0.999909932,3.65E-08,4.16E-08
6454,0.999910005,3.65E-08,4.16E-08
6456,0.999910078,3.64E-08,4.16E-08
6458,0.999910151,3.64E-08,4.15E-08
6460,0.999910223,3.63E-08,4.14E-08
6462,0.999910296,3.63E-08,4.14E-08
6464,0.999910368,3.63E-08,4.14E-08
6466,0.999910441,3.62E-08,4.13E-08
6468,0.999910513,3.62E-08,4.13E-08
6470,0.999910586,3.61E-08,4.12E-08
6472,0.999910658,3.61E-08,4.12E-08
6474,0.99991073,3.61E-08,4.12E-08
6476,0.999910802,3.60E-08,4.11E-08
6478,0.999910874,3.60E-08,4.10E-08
6480,0.999910946,3.59E-08,4.10E-08
6482,0.999911017,3.59E-08,4.10E-08
6484,0.999911089,3.59E-08,4.09E-08
6486,0.999911161,3.58E-08,4.09E-08
6488,0.999911232,3.58E-08,4.08E-08
6490,0.999911304,3.57E-08,4.08E-08
6492,0.999911375,3.57E-08,4.07E-08
6494,0.999911447,3.57E-08,4.07E-08
6496,0.999911518,3.56E-08,4.06E-08
6498,0.999911589,3.56E-08,4.06E-08
6500,0.99991166,3.55E-08,4.06E-08
6502,0.999911731,3.55E-08,4.05E-08
6504,0.999911802,3.55E-08,4.05E-08
6506,0.999911873,3.54E-08,4.04E-08
6508,0.999911944,3.54E-08,4.04E-08
6510,0.999912014,3.53E-08,4.03E-08
6512,0.999912085,3.53E-08,4.03E-08
6514,0.999912155,3.53E-08,4.03E-08
6516,0.999912226,3.52E-08,4.02E-08
6518,0.999912296,3.52E-08,4.01E-08
6520,0.999912366,3.51E-08,4.01E-08
6522,0.999912437,3.51E-08,4.01E-08
6524,0.999912507,3.51E-08,4.00E-08
6526,0.999912577,3.50E-08,4.00E-08
6528,0.999912647,3.50E-08,4.00E-08
6530,0.999912717,3.50E-08,3.99E-08
6532,0.999912787,3.49E-08,3.99E-08
6534,0.999912856,3.49E-08,3.98E-08
6536,0.999912926,3.48E-08,3.98E-08
6538,0.999912996,3.48E-08,3.97E-08
6540,0.999913065,3.48E-08,3.97E-08
6542,0.999913135,3.47E-08,3.96E-08
6544,0.999913204,3.47E-08,3.96E-08
6546,0.999913273,3.47E-08,3.96E-08
6548,0.999913343,3.46E-08,3.95E-08
6550,0.999913412,3.46E-08,3.95E-08
6552,0.999913481,3.45E-08,3.94E-08
6554,0.99991355,3.45E-08,3.94E-08
6556,0.999913619,3.45E-08,3.93E-08
6558,0.999913688,3.44E-08,3.93E-08
6560,0.999913756,3.44E-08,3.93E-08
6562,0.999913825,3.44E-08,3.92E-08
6564,0.999913894,3.43E-08,3.92E-08
6566,0.999913962,3.43E-08,3.91E-08
6568,0.999914031,3.42E-08,3.91E-08
6570,0.999914099,3.42E-08,3.90E-08
6572,0.999914167,3.42E-08,3.90E-08
6574,0.999914236,3.41E-08,3.90E-08
6576,0.999914304,3.41E-08,3.89E-08
6578,0.999914372,3.41E-08,3.89E-08
6580,0.99991444,3.40E-08,3.88E-08
6582,0.999914508,3.40E-08,3.88E-08
6584,0.999914576,3.39E-08,3.87E-08
6586,0.999914644,3.39E-08,3.87E-08
6588,0.999914711,3.39E-08,3.87E-08
6590,0.999914779,3.38E-08,3.86E-08
6592,0.999914847,3.38E-08,3.86E-08
6594,0.999914914,3.38E-08,3.86E-08
6596,0.999914982,3.37E-08,3.85E-08
6598,0.999915049,3.37E-08,3.85E-08
6600,0.999915116,3.36E-08,3.84E-08
6602,0.999915184,3.36E-08,3.84E-08
6604,0.999915251,3.36E-08,3.83E-08
6606,0.999915318,3.35E-08,3.83E-08
6608,0.999915385,3.35E-08,3.83E-08
6610,0.999915452,3.35E-08,3.82E-08
6612,0.999915519,3.34E-08,3.82E-08
6614,0.999915585,3.34E-08,3.81E-08
6616,0.999915652,3.34E-08,3.81E-08
6618,0.999915719,3.33E-08,3.81E-08
6620,0.999915785,3.33E-08,3.80E-08
6622,0.999915852,3.32E-08,3.80E-08
6624,0.999915918,3.32E-08,3.79E-08
6626,0.999915985,3.32E-08,3.79E-08
6628,0.999916051,3.31E-08,3.78E-08
6630,0.999916117,3.31E-08,3.78E-08
6632,0.999916183,3.31E-08,3.78E-08
6634,0.999916249,3.30E-08,3.77E-08
6636,0.999916315,3.30E-08,3.77E-08
6638,0.999916381,3.30E-08,3.77E-08
6640,0.999916447,3.29E-08,3.76E-08
6642,0.999916513,3.29E-08,3.76E-08
6644,0.999916578,3.29E-08,3.75E-08
6646,0.999916644,3.28E-08,3.75E-08
6648,0.99991671,3.28E-08,3.74E-08
6650,0.999916775,3.27E-08,3.74E-08
6652,0.999916841,3.27E-08,3.74E-08
6654,0.999916906,3.27E-08,3.73E-08
6656,0.999916971,3.26E-08,3.73E-08
6658,0.999917036,3.26E-08,3.73E-08
6660,0.999917102,3.26E-08,3.72E-08
6662,0.999917167,3.25E-08,3.72E-08
6664,0.999917232,3.25E-08,3.71E-08
6666,0.999917297,3.25E-08,3.71E-08
6668,0.999917362,3.24E-08,3.70E-08
6670,0.999917426,3.24E-08,3.70E-08
6672,0.999917491,3.24E-08,3.70E-08
6674,0.999917556,3.23E-08,3.69E-08
6676,0.99991762,3.23E-08,3.69E-08
6678,0.999917685,3.23E-08,3.69E-08
6680,0.999917749,3.22E-08,3.68E-08
6682,0.999917814,3.22E-08,3.68E-08
6684,0.999917878,3.22E-08,3.67E-08
6686,0.999917942,3.21E-08,3.67E-08
6688,0.999918006,3.21E-08,3.67E-08
6690,0.99991807,3.21E-08,3.66E-08
6692,0.999918134,3.20E-08,3.66E-08
6694,0.999918198,3.20E-08,3.65E-08
6696,0.999918262,3.20E-08,3.65E-08
6698,0.999918326,3.19E-08,3.65E-08
6700,0.99991839,3.19E-08,3.64E-08
6702,0.999918454,3.18E-08,3.64E-08
6704,0.999918517,3.18E-08,3.63E-08
6706,0.999918581,3.18E-08,3.63E-08
6708,0.999918644,3.17E-08,3.63E-08
6710,0.999918708,3.17E-08,3.62E-08
6712,0.999918771,3.17E-08,3.62E-08
6714,0.999918834,3.16E-08,3.62E-08
6716,0.999918898,3.16E-08,3.61E-08
6718,0.999918961,3.16E-08,3.61E-08
6720,0.999919024,3.15E-08,3.61E-08
6722,0.999919087,3.15E-08,3.60E-08
6724,0.99991915,3.15E-08,3.60E-08
6726,0.999919213,3.14E-08,3.59E-08
6728,0.999919276,3.14E-08,3.59E-08
6730,0.999919338,3.14E-08,3.58E-08
6732,0.999919401,3.13E-08,3.58E-08
6734,0.999919464,3.13E-08,3.58E-08
6736,0.999919526,3.13E-08,3.57E-08
6738,0.999919589,3.12E-08,3.57E-08
6740,0.999919651,3.12E-08,3.57E-08
6742,0.999919713,3.12E-08,3.56E-08
6744,0.999919776,3.11E-08,3.56E-08
6746,0.999919838,3.11E-08,3.56E-08
6748,0.9999199,3.11E-08,3.55E-08
6750,0.999919962,3.10E-08,3.55E-08
6752,0.999920024,3.10E-08,3.55E-08
6754,0.999920086,3.10E-08,3.54E-08
6756,0.999920148,3.09E-08,3.54E-08
6758,0.99992021,3.09E-08,3.53E-08
6760,0.999920272,3.09E-08,3.53E-08
6762,0.999920333,3.08E-08,3.53E-08
6764,0.999920395,3.08E-08,3.52E-08
6766,0.999920456,3.08E-08,3.52E-08
6768,0.999920518,3.07E-08,3.51E-08
6770,0.999920579,3.07E-08,3.51E-08
6772,0.999920641,3.07E-08,3.51E-08
6774,0.999920702,3.07E-08,3.50E-08
6776,0.999920763,3.06E-08,3.50E-08
6778,0.999920824,3.06E-08,3.50E-08
6780,0.999920886,3.06E-08,3.49E-08
6782,0.999920947,3.05E-08,3.49E-08
6784,0.999921008,3.05E-08,3.48E-08
6786,0.999921068,3.05E-08,3.48E-08
6788,0.999921129,3.04E-08,3.48E-08
6790,0.99992119,3.04E-08,3.47E-08
6792,0.999921251,3.04E-08,3.47E-08
6794,0.999921311,3.03E-08,3.47E-08
6796,0.999921372,3.03E-08,3.46E-08
6798,0.999921433,3.03E-08,3.46E-08
6800,0.999921493,3.02E-08,3.46E-08
6802,0.999921553,3.02E-08,3.45E-08
6804,0.999921614,3.02E-08,3.45E-08
6806,0.999921674,3.01E-08,3.45E-08
6808,0.999921734,3.01E-08,3.44E-08
6810,0.999921794,3.01E-08,3.44E-08
6812,0.999921855,3.00E-08,3.43E-08
6814,0.999921915,3.00E-08,3.43E-08
6816,0.999921975,3.00E-08,3.43E-08
6818,0.999922034,2.99E-08,3.42E-08
6820,0.999922094,2.99E-08,3.42E-08
6822,0.999922154,2.99E-08,3.42E-08
6824,0.999922214,2.99E-08,3.41E-08
6826,0.999922273,2.98E-08,3.41E-08
6828,0.999922333,2.98E-08,3.41E-08
6830,0.999922392,2.98E-08,3.40E-08
6832,0.999922452,2.97E-08,3.40E-08
6834,0.999922511,2.97E-08,3.40E-08
6836,0.999922571,2.97E-08,3.39E-08
6838,0.99992263,2.96E-08,3.39E-08
6840,0.999922689,2.96E-08,3.38E-08
6842,0.999922748,2.96E-08,3.38E-08
6844,0.999922807,2.95E-08,3.38E-08
6846,0.999922866,2.95E-08,3.37E-08
6848,0.999922925,2.95E-08,3.37E-08
6850,0.999922984,2.94E-08,3.37E-08
6852,0.999923043,2.94E-08,3.36E-08
6854,0.999923102,2.94E-08,3.36E-08
6856,0.999923161,2.94E-08,3.36E-08
6858,0.999923219,2.93E-08,3.35E-08
6860,0.999923278,2.93E-08,3.35E-08
6862,0.999923336,2.93E-08,3.35E-08
6864,0.999923395,2.92E-08,3.34E-08
6866,0.999923453,2.92E-08,3.34E-08
6868,0.999923511,2.92E-08,3.34E-08
6870,0.99992357,2.91E-08,3.33E-08
6872,0.999923628,2.91E-08,3.33E-08
6874,0.999923686,2.91E-08,3.32E-08
6876,0.999923744,2.91E-08,3.32E-08
6878,0.999923802,2.90E-08,3.32E-08
6880,0.99992386,2.90E-08,3.31E-08
6882,0.999923918,2.90E-08,3.31E-08
6884,0.999923976,2.89E-08,3.31E-08
6886,0.999924034,2.89E-08,3.31E-08
6888,0.999924092,2.89E-08,3.30E-08
6890,0.999924149,2.88E-08,3.30E-08
6892,0.999924207,2.88E-08,3.30E-08
6894,0.999924264,2.88E-08,3.29E-08
6896,0.999924322,2.87E-08,3.29E-08
6898,0.999924379,2.87E-08,3.29E-08
6900,0.999924437,2.87E-08,3.28E-08
6902,0.999924494,2.87E-08,3.28E-08
6904,0.999924551,2.86E-08,3.28E-08
6906,0.999924609,2.86E-08,3.27E-08
6908,0.999924666,2.86E-08,3.27E-08
6910,0.999924723,2.85E-08,3.27E-08
6912,0.99992478,2.85E-08,3.26E-08
6914,0.999924837,2.85E-08,3.26E-08
6916,0.999924894,2.85E-08,3.25E-08
6918,0.999924951,2.84E-08,3.25E-08
6920,0.999925007,2.84E-08,3.25E-08
6922,0.999925064,2.84E-08,3.24E-08
6924,0.999925121,2.83E-08,3.24E-08
6926,0.999925177,2.83E-08,3.24E-08
6928,0.999925234,2.83E-08,3.23E-08
6930,0.99992529,2.82E-08,3.23E-08
6932,0.999925347,2.82E-08,3.23E-08
6934,0.999925403,2.82E-08,3.23E-08
6936,0.999925459,2.82E-08,3.22E-08
6938,0.999925516,2.81E-08,3.22E-08
6940,0.999925572,2.81E-08,3.22E-08
6942,0.999925628,2.81E-08,3.21E-08
6944,0.999925684,2.80E-08,3.21E-08
6946,0.99992574,2.80E-08,3.21E-08
6948,0.999925796,2.80E-08,3.20E-08
6950,0.999925852,2.80E-08,3.20E-08
6952,0.999925908,2.79E-08,3.20E-08
6954,0.999925964,2.79E-08,3.19E-08
6956,0.999926019,2.79E-08,3.19E-08
6958,0.999926075,2.78E-08,3.18E-08
6960,0.999926131,2.78E-08,3.18E-08
6962,0.999926186,2.78E-08,3.18E-08
6964,0.999926242,2.78E-08,3.17E-08
6966,0.999926297,2.77E-08,3.17E-08
6968,0.999926353,2.77E-08,3.17E-08
6970,0.999926408,2.77E-08,3.17E-08
6972,0.999926463,2.76E-08,3.16E-08
6974,0.999926519,2.76E-08,3.16E-08
6976,0.999926574,2.76E-08,3.16E-08
6978,0.999926629,2.76E-08,3.15E-08
6980,0.999926684,2.75E-08,3.15E-08
6982,0.999926739,2.75E-08,3.15E-08
6984,0.999926794,2.75E-08,3.14E-08
6986,0.999926849,2.74E-08,3.14E-08
6988,0.999926904,2.74E-08,3.14E-08
6990,0.999926958,2.74E-08,3.13E-08
6992,0.999927013,2.74E-08,3.13E-08
6994,0.999927068,2.73E-08,3.13E-08
6996,0.999927122,2.73E-08,3.13E-08
6998,0.999927177,2.73E-08,3.12E-08
7000,0.999927231,2.72E-08,3.12E-08
7002,0.999927286,2.72E-08,3.12E-08
7004,0.99992734,2.72E-08,3.11E-08
7006,0.999927394,2.72E-08,3.11E-08
7008,0.999927449,2.71E-08,3.11E-08
7010,0.999927503,2.71E-08,3.10E-08
7012,0.999927557,2.71E-08,3.10E-08
7014,0.999927611,2.71E-08,3.09E-08
7016,0.999927665,2.70E-08,3.09E-08
7018,0.999927719,2.70E-08,3.09E-08
7020,0.999927773,2.70E-08,3.09E-08
7022,0.999927827,2.69E-08,3.08E-08
7024,0.999927881,2.69E-08,3.08E-08
7026,0.999927935,2.69E-08,3.08E-08
7028,0.999927988,2.69E-08,3.07E-08
7030,0.999928042,2.68E-08,3.07E-08
7032,0.999928096,2.68E-08,3.07E-08
7034,0.999928149,2.68E-08,3.06E-08
7036,0.999928203,2.67E-08,3.06E-08
7038,0.999928256,2.67E-08,3.06E-08
7040,0.99992831,2.67E-08,3.06E-08
7042,0.999928363,2.67E-08,3.05E-08
7044,0.999928416,2.66E-08,3.05E-08
7046,0.999928469,2.66E-08,3.05E-08
7048,0.999928523,2.66E-08,3.04E-08
7050,0.999928576,2.66E-08,3.04E-08
7052,0.999928629,2.65E-08,3.04E-08
7054,0.999928682,2.65E-08,3.04E-08
7056,0.999928735,2.65E-08,3.03E-08
7058,0.999928788,2.65E-08,3.03E-08
7060,0.99992884,2.64E-08,3.03E-08
7062,0.999928893,2.64E-08,3.02E-08
7064,0.999928946,2.64E-08,3.02E-08
7066,0.999928999,2.63E-08,3.02E-08
7068,0.999929051,2.63E-08,3.01E-08
7070,0.999929104,2.63E-08,3.01E-08
7072,0.999929156,2.63E-08,3.01E-08
7074,0.999929209,2.62E-08,3.01E-08
7076,0.999929261,2.62E-08,3.00E-08
7078,0.999929314,2.62E-08,3.00E-08
7080,0.999929366,2.62E-08,2.99E-08
7082,0.999929418,2.61E-08,2.99E-08
7084,0.99992947,2.61E-08,2.99E-08
7086,0.999929523,2.61E-08,2.98E-08
7088,0.999929575,2.61E-08,2.98E-08
7090,0.999929627,2.60E-08,2.98E-08
7092,0.999929679,2.60E-08,2.98E-08
7094,0.999929731,2.60E-08,2.97E-08
7096,0.999929783,2.59E-08,2.97E-08
7098,0.999929834,2.59E-08,2.97E-08
7100,0.999929886,2.59E-08,2.96E-08
7102,0.999929938,2.59E-08,2.96E-08
7104,0.99992999,2.58E-08,2.96E-08
7106,0.999930041,2.58E-08,2.96E-08
7108,0.999930093,2.58E-08,2.95E-08
7110,0.999930144,2.58E-08,2.95E-08
7112,0.999930196,2.57E-08,2.95E-08
7114,0.999930247,2.57E-08,2.94E-08
7116,0.999930299,2.57E-08,2.94E-08
7118,0.99993035,2.57E-08,2.94E-08
7120,0.999930401,2.56E-08,2.94E-08
7122,0.999930452,2.56E-08,2.93E-08
7124,0.999930504,2.56E-08,2.93E-08
7126,0.999930555,2.56E-08,2.93E-08
7128,0.999930606,2.55E-08,2.92E-08
7130,0.999930657,2.55E-08,2.92E-08
7132,0.999930708,2.55E-08,2.92E-08
7134,0.999930759,2.55E-08,2.92E-08
7136,0.999930809,2.54E-08,2.91E-08
7138,0.99993086,2.54E-08,2.91E-08
7140,0.999930911,2.54E-08,2.91E-08
7142,0.999930962,2.54E-08,2.90E-08
7144,0.999931012,2.53E-08,2.90E-08
7146,0.999931063,2.53E-08,2.90E-08
7148,0.999931113,2.53E-08,2.90E-08
7150,0.999931164,2.52E-08,2.89E-08
7152,0.999931214,2.52E-08,2.89E-08
7154,0.999931265,2.52E-08,2.89E-08
7156,0.999931315,2.52E-08,2.88E-08
7158,0.999931365,2.51E-08,2.88E-08
7160,0.999931416,2.51E-08,2.88E-08
7162,0.999931466,2.51E-08,2.88E-08
7164,0.999931516,2.51E-08,2.87E-08
7166,0.999931566,2.50E-08,2.87E-08
7168,0.999931616,2.50E-08,2.87E-08
7170,0.999931666,2.50E-08,2.86E-08
7172,0.999931716,2.50E-08,2.86E-08
7174,0.999931766,2.49E-08,2.86E-08
7176,0.999931816,2.49E-08,2.86E-08
7178,0.999931866,2.49E-08,2.85E-08
7180,0.999931915,2.49E-08,2.85E-08
7182,0.999931965,2.48E-08,2.85E-08
7184,0.999932015,2.48E-08,2.85E-08
7186,0.999932064,2.48E-08,2.84E-08
7188,0.999932114,2.48E-08,2.84E-08
7190,0.999932163,2.47E-08,2.84E-08
7192,0.999932213,2.47E-08,2.83E-08
7194,0.999932262,2.47E-08,2.83E-08
7196,0.999932312,2.47E-08,2.83E-08
7198,0.999932361,2.46E-08,2.82E-08
7200,0.99993241,2.46E-08,2.82E-08