t,x_original,xdot_original,xdot_pred
0,1,-1.43E-07,-5.06E-07
0.033333333,0.999999713,-1.43E-07,-5.06E-07
0.066666667,0.999999069,-3.22E-07,-5.06E-07
0.1,0.999998144,-4.62E-07,-6.42E-07
0.133333333,0.999996974,-5.85E-07,-7.81E-07
0.166666667,0.999995578,-6.98E-07,-9.04E-07
0.2,0.999993971,-8.03E-07,-1.02E-06
0.233333333,0.999992165,-9.03E-07,-1.13E-06
0.266666667,0.999990168,-9.98E-07,-1.24E-06
0.3,0.999987989,-1.09E-06,-1.34E-06
0.333333333,0.999985633,-1.18E-06,-1.44E-06
0.366666667,0.999983106,-1.26E-06,-1.54E-06
0.4,0.999980412,-1.35E-06,-1.63E-06
0.433333333,0.999977557,-1.43E-06,-1.72E-06
0.466666667,0.999974544,-1.51E-06,-1.81E-06
0.5,0.999971376,-1.58E-06,-1.89E-06
0.533333333,0.999968057,-1.66E-06,-1.98E-06
0.566666667,0.999964589,-1.73E-06,-2.06E-06
0.6,0.999960976,-1.81E-06,-2.14E-06
0.633333333,0.999957219,-1.88E-06,-2.22E-06
0.666666667,0.999953321,-1.95E-06,-2.29E-06
0.7,0.999949285,-2.02E-06,-2.37E-06
0.733333333,0.999945111,-2.09E-06,-2.45E-06
0.766666667,0.999940803,-2.15E-06,-2.52E-06
0.8,0.999936361,-2.22E-06,-2.59E-06
0.833333333,0.999931788,-2.29E-06,-2.66E-06
0.866666667,0.999927085,-2.35E-06,-2.74E-06
0.9,0.999922254,-2.42E-06,-2.81E-06
0.933333333,0.999917296,-2.48E-06,-2.88E-06
0.966666667,0.999912212,-2.54E-06,-2.94E-06
1,0.999907004,-2.60E-06,-3.01E-06
1.033333333,0.999901674,-2.67E-06,-3.08E-06
1.066666667,0.999896221,-2.73E-06,-3.14E-06
1.1,0.999890648,-2.79E-06,-3.21E-06
1.133333333,0.999884955,-2.85E-06,-3.27E-06
1.166666667,0.999879145,-2.91E-06,-3.34E-06
1.2,0.999873216,-2.96E-06,-3.40E-06
1.233333333,0.999867172,-3.02E-06,-3.47E-06
1.266666667,0.999861012,-3.08E-06,-3.53E-06
1.3,0.999854737,-3.14E-06,-3.59E-06
1.333333333,0.999848349,-3.19E-06,-3.65E-06
1.366666667,0.999841848,-3.25E-06,-3.71E-06
1.4,0.999835235,-3.31E-06,-3.77E-06
1.433333333,0.999828511,-3.36E-06,-3.83E-06
1.466666667,0.999821677,-3.42E-06,-3.89E-06
1.5,0.999814733,-3.47E-06,-3.95E-06
1.533333333,0.99980768,-3.53E-06,-4.01E-06
1.566666667,0.99980052,-3.58E-06,-4.07E-06
1.6,0.999793252,-3.63E-06,-4.13E-06
1.633333333,0.999785877,-3.69E-06,-4.18E-06
1.666666667,0.999778396,-3.74E-06,-4.24E-06
1.7,0.99977081,-3.79E-06,-4.30E-06
1.733333333,0.999763119,-3.85E-06,-4.35E-06
1.766666667,0.999755323,-3.90E-06,-4.41E-06
1.8,0.999747424,-3.95E-06,-4.47E-06
1.833333333,0.999739423,-4.00E-06,-4.52E-06
1.866666667,0.999731318,-4.05E-06,-4.58E-06
1.9,0.999723112,-4.10E-06,-4.63E-06
1.933333333,0.999714805,-4.15E-06,-4.69E-06
1.966666667,0.999706396,-4.20E-06,-4.74E-06
2,0.999697888,-4.25E-06,-4.79E-06
2.033333333,0.999689279,-4.30E-06,-4.85E-06
2.066666667,0.999680572,-4.35E-06,-4.90E-06
2.1,0.999671765,-4.40E-06,-4.95E-06
2.133333333,0.999662861,-4.45E-06,-5.00E-06
2.166666667,0.999653858,-4.50E-06,-5.06E-06
2.2,0.999644758,-4.55E-06,-5.11E-06
2.233333333,0.999635561,-4.60E-06,-5.16E-06
2.266666667,0.999626268,-4.65E-06,-5.21E-06
2.3,0.999616878,-4.69E-06,-5.26E-06
2.333333333,0.999607393,-4.74E-06,-5.31E-06
2.366666667,0.999597812,-4.79E-06,-5.37E-06
2.4,0.999588137,-4.84E-06,-5.42E-06
2.433333333,0.999578367,-4.88E-06,-5.47E-06
2.466666667,0.999568504,-4.93E-06,-5.52E-06
2.5,0.999558546,-4.98E-06,-5.57E-06
2.533333333,0.999548496,-5.03E-06,-5.62E-06
2.566666667,0.999538352,-5.07E-06,-5.66E-06
2.6,0.999528116,-5.12E-06,-5.71E-06
2.633333333,0.999517788,-5.16E-06,-5.76E-06
2.666666667,0.999507368,-5.21E-06,-5.81E-06
2.7,0.999496856,-5.26E-06,-5.86E-06
2.733333333,0.999486254,-5.30E-06,-5.91E-06
2.766666667,0.99947556,-5.35E-06,-5.96E-06
2.8,0.999464776,-5.39E-06,-6.01E-06
2.833333333,0.999453902,-5.44E-06,-6.05E-06
2.866666667,0.999442938,-5.48E-06,-6.10E-06
2.9,0.999431885,-5.53E-06,-6.15E-06
2.933333333,0.999420743,-5.57E-06,-6.19E-06
2.966666667,0.999409511,-5.62E-06,-6.24E-06
3,0.999398191,-5.66E-06,-6.29E-06
3.033333333,0.999386783,-5.70E-06,-6.34E-06
3.066666667,0.999375287,-5.75E-06,-6.38E-06
3.1,0.999363703,-5.79E-06,-6.43E-06
3.133333333,0.999352032,-5.84E-06,-6.47E-06
3.166666667,0.999340274,-5.88E-06,-6.52E-06
3.2,0.999328429,-5.92E-06,-6.57E-06
3.233333333,0.999316497,-5.97E-06,-6.61E-06
3.266666667,0.999304479,-6.01E-06,-6.66E-06
3.3,0.999292375,-6.05E-06,-6.70E-06
3.333333333,0.999280186,-6.09E-06,-6.75E-06
3.366666667,0.999267911,-6.14E-06,-6.79E-06
3.4,0.99925555,-6.18E-06,-6.84E-06
3.433333333,0.999243105,-6.22E-06,-6.88E-06
3.466666667,0.999230575,-6.27E-06,-6.93E-06
3.5,0.99921796,-6.31E-06,-6.97E-06
3.533333333,0.999205262,-6.35E-06,-7.02E-06
3.566666667,0.999192479,-6.39E-06,-7.06E-06
3.6,0.999179613,-6.43E-06,-7.11E-06
3.633333333,0.999166663,-6.47E-06,-7.15E-06
3.666666667,0.999153629,-6.52E-06,-7.19E-06
3.7,0.999140513,-6.56E-06,-7.24E-06
3.733333333,0.999127314,-6.60E-06,-7.28E-06
3.766666667,0.999114033,-6.64E-06,-7.32E-06
3.8,0.999100669,-6.68E-06,-7.37E-06
3.833333333,0.999087223,-6.72E-06,-7.41E-06
3.866666667,0.999073695,-6.76E-06,-7.45E-06
3.9,0.999060085,-6.80E-06,-7.50E-06
3.933333333,0.999046394,-6.85E-06,-7.54E-06
3.966666667,0.999032621,-6.89E-06,-7.58E-06
4,0.999018768,-6.93E-06,-7.62E-06
4.033333333,0.999004833,-6.97E-06,-7.67E-06
4.066666667,0.998990818,-7.01E-06,-7.71E-06
4.1,0.998976723,-7.05E-06,-7.75E-06
4.133333333,0.998962547,-7.09E-06,-7.79E-06
4.166666667,0.998948292,-7.13E-06,-7.84E-06
4.2,0.998933956,-7.17E-06,-7.88E-06
4.233333333,0.998919541,-7.21E-06,-7.92E-06
4.266666667,0.998905046,-7.25E-06,-7.96E-06
4.3,0.998890472,-7.29E-06,-8.00E-06
4.333333333,0.998875819,-7.33E-06,-8.04E-06
4.366666667,0.998861087,-7.37E-06,-8.09E-06
4.4,0.998846276,-7.41E-06,-8.13E-06
4.433333333,0.998831387,-7.44E-06,-8.17E-06
4.466666667,0.998816419,-7.48E-06,-8.21E-06
4.5,0.998801374,-7.52E-06,-8.25E-06
4.533333333,0.99878625,-7.56E-06,-8.29E-06
4.566666667,0.998771048,-7.60E-06,-8.33E-06
4.6,0.998755769,-7.64E-06,-8.37E-06
4.633333333,0.998740413,-7.68E-06,-8.41E-06
4.666666667,0.998724979,-7.72E-06,-8.45E-06
4.7,0.998709468,-7.76E-06,-8.49E-06
4.733333333,0.99869388,-7.79E-06,-8.53E-06
4.766666667,0.998678215,-7.83E-06,-8.57E-06
4.8,0.998662473,-7.87E-06,-8.61E-06
4.833333333,0.998646655,-7.91E-06,-8.65E-06
4.866666667,0.998630761,-7.95E-06,-8.69E-06
4.9,0.998614791,-7.99E-06,-8.73E-06
4.933333333,0.998598745,-8.02E-06,-8.77E-06
4.966666667,0.998582623,-8.06E-06,-8.81E-06
5,0.998566425,-8.10E-06,-8.85E-06
5.033333333,0.998550152,-8.14E-06,-8.89E-06
5.066666667,0.998533803,-8.17E-06,-8.93E-06
5.1,0.998517379,-8.21E-06,-8.97E-06
5.133333333,0.99850088,-8.25E-06,-9.01E-06
5.166666667,0.998484307,-8.29E-06,-9.05E-06
5.2,0.998467658,-8.32E-06,-9.09E-06
5.233333333,0.998450935,-8.36E-06,-9.13E-06
5.266666667,0.998434138,-8.40E-06,-9.16E-06
5.3,0.998417266,-8.44E-06,-9.20E-06
5.333333333,0.99840032,-8.47E-06,-9.24E-06
5.366666667,0.9983833,-8.51E-06,-9.28E-06
5.4,0.998366206,-8.55E-06,-9.32E-06
5.433333333,0.998349038,-8.58E-06,-9.36E-06
5.466666667,0.998331797,-8.62E-06,-9.40E-06
5.5,0.998314483,-8.66E-06,-9.43E-06
5.533333333,0.998297095,-8.69E-06,-9.47E-06
5.566666667,0.998279634,-8.73E-06,-9.51E-06
5.6,0.998262099,-8.77E-06,-9.55E-06
5.633333333,0.998244492,-8.80E-06,-9.59E-06
5.666666667,0.998226813,-8.84E-06,-9.62E-06
5.7,0.99820906,-8.88E-06,-9.66E-06
5.733333333,0.998191235,-8.91E-06,-9.70E-06
5.766666667,0.998173338,-8.95E-06,-9.74E-06
5.8,0.998155368,-8.98E-06,-9.77E-06
5.833333333,0.998137327,-9.02E-06,-9.81E-06
5.866666667,0.998119213,-9.06E-06,-9.85E-06
5.9,0.998101027,-9.09E-06,-9.89E-06
5.933333333,0.99808277,-9.13E-06,-9.92E-06
5.966666667,0.998064441,-9.16E-06,-9.96E-06
6,0.998046041,-9.20E-06,-1.00E-05
6.033333333,0.998027569,-9.24E-06,-1.00E-05
6.066666667,0.998009026,-9.27E-06,-1.01E-05
6.1,0.997990412,-9.31E-06,-1.01E-05
6.133333333,0.997971727,-9.34E-06,-1.01E-05
6.166666667,0.997952972,-9.38E-06,-1.02E-05
6.2,0.997934145,-9.41E-06,-1.02E-05
6.233333333,0.997915248,-9.45E-06,-1.03E-05
6.266666667,0.99789628,-9.48E-06,-1.03E-05
6.3,0.997877242,-9.52E-06,-1.03E-05
6.333333333,0.997858133,-9.55E-06,-1.04E-05
6.366666667,0.997838955,-9.59E-06,-1.04E-05
6.4,0.997819706,-9.62E-06,-1.04E-05
6.433333333,0.997800388,-9.66E-06,-1.05E-05
6.466666667,0.997780999,-9.69E-06,-1.05E-05
6.5,0.997761541,-9.73E-06,-1.05E-05
6.533333333,0.997742013,-9.76E-06,-1.06E-05
6.566666667,0.997722416,-9.80E-06,-1.06E-05
6.6,0.99770275,-9.83E-06,-1.07E-05
6.633333333,0.997683014,-9.87E-06,-1.07E-05
6.666666667,0.997663209,-9.90E-06,-1.07E-05
6.7,0.997643335,-9.94E-06,-1.08E-05
6.733333333,0.997623392,-9.97E-06,-1.08E-05
6.766666667,0.99760338,-1.00E-05,-1.08E-05
6.8,0.9975833,-1.00E-05,-1.09E-05
6.833333333,0.997563151,-1.01E-05,-1.09E-05
6.866666667,0.997542933,-1.01E-05,-1.09E-05
6.9,0.997522647,-1.01E-05,-1.10E-05
6.933333333,0.997502293,-1.02E-05,-1.10E-05
6.966666667,0.99748187,-1.02E-05,-1.10E-05
7,0.99746138,-1.02E-05,-1.11E-05
7.033333333,0.997440821,-1.03E-05,-1.11E-05
7.066666667,0.997420194,-1.03E-05,-1.12E-05
7.1,0.9973995,-1.03E-05,-1.12E-05
7.133333333,0.997378738,-1.04E-05,-1.12E-05
7.166666667,0.997357909,-1.04E-05,-1.13E-05
7.2,0.997337012,-1.04E-05,-1.13E-05
7.233333333,0.997316047,-1.05E-05,-1.13E-05
7.266666667,0.997295015,-1.05E-05,-1.14E-05
7.3,0.997273916,-1.05E-05,-1.14E-05
7.333333333,0.99725275,-1.06E-05,-1.14E-05
7.366666667,0.997231517,-1.06E-05,-1.15E-05
7.4,0.997210217,-1.06E-05,-1.15E-05
7.433333333,0.997188851,-1.07E-05,-1.15E-05
7.466666667,0.997167417,-1.07E-05,-1.16E-05
7.5,0.997145917,-1.08E-05,-1.16E-05
7.533333333,0.99712435,-1.08E-05,-1.16E-05
7.566666667,0.997102717,-1.08E-05,-1.17E-05
7.6,0.997081018,-1.08E-05,-1.17E-05
7.633333333,0.997059252,-1.09E-05,-1.17E-05
7.666666667,0.99703742,-1.09E-05,-1.18E-05
7.7,0.997015523,-1.09E-05,-1.18E-05
7.733333333,0.996993559,-1.10E-05,-1.18E-05
7.766666667,0.996971529,-1.10E-05,-1.19E-05
7.8,0.996949433,-1.10E-05,-1.19E-05
7.833333333,0.996927272,-1.11E-05,-1.19E-05
7.866666667,0.996905045,-1.11E-05,-1.20E-05
7.9,0.996882753,-1.11E-05,-1.20E-05
7.933333333,0.996860395,-1.12E-05,-1.20E-05
7.966666667,0.996837972,-1.12E-05,-1.21E-05
8,0.996815484,-1.12E-05,-1.21E-05
8.033333333,0.99679293,-1.13E-05,-1.21E-05
8.066666667,0.996770311,-1.13E-05,-1.22E-05
8.1,0.996747628,-1.13E-05,-1.22E-05
8.133333333,0.996724879,-1.14E-05,-1.22E-05
8.166666667,0.996702065,-1.14E-05,-1.23E-05
8.2,0.996679187,-1.14E-05,-1.23E-05
8.233333333,0.996656244,-1.15E-05,-1.23E-05
8.266666667,0.996633237,-1.15E-05,-1.24E-05
8.3,0.996610165,-1.15E-05,-1.24E-05
8.333333333,0.996587029,-1.16E-05,-1.24E-05
8.366666667,0.996563828,-1.16E-05,-1.25E-05
8.4,0.996540563,-1.16E-05,-1.25E-05
8.433333333,0.996517234,-1.17E-05,-1.25E-05
8.466666667,0.996493841,-1.17E-05,-1.26E-05
8.5,0.996470383,-1.17E-05,-1.26E-05
8.533333333,0.996446862,-1.18E-05,-1.26E-05
8.566666667,0.996423277,-1.18E-05,-1.27E-05
8.6,0.996399628,-1.18E-05,-1.27E-05
8.633333333,0.996375916,-1.19E-05,-1.27E-05
8.666666667,0.99635214,-1.19E-05,-1.28E-05
8.7,0.9963283,-1.19E-05,-1.28E-05
8.733333333,0.996304397,-1.20E-05,-1.28E-05
8.766666667,0.996280431,-1.20E-05,-1.29E-05
8.8,0.996256401,-1.20E-05,-1.29E-05
8.833333333,0.996232308,-1.20E-05,-1.29E-05
8.866666667,0.996208152,-1.21E-05,-1.30E-05
8.9,0.996183933,-1.21E-05,-1.30E-05
8.933333333,0.996159651,-1.21E-05,-1.30E-05
8.966666667,0.996135306,-1.22E-05,-1.31E-05
9,0.996110898,-1.22E-05,-1.31E-05
9.033333333,0.996086427,-1.22E-05,-1.31E-05
9.066666667,0.996061894,-1.23E-05,-1.32E-05
9.1,0.996037298,-1.23E-05,-1.32E-05
9.133333333,0.99601264,-1.23E-05,-1.32E-05
9.166666667,0.995987919,-1.24E-05,-1.33E-05
9.2,0.995963135,-1.24E-05,-1.33E-05
9.233333333,0.99593829,-1.24E-05,-1.33E-05
9.266666667,0.995913382,-1.25E-05,-1.34E-05
9.3,0.995888412,-1.25E-05,-1.34E-05
9.333333333,0.99586338,-1.25E-05,-1.34E-05
9.366666667,0.995838286,-1.25E-05,-1.34E-05
9.4,0.995813129,-1.26E-05,-1.35E-05
9.433333333,0.995787911,-1.26E-05,-1.35E-05
9.466666667,0.995762632,-1.26E-05,-1.35E-05
9.5,0.99573729,-1.27E-05,-1.36E-05
9.533333333,0.995711887,-1.27E-05,-1.36E-05
9.566666667,0.995686422,-1.27E-05,-1.36E-05
9.6,0.995660895,-1.28E-05,-1.37E-05
9.633333333,0.995635308,-1.28E-05,-1.37E-05
9.666666667,0.995609658,-1.28E-05,-1.37E-05
9.7,0.995583948,-1.29E-05,-1.38E-05
9.733333333,0.995558176,-1.29E-05,-1.38E-05
9.766666667,0.995532343,-1.29E-05,-1.38E-05
9.8,0.995506449,-1.29E-05,-1.39E-05
9.833333333,0.995480494,-1.30E-05,-1.39E-05
9.866666667,0.995454478,-1.30E-05,-1.39E-05
9.9,0.995428401,-1.30E-05,-1.40E-05
9.933333333,0.995402263,-1.31E-05,-1.40E-05
9.966666667,0.995376064,-1.31E-05,-1.40E-05
10,0.995349805,-1.31E-05,-1.40E-05
10.03333333,0.995323484,-1.32E-05,-1.41E-05
10.06666667,0.995297104,-1.32E-05,-1.41E-05
10.1,0.995270663,-1.32E-05,-1.41E-05
10.13333333,0.995244161,-1.33E-05,-1.42E-05
10.16666667,0.995217599,-1.33E-05,-1.42E-05
10.2,0.995190977,-1.33E-05,-1.42E-05
10.23333333,0.995164294,-1.33E-05,-1.43E-05
10.26666667,0.995137551,-1.34E-05,-1.43E-05
10.3,0.995110749,-1.34E-05,-1.43E-05
10.33333333,0.995083886,-1.34E-05,-1.44E-05
10.36666667,0.995056963,-1.35E-05,-1.44E-05
10.4,0.99502998,-1.35E-05,-1.44E-05
10.43333333,0.995002937,-1.35E-05,-1.44E-05
10.46666667,0.994975834,-1.36E-05,-1.45E-05
10.5,0.994948672,-1.36E-05,-1.45E-05
10.53333333,0.99492145,-1.36E-05,-1.45E-05
10.56666667,0.994894169,-1.36E-05,-1.46E-05
10.6,0.994866827,-1.37E-05,-1.46E-05
10.63333333,0.994839427,-1.37E-05,-1.46E-05
10.66666667,0.994811967,-1.37E-05,-1.47E-05
10.7,0.994784447,-1.38E-05,-1.47E-05
10.73333333,0.994756868,-1.38E-05,-1.47E-05
10.76666667,0.99472923,-1.38E-05,-1.48E-05
10.8,0.994701533,-1.38E-05,-1.48E-05
10.83333333,0.994673777,-1.39E-05,-1.48E-05
10.86666667,0.994645961,-1.39E-05,-1.48E-05
10.9,0.994618087,-1.39E-05,-1.49E-05
10.93333333,0.994590153,-1.40E-05,-1.49E-05
10.96666667,0.994562161,-1.40E-05,-1.49E-05
11,0.99453411,-1.40E-05,-1.50E-05
11.03333333,0.994506,-1.41E-05,-1.50E-05
11.06666667,0.994477831,-1.41E-05,-1.50E-05
11.1,0.994449604,-1.41E-05,-1.51E-05
11.13333333,0.994421318,-1.41E-05,-1.51E-05
11.16666667,0.994392974,-1.42E-05,-1.51E-05
11.2,0.994364571,-1.42E-05,-1.51E-05
11.23333333,0.99433611,-1.42E-05,-1.52E-05
11.26666667,0.99430759,-1.43E-05,-1.52E-05
11.3,0.994279012,-1.43E-05,-1.52E-05
11.33333333,0.994250376,-1.43E-05,-1.53E-05
11.36666667,0.994221681,-1.43E-05,-1.53E-05
11.4,0.994192929,-1.44E-05,-1.53E-05
11.43333333,0.994164118,-1.44E-05,-1.53E-05
11.46666667,0.99413525,-1.44E-05,-1.54E-05
11.5,0.994106323,-1.45E-05,-1.54E-05
11.53333333,0.994077339,-1.45E-05,-1.54E-05
11.56666667,0.994048296,-1.45E-05,-1.55E-05
11.6,0.994019196,-1.46E-05,-1.55E-05
11.63333333,0.993990038,-1.46E-05,-1.55E-05
11.66666667,0.993960823,-1.46E-05,-1.56E-05
11.7,0.993931549,-1.46E-05,-1.56E-05
11.73333333,0.993902219,-1.47E-05,-1.56E-05
11.76666667,0.99387283,-1.47E-05,-1.56E-05
11.8,0.993843385,-1.47E-05,-1.57E-05
11.83333333,0.993813881,-1.48E-05,-1.57E-05
11.86666667,0.993784321,-1.48E-05,-1.57E-05
11.9,0.993754703,-1.48E-05,-1.58E-05
11.93333333,0.993725028,-1.48E-05,-1.58E-05
11.96666667,0.993695296,-1.49E-05,-1.58E-05
12,0.993665506,-1.49E-05,-1.58E-05
12.03333333,0.99363566,-1.49E-05,-1.59E-05
12.06666667,0.993605756,-1.50E-05,-1.59E-05
12.1,0.993575796,-1.50E-05,-1.59E-05
12.13333333,0.993545778,-1.50E-05,-1.60E-05
12.16666667,0.993515704,-1.50E-05,-1.60E-05
12.2,0.993485573,-1.51E-05,-1.60E-05
12.23333333,0.993455385,-1.51E-05,-1.60E-05
12.26666667,0.993425141,-1.51E-05,-1.61E-05
12.3,0.993394839,-1.52E-05,-1.61E-05
12.33333333,0.993364482,-1.52E-05,-1.61E-05
12.36666667,0.993334067,-1.52E-05,-1.62E-05
12.4,0.993303596,-1.52E-05,-1.62E-05
12.43333333,0.993273069,-1.53E-05,-1.62E-05
12.46666667,0.993242485,-1.53E-05,-1.63E-05
12.5,0.993211845,-1.53E-05,-1.63E-05
12.53333333,0.993181148,-1.53E-05,-1.63E-05
12.56666667,0.993150396,-1.54E-05,-1.63E-05
12.6,0.993119587,-1.54E-05,-1.64E-05
12.63333333,0.993088722,-1.54E-05,-1.64E-05
12.66666667,0.993057801,-1.55E-05,-1.64E-05
12.7,0.993026824,-1.55E-05,-1.64E-05
12.73333333,0.99299579,-1.55E-05,-1.65E-05
12.76666667,0.992964701,-1.55E-05,-1.65E-05
12.8,0.992933556,-1.56E-05,-1.65E-05
12.83333333,0.992902355,-1.56E-05,-1.66E-05
12.86666667,0.992871099,-1.56E-05,-1.66E-05
12.9,0.992839786,-1.57E-05,-1.66E-05
12.93333333,0.992808418,-1.57E-05,-1.66E-05
12.96666667,0.992776995,-1.57E-05,-1.67E-05
13,0.992745515,-1.57E-05,-1.67E-05
13.03333333,0.99271398,-1.58E-05,-1.67E-05
13.06666667,0.99268239,-1.58E-05,-1.68E-05
13.1,0.992650744,-1.58E-05,-1.68E-05
13.13333333,0.992619043,-1.59E-05,-1.68E-05
13.16666667,0.992587286,-1.59E-05,-1.68E-05
13.2,0.992555474,-1.59E-05,-1.69E-05
13.23333333,0.992523607,-1.59E-05,-1.69E-05
13.26666667,0.992491685,-1.60E-05,-1.69E-05
13.3,0.992459707,-1.60E-05,-1.70E-05
13.33333333,0.992427674,-1.60E-05,-1.70E-05
13.36666667,0.992395587,-1.60E-05,-1.70E-05
13.4,0.992363444,-1.61E-05,-1.70E-05
13.43333333,0.992331246,-1.61E-05,-1.71E-05
13.46666667,0.992298993,-1.61E-05,-1.71E-05
13.5,0.992266686,-1.62E-05,-1.71E-05
13.53333333,0.992234323,-1.62E-05,-1.72E-05
13.56666667,0.992201906,-1.62E-05,-1.72E-05
13.6,0.992169434,-1.62E-05,-1.72E-05
13.63333333,0.992136908,-1.63E-05,-1.72E-05
13.66666667,0.992104327,-1.63E-05,-1.73E-05
13.7,0.992071691,-1.63E-05,-1.73E-05
13.73333333,0.992039,-1.63E-05,-1.73E-05
13.76666667,0.992006255,-1.64E-05,-1.73E-05
13.8,0.991973456,-1.64E-05,-1.74E-05
13.83333333,0.991940602,-1.64E-05,-1.74E-05
13.86666667,0.991907694,-1.65E-05,-1.74E-05
13.9,0.991874731,-1.65E-05,-1.75E-05
13.93333333,0.991841715,-1.65E-05,-1.75E-05
13.96666667,0.991808644,-1.65E-05,-1.75E-05
14,0.991775518,-1.66E-05,-1.75E-05
14.03333333,0.991742339,-1.66E-05,-1.76E-05
14.06666667,0.991709106,-1.66E-05,-1.76E-05
14.1,0.991675818,-1.66E-05,-1.76E-05
14.13333333,0.991642476,-1.67E-05,-1.76E-05
14.16666667,0.991609081,-1.67E-05,-1.77E-05
14.2,0.991575632,-1.67E-05,-1.77E-05
14.23333333,0.991542128,-1.68E-05,-1.77E-05
14.26666667,0.991508571,-1.68E-05,-1.78E-05
14.3,0.99147496,-1.68E-05,-1.78E-05
14.33333333,0.991441296,-1.68E-05,-1.78E-05
14.36666667,0.991407577,-1.69E-05,-1.78E-05
14.4,0.991373805,-1.69E-05,-1.79E-05
14.43333333,0.99133998,-1.69E-05,-1.79E-05
14.46666667,0.9913061,-1.69E-05,-1.79E-05
14.5,0.991272168,-1.70E-05,-1.79E-05
14.53333333,0.991238181,-1.70E-05,-1.80E-05
14.56666667,0.991204142,-1.70E-05,-1.80E-05
14.6,0.991170049,-1.70E-05,-1.80E-05
14.63333333,0.991135902,-1.71E-05,-1.81E-05
14.66666667,0.991101702,-1.71E-05,-1.81E-05
14.7,0.991067449,-1.71E-05,-1.81E-05
14.73333333,0.991033143,-1.72E-05,-1.81E-05
14.76666667,0.990998784,-1.72E-05,-1.82E-05
14.8,0.990964371,-1.72E-05,-1.82E-05
14.83333333,0.990929906,-1.72E-05,-1.82E-05
14.86666667,0.990895387,-1.73E-05,-1.82E-05
14.9,0.990860815,-1.73E-05,-1.83E-05
14.93333333,0.990826191,-1.73E-05,-1.83E-05
14.96666667,0.990791513,-1.73E-05,-1.83E-05
15,0.990756782,-1.74E-05,-1.84E-05
15.03333333,0.990721999,-1.74E-05,-1.84E-05
15.06666667,0.990687163,-1.74E-05,-1.84E-05
15.1,0.990652274,-1.74E-05,-1.84E-05
15.13333333,0.990617332,-1.75E-05,-1.85E-05
15.16666667,0.990582338,-1.75E-05,-1.85E-05
15.2,0.990547291,-1.75E-05,-1.85E-05
15.23333333,0.990512191,-1.75E-05,-1.85E-05
15.26666667,0.990477039,-1.76E-05,-1.86E-05
15.3,0.990441835,-1.76E-05,-1.86E-05
15.33333333,0.990406578,-1.76E-05,-1.86E-05
15.36666667,0.990371268,-1.77E-05,-1.86E-05
15.4,0.990335906,-1.77E-05,-1.87E-05
15.43333333,0.990300492,-1.77E-05,-1.87E-05
15.46666667,0.990265025,-1.77E-05,-1.87E-05
15.5,0.990229506,-1.78E-05,-1.87E-05
15.53333333,0.990193935,-1.78E-05,-1.88E-05
15.56666667,0.990158312,-1.78E-05,-1.88E-05
15.6,0.990122636,-1.78E-05,-1.88E-05
15.63333333,0.990086909,-1.79E-05,-1.89E-05
15.66666667,0.990051129,-1.79E-05,-1.89E-05
15.7,0.990015297,-1.79E-05,-1.89E-05
15.73333333,0.989979414,-1.79E-05,-1.89E-05
15.76666667,0.989943478,-1.80E-05,-1.90E-05
15.8,0.989907491,-1.80E-05,-1.90E-05
15.83333333,0.989871451,-1.80E-05,-1.90E-05
15.86666667,0.98983536,-1.80E-05,-1.90E-05
15.9,0.989799217,-1.81E-05,-1.91E-05
15.93333333,0.989763022,-1.81E-05,-1.91E-05
15.96666667,0.989726776,-1.81E-05,-1.91E-05
16,0.989690477,-1.81E-05,-1.91E-05
16.03333333,0.989654127,-1.82E-05,-1.92E-05
16.06666667,0.989617726,-1.82E-05,-1.92E-05
16.1,0.989581273,-1.82E-05,-1.92E-05
16.13333333,0.989544769,-1.83E-05,-1.92E-05
16.16666667,0.989508213,-1.83E-05,-1.93E-05
16.2,0.989471605,-1.83E-05,-1.93E-05
16.23333333,0.989434946,-1.83E-05,-1.93E-05
16.26666667,0.989398236,-1.84E-05,-1.94E-05
16.3,0.989361474,-1.84E-05,-1.94E-05
16.33333333,0.989324662,-1.84E-05,-1.94E-05
16.36666667,0.989287797,-1.84E-05,-1.94E-05
16.4,0.989250882,-1.85E-05,-1.95E-05
16.43333333,0.989213916,-1.85E-05,-1.95E-05
16.46666667,0.989176898,-1.85E-05,-1.95E-05
16.5,0.989139829,-1.85E-05,-1.95E-05
16.53333333,0.989102709,-1.86E-05,-1.96E-05
16.56666667,0.989065539,-1.86E-05,-1.96E-05
16.6,0.989028317,-1.86E-05,-1.96E-05
16.63333333,0.988991044,-1.86E-05,-1.96E-05
16.66666667,0.98895372,-1.87E-05,-1.97E-05
16.7,0.988916346,-1.87E-05,-1.97E-05
16.73333333,0.98887892,-1.87E-05,-1.97E-05
16.76666667,0.988841444,-1.87E-05,-1.97E-05
16.8,0.988803917,-1.88E-05,-1.98E-05
16.83333333,0.988766339,-1.88E-05,-1.98E-05
16.86666667,0.988728711,-1.88E-05,-1.98E-05
16.9,0.988691032,-1.88E-05,-1.98E-05
16.93333333,0.988653302,-1.89E-05,-1.99E-05
16.96666667,0.988615522,-1.89E-05,-1.99E-05
17,0.988577691,-1.89E-05,-1.99E-05
17.03333333,0.98853981,-1.89E-05,-1.99E-05
17.06666667,0.988501878,-1.90E-05,-2.00E-05
17.1,0.988463896,-1.90E-05,-2.00E-05
17.13333333,0.988425863,-1.90E-05,-2.00E-05
17.16666667,0.98838778,-1.90E-05,-2.00E-05
17.2,0.988349647,-1.91E-05,-2.01E-05
17.23333333,0.988311463,-1.91E-05,-2.01E-05
17.26666667,0.988273229,-1.91E-05,-2.01E-05
17.3,0.988234945,-1.91E-05,-2.01E-05
17.33333333,0.988196611,-1.92E-05,-2.02E-05
17.36666667,0.988158226,-1.92E-05,-2.02E-05
17.4,0.988119792,-1.92E-05,-2.02E-05
17.43333333,0.988081307,-1.92E-05,-2.02E-05
17.46666667,0.988042772,-1.93E-05,-2.03E-05
17.5,0.988004188,-1.93E-05,-2.03E-05
17.53333333,0.987965553,-1.93E-05,-2.03E-05
17.56666667,0.987926869,-1.93E-05,-2.03E-05
17.6,0.987888134,-1.94E-05,-2.04E-05
17.63333333,0.98784935,-1.94E-05,-2.04E-05
17.66666667,0.987810516,-1.94E-05,-2.04E-05
17.7,0.987771632,-1.94E-05,-2.04E-05
17.73333333,0.987732698,-1.95E-05,-2.05E-05
17.76666667,0.987693714,-1.95E-05,-2.05E-05
17.8,0.987654681,-1.95E-05,-2.05E-05
17.83333333,0.987615598,-1.95E-05,-2.05E-05
17.86666667,0.987576466,-1.96E-05,-2.06E-05
17.9,0.987537284,-1.96E-05,-2.06E-05
17.93333333,0.987498052,-1.96E-05,-2.06E-05
17.96666667,0.987458771,-1.96E-05,-2.06E-05
18,0.987419441,-1.97E-05,-2.07E-05
18.03333333,0.987380061,-1.97E-05,-2.07E-05
18.06666667,0.987340631,-1.97E-05,-2.07E-05
18.1,0.987301153,-1.97E-05,-2.07E-05
18.13333333,0.987261624,-1.98E-05,-2.08E-05
18.16666667,0.987222047,-1.98E-05,-2.08E-05
18.2,0.98718242,-1.98E-05,-2.08E-05
18.23333333,0.987142744,-1.98E-05,-2.08E-05
18.26666667,0.987103019,-1.99E-05,-2.09E-05
18.3,0.987063245,-1.99E-05,-2.09E-05
18.33333333,0.987023421,-1.99E-05,-2.09E-05
18.36666667,0.986983549,-1.99E-05,-2.09E-05
18.4,0.986943627,-2.00E-05,-2.10E-05
18.43333333,0.986903656,-2.00E-05,-2.10E-05
18.46666667,0.986863637,-2.00E-05,-2.10E-05
18.5,0.986823568,-2.00E-05,-2.10E-05
18.53333333,0.98678345,-2.01E-05,-2.11E-05
18.56666667,0.986743284,-2.01E-05,-2.11E-05
18.6,0.986703068,-2.01E-05,-2.11E-05
18.63333333,0.986662804,-2.01E-05,-2.11E-05
18.66666667,0.986622491,-2.02E-05,-2.12E-05
18.7,0.986582129,-2.02E-05,-2.12E-05
18.73333333,0.986541719,-2.02E-05,-2.12E-05
18.76666667,0.986501259,-2.02E-05,-2.12E-05
18.8,0.986460751,-2.03E-05,-2.13E-05
18.83333333,0.986420195,-2.03E-05,-2.13E-05
18.86666667,0.98637959,-2.03E-05,-2.13E-05
18.9,0.986338936,-2.03E-05,-2.13E-05
18.93333333,0.986298234,-2.04E-05,-2.14E-05
18.96666667,0.986257483,-2.04E-05,-2.14E-05
19,0.986216684,-2.04E-05,-2.14E-05
19.03333333,0.986175836,-2.04E-05,-2.14E-05
19.06666667,0.98613494,-2.04E-05,-2.15E-05
19.1,0.986093995,-2.05E-05,-2.15E-05
19.13333333,0.986053002,-2.05E-05,-2.15E-05
19.16666667,0.986011961,-2.05E-05,-2.15E-05
19.2,0.985970872,-2.05E-05,-2.16E-05
19.23333333,0.985929734,-2.06E-05,-2.16E-05
19.26666667,0.985888548,-2.06E-05,-2.16E-05
19.3,0.985847314,-2.06E-05,-2.16E-05
19.33333333,0.985806031,-2.06E-05,-2.16E-05
19.36666667,0.985764701,-2.07E-05,-2.17E-05
19.4,0.985723323,-2.07E-05,-2.17E-05
19.43333333,0.985681896,-2.07E-05,-2.17E-05
19.46666667,0.985640421,-2.07E-05,-2.17E-05
19.5,0.985598899,-2.08E-05,-2.18E-05
19.53333333,0.985557328,-2.08E-05,-2.18E-05
19.56666667,0.98551571,-2.08E-05,-2.18E-05
19.6,0.985474044,-2.08E-05,-2.18E-05
19.63333333,0.985432329,-2.09E-05,-2.19E-05
19.66666667,0.985390567,-2.09E-05,-2.19E-05
19.7,0.985348757,-2.09E-05,-2.19E-05
19.73333333,0.9853069,-2.09E-05,-2.19E-05
19.76666667,0.985264994,-2.10E-05,-2.20E-05
19.8,0.985223041,-2.10E-05,-2.20E-05
19.83333333,0.98518104,-2.10E-05,-2.20E-05
19.86666667,0.985138992,-2.10E-05,-2.20E-05
19.9,0.985096896,-2.10E-05,-2.21E-05
19.93333333,0.985054752,-2.11E-05,-2.21E-05
19.96666667,0.985012561,-2.11E-05,-2.21E-05
20,0.984970322,-2.11E-05,-2.21E-05
20.03333333,0.984928036,-2.11E-05,-2.22E-05
20.06666667,0.984885703,-2.12E-05,-2.22E-05
20.1,0.984843321,-2.12E-05,-2.22E-05
20.13333333,0.984800893,-2.12E-05,-2.22E-05
20.16666667,0.984758417,-2.12E-05,-2.22E-05
20.2,0.984715894,-2.13E-05,-2.23E-05
20.23333333,0.984673323,-2.13E-05,-2.23E-05
20.26666667,0.984630706,-2.13E-05,-2.23E-05
20.3,0.984588041,-2.13E-05,-2.23E-05
20.33333333,0.984545328,-2.14E-05,-2.24E-05
20.36666667,0.984502569,-2.14E-05,-2.24E-05
20.4,0.984459762,-2.14E-05,-2.24E-05
20.43333333,0.984416909,-2.14E-05,-2.24E-05
20.46666667,0.984374008,-2.15E-05,-2.25E-05
20.5,0.98433106,-2.15E-05,-2.25E-05
20.53333333,0.984288065,-2.15E-05,-2.25E-05
20.56666667,0.984245023,-2.15E-05,-2.25E-05
20.6,0.984201934,-2.15E-05,-2.26E-05
20.63333333,0.984158798,-2.16E-05,-2.26E-05
20.66666667,0.984115616,-2.16E-05,-2.26E-05
20.7,0.984072386,-2.16E-05,-2.26E-05
20.73333333,0.984029109,-2.16E-05,-2.26E-05
20.76666667,0.983985786,-2.17E-05,-2.27E-05
20.8,0.983942416,-2.17E-05,-2.27E-05
20.83333333,0.983898999,-2.17E-05,-2.27E-05
20.86666667,0.983855536,-2.17E-05,-2.27E-05
20.9,0.983812025,-2.18E-05,-2.28E-05
20.93333333,0.983768468,-2.18E-05,-2.28E-05
20.96666667,0.983724865,-2.18E-05,-2.28E-05
21,0.983681214,-2.18E-05,-2.28E-05
21.03333333,0.983637518,-2.18E-05,-2.29E-05
21.06666667,0.983593774,-2.19E-05,-2.29E-05
21.1,0.983549984,-2.19E-05,-2.29E-05
21.13333333,0.983506148,-2.19E-05,-2.29E-05
21.16666667,0.983462265,-2.19E-05,-2.29E-05
21.2,0.983418336,-2.20E-05,-2.30E-05
21.23333333,0.98337436,-2.20E-05,-2.30E-05
21.26666667,0.983330338,-2.20E-05,-2.30E-05
21.3,0.983286269,-2.20E-05,-2.30E-05
21.33333333,0.983242154,-2.21E-05,-2.31E-05
21.36666667,0.983197993,-2.21E-05,-2.31E-05
21.4,0.983153786,-2.21E-05,-2.31E-05
21.43333333,0.983109532,-2.21E-05,-2.31E-05
21.46666667,0.983065233,-2.21E-05,-2.32E-05
21.5,0.983020887,-2.22E-05,-2.32E-05
21.53333333,0.982976494,-2.22E-05,-2.32E-05
21.56666667,0.982932056,-2.22E-05,-2.32E-05
21.6,0.982887572,-2.22E-05,-2.33E-05
21.63333333,0.982843041,-2.23E-05,-2.33E-05
21.66666667,0.982798465,-2.23E-05,-2.33E-05
21.7,0.982753843,-2.23E-05,-2.33E-05
21.73333333,0.982709174,-2.23E-05,-2.33E-05
21.76666667,0.98266446,-2.24E-05,-2.34E-05
21.8,0.982619699,-2.24E-05,-2.34E-05
21.83333333,0.982574893,-2.24E-05,-2.34E-05
21.86666667,0.982530041,-2.24E-05,-2.34E-05
21.9,0.982485143,-2.24E-05,-2.35E-05
21.93333333,0.9824402,-2.25E-05,-2.35E-05
21.96666667,0.98239521,-2.25E-05,-2.35E-05
22,0.982350175,-2.25E-05,-2.35E-05
22.03333333,0.982305094,-2.25E-05,-2.35E-05
22.06666667,0.982259967,-2.26E-05,-2.36E-05
22.1,0.982214795,-2.26E-05,-2.36E-05
22.13333333,0.982169577,-2.26E-05,-2.36E-05
22.16666667,0.982124313,-2.26E-05,-2.36E-05
22.2,0.982079004,-2.27E-05,-2.37E-05
22.23333333,0.98203365,-2.27E-05,-2.37E-05
22.26666667,0.981988249,-2.27E-05,-2.37E-05
22.3,0.981942804,-2.27E-05,-2.37E-05
22.33333333,0.981897312,-2.27E-05,-2.38E-05
22.36666667,0.981851776,-2.28E-05,-2.38E-05
22.4,0.981806194,-2.28E-05,-2.38E-05
22.43333333,0.981760566,-2.28E-05,-2.38E-05
22.46666667,0.981714894,-2.28E-05,-2.38E-05
22.5,0.981669175,-2.29E-05,-2.39E-05
22.53333333,0.981623412,-2.29E-05,-2.39E-05
22.56666667,0.981577603,-2.29E-05,-2.39E-05
22.6,0.981531749,-2.29E-05,-2.39E-05
22.63333333,0.98148585,-2.29E-05,-2.40E-05
22.66666667,0.981439906,-2.30E-05,-2.40E-05
22.7,0.981393916,-2.30E-05,-2.40E-05
22.73333333,0.981347882,-2.30E-05,-2.40E-05
22.76666667,0.981301802,-2.30E-05,-2.40E-05
22.8,0.981255677,-2.31E-05,-2.41E-05
22.83333333,0.981209507,-2.31E-05,-2.41E-05
22.86666667,0.981163292,-2.31E-05,-2.41E-05
22.9,0.981117032,-2.31E-05,-2.41E-05
22.93333333,0.981070727,-2.32E-05,-2.42E-05
22.96666667,0.981024377,-2.32E-05,-2.42E-05
23,0.980977983,-2.32E-05,-2.42E-05
23.03333333,0.980931543,-2.32E-05,-2.42E-05
23.06666667,0.980885058,-2.32E-05,-2.42E-05
23.1,0.980838529,-2.33E-05,-2.43E-05
23.13333333,0.980791955,-2.33E-05,-2.43E-05
23.16666667,0.980745336,-2.33E-05,-2.43E-05
23.2,0.980698672,-2.33E-05,-2.43E-05
23.23333333,0.980651964,-2.34E-05,-2.44E-05
23.26666667,0.98060521,-2.34E-05,-2.44E-05
23.3,0.980558412,-2.34E-05,-2.44E-05
23.33333333,0.98051157,-2.34E-05,-2.44E-05
23.36666667,0.980464683,-2.34E-05,-2.44E-05
23.4,0.980417751,-2.35E-05,-2.45E-05
23.43333333,0.980370775,-2.35E-05,-2.45E-05
23.46666667,0.980323754,-2.35E-05,-2.45E-05
23.5,0.980276689,-2.35E-05,-2.45E-05
23.53333333,0.980229579,-2.36E-05,-2.46E-05
23.56666667,0.980182424,-2.36E-05,-2.46E-05
23.6,0.980135226,-2.36E-05,-2.46E-05
23.63333333,0.980087982,-2.36E-05,-2.46E-05
23.66666667,0.980040695,-2.36E-05,-2.46E-05
23.7,0.979993363,-2.37E-05,-2.47E-05
23.73333333,0.979945987,-2.37E-05,-2.47E-05
23.76666667,0.979898566,-2.37E-05,-2.47E-05
23.8,0.979851101,-2.37E-05,-2.47E-05
23.83333333,0.979803592,-2.38E-05,-2.48E-05
23.86666667,0.979756039,-2.38E-05,-2.48E-05
23.9,0.979708441,-2.38E-05,-2.48E-05
23.93333333,0.9796608,-2.38E-05,-2.48E-05
23.96666667,0.979613114,-2.38E-05,-2.48E-05
24,0.979565384,-2.39E-05,-2.49E-05
24.03333333,0.97951761,-2.39E-05,-2.49E-05
24.06666667,0.979469791,-2.39E-05,-2.49E-05
24.1,0.979421929,-2.39E-05,-2.49E-05
24.13333333,0.979374023,-2.40E-05,-2.50E-05
24.16666667,0.979326073,-2.40E-05,-2.50E-05
24.2,0.979278079,-2.40E-05,-2.50E-05
24.23333333,0.979230041,-2.40E-05,-2.50E-05
24.26666667,0.979181958,-2.40E-05,-2.50E-05
24.3,0.979133833,-2.41E-05,-2.51E-05
24.33333333,0.979085663,-2.41E-05,-2.51E-05
24.36666667,0.979037449,-2.41E-05,-2.51E-05
24.4,0.978989192,-2.41E-05,-2.51E-05
24.43333333,0.97894089,-2.42E-05,-2.52E-05
24.46666667,0.978892545,-2.42E-05,-2.52E-05
24.5,0.978844157,-2.42E-05,-2.52E-05
24.53333333,0.978795724,-2.42E-05,-2.52E-05
24.56666667,0.978747248,-2.42E-05,-2.52E-05
24.6,0.978698728,-2.43E-05,-2.53E-05
24.63333333,0.978650165,-2.43E-05,-2.53E-05
24.66666667,0.978601558,-2.43E-05,-2.53E-05
24.7,0.978552907,-2.43E-05,-2.53E-05
24.73333333,0.978504213,-2.43E-05,-2.53E-05
24.76666667,0.978455475,-2.44E-05,-2.54E-05
24.8,0.978406694,-2.44E-05,-2.54E-05
24.83333333,0.978357869,-2.44E-05,-2.54E-05
24.86666667,0.978309001,-2.44E-05,-2.54E-05
24.9,0.97826009,-2.45E-05,-2.55E-05
24.93333333,0.978211135,-2.45E-05,-2.55E-05
24.96666667,0.978162136,-2.45E-05,-2.55E-05
25,0.978113095,-2.45E-05,-2.55E-05
25.03333333,0.978064009,-2.45E-05,-2.55E-05
25.06666667,0.978014881,-2.46E-05,-2.56E-05
25.1,0.977965709,-2.46E-05,-2.56E-05
25.13333333,0.977916495,-2.46E-05,-2.56E-05
25.16666667,0.977867236,-2.46E-05,-2.56E-05
25.2,0.977817935,-2.47E-05,-2.56E-05
25.23333333,0.977768591,-2.47E-05,-2.57E-05
25.26666667,0.977719203,-2.47E-05,-2.57E-05
25.3,0.977669772,-2.47E-05,-2.57E-05
25.33333333,0.977620298,-2.47E-05,-2.57E-05
25.36666667,0.977570781,-2.48E-05,-2.58E-05
25.4,0.977521221,-2.48E-05,-2.58E-05
25.43333333,0.977471618,-2.48E-05,-2.58E-05
25.46666667,0.977421972,-2.48E-05,-2.58E-05
25.5,0.977372283,-2.48E-05,-2.58E-05
25.53333333,0.977322551,-2.49E-05,-2.59E-05
25.56666667,0.977272776,-2.49E-05,-2.59E-05
25.6,0.977222958,-2.49E-05,-2.59E-05
25.63333333,0.977173097,-2.49E-05,-2.59E-05
25.66666667,0.977123193,-2.50E-05,-2.59E-05
25.7,0.977073247,-2.50E-05,-2.60E-05
25.73333333,0.977023258,-2.50E-05,-2.60E-05
25.76666667,0.976973226,-2.50E-05,-2.60E-05
25.8,0.976923151,-2.50E-05,-2.60E-05
25.83333333,0.976873033,-2.51E-05,-2.61E-05
25.86666667,0.976822873,-2.51E-05,-2.61E-05
25.9,0.97677267,-2.51E-05,-2.61E-05
25.93333333,0.976722424,-2.51E-05,-2.61E-05
25.96666667,0.976672136,-2.51E-05,-2.61E-05
26,0.976621805,-2.52E-05,-2.62E-05
26.03333333,0.976571432,-2.52E-05,-2.62E-05
26.06666667,0.976521016,-2.52E-05,-2.62E-05
26.1,0.976470557,-2.52E-05,-2.62E-05
26.13333333,0.976420056,-2.53E-05,-2.62E-05
26.16666667,0.976369512,-2.53E-05,-2.63E-05
26.2,0.976318926,-2.53E-05,-2.63E-05
26.23333333,0.976268298,-2.53E-05,-2.63E-05
26.26666667,0.976217627,-2.53E-05,-2.63E-05
26.3,0.976166913,-2.54E-05,-2.64E-05
26.33333333,0.976116158,-2.54E-05,-2.64E-05
26.36666667,0.97606536,-2.54E-05,-2.64E-05
26.4,0.976014519,-2.54E-05,-2.64E-05
26.43333333,0.975963636,-2.54E-05,-2.64E-05
26.46666667,0.975912711,-2.55E-05,-2.65E-05
26.5,0.975861744,-2.55E-05,-2.65E-05
26.53333333,0.975810735,-2.55E-05,-2.65E-05
26.56666667,0.975759683,-2.55E-05,-2.65E-05
26.6,0.975708589,-2.55E-05,-2.65E-05
26.63333333,0.975657453,-2.56E-05,-2.66E-05
26.66666667,0.975606275,-2.56E-05,-2.66E-05
26.7,0.975555055,-2.56E-05,-2.66E-05
26.73333333,0.975503792,-2.56E-05,-2.66E-05
26.76666667,0.975452488,-2.57E-05,-2.66E-05
26.8,0.975401142,-2.57E-05,-2.67E-05
26.83333333,0.975349753,-2.57E-05,-2.67E-05
26.86666667,0.975298323,-2.57E-05,-2.67E-05
26.9,0.97524685,-2.57E-05,-2.67E-05
26.93333333,0.975195336,-2.58E-05,-2.67E-05
26.96666667,0.975143779,-2.58E-05,-2.68E-05
27,0.975092181,-2.58E-05,-2.68E-05
27.03333333,0.975040541,-2.58E-05,-2.68E-05
27.06666667,0.974988859,-2.58E-05,-2.68E-05
27.1,0.974937135,-2.59E-05,-2.69E-05
27.13333333,0.97488537,-2.59E-05,-2.69E-05
27.16666667,0.974833562,-2.59E-05,-2.69E-05
27.2,0.974781713,-2.59E-05,-2.69E-05
27.23333333,0.974729822,-2.59E-05,-2.69E-05
27.26666667,0.97467789,-2.60E-05,-2.70E-05
27.3,0.974625916,-2.60E-05,-2.70E-05
27.33333333,0.9745739,-2.60E-05,-2.70E-05
27.36666667,0.974521842,-2.60E-05,-2.70E-05
27.4,0.974469743,-2.60E-05,-2.70E-05
27.43333333,0.974417602,-2.61E-05,-2.71E-05
27.46666667,0.97436542,-2.61E-05,-2.71E-05
27.5,0.974313196,-2.61E-05,-2.71E-05
27.53333333,0.97426093,-2.61E-05,-2.71E-05
27.56666667,0.974208623,-2.62E-05,-2.71E-05
27.6,0.974156275,-2.62E-05,-2.72E-05
27.63333333,0.974103885,-2.62E-05,-2.72E-05
27.66666667,0.974051454,-2.62E-05,-2.72E-05
27.7,0.973998981,-2.62E-05,-2.72E-05
27.73333333,0.973946467,-2.63E-05,-2.72E-05
27.76666667,0.973893912,-2.63E-05,-2.73E-05
27.8,0.973841315,-2.63E-05,-2.73E-05
27.83333333,0.973788677,-2.63E-05,-2.73E-05
27.86666667,0.973735997,-2.63E-05,-2.73E-05
27.9,0.973683276,-2.64E-05,-2.73E-05
27.93333333,0.973630514,-2.64E-05,-2.74E-05
27.96666667,0.973577711,-2.64E-05,-2.74E-05
28,0.973524867,-2.64E-05,-2.74E-05
28.03333333,0.973471981,-2.64E-05,-2.74E-05
28.06666667,0.973419054,-2.65E-05,-2.74E-05
28.1,0.973366087,-2.65E-05,-2.75E-05
28.13333333,0.973313078,-2.65E-05,-2.75E-05
28.16666667,0.973260027,-2.65E-05,-2.75E-05
28.2,0.973206936,-2.65E-05,-2.75E-05
28.23333333,0.973153804,-2.66E-05,-2.75E-05
28.26666667,0.973100631,-2.66E-05,-2.76E-05
28.3,0.973047417,-2.66E-05,-2.76E-05
28.33333333,0.972994161,-2.66E-05,-2.76E-05
28.36666667,0.972940865,-2.66E-05,-2.76E-05
28.4,0.972887528,-2.67E-05,-2.77E-05
28.43333333,0.97283415,-2.67E-05,-2.77E-05
28.46666667,0.972780731,-2.67E-05,-2.77E-05
28.5,0.972727271,-2.67E-05,-2.77E-05
28.53333333,0.972673771,-2.68E-05,-2.77E-05
28.56666667,0.972620229,-2.68E-05,-2.78E-05
28.6,0.972566647,-2.68E-05,-2.78E-05
28.63333333,0.972513024,-2.68E-05,-2.78E-05
28.66666667,0.97245936,-2.68E-05,-2.78E-05
28.7,0.972405656,-2.69E-05,-2.78E-05
28.73333333,0.97235191,-2.69E-05,-2.79E-05
28.76666667,0.972298124,-2.69E-05,-2.79E-05
28.8,0.972244298,-2.69E-05,-2.79E-05
28.83333333,0.972190431,-2.69E-05,-2.79E-05
28.86666667,0.972136523,-2.70E-05,-2.79E-05
28.9,0.972082574,-2.70E-05,-2.80E-05
28.93333333,0.972028585,-2.70E-05,-2.80E-05
28.96666667,0.971974556,-2.70E-05,-2.80E-05
29,0.971920486,-2.70E-05,-2.80E-05
29.03333333,0.971866375,-2.71E-05,-2.80E-05
29.06666667,0.971812224,-2.71E-05,-2.81E-05
29.1,0.971758032,-2.71E-05,-2.81E-05
29.13333333,0.9717038,-2.71E-05,-2.81E-05
29.16666667,0.971649528,-2.71E-05,-2.81E-05
29.2,0.971595215,-2.72E-05,-2.81E-05
29.23333333,0.971540862,-2.72E-05,-2.82E-05
29.26666667,0.971486468,-2.72E-05,-2.82E-05
29.3,0.971432034,-2.72E-05,-2.82E-05
29.33333333,0.97137756,-2.72E-05,-2.82E-05
29.36666667,0.971323046,-2.73E-05,-2.82E-05
29.4,0.971268491,-2.73E-05,-2.83E-05
29.43333333,0.971213896,-2.73E-05,-2.83E-05
29.46666667,0.971159261,-2.73E-05,-2.83E-05
29.5,0.971104585,-2.73E-05,-2.83E-05
29.53333333,0.971049869,-2.74E-05,-2.83E-05
29.56666667,0.970995114,-2.74E-05,-2.84E-05
29.6,0.970940318,-2.74E-05,-2.84E-05
29.63333333,0.970885482,-2.74E-05,-2.84E-05
29.66666667,0.970830605,-2.74E-05,-2.84E-05
29.7,0.970775689,-2.75E-05,-2.84E-05
29.73333333,0.970720733,-2.75E-05,-2.85E-05
29.76666667,0.970665737,-2.75E-05,-2.85E-05
29.8,0.9706107,-2.75E-05,-2.85E-05
29.83333333,0.970555624,-2.75E-05,-2.85E-05
29.86666667,0.970500508,-2.76E-05,-2.85E-05
29.9,0.970445352,-2.76E-05,-2.86E-05
29.93333333,0.970390155,-2.76E-05,-2.86E-05
29.96666667,0.970334919,-2.76E-05,-2.86E-05
30,0.970279644,-2.76E-05,-2.86E-05
30.03333333,0.970224328,-2.77E-05,-2.86E-05
30.06666667,0.970168972,-2.77E-05,-2.86E-05
30.1,0.970113577,-2.77E-05,-2.87E-05
30.13333333,0.970058142,-2.77E-05,-2.87E-05
30.16666667,0.970002667,-2.77E-05,-2.87E-05
30.2,0.969947152,-2.78E-05,-2.87E-05
30.23333333,0.969891597,-2.78E-05,-2.87E-05
30.26666667,0.969836003,-2.78E-05,-2.88E-05
30.3,0.969780369,-2.78E-05,-2.88E-05
30.33333333,0.969724696,-2.78E-05,-2.88E-05
30.36666667,0.969668983,-2.79E-05,-2.88E-05
30.4,0.96961323,-2.79E-05,-2.88E-05
30.43333333,0.969557438,-2.79E-05,-2.89E-05
30.46666667,0.969501606,-2.79E-05,-2.89E-05
30.5,0.969445734,-2.79E-05,-2.89E-05
30.53333333,0.969389823,-2.80E-05,-2.89E-05
30.56666667,0.969333873,-2.80E-05,-2.89E-05
30.6,0.969277883,-2.80E-05,-2.90E-05
30.63333333,0.969221853,-2.80E-05,-2.90E-05
30.66666667,0.969165784,-2.80E-05,-2.90E-05
30.7,0.969109676,-2.81E-05,-2.90E-05
30.73333333,0.969053528,-2.81E-05,-2.90E-05
30.76666667,0.968997341,-2.81E-05,-2.91E-05
30.8,0.968941114,-2.81E-05,-2.91E-05
30.83333333,0.968884848,-2.81E-05,-2.91E-05
30.86666667,0.968828543,-2.82E-05,-2.91E-05
30.9,0.968772198,-2.82E-05,-2.91E-05
30.93333333,0.968715815,-2.82E-05,-2.92E-05
30.96666667,0.968659392,-2.82E-05,-2.92E-05
31,0.968602929,-2.82E-05,-2.92E-05
31.03333333,0.968546428,-2.83E-05,-2.92E-05
31.06666667,0.968489887,-2.83E-05,-2.92E-05
31.1,0.968433307,-2.83E-05,-2.93E-05
31.13333333,0.968376688,-2.83E-05,-2.93E-05
31.16666667,0.96832003,-2.83E-05,-2.93E-05
31.2,0.968263332,-2.83E-05,-2.93E-05
31.23333333,0.968206596,-2.84E-05,-2.93E-05
31.26666667,0.96814982,-2.84E-05,-2.93E-05
31.3,0.968093006,-2.84E-05,-2.94E-05
31.33333333,0.968036152,-2.84E-05,-2.94E-05
31.36666667,0.96797926,-2.84E-05,-2.94E-05
31.4,0.967922328,-2.85E-05,-2.94E-05
31.43333333,0.967865358,-2.85E-05,-2.94E-05
31.46666667,0.967808348,-2.85E-05,-2.95E-05
31.5,0.9677513,-2.85E-05,-2.95E-05
31.53333333,0.967694212,-2.85E-05,-2.95E-05
31.56666667,0.967637086,-2.86E-05,-2.95E-05
31.6,0.967579921,-2.86E-05,-2.95E-05
31.63333333,0.967522717,-2.86E-05,-2.96E-05
31.66666667,0.967465474,-2.86E-05,-2.96E-05
31.7,0.967408193,-2.86E-05,-2.96E-05
31.73333333,0.967350872,-2.87E-05,-2.96E-05
31.76666667,0.967293513,-2.87E-05,-2.96E-05
31.8,0.967236116,-2.87E-05,-2.97E-05
31.83333333,0.967178679,-2.87E-05,-2.97E-05
31.86666667,0.967121204,-2.87E-05,-2.97E-05
31.9,0.96706369,-2.88E-05,-2.97E-05
31.93333333,0.967006137,-2.88E-05,-2.97E-05
31.96666667,0.966948546,-2.88E-05,-2.98E-05
32,0.966890916,-2.88E-05,-2.98E-05
32.03333333,0.966833248,-2.88E-05,-2.98E-05
32.06666667,0.966775541,-2.89E-05,-2.98E-05
32.1,0.966717795,-2.89E-05,-2.98E-05
32.13333333,0.966660011,-2.89E-05,-2.98E-05
32.16666667,0.966602188,-2.89E-05,-2.99E-05
32.2,0.966544327,-2.89E-05,-2.99E-05
32.23333333,0.966486427,-2.89E-05,-2.99E-05
32.26666667,0.966428489,-2.90E-05,-2.99E-05
32.3,0.966370513,-2.90E-05,-2.99E-05
32.33333333,0.966312498,-2.90E-05,-3.00E-05
32.36666667,0.966254444,-2.90E-05,-3.00E-05
32.4,0.966196353,-2.90E-05,-3.00E-05
32.43333333,0.966138223,-2.91E-05,-3.00E-05
32.46666667,0.966080054,-2.91E-05,-3.00E-05
32.5,0.966021848,-2.91E-05,-3.01E-05
32.53333333,0.965963603,-2.91E-05,-3.01E-05
32.56666667,0.965905319,-2.91E-05,-3.01E-05
32.6,0.965846998,-2.92E-05,-3.01E-05
32.63333333,0.965788638,-2.92E-05,-3.01E-05
32.66666667,0.96573024,-2.92E-05,-3.01E-05
32.7,0.965671804,-2.92E-05,-3.02E-05
32.73333333,0.965613329,-2.92E-05,-3.02E-05
32.76666667,0.965554817,-2.93E-05,-3.02E-05
32.8,0.965496266,-2.93E-05,-3.02E-05
32.83333333,0.965437678,-2.93E-05,-3.02E-05
32.86666667,0.965379051,-2.93E-05,-3.03E-05
32.9,0.965320386,-2.93E-05,-3.03E-05
32.93333333,0.965261683,-2.94E-05,-3.03E-05
32.96666667,0.965202942,-2.94E-05,-3.03E-05
33,0.965144163,-2.94E-05,-3.03E-05
33.03333333,0.965085346,-2.94E-05,-3.04E-05
33.06666667,0.965026491,-2.94E-05,-3.04E-05
33.1,0.964967598,-2.94E-05,-3.04E-05
33.13333333,0.964908667,-2.95E-05,-3.04E-05
33.16666667,0.964849698,-2.95E-05,-3.04E-05
33.2,0.964790692,-2.95E-05,-3.04E-05
33.23333333,0.964731647,-2.95E-05,-3.05E-05
33.26666667,0.964672565,-2.95E-05,-3.05E-05
33.3,0.964613445,-2.96E-05,-3.05E-05
33.33333333,0.964554287,-2.96E-05,-3.05E-05
33.36666667,0.964495091,-2.96E-05,-3.05E-05
33.4,0.964435857,-2.96E-05,-3.06E-05
33.43333333,0.964376586,-2.96E-05,-3.06E-05
33.46666667,0.964317277,-2.97E-05,-3.06E-05
33.5,0.96425793,-2.97E-05,-3.06E-05
33.53333333,0.964198546,-2.97E-05,-3.06E-05
33.56666667,0.964139123,-2.97E-05,-3.07E-05
33.6,0.964079664,-2.97E-05,-3.07E-05
33.63333333,0.964020166,-2.97E-05,-3.07E-05
33.66666667,0.963960631,-2.98E-05,-3.07E-05
33.7,0.963901058,-2.98E-05,-3.07E-05
33.73333333,0.963841448,-2.98E-05,-3.07E-05
33.76666667,0.9637818,-2.98E-05,-3.08E-05
33.8,0.963722115,-2.98E-05,-3.08E-05
33.83333333,0.963662392,-2.99E-05,-3.08E-05
33.86666667,0.963602632,-2.99E-05,-3.08E-05
33.9,0.963542834,-2.99E-05,-3.08E-05
33.93333333,0.963482999,-2.99E-05,-3.09E-05
33.96666667,0.963423126,-2.99E-05,-3.09E-05
34,0.963363216,-3.00E-05,-3.09E-05
34.03333333,0.963303268,-3.00E-05,-3.09E-05
34.06666667,0.963243283,-3.00E-05,-3.09E-05
34.1,0.963183261,-3.00E-05,-3.09E-05
34.13333333,0.963123201,-3.00E-05,-3.10E-05
34.16666667,0.963063104,-3.00E-05,-3.10E-05
34.2,0.96300297,-3.01E-05,-3.10E-05
34.23333333,0.962942799,-3.01E-05,-3.10E-05
34.26666667,0.96288259,-3.01E-05,-3.10E-05
34.3,0.962822344,-3.01E-05,-3.11E-05
34.33333333,0.962762061,-3.01E-05,-3.11E-05
34.36666667,0.96270174,-3.02E-05,-3.11E-05
34.4,0.962641382,-3.02E-05,-3.11E-05
34.43333333,0.962580988,-3.02E-05,-3.11E-05
34.46666667,0.962520556,-3.02E-05,-3.12E-05
34.5,0.962460087,-3.02E-05,-3.12E-05
34.53333333,0.96239958,-3.03E-05,-3.12E-05
34.56666667,0.962339037,-3.03E-05,-3.12E-05
34.6,0.962278457,-3.03E-05,-3.12E-05
34.63333333,0.962217839,-3.03E-05,-3.12E-05
34.66666667,0.962157185,-3.03E-05,-3.13E-05
34.7,0.962096493,-3.03E-05,-3.13E-05
34.73333333,0.962035765,-3.04E-05,-3.13E-05
34.76666667,0.961975,-3.04E-05,-3.13E-05
34.8,0.961914197,-3.04E-05,-3.13E-05
34.83333333,0.961853358,-3.04E-05,-3.14E-05
34.86666667,0.961792482,-3.04E-05,-3.14E-05
34.9,0.961731569,-3.05E-05,-3.14E-05
34.93333333,0.961670619,-3.05E-05,-3.14E-05
34.96666667,0.961609632,-3.05E-05,-3.14E-05
35,0.961548608,-3.05E-05,-3.14E-05
35.03333333,0.961487548,-3.05E-05,-3.15E-05
35.06666667,0.96142645,-3.05E-05,-3.15E-05
35.1,0.961365316,-3.06E-05,-3.15E-05
35.13333333,0.961304145,-3.06E-05,-3.15E-05
35.16666667,0.961242938,-3.06E-05,-3.15E-05
35.2,0.961181693,-3.06E-05,-3.15E-05
35.23333333,0.961120412,-3.06E-05,-3.16E-05
35.26666667,0.961059095,-3.07E-05,-3.16E-05
35.3,0.96099774,-3.07E-05,-3.16E-05
35.33333333,0.960936349,-3.07E-05,-3.16E-05
35.36666667,0.960874922,-3.07E-05,-3.16E-05
35.4,0.960813457,-3.07E-05,-3.17E-05
35.43333333,0.960751956,-3.08E-05,-3.17E-05
35.46666667,0.960690419,-3.08E-05,-3.17E-05
35.5,0.960628845,-3.08E-05,-3.17E-05
35.53333333,0.960567234,-3.08E-05,-3.17E-05
35.56666667,0.960505587,-3.08E-05,-3.17E-05
35.6,0.960443904,-3.08E-05,-3.18E-05
35.63333333,0.960382184,-3.09E-05,-3.18E-05
35.66666667,0.960320427,-3.09E-05,-3.18E-05
35.7,0.960258635,-3.09E-05,-3.18E-05
35.73333333,0.960196805,-3.09E-05,-3.18E-05
35.76666667,0.96013494,-3.09E-05,-3.19E-05
35.8,0.960073037,-3.10E-05,-3.19E-05
35.83333333,0.960011099,-3.10E-05,-3.19E-05
35.86666667,0.959949124,-3.10E-05,-3.19E-05
35.9,0.959887113,-3.10E-05,-3.19E-05
35.93333333,0.959825066,-3.10E-05,-3.19E-05
35.96666667,0.959762982,-3.10E-05,-3.20E-05
36,0.959700862,-3.11E-05,-3.20E-05
36.03333333,0.959638706,-3.11E-05,-3.20E-05
36.06666667,0.959576513,-3.11E-05,-3.20E-05
36.1,0.959514284,-3.11E-05,-3.20E-05
36.13333333,0.959452019,-3.11E-05,-3.21E-05
36.16666667,0.959389718,-3.12E-05,-3.21E-05
36.2,0.959327381,-3.12E-05,-3.21E-05
36.23333333,0.959265008,-3.12E-05,-3.21E-05
36.26666667,0.959202598,-3.12E-05,-3.21E-05
36.3,0.959140153,-3.12E-05,-3.21E-05
36.33333333,0.959077671,-3.12E-05,-3.22E-05
36.36666667,0.959015153,-3.13E-05,-3.22E-05
36.4,0.958952599,-3.13E-05,-3.22E-05
36.43333333,0.95889001,-3.13E-05,-3.22E-05
36.46666667,0.958827384,-3.13E-05,-3.22E-05
36.5,0.958764722,-3.13E-05,-3.22E-05
36.53333333,0.958702024,-3.13E-05,-3.23E-05
36.56666667,0.95863929,-3.14E-05,-3.23E-05
36.6,0.958576521,-3.14E-05,-3.23E-05
36.63333333,0.958513715,-3.14E-05,-3.23E-05
36.66666667,0.958450874,-3.14E-05,-3.23E-05
36.7,0.958387996,-3.14E-05,-3.24E-05
36.73333333,0.958325083,-3.15E-05,-3.24E-05
36.76666667,0.958262134,-3.15E-05,-3.24E-05
36.8,0.958199149,-3.15E-05,-3.24E-05
36.83333333,0.958136128,-3.15E-05,-3.24E-05
36.86666667,0.958073072,-3.15E-05,-3.24E-05
36.9,0.95800998,-3.15E-05,-3.25E-05
36.93333333,0.957946852,-3.16E-05,-3.25E-05
36.96666667,0.957883688,-3.16E-05,-3.25E-05
37,0.957820488,-3.16E-05,-3.25E-05
37.03333333,0.957757253,-3.16E-05,-3.25E-05
37.06666667,0.957693982,-3.16E-05,-3.25E-05
37.1,0.957630676,-3.17E-05,-3.26E-05
37.13333333,0.957567334,-3.17E-05,-3.26E-05
37.16666667,0.957503956,-3.17E-05,-3.26E-05
37.2,0.957440543,-3.17E-05,-3.26E-05
37.23333333,0.957377094,-3.17E-05,-3.26E-05
37.26666667,0.957313609,-3.17E-05,-3.26E-05
37.3,0.957250089,-3.18E-05,-3.27E-05
37.33333333,0.957186534,-3.18E-05,-3.27E-05
37.36666667,0.957122943,-3.18E-05,-3.27E-05
37.4,0.957059316,-3.18E-05,-3.27E-05
37.43333333,0.956995654,-3.18E-05,-3.27E-05
37.46666667,0.956931957,-3.18E-05,-3.28E-05
37.5,0.956868224,-3.19E-05,-3.28E-05
37.53333333,0.956804455,-3.19E-05,-3.28E-05
37.56666667,0.956740651,-3.19E-05,-3.28E-05
37.6,0.956676812,-3.19E-05,-3.28E-05
37.63333333,0.956612938,-3.19E-05,-3.28E-05
37.66666667,0.956549028,-3.20E-05,-3.29E-05
37.7,0.956485083,-3.20E-05,-3.29E-05
37.73333333,0.956421102,-3.20E-05,-3.29E-05
37.76666667,0.956357086,-3.20E-05,-3.29E-05
37.8,0.956293035,-3.20E-05,-3.29E-05
37.83333333,0.956228949,-3.20E-05,-3.29E-05
37.86666667,0.956164828,-3.21E-05,-3.30E-05
37.9,0.956100671,-3.21E-05,-3.30E-05
37.93333333,0.956036479,-3.21E-05,-3.30E-05
37.96666667,0.955972252,-3.21E-05,-3.30E-05
38,0.955907989,-3.21E-05,-3.30E-05
38.03333333,0.955843692,-3.21E-05,-3.30E-05
38.06666667,0.955779359,-3.22E-05,-3.31E-05
38.1,0.955714992,-3.22E-05,-3.31E-05
38.13333333,0.955650589,-3.22E-05,-3.31E-05
38.16666667,0.955586151,-3.22E-05,-3.31E-05
38.2,0.955521678,-3.22E-05,-3.31E-05
38.23333333,0.95545717,-3.23E-05,-3.31E-05
38.26666667,0.955392627,-3.23E-05,-3.32E-05
38.3,0.955328049,-3.23E-05,-3.32E-05
38.33333333,0.955263436,-3.23E-05,-3.32E-05
38.36666667,0.955198788,-3.23E-05,-3.32E-05
38.4,0.955134105,-3.23E-05,-3.32E-05
38.43333333,0.955069387,-3.24E-05,-3.33E-05
38.46666667,0.955004634,-3.24E-05,-3.33E-05
38.5,0.954939847,-3.24E-05,-3.33E-05
38.53333333,0.954875024,-3.24E-05,-3.33E-05
38.56666667,0.954810167,-3.24E-05,-3.33E-05
38.6,0.954745275,-3.24E-05,-3.33E-05
38.63333333,0.954680348,-3.25E-05,-3.34E-05
38.66666667,0.954615386,-3.25E-05,-3.34E-05
38.7,0.954550389,-3.25E-05,-3.34E-05
38.73333333,0.954485358,-3.25E-05,-3.34E-05
38.76666667,0.954420291,-3.25E-05,-3.34E-05
38.8,0.954355191,-3.26E-05,-3.34E-05
38.83333333,0.954290055,-3.26E-05,-3.35E-05
38.86666667,0.954224885,-3.26E-05,-3.35E-05
38.9,0.95415968,-3.26E-05,-3.35E-05
38.93333333,0.95409444,-3.26E-05,-3.35E-05
38.96666667,0.954029166,-3.26E-05,-3.35E-05
39,0.953963857,-3.27E-05,-3.35E-05
39.03333333,0.953898513,-3.27E-05,-3.36E-05
39.06666667,0.953833135,-3.27E-05,-3.36E-05
39.1,0.953767722,-3.27E-05,-3.36E-05
39.13333333,0.953702275,-3.27E-05,-3.36E-05
39.16666667,0.953636793,-3.27E-05,-3.36E-05
39.2,0.953571277,-3.28E-05,-3.36E-05
39.23333333,0.953505726,-3.28E-05,-3.37E-05
39.26666667,0.953440141,-3.28E-05,-3.37E-05
39.3,0.953374521,-3.28E-05,-3.37E-05
39.33333333,0.953308867,-3.28E-05,-3.37E-05
39.36666667,0.953243178,-3.28E-05,-3.37E-05
39.4,0.953177455,-3.29E-05,-3.37E-05
39.43333333,0.953111697,-3.29E-05,-3.38E-05
39.46666667,0.953045905,-3.29E-05,-3.38E-05
39.5,0.952980079,-3.29E-05,-3.38E-05
39.53333333,0.952914218,-3.29E-05,-3.38E-05
39.56666667,0.952848324,-3.29E-05,-3.38E-05
39.6,0.952782394,-3.30E-05,-3.38E-05
39.63333333,0.952716431,-3.30E-05,-3.39E-05
39.66666667,0.952650433,-3.30E-05,-3.39E-05
39.7,0.952584401,-3.30E-05,-3.39E-05
39.73333333,0.952518335,-3.30E-05,-3.39E-05
39.76666667,0.952452234,-3.31E-05,-3.39E-05
39.8,0.952386099,-3.31E-05,-3.39E-05
39.83333333,0.95231993,-3.31E-05,-3.40E-05
39.86666667,0.952253727,-3.31E-05,-3.40E-05
39.9,0.95218749,-3.31E-05,-3.40E-05
39.93333333,0.952121219,-3.31E-05,-3.40E-05
39.96666667,0.952054913,-3.32E-05,-3.40E-05
40,0.951988574,-3.32E-05,-3.40E-05
40.03333333,0.9519222,-3.32E-05,-3.41E-05
40.06666667,0.951855792,-3.32E-05,-3.41E-05
40.1,0.951789351,-3.32E-05,-3.41E-05
40.13333333,0.951722875,-3.32E-05,-3.41E-05
40.16666667,0.951656365,-3.33E-05,-3.41E-05
40.2,0.951589821,-3.33E-05,-3.41E-05
40.23333333,0.951523243,-3.33E-05,-3.42E-05
40.26666667,0.951456631,-3.33E-05,-3.42E-05
40.3,0.951389986,-3.33E-05,-3.42E-05
40.33333333,0.951323306,-3.33E-05,-3.42E-05
40.36666667,0.951256593,-3.34E-05,-3.42E-05
40.4,0.951189845,-3.34E-05,-3.42E-05
40.43333333,0.951123064,-3.34E-05,-3.43E-05
40.46666667,0.951056249,-3.34E-05,-3.43E-05
40.5,0.9509894,-3.34E-05,-3.43E-05
40.53333333,0.950922517,-3.34E-05,-3.43E-05
40.56666667,0.9508556,-3.35E-05,-3.43E-05
40.6,0.95078865,-3.35E-05,-3.43E-05
40.63333333,0.950721666,-3.35E-05,-3.44E-05
40.66666667,0.950654648,-3.35E-05,-3.44E-05
40.7,0.950587596,-3.35E-05,-3.44E-05
40.73333333,0.950520511,-3.35E-05,-3.44E-05
40.76666667,0.950453392,-3.36E-05,-3.44E-05
40.8,0.950386239,-3.36E-05,-3.44E-05
40.83333333,0.950319052,-3.36E-05,-3.45E-05
40.86666667,0.950251832,-3.36E-05,-3.45E-05
40.9,0.950184578,-3.36E-05,-3.45E-05
40.93333333,0.950117291,-3.36E-05,-3.45E-05
40.96666667,0.95004997,-3.37E-05,-3.45E-05
41,0.949982616,-3.37E-05,-3.45E-05
41.03333333,0.949915228,-3.37E-05,-3.46E-05
41.06666667,0.949847806,-3.37E-05,-3.46E-05
41.1,0.949780351,-3.37E-05,-3.46E-05
41.13333333,0.949712862,-3.37E-05,-3.46E-05
41.16666667,0.94964534,-3.38E-05,-3.46E-05
41.2,0.949577784,-3.38E-05,-3.46E-05
41.23333333,0.949510195,-3.38E-05,-3.47E-05
41.26666667,0.949442573,-3.38E-05,-3.47E-05
41.3,0.949374917,-3.38E-05,-3.47E-05
41.33333333,0.949307227,-3.38E-05,-3.47E-05
41.36666667,0.949239505,-3.39E-05,-3.47E-05
41.4,0.949171748,-3.39E-05,-3.47E-05
41.43333333,0.949103959,-3.39E-05,-3.48E-05
41.46666667,0.949036136,-3.39E-05,-3.48E-05
41.5,0.94896828,-3.39E-05,-3.48E-05
41.53333333,0.94890039,-3.39E-05,-3.48E-05
41.56666667,0.948832468,-3.40E-05,-3.48E-05
41.6,0.948764512,-3.40E-05,-3.48E-05
41.63333333,0.948696522,-3.40E-05,-3.49E-05
41.66666667,0.9486285,-3.40E-05,-3.49E-05
41.7,0.948560444,-3.40E-05,-3.49E-05
41.73333333,0.948492355,-3.40E-05,-3.49E-05
41.76666667,0.948424233,-3.41E-05,-3.49E-05
41.8,0.948356077,-3.41E-05,-3.49E-05
41.83333333,0.948287889,-3.41E-05,-3.49E-05
41.86666667,0.948219667,-3.41E-05,-3.50E-05
41.9,0.948151413,-3.41E-05,-3.50E-05
41.93333333,0.948083125,-3.41E-05,-3.50E-05
41.96666667,0.948014804,-3.42E-05,-3.50E-05
42,0.94794645,-3.42E-05,-3.50E-05
42.03333333,0.947878063,-3.42E-05,-3.50E-05
42.06666667,0.947809643,-3.42E-05,-3.51E-05
42.1,0.94774119,-3.42E-05,-3.51E-05
42.13333333,0.947672703,-3.42E-05,-3.51E-05
42.16666667,0.947604184,-3.43E-05,-3.51E-05
42.2,0.947535632,-3.43E-05,-3.51E-05
42.23333333,0.947467047,-3.43E-05,-3.51E-05
42.26666667,0.947398429,-3.43E-05,-3.52E-05
42.3,0.947329779,-3.43E-05,-3.52E-05
42.33333333,0.947261095,-3.43E-05,-3.52E-05
42.36666667,0.947192378,-3.44E-05,-3.52E-05
42.4,0.947123629,-3.44E-05,-3.52E-05
42.43333333,0.947054846,-3.44E-05,-3.52E-05
42.46666667,0.946986031,-3.44E-05,-3.53E-05
42.5,0.946917183,-3.44E-05,-3.53E-05
42.53333333,0.946848302,-3.44E-05,-3.53E-05
42.56666667,0.946779389,-3.45E-05,-3.53E-05
42.6,0.946710442,-3.45E-05,-3.53E-05
42.63333333,0.946641463,-3.45E-05,-3.53E-05
42.66666667,0.946572451,-3.45E-05,-3.53E-05
42.7,0.946503407,-3.45E-05,-3.54E-05
42.73333333,0.946434329,-3.45E-05,-3.54E-05
42.76666667,0.94636522,-3.46E-05,-3.54E-05
42.8,0.946296077,-3.46E-05,-3.54E-05
42.83333333,0.946226902,-3.46E-05,-3.54E-05
42.86666667,0.946157694,-3.46E-05,-3.54E-05
42.9,0.946088453,-3.46E-05,-3.55E-05
42.93333333,0.94601918,-3.46E-05,-3.55E-05
42.96666667,0.945949875,-3.47E-05,-3.55E-05
43,0.945880536,-3.47E-05,-3.55E-05
43.03333333,0.945811165,-3.47E-05,-3.55E-05
43.06666667,0.945741762,-3.47E-05,-3.55E-05
43.1,0.945672326,-3.47E-05,-3.56E-05
43.13333333,0.945602858,-3.47E-05,-3.56E-05
43.16666667,0.945533357,-3.48E-05,-3.56E-05
43.2,0.945463824,-3.48E-05,-3.56E-05
43.23333333,0.945394258,-3.48E-05,-3.56E-05
43.26666667,0.94532466,-3.48E-05,-3.56E-05
43.3,0.945255029,-3.48E-05,-3.57E-05
43.33333333,0.945185366,-3.48E-05,-3.57E-05
43.36666667,0.945115671,-3.48E-05,-3.57E-05
43.4,0.945045943,-3.49E-05,-3.57E-05
43.43333333,0.944976183,-3.49E-05,-3.57E-05
43.46666667,0.944906391,-3.49E-05,-3.57E-05
43.5,0.944836566,-3.49E-05,-3.57E-05
43.53333333,0.944766709,-3.49E-05,-3.58E-05
43.56666667,0.94469682,-3.49E-05,-3.58E-05
43.6,0.944626898,-3.50E-05,-3.58E-05
43.63333333,0.944556944,-3.50E-05,-3.58E-05
43.66666667,0.944486958,-3.50E-05,-3.58E-05
43.7,0.94441694,-3.50E-05,-3.58E-05
43.73333333,0.944346889,-3.50E-05,-3.59E-05
43.76666667,0.944276807,-3.50E-05,-3.59E-05
43.8,0.944206692,-3.51E-05,-3.59E-05
43.83333333,0.944136545,-3.51E-05,-3.59E-05
43.86666667,0.944066366,-3.51E-05,-3.59E-05
43.9,0.943996154,-3.51E-05,-3.59E-05
43.93333333,0.943925911,-3.51E-05,-3.59E-05
43.96666667,0.943855636,-3.51E-05,-3.60E-05
44,0.943785328,-3.52E-05,-3.60E-05
44.03333333,0.943714988,-3.52E-05,-3.60E-05
44.06666667,0.943644617,-3.52E-05,-3.60E-05
44.1,0.943574213,-3.52E-05,-3.60E-05
44.13333333,0.943503778,-3.52E-05,-3.60E-05
44.16666667,0.94343331,-3.52E-05,-3.61E-05
44.2,0.94336281,-3.52E-05,-3.61E-05
44.23333333,0.943292279,-3.53E-05,-3.61E-05
44.26666667,0.943221715,-3.53E-05,-3.61E-05
44.3,0.94315112,-3.53E-05,-3.61E-05
44.33333333,0.943080493,-3.53E-05,-3.61E-05
44.36666667,0.943009834,-3.53E-05,-3.62E-05
44.4,0.942939143,-3.53E-05,-3.62E-05
44.43333333,0.94286842,-3.54E-05,-3.62E-05
44.46666667,0.942797665,-3.54E-05,-3.62E-05
44.5,0.942726878,-3.54E-05,-3.62E-05
44.53333333,0.94265606,-3.54E-05,-3.62E-05
44.56666667,0.94258521,-3.54E-05,-3.62E-05
44.6,0.942514328,-3.54E-05,-3.63E-05
44.63333333,0.942443414,-3.55E-05,-3.63E-05
44.66666667,0.942372469,-3.55E-05,-3.63E-05
44.7,0.942301491,-3.55E-05,-3.63E-05
44.73333333,0.942230483,-3.55E-05,-3.63E-05
44.76666667,0.942159442,-3.55E-05,-3.63E-05
44.8,0.94208837,-3.55E-05,-3.64E-05
44.83333333,0.942017266,-3.56E-05,-3.64E-05
44.86666667,0.94194613,-3.56E-05,-3.64E-05
44.9,0.941874963,-3.56E-05,-3.64E-05
44.93333333,0.941803764,-3.56E-05,-3.64E-05
44.96666667,0.941732534,-3.56E-05,-3.64E-05
45,0.941661272,-3.56E-05,-3.64E-05
45.03333333,0.941589978,-3.56E-05,-3.65E-05
45.06666667,0.941518653,-3.57E-05,-3.65E-05
45.1,0.941447297,-3.57E-05,-3.65E-05
45.13333333,0.941375908,-3.57E-05,-3.65E-05
45.16666667,0.941304489,-3.57E-05,-3.65E-05
45.2,0.941233038,-3.57E-05,-3.65E-05
45.23333333,0.941161555,-3.57E-05,-3.66E-05
45.26666667,0.941090041,-3.58E-05,-3.66E-05
45.3,0.941018496,-3.58E-05,-3.66E-05
45.33333333,0.940946919,-3.58E-05,-3.66E-05
45.36666667,0.94087531,-3.58E-05,-3.66E-05
45.4,0.940803671,-3.58E-05,-3.66E-05
45.43333333,0.940732,-3.58E-05,-3.66E-05
45.46666667,0.940660297,-3.59E-05,-3.67E-05
45.5,0.940588563,-3.59E-05,-3.67E-05
45.53333333,0.940516798,-3.59E-05,-3.67E-05
45.56666667,0.940445002,-3.59E-05,-3.67E-05
45.6,0.940373174,-3.59E-05,-3.67E-05
45.63333333,0.940301315,-3.59E-05,-3.67E-05
45.66666667,0.940229425,-3.59E-05,-3.67E-05
45.7,0.940157504,-3.60E-05,-3.68E-05
45.73333333,0.940085551,-3.60E-05,-3.68E-05
45.76666667,0.940013567,-3.60E-05,-3.68E-05
45.8,0.939941552,-3.60E-05,-3.68E-05
45.83333333,0.939869506,-3.60E-05,-3.68E-05
45.86666667,0.939797429,-3.60E-05,-3.68E-05
45.9,0.93972532,-3.61E-05,-3.69E-05
45.93333333,0.93965318,-3.61E-05,-3.69E-05
45.96666667,0.93958101,-3.61E-05,-3.69E-05
46,0.939508808,-3.61E-05,-3.69E-05
46.03333333,0.939436575,-3.61E-05,-3.69E-05
46.06666667,0.939364311,-3.61E-05,-3.69E-05
46.1,0.939292016,-3.61E-05,-3.69E-05
46.13333333,0.93921969,-3.62E-05,-3.70E-05
46.16666667,0.939147333,-3.62E-05,-3.70E-05
46.2,0.939074944,-3.62E-05,-3.70E-05
46.23333333,0.939002525,-3.62E-05,-3.70E-05
46.26666667,0.938930075,-3.62E-05,-3.70E-05
46.3,0.938857594,-3.62E-05,-3.70E-05
46.33333333,0.938785082,-3.63E-05,-3.71E-05
46.36666667,0.938712539,-3.63E-05,-3.71E-05
46.4,0.938639966,-3.63E-05,-3.71E-05
46.43333333,0.938567361,-3.63E-05,-3.71E-05
46.46666667,0.938494725,-3.63E-05,-3.71E-05
46.5,0.938422059,-3.63E-05,-3.71E-05
46.53333333,0.938349362,-3.63E-05,-3.71E-05
46.56666667,0.938276634,-3.64E-05,-3.72E-05
46.6,0.938203875,-3.64E-05,-3.72E-05
46.63333333,0.938131085,-3.64E-05,-3.72E-05
46.66666667,0.938058265,-3.64E-05,-3.72E-05
46.7,0.937985413,-3.64E-05,-3.72E-05
46.73333333,0.937912531,-3.64E-05,-3.72E-05
46.76666667,0.937839619,-3.65E-05,-3.72E-05
46.8,0.937766675,-3.65E-05,-3.73E-05
46.83333333,0.937693701,-3.65E-05,-3.73E-05
46.86666667,0.937620696,-3.65E-05,-3.73E-05
46.9,0.937547661,-3.65E-05,-3.73E-05
46.93333333,0.937474595,-3.65E-05,-3.73E-05
46.96666667,0.937401498,-3.65E-05,-3.73E-05
47,0.937328371,-3.66E-05,-3.74E-05
47.03333333,0.937255213,-3.66E-05,-3.74E-05
47.06666667,0.937182024,-3.66E-05,-3.74E-05
47.1,0.937108805,-3.66E-05,-3.74E-05
47.13333333,0.937035555,-3.66E-05,-3.74E-05
47.16666667,0.936962275,-3.66E-05,-3.74E-05
47.2,0.936888964,-3.67E-05,-3.74E-05
47.23333333,0.936815623,-3.67E-05,-3.75E-05
47.26666667,0.936742251,-3.67E-05,-3.75E-05
47.3,0.936668849,-3.67E-05,-3.75E-05
47.33333333,0.936595416,-3.67E-05,-3.75E-05
47.36666667,0.936521953,-3.67E-05,-3.75E-05
47.4,0.936448459,-3.67E-05,-3.75E-05
47.43333333,0.936374935,-3.68E-05,-3.75E-05
47.46666667,0.936301381,-3.68E-05,-3.76E-05
47.5,0.936227796,-3.68E-05,-3.76E-05
47.53333333,0.936154181,-3.68E-05,-3.76E-05
47.56666667,0.936080536,-3.68E-05,-3.76E-05
47.6,0.93600686,-3.68E-05,-3.76E-05
47.63333333,0.935933154,-3.69E-05,-3.76E-05
47.66666667,0.935859417,-3.69E-05,-3.76E-05
47.7,0.93578565,-3.69E-05,-3.77E-05
47.73333333,0.935711853,-3.69E-05,-3.77E-05
47.76666667,0.935638026,-3.69E-05,-3.77E-05
47.8,0.935564168,-3.69E-05,-3.77E-05
47.83333333,0.935490281,-3.69E-05,-3.77E-05
47.86666667,0.935416363,-3.70E-05,-3.77E-05
47.9,0.935342415,-3.70E-05,-3.77E-05
47.93333333,0.935268436,-3.70E-05,-3.78E-05
47.96666667,0.935194428,-3.70E-05,-3.78E-05
48,0.935120389,-3.70E-05,-3.78E-05
48.03333333,0.93504632,-3.70E-05,-3.78E-05
48.06666667,0.934972221,-3.70E-05,-3.78E-05
48.1,0.934898092,-3.71E-05,-3.78E-05
48.13333333,0.934823933,-3.71E-05,-3.79E-05
48.16666667,0.934749744,-3.71E-05,-3.79E-05
48.2,0.934675525,-3.71E-05,-3.79E-05
48.23333333,0.934601275,-3.71E-05,-3.79E-05
48.26666667,0.934526996,-3.71E-05,-3.79E-05
48.3,0.934452687,-3.72E-05,-3.79E-05
48.33333333,0.934378347,-3.72E-05,-3.79E-05
48.36666667,0.934303978,-3.72E-05,-3.80E-05
48.4,0.934229579,-3.72E-05,-3.80E-05
48.43333333,0.93415515,-3.72E-05,-3.80E-05
48.46666667,0.934080691,-3.72E-05,-3.80E-05
48.5,0.934006202,-3.72E-05,-3.80E-05
48.53333333,0.933931683,-3.73E-05,-3.80E-05
48.56666667,0.933857134,-3.73E-05,-3.80E-05
48.6,0.933782555,-3.73E-05,-3.81E-05
48.63333333,0.933707946,-3.73E-05,-3.81E-05
48.66666667,0.933633308,-3.73E-05,-3.81E-05
48.7,0.93355864,-3.73E-05,-3.81E-05
48.73333333,0.933483942,-3.73E-05,-3.81E-05
48.76666667,0.933409214,-3.74E-05,-3.81E-05
48.8,0.933334456,-3.74E-05,-3.81E-05
48.83333333,0.933259669,-3.74E-05,-3.82E-05
48.86666667,0.933184852,-3.74E-05,-3.82E-05
48.9,0.933110005,-3.74E-05,-3.82E-05
48.93333333,0.933035129,-3.74E-05,-3.82E-05
48.96666667,0.932960222,-3.75E-05,-3.82E-05
49,0.932885286,-3.75E-05,-3.82E-05
49.03333333,0.932810321,-3.75E-05,-3.82E-05
49.06666667,0.932735326,-3.75E-05,-3.83E-05
49.1,0.932660301,-3.75E-05,-3.83E-05
49.13333333,0.932585246,-3.75E-05,-3.83E-05
49.16666667,0.932510162,-3.75E-05,-3.83E-05
49.2,0.932435048,-3.76E-05,-3.83E-05
49.23333333,0.932359905,-3.76E-05,-3.83E-05
49.26666667,0.932284732,-3.76E-05,-3.83E-05
49.3,0.93220953,-3.76E-05,-3.84E-05
49.33333333,0.932134298,-3.76E-05,-3.84E-05
49.36666667,0.932059036,-3.76E-05,-3.84E-05
49.4,0.931983745,-3.76E-05,-3.84E-05
49.43333333,0.931908425,-3.77E-05,-3.84E-05
49.46666667,0.931833075,-3.77E-05,-3.84E-05
49.5,0.931757696,-3.77E-05,-3.84E-05
49.53333333,0.931682287,-3.77E-05,-3.85E-05
49.56666667,0.931606849,-3.77E-05,-3.85E-05
49.6,0.931531381,-3.77E-05,-3.85E-05
49.63333333,0.931455884,-3.77E-05,-3.85E-05
49.66666667,0.931380358,-3.78E-05,-3.85E-05
49.7,0.931304802,-3.78E-05,-3.85E-05
49.73333333,0.931229217,-3.78E-05,-3.85E-05
49.76666667,0.931153602,-3.78E-05,-3.86E-05
49.8,0.931077959,-3.78E-05,-3.86E-05
49.83333333,0.931002286,-3.78E-05,-3.86E-05
49.86666667,0.930926583,-3.79E-05,-3.86E-05
49.9,0.930850852,-3.79E-05,-3.86E-05
49.93333333,0.930775091,-3.79E-05,-3.86E-05
49.96666667,0.930699301,-3.79E-05,-3.86E-05
50,0.930623481,-3.79E-05,-3.87E-05
50.03333333,0.930547633,-3.79E-05,-3.87E-05
50.06666667,0.930471755,-3.79E-05,-3.87E-05
50.1,0.930395848,-3.80E-05,-3.87E-05
50.13333333,0.930319912,-3.80E-05,-3.87E-05
50.16666667,0.930243947,-3.80E-05,-3.87E-05
50.2,0.930167952,-3.80E-05,-3.87E-05
50.23333333,0.930091929,-3.80E-05,-3.88E-05
50.26666667,0.930015876,-3.80E-05,-3.88E-05
50.3,0.929939795,-3.80E-05,-3.88E-05
50.33333333,0.929863684,-3.81E-05,-3.88E-05
50.36666667,0.929787544,-3.81E-05,-3.88E-05
50.4,0.929711375,-3.81E-05,-3.88E-05
50.43333333,0.929635177,-3.81E-05,-3.88E-05
50.46666667,0.92955895,-3.81E-05,-3.89E-05
50.5,0.929482695,-3.81E-05,-3.89E-05
50.53333333,0.92940641,-3.81E-05,-3.89E-05
50.56666667,0.929330096,-3.82E-05,-3.89E-05
50.6,0.929253753,-3.82E-05,-3.89E-05
50.63333333,0.929177381,-3.82E-05,-3.89E-05
50.66666667,0.929100981,-3.82E-05,-3.89E-05
50.7,0.929024551,-3.82E-05,-3.89E-05
50.73333333,0.928948093,-3.82E-05,-3.90E-05
50.76666667,0.928871605,-3.82E-05,-3.90E-05
50.8,0.928795089,-3.83E-05,-3.90E-05
50.83333333,0.928718544,-3.83E-05,-3.90E-05
50.86666667,0.92864197,-3.83E-05,-3.90E-05
50.9,0.928565368,-3.83E-05,-3.90E-05
50.93333333,0.928488736,-3.83E-05,-3.90E-05
50.96666667,0.928412076,-3.83E-05,-3.91E-05
51,0.928335387,-3.83E-05,-3.91E-05
51.03333333,0.928258669,-3.84E-05,-3.91E-05
51.06666667,0.928181923,-3.84E-05,-3.91E-05
51.1,0.928105147,-3.84E-05,-3.91E-05
51.13333333,0.928028343,-3.84E-05,-3.91E-05
51.16666667,0.927951511,-3.84E-05,-3.91E-05
51.2,0.92787465,-3.84E-05,-3.92E-05
51.23333333,0.92779776,-3.84E-05,-3.92E-05
51.26666667,0.927720841,-3.85E-05,-3.92E-05
51.3,0.927643894,-3.85E-05,-3.92E-05
51.33333333,0.927566918,-3.85E-05,-3.92E-05
51.36666667,0.927489913,-3.85E-05,-3.92E-05
51.4,0.92741288,-3.85E-05,-3.92E-05
51.43333333,0.927335818,-3.85E-05,-3.93E-05
51.46666667,0.927258728,-3.85E-05,-3.93E-05
51.5,0.927181609,-3.86E-05,-3.93E-05
51.53333333,0.927104462,-3.86E-05,-3.93E-05
51.56666667,0.927027286,-3.86E-05,-3.93E-05
51.6,0.926950082,-3.86E-05,-3.93E-05
51.63333333,0.926872849,-3.86E-05,-3.93E-05
51.66666667,0.926795588,-3.86E-05,-3.94E-05
51.7,0.926718298,-3.86E-05,-3.94E-05
51.73333333,0.92664098,-3.87E-05,-3.94E-05
51.76666667,0.926563633,-3.87E-05,-3.94E-05
51.8,0.926486258,-3.87E-05,-3.94E-05
51.83333333,0.926408855,-3.87E-05,-3.94E-05
51.86666667,0.926331423,-3.87E-05,-3.94E-05
51.9,0.926253963,-3.87E-05,-3.94E-05
51.93333333,0.926176474,-3.87E-05,-3.95E-05
51.96666667,0.926098958,-3.88E-05,-3.95E-05
52,0.926021412,-3.88E-05,-3.95E-05
52.03333333,0.925943839,-3.88E-05,-3.95E-05
52.06666667,0.925866237,-3.88E-05,-3.95E-05
52.1,0.925788607,-3.88E-05,-3.95E-05
52.13333333,0.925710949,-3.88E-05,-3.95E-05
52.16666667,0.925633262,-3.88E-05,-3.96E-05
52.2,0.925555548,-3.89E-05,-3.96E-05
52.23333333,0.925477805,-3.89E-05,-3.96E-05
52.26666667,0.925400033,-3.89E-05,-3.96E-05
52.3,0.925322234,-3.89E-05,-3.96E-05
52.33333333,0.925244406,-3.89E-05,-3.96E-05
52.36666667,0.925166551,-3.89E-05,-3.96E-05
52.4,0.925088667,-3.89E-05,-3.97E-05
52.43333333,0.925010755,-3.90E-05,-3.97E-05
52.46666667,0.924932815,-3.90E-05,-3.97E-05
52.5,0.924854847,-3.90E-05,-3.97E-05
52.53333333,0.92477685,-3.90E-05,-3.97E-05
52.56666667,0.924698826,-3.90E-05,-3.97E-05
52.6,0.924620774,-3.90E-05,-3.97E-05
52.63333333,0.924542693,-3.90E-05,-3.97E-05
52.66666667,0.924464585,-3.91E-05,-3.98E-05
52.7,0.924386448,-3.91E-05,-3.98E-05
52.73333333,0.924308284,-3.91E-05,-3.98E-05
52.76666667,0.924230091,-3.91E-05,-3.98E-05
52.8,0.924151871,-3.91E-05,-3.98E-05
52.83333333,0.924073622,-3.91E-05,-3.98E-05
52.86666667,0.923995346,-3.91E-05,-3.98E-05
52.9,0.923917042,-3.92E-05,-3.99E-05
52.93333333,0.92383871,-3.92E-05,-3.99E-05
52.96666667,0.92376035,-3.92E-05,-3.99E-05
53,0.923681962,-3.92E-05,-3.99E-05
53.03333333,0.923603546,-3.92E-05,-3.99E-05
53.06666667,0.923525103,-3.92E-05,-3.99E-05
53.1,0.923446631,-3.92E-05,-3.99E-05
53.13333333,0.923368132,-3.92E-05,-3.99E-05
53.16666667,0.923289605,-3.93E-05,-4.00E-05
53.2,0.92321105,-3.93E-05,-4.00E-05
53.23333333,0.923132467,-3.93E-05,-4.00E-05
53.26666667,0.923053857,-3.93E-05,-4.00E-05
53.3,0.922975219,-3.93E-05,-4.00E-05
53.33333333,0.922896553,-3.93E-05,-4.00E-05
53.36666667,0.922817859,-3.93E-05,-4.00E-05
53.4,0.922739138,-3.94E-05,-4.01E-05
53.43333333,0.922660389,-3.94E-05,-4.01E-05
53.46666667,0.922581613,-3.94E-05,-4.01E-05
53.5,0.922502808,-3.94E-05,-4.01E-05
53.53333333,0.922423976,-3.94E-05,-4.01E-05
53.56666667,0.922345117,-3.94E-05,-4.01E-05
53.6,0.92226623,-3.94E-05,-4.01E-05
53.63333333,0.922187315,-3.95E-05,-4.01E-05
53.66666667,0.922108373,-3.95E-05,-4.02E-05
53.7,0.922029403,-3.95E-05,-4.02E-05
53.73333333,0.921950405,-3.95E-05,-4.02E-05
53.76666667,0.92187138,-3.95E-05,-4.02E-05
53.8,0.921792328,-3.95E-05,-4.02E-05
53.83333333,0.921713248,-3.95E-05,-4.02E-05
53.86666667,0.92163414,-3.96E-05,-4.02E-05
53.9,0.921555005,-3.96E-05,-4.03E-05
53.93333333,0.921475843,-3.96E-05,-4.03E-05
53.96666667,0.921396653,-3.96E-05,-4.03E-05
54,0.921317435,-3.96E-05,-4.03E-05
54.03333333,0.921238191,-3.96E-05,-4.03E-05
54.06666667,0.921158918,-3.96E-05,-4.03E-05
54.1,0.921079619,-3.96E-05,-4.03E-05
54.13333333,0.921000292,-3.97E-05,-4.03E-05
54.16666667,0.920920938,-3.97E-05,-4.04E-05
54.2,0.920841556,-3.97E-05,-4.04E-05
54.23333333,0.920762147,-3.97E-05,-4.04E-05
54.26666667,0.920682711,-3.97E-05,-4.04E-05
54.3,0.920603247,-3.97E-05,-4.04E-05
54.33333333,0.920523756,-3.97E-05,-4.04E-05
54.36666667,0.920444238,-3.98E-05,-4.04E-05
54.4,0.920364692,-3.98E-05,-4.05E-05
54.43333333,0.92028512,-3.98E-05,-4.05E-05
54.46666667,0.92020552,-3.98E-05,-4.05E-05
54.5,0.920125893,-3.98E-05,-4.05E-05
54.53333333,0.920046238,-3.98E-05,-4.05E-05
54.56666667,0.919966557,-3.98E-05,-4.05E-05
54.6,0.919886848,-3.99E-05,-4.05E-05
54.63333333,0.919807112,-3.99E-05,-4.05E-05
54.66666667,0.919727349,-3.99E-05,-4.06E-05
54.7,0.919647559,-3.99E-05,-4.06E-05
54.73333333,0.919567742,-3.99E-05,-4.06E-05
54.76666667,0.919487897,-3.99E-05,-4.06E-05
54.8,0.919408026,-3.99E-05,-4.06E-05
54.83333333,0.919328127,-3.99E-05,-4.06E-05
54.86666667,0.919248202,-4.00E-05,-4.06E-05
54.9,0.919168249,-4.00E-05,-4.06E-05
54.93333333,0.919088269,-4.00E-05,-4.07E-05
54.96666667,0.919008263,-4.00E-05,-4.07E-05
55,0.918928229,-4.00E-05,-4.07E-05
55.03333333,0.918848168,-4.00E-05,-4.07E-05
55.06666667,0.91876808,-4.00E-05,-4.07E-05
55.1,0.918687966,-4.01E-05,-4.07E-05
55.13333333,0.918607824,-4.01E-05,-4.07E-05
55.16666667,0.918527656,-4.01E-05,-4.08E-05
55.2,0.91844746,-4.01E-05,-4.08E-05
55.23333333,0.918367238,-4.01E-05,-4.08E-05
55.26666667,0.918286989,-4.01E-05,-4.08E-05
55.3,0.918206713,-4.01E-05,-4.08E-05
55.33333333,0.91812641,-4.02E-05,-4.08E-05
55.36666667,0.91804608,-4.02E-05,-4.08E-05
55.4,0.917965724,-4.02E-05,-4.08E-05
55.43333333,0.91788534,-4.02E-05,-4.09E-05
55.46666667,0.91780493,-4.02E-05,-4.09E-05
55.5,0.917724493,-4.02E-05,-4.09E-05
55.53333333,0.917644029,-4.02E-05,-4.09E-05
55.56666667,0.917563539,-4.02E-05,-4.09E-05
55.6,0.917483022,-4.03E-05,-4.09E-05
55.63333333,0.917402478,-4.03E-05,-4.09E-05
55.66666667,0.917321907,-4.03E-05,-4.09E-05
55.7,0.91724131,-4.03E-05,-4.10E-05
55.73333333,0.917160685,-4.03E-05,-4.10E-05
55.76666667,0.917080035,-4.03E-05,-4.10E-05
55.8,0.916999357,-4.03E-05,-4.10E-05
55.83333333,0.916918653,-4.04E-05,-4.10E-05
55.86666667,0.916837923,-4.04E-05,-4.10E-05
55.9,0.916757165,-4.04E-05,-4.10E-05
55.93333333,0.916676381,-4.04E-05,-4.10E-05
55.96666667,0.916595571,-4.04E-05,-4.11E-05
56,0.916514734,-4.04E-05,-4.11E-05
56.03333333,0.91643387,-4.04E-05,-4.11E-05
56.06666667,0.91635298,-4.04E-05,-4.11E-05
56.1,0.916272064,-4.05E-05,-4.11E-05
56.13333333,0.91619112,-4.05E-05,-4.11E-05
56.16666667,0.916110151,-4.05E-05,-4.11E-05
56.2,0.916029155,-4.05E-05,-4.12E-05
56.23333333,0.915948132,-4.05E-05,-4.12E-05
56.26666667,0.915867083,-4.05E-05,-4.12E-05
56.3,0.915786007,-4.05E-05,-4.12E-05
56.33333333,0.915704906,-4.06E-05,-4.12E-05
56.36666667,0.915623777,-4.06E-05,-4.12E-05
56.4,0.915542622,-4.06E-05,-4.12E-05
56.43333333,0.915461441,-4.06E-05,-4.12E-05
56.46666667,0.915380234,-4.06E-05,-4.13E-05
56.5,0.915299,-4.06E-05,-4.13E-05
56.53333333,0.91521774,-4.06E-05,-4.13E-05
56.56666667,0.915136453,-4.06E-05,-4.13E-05
56.6,0.91505514,-4.07E-05,-4.13E-05
56.63333333,0.914973801,-4.07E-05,-4.13E-05
56.66666667,0.914892436,-4.07E-05,-4.13E-05
56.7,0.914811044,-4.07E-05,-4.13E-05
56.73333333,0.914729626,-4.07E-05,-4.14E-05
56.76666667,0.914648182,-4.07E-05,-4.14E-05
56.8,0.914566712,-4.07E-05,-4.14E-05
56.83333333,0.914485215,-4.07E-05,-4.14E-05
56.86666667,0.914403692,-4.08E-05,-4.14E-05
56.9,0.914322143,-4.08E-05,-4.14E-05
56.93333333,0.914240568,-4.08E-05,-4.14E-05
56.96666667,0.914158966,-4.08E-05,-4.14E-05
57,0.914077339,-4.08E-05,-4.15E-05
57.03333333,0.913995685,-4.08E-05,-4.15E-05
57.06666667,0.913914006,-4.08E-05,-4.15E-05
57.1,0.9138323,-4.09E-05,-4.15E-05
57.13333333,0.913750568,-4.09E-05,-4.15E-05
57.16666667,0.91366881,-4.09E-05,-4.15E-05
57.2,0.913587026,-4.09E-05,-4.15E-05
57.23333333,0.913505216,-4.09E-05,-4.15E-05
57.26666667,0.91342338,-4.09E-05,-4.16E-05
57.3,0.913341517,-4.09E-05,-4.16E-05
57.33333333,0.913259629,-4.09E-05,-4.16E-05
57.36666667,0.913177715,-4.10E-05,-4.16E-05
57.4,0.913095775,-4.10E-05,-4.16E-05
57.43333333,0.913013809,-4.10E-05,-4.16E-05
57.46666667,0.912931817,-4.10E-05,-4.16E-05
57.5,0.912849799,-4.10E-05,-4.16E-05
57.53333333,0.912767755,-4.10E-05,-4.17E-05
57.56666667,0.912685686,-4.10E-05,-4.17E-05
57.6,0.91260359,-4.10E-05,-4.17E-05
57.63333333,0.912521468,-4.11E-05,-4.17E-05
57.66666667,0.912439321,-4.11E-05,-4.17E-05
57.7,0.912357148,-4.11E-05,-4.17E-05
57.73333333,0.912274949,-4.11E-05,-4.17E-05
57.76666667,0.912192724,-4.11E-05,-4.17E-05
57.8,0.912110473,-4.11E-05,-4.18E-05
57.83333333,0.912028197,-4.11E-05,-4.18E-05
57.86666667,0.911945895,-4.12E-05,-4.18E-05
57.9,0.911863567,-4.12E-05,-4.18E-05
57.93333333,0.911781213,-4.12E-05,-4.18E-05
57.96666667,0.911698833,-4.12E-05,-4.18E-05
58,0.911616428,-4.12E-05,-4.18E-05
58.03333333,0.911533997,-4.12E-05,-4.18E-05
58.06666667,0.911451541,-4.12E-05,-4.19E-05
58.1,0.911369058,-4.12E-05,-4.19E-05
58.13333333,0.91128655,-4.13E-05,-4.19E-05
58.16666667,0.911204017,-4.13E-05,-4.19E-05
58.2,0.911121458,-4.13E-05,-4.19E-05
58.23333333,0.911038873,-4.13E-05,-4.19E-05
58.26666667,0.910956262,-4.13E-05,-4.19E-05
58.3,0.910873626,-4.13E-05,-4.19E-05
58.33333333,0.910790965,-4.13E-05,-4.20E-05
58.36666667,0.910708277,-4.13E-05,-4.20E-05
58.4,0.910625565,-4.14E-05,-4.20E-05
58.43333333,0.910542826,-4.14E-05,-4.20E-05
58.46666667,0.910460063,-4.14E-05,-4.20E-05
58.5,0.910377273,-4.14E-05,-4.20E-05
58.53333333,0.910294459,-4.14E-05,-4.20E-05
58.56666667,0.910211618,-4.14E-05,-4.20E-05
58.6,0.910128752,-4.14E-05,-4.20E-05
58.63333333,0.910045861,-4.14E-05,-4.21E-05
58.66666667,0.909962945,-4.15E-05,-4.21E-05
58.7,0.909880003,-4.15E-05,-4.21E-05
58.73333333,0.909797035,-4.15E-05,-4.21E-05
58.76666667,0.909714042,-4.15E-05,-4.21E-05
58.8,0.909631024,-4.15E-05,-4.21E-05
58.83333333,0.90954798,-4.15E-05,-4.21E-05
58.86666667,0.909464911,-4.15E-05,-4.21E-05
58.9,0.909381817,-4.15E-05,-4.22E-05
58.93333333,0.909298697,-4.16E-05,-4.22E-05
58.96666667,0.909215552,-4.16E-05,-4.22E-05
59,0.909132382,-4.16E-05,-4.22E-05
59.03333333,0.909049187,-4.16E-05,-4.22E-05
59.06666667,0.908965966,-4.16E-05,-4.22E-05
59.1,0.90888272,-4.16E-05,-4.22E-05
59.13333333,0.908799448,-4.16E-05,-4.22E-05
59.16666667,0.908716152,-4.16E-05,-4.23E-05
59.2,0.90863283,-4.17E-05,-4.23E-05
59.23333333,0.908549483,-4.17E-05,-4.23E-05
59.26666667,0.908466111,-4.17E-05,-4.23E-05
59.3,0.908382713,-4.17E-05,-4.23E-05
59.33333333,0.908299291,-4.17E-05,-4.23E-05
59.36666667,0.908215843,-4.17E-05,-4.23E-05
59.4,0.90813237,-4.17E-05,-4.23E-05
59.43333333,0.908048873,-4.17E-05,-4.24E-05
59.46666667,0.90796535,-4.18E-05,-4.24E-05
59.5,0.907881801,-4.18E-05,-4.24E-05
59.53333333,0.907798228,-4.18E-05,-4.24E-05
59.56666667,0.90771463,-4.18E-05,-4.24E-05
59.6,0.907631007,-4.18E-05,-4.24E-05
59.63333333,0.907547358,-4.18E-05,-4.24E-05
59.66666667,0.907463685,-4.18E-05,-4.24E-05
59.7,0.907379987,-4.18E-05,-4.24E-05
59.73333333,0.907296263,-4.19E-05,-4.25E-05
59.76666667,0.907212515,-4.19E-05,-4.25E-05
59.8,0.907128742,-4.19E-05,-4.25E-05
59.83333333,0.907044943,-4.19E-05,-4.25E-05
59.86666667,0.90696112,-4.19E-05,-4.25E-05
59.9,0.906877272,-4.19E-05,-4.25E-05
59.93333333,0.906793399,-4.19E-05,-4.25E-05
59.96666667,0.906709501,-4.19E-05,-4.25E-05
60,0.906625578,-4.20E-05,-4.26E-05
60.03333333,0.906541631,-4.20E-05,-4.26E-05
60.06666667,0.906457658,-4.20E-05,-4.26E-05
60.1,0.906373661,-4.20E-05,-4.26E-05
60.13333333,0.906289638,-4.20E-05,-4.26E-05
60.16666667,0.906205591,-4.20E-05,-4.26E-05
60.2,0.906121519,-4.20E-05,-4.26E-05
60.23333333,0.906037423,-4.20E-05,-4.26E-05
60.26666667,0.905953301,-4.21E-05,-4.27E-05
60.3,0.905869155,-4.21E-05,-4.27E-05
60.33333333,0.905784984,-4.21E-05,-4.27E-05
60.36666667,0.905700789,-4.21E-05,-4.27E-05
60.4,0.905616568,-4.21E-05,-4.27E-05
60.43333333,0.905532323,-4.21E-05,-4.27E-05
60.46666667,0.905448053,-4.21E-05,-4.27E-05
60.5,0.905363759,-4.21E-05,-4.27E-05
60.53333333,0.90527944,-4.22E-05,-4.27E-05
60.56666667,0.905195096,-4.22E-05,-4.28E-05
60.6,0.905110728,-4.22E-05,-4.28E-05
60.63333333,0.905026335,-4.22E-05,-4.28E-05
60.66666667,0.904941917,-4.22E-05,-4.28E-05
60.7,0.904857475,-4.22E-05,-4.28E-05
60.73333333,0.904773008,-4.22E-05,-4.28E-05
60.76666667,0.904688517,-4.22E-05,-4.28E-05
60.8,0.904604001,-4.23E-05,-4.28E-05
60.83333333,0.90451946,-4.23E-05,-4.29E-05
60.86666667,0.904434895,-4.23E-05,-4.29E-05
60.9,0.904350306,-4.23E-05,-4.29E-05
60.93333333,0.904265692,-4.23E-05,-4.29E-05
60.96666667,0.904181053,-4.23E-05,-4.29E-05
61,0.90409639,-4.23E-05,-4.29E-05
61.03333333,0.904011703,-4.23E-05,-4.29E-05
61.06666667,0.903926991,-4.24E-05,-4.29E-05
61.1,0.903842255,-4.24E-05,-4.29E-05
61.13333333,0.903757494,-4.24E-05,-4.30E-05
61.16666667,0.903672709,-4.24E-05,-4.30E-05
61.2,0.903587899,-4.24E-05,-4.30E-05
61.23333333,0.903503066,-4.24E-05,-4.30E-05
61.26666667,0.903418207,-4.24E-05,-4.30E-05
61.3,0.903333325,-4.24E-05,-4.30E-05
61.33333333,0.903248418,-4.25E-05,-4.30E-05
61.36666667,0.903163486,-4.25E-05,-4.30E-05
61.4,0.903078531,-4.25E-05,-4.31E-05
61.43333333,0.902993551,-4.25E-05,-4.31E-05
61.46666667,0.902908547,-4.25E-05,-4.31E-05
61.5,0.902823518,-4.25E-05,-4.31E-05
61.53333333,0.902738466,-4.25E-05,-4.31E-05
61.56666667,0.902653389,-4.25E-05,-4.31E-05
61.6,0.902568288,-4.26E-05,-4.31E-05
61.63333333,0.902483162,-4.26E-05,-4.31E-05
61.66666667,0.902398013,-4.26E-05,-4.31E-05
61.7,0.902312839,-4.26E-05,-4.32E-05
61.73333333,0.902227641,-4.26E-05,-4.32E-05
61.76666667,0.902142419,-4.26E-05,-4.32E-05
61.8,0.902057173,-4.26E-05,-4.32E-05
61.83333333,0.901971902,-4.26E-05,-4.32E-05
61.86666667,0.901886608,-4.26E-05,-4.32E-05
61.9,0.901801289,-4.27E-05,-4.32E-05
61.93333333,0.901715947,-4.27E-05,-4.32E-05
61.96666667,0.90163058,-4.27E-05,-4.32E-05
62,0.901545189,-4.27E-05,-4.33E-05
62.03333333,0.901459774,-4.27E-05,-4.33E-05
62.06666667,0.901374335,-4.27E-05,-4.33E-05
62.1,0.901288873,-4.27E-05,-4.33E-05
62.13333333,0.901203386,-4.27E-05,-4.33E-05
62.16666667,0.901117875,-4.28E-05,-4.33E-05
62.2,0.90103234,-4.28E-05,-4.33E-05
62.23333333,0.900946781,-4.28E-05,-4.33E-05
62.26666667,0.900861198,-4.28E-05,-4.34E-05
62.3,0.900775591,-4.28E-05,-4.34E-05
62.33333333,0.900689961,-4.28E-05,-4.34E-05
62.36666667,0.900604306,-4.28E-05,-4.34E-05
62.4,0.900518627,-4.28E-05,-4.34E-05
62.43333333,0.900432925,-4.29E-05,-4.34E-05
62.46666667,0.900347199,-4.29E-05,-4.34E-05
62.5,0.900261449,-4.29E-05,-4.34E-05
62.53333333,0.900175675,-4.29E-05,-4.34E-05
62.56666667,0.900089877,-4.29E-05,-4.35E-05
62.6,0.900004055,-4.29E-05,-4.35E-05
62.63333333,0.89991821,-4.29E-05,-4.35E-05
62.66666667,0.89983234,-4.29E-05,-4.35E-05
62.7,0.899746447,-4.29E-05,-4.35E-05
62.73333333,0.899660531,-4.30E-05,-4.35E-05
62.76666667,0.89957459,-4.30E-05,-4.35E-05
62.8,0.899488626,-4.30E-05,-4.35E-05
62.83333333,0.899402638,-4.30E-05,-4.35E-05
62.86666667,0.899316626,-4.30E-05,-4.36E-05
62.9,0.89923059,-4.30E-05,-4.36E-05
62.93333333,0.899144531,-4.30E-05,-4.36E-05
62.96666667,0.899058449,-4.30E-05,-4.36E-05
63,0.898972342,-4.31E-05,-4.36E-05
63.03333333,0.898886212,-4.31E-05,-4.36E-05
63.06666667,0.898800058,-4.31E-05,-4.36E-05
63.1,0.898713881,-4.31E-05,-4.36E-05
63.13333333,0.89862768,-4.31E-05,-4.36E-05
63.16666667,0.898541455,-4.31E-05,-4.37E-05
63.2,0.898455207,-4.31E-05,-4.37E-05
63.23333333,0.898368936,-4.31E-05,-4.37E-05
63.26666667,0.89828264,-4.31E-05,-4.37E-05
63.3,0.898196322,-4.32E-05,-4.37E-05
63.33333333,0.898109979,-4.32E-05,-4.37E-05
63.36666667,0.898023613,-4.32E-05,-4.37E-05
63.4,0.897937224,-4.32E-05,-4.37E-05
63.43333333,0.897850811,-4.32E-05,-4.37E-05
63.46666667,0.897764375,-4.32E-05,-4.38E-05
63.5,0.897677915,-4.32E-05,-4.38E-05
63.53333333,0.897591432,-4.32E-05,-4.38E-05
63.56666667,0.897504926,-4.33E-05,-4.38E-05
63.6,0.897418396,-4.33E-05,-4.38E-05
63.63333333,0.897331842,-4.33E-05,-4.38E-05
63.66666667,0.897245265,-4.33E-05,-4.38E-05
63.7,0.897158665,-4.33E-05,-4.38E-05
63.73333333,0.897072042,-4.33E-05,-4.38E-05
63.76666667,0.896985395,-4.33E-05,-4.39E-05
63.8,0.896898724,-4.33E-05,-4.39E-05
63.83333333,0.896812031,-4.33E-05,-4.39E-05
63.86666667,0.896725314,-4.34E-05,-4.39E-05
63.9,0.896638574,-4.34E-05,-4.39E-05
63.93333333,0.89655181,-4.34E-05,-4.39E-05
63.96666667,0.896465024,-4.34E-05,-4.39E-05
64,0.896378214,-4.34E-05,-4.39E-05
64.03333333,0.89629138,-4.34E-05,-4.39E-05
64.06666667,0.896204524,-4.34E-05,-4.40E-05
64.1,0.896117644,-4.34E-05,-4.40E-05
64.13333333,0.896030741,-4.35E-05,-4.40E-05
64.16666667,0.895943815,-4.35E-05,-4.40E-05
64.2,0.895856866,-4.35E-05,-4.40E-05
64.23333333,0.895769893,-4.35E-05,-4.40E-05
64.26666667,0.895682898,-4.35E-05,-4.40E-05
64.3,0.895595879,-4.35E-05,-4.40E-05
64.33333333,0.895508837,-4.35E-05,-4.40E-05
64.36666667,0.895421772,-4.35E-05,-4.41E-05
64.4,0.895334684,-4.35E-05,-4.41E-05
64.43333333,0.895247573,-4.36E-05,-4.41E-05
64.46666667,0.895160439,-4.36E-05,-4.41E-05
64.5,0.895073282,-4.36E-05,-4.41E-05
64.53333333,0.894986101,-4.36E-05,-4.41E-05
64.56666667,0.894898898,-4.36E-05,-4.41E-05
64.6,0.894811672,-4.36E-05,-4.41E-05
64.63333333,0.894724422,-4.36E-05,-4.41E-05
64.66666667,0.89463715,-4.36E-05,-4.42E-05
64.7,0.894549855,-4.36E-05,-4.42E-05
64.73333333,0.894462536,-4.37E-05,-4.42E-05
64.76666667,0.894375195,-4.37E-05,-4.42E-05
64.8,0.894287831,-4.37E-05,-4.42E-05
64.83333333,0.894200444,-4.37E-05,-4.42E-05
64.86666667,0.894113034,-4.37E-05,-4.42E-05
64.9,0.894025601,-4.37E-05,-4.42E-05
64.93333333,0.893938145,-4.37E-05,-4.42E-05
64.96666667,0.893850666,-4.37E-05,-4.43E-05
65,0.893763165,-4.38E-05,-4.43E-05
65.03333333,0.89367564,-4.38E-05,-4.43E-05
65.06666667,0.893588093,-4.38E-05,-4.43E-05
65.1,0.893500523,-4.38E-05,-4.43E-05
65.13333333,0.89341293,-4.38E-05,-4.43E-05
65.16666667,0.893325315,-4.38E-05,-4.43E-05
65.2,0.893237676,-4.38E-05,-4.43E-05
65.23333333,0.893150015,-4.38E-05,-4.43E-05
65.26666667,0.893062331,-4.38E-05,-4.44E-05
65.3,0.892974624,-4.39E-05,-4.44E-05
65.33333333,0.892886895,-4.39E-05,-4.44E-05
65.36666667,0.892799143,-4.39E-05,-4.44E-05
65.4,0.892711368,-4.39E-05,-4.44E-05
65.43333333,0.892623571,-4.39E-05,-4.44E-05
65.46666667,0.89253575,-4.39E-05,-4.44E-05
65.5,0.892447908,-4.39E-05,-4.44E-05
65.53333333,0.892360042,-4.39E-05,-4.44E-05
65.56666667,0.892272154,-4.39E-05,-4.45E-05
65.6,0.892184243,-4.40E-05,-4.45E-05
65.63333333,0.89209631,-4.40E-05,-4.45E-05
65.66666667,0.892008354,-4.40E-05,-4.45E-05
65.7,0.891920375,-4.40E-05,-4.45E-05
65.73333333,0.891832374,-4.40E-05,-4.45E-05
65.76666667,0.891744351,-4.40E-05,-4.45E-05
65.8,0.891656304,-4.40E-05,-4.45E-05
65.83333333,0.891568236,-4.40E-05,-4.45E-05
65.86666667,0.891480144,-4.40E-05,-4.45E-05
65.9,0.891392031,-4.41E-05,-4.46E-05
65.93333333,0.891303894,-4.41E-05,-4.46E-05
65.96666667,0.891215736,-4.41E-05,-4.46E-05
66,0.891127554,-4.41E-05,-4.46E-05
66.03333333,0.891039351,-4.41E-05,-4.46E-05
66.06666667,0.890951125,-4.41E-05,-4.46E-05
66.1,0.890862876,-4.41E-05,-4.46E-05
66.13333333,0.890774605,-4.41E-05,-4.46E-05
66.16666667,0.890686312,-4.41E-05,-4.46E-05
66.2,0.890597996,-4.42E-05,-4.47E-05
66.23333333,0.890509658,-4.42E-05,-4.47E-05
66.26666667,0.890421298,-4.42E-05,-4.47E-05
66.3,0.890332915,-4.42E-05,-4.47E-05
66.33333333,0.89024451,-4.42E-05,-4.47E-05
66.36666667,0.890156082,-4.42E-05,-4.47E-05
66.4,0.890067633,-4.42E-05,-4.47E-05
66.43333333,0.889979161,-4.42E-05,-4.47E-05
66.46666667,0.889890666,-4.42E-05,-4.47E-05
66.5,0.88980215,-4.43E-05,-4.48E-05
66.53333333,0.889713611,-4.43E-05,-4.48E-05
66.56666667,0.88962505,-4.43E-05,-4.48E-05
66.6,0.889536467,-4.43E-05,-4.48E-05
66.63333333,0.889447861,-4.43E-05,-4.48E-05
66.66666667,0.889359233,-4.43E-05,-4.48E-05
66.7,0.889270583,-4.43E-05,-4.48E-05
66.73333333,0.889181911,-4.43E-05,-4.48E-05
66.76666667,0.889093217,-4.43E-05,-4.48E-05
66.8,0.889004501,-4.44E-05,-4.48E-05
66.83333333,0.888915762,-4.44E-05,-4.49E-05
66.86666667,0.888827002,-4.44E-05,-4.49E-05
66.9,0.888738219,-4.44E-05,-4.49E-05
66.93333333,0.888649414,-4.44E-05,-4.49E-05
66.96666667,0.888560587,-4.44E-05,-4.49E-05
67,0.888471738,-4.44E-05,-4.49E-05
67.03333333,0.888382867,-4.44E-05,-4.49E-05
67.06666667,0.888293974,-4.44E-05,-4.49E-05
67.1,0.888205059,-4.45E-05,-4.49E-05
67.13333333,0.888116121,-4.45E-05,-4.50E-05
67.16666667,0.888027162,-4.45E-05,-4.50E-05
67.2,0.887938181,-4.45E-05,-4.50E-05
67.23333333,0.887849178,-4.45E-05,-4.50E-05
67.26666667,0.887760153,-4.45E-05,-4.50E-05
67.3,0.887671106,-4.45E-05,-4.50E-05
67.33333333,0.887582037,-4.45E-05,-4.50E-05
67.36666667,0.887492946,-4.45E-05,-4.50E-05
67.4,0.887403833,-4.46E-05,-4.50E-05
67.43333333,0.887314698,-4.46E-05,-4.50E-05
67.46666667,0.887225541,-4.46E-05,-4.51E-05
67.5,0.887136363,-4.46E-05,-4.51E-05
67.53333333,0.887047162,-4.46E-05,-4.51E-05
67.56666667,0.88695794,-4.46E-05,-4.51E-05
67.6,0.886868696,-4.46E-05,-4.51E-05
67.63333333,0.88677943,-4.46E-05,-4.51E-05
67.66666667,0.886690142,-4.46E-05,-4.51E-05
67.7,0.886600833,-4.47E-05,-4.51E-05
67.73333333,0.886511501,-4.47E-05,-4.51E-05
67.76666667,0.886422148,-4.47E-05,-4.51E-05
67.8,0.886332773,-4.47E-05,-4.52E-05
67.83333333,0.886243377,-4.47E-05,-4.52E-05
67.86666667,0.886153958,-4.47E-05,-4.52E-05
67.9,0.886064518,-4.47E-05,-4.52E-05
67.93333333,0.885975057,-4.47E-05,-4.52E-05
67.96666667,0.885885573,-4.47E-05,-4.52E-05
68,0.885796068,-4.48E-05,-4.52E-05
68.03333333,0.885706541,-4.48E-05,-4.52E-05
68.06666667,0.885616993,-4.48E-05,-4.52E-05
68.1,0.885527423,-4.48E-05,-4.53E-05
68.13333333,0.885437831,-4.48E-05,-4.53E-05
68.16666667,0.885348218,-4.48E-05,-4.53E-05
68.2,0.885258583,-4.48E-05,-4.53E-05
68.23333333,0.885168926,-4.48E-05,-4.53E-05
68.26666667,0.885079248,-4.48E-05,-4.53E-05
68.3,0.884989548,-4.48E-05,-4.53E-05
68.33333333,0.884899827,-4.49E-05,-4.53E-05
68.36666667,0.884810084,-4.49E-05,-4.53E-05
68.4,0.88472032,-4.49E-05,-4.53E-05
68.43333333,0.884630534,-4.49E-05,-4.54E-05
68.46666667,0.884540726,-4.49E-05,-4.54E-05
68.5,0.884450898,-4.49E-05,-4.54E-05
68.53333333,0.884361047,-4.49E-05,-4.54E-05
68.56666667,0.884271176,-4.49E-05,-4.54E-05
68.6,0.884181282,-4.49E-05,-4.54E-05
68.63333333,0.884091368,-4.50E-05,-4.54E-05
68.66666667,0.884001432,-4.50E-05,-4.54E-05
68.7,0.883911474,-4.50E-05,-4.54E-05
68.73333333,0.883821495,-4.50E-05,-4.54E-05
68.76666667,0.883731495,-4.50E-05,-4.55E-05
68.8,0.883641473,-4.50E-05,-4.55E-05
68.83333333,0.88355143,-4.50E-05,-4.55E-05
68.86666667,0.883461366,-4.50E-05,-4.55E-05
68.9,0.88337128,-4.50E-05,-4.55E-05
68.93333333,0.883281173,-4.51E-05,-4.55E-05
68.96666667,0.883191045,-4.51E-05,-4.55E-05
69,0.883100895,-4.51E-05,-4.55E-05
69.03333333,0.883010724,-4.51E-05,-4.55E-05
69.06666667,0.882920532,-4.51E-05,-4.55E-05
69.1,0.882830318,-4.51E-05,-4.56E-05
69.13333333,0.882740084,-4.51E-05,-4.56E-05
69.16666667,0.882649828,-4.51E-05,-4.56E-05
69.2,0.882559551,-4.51E-05,-4.56E-05
69.23333333,0.882469252,-4.51E-05,-4.56E-05
69.26666667,0.882378933,-4.52E-05,-4.56E-05
69.3,0.882288592,-4.52E-05,-4.56E-05
69.33333333,0.88219823,-4.52E-05,-4.56E-05
69.36666667,0.882107847,-4.52E-05,-4.56E-05
69.4,0.882017443,-4.52E-05,-4.56E-05
69.43333333,0.881927017,-4.52E-05,-4.57E-05
69.46666667,0.881836571,-4.52E-05,-4.57E-05
69.5,0.881746103,-4.52E-05,-4.57E-05
69.53333333,0.881655615,-4.52E-05,-4.57E-05
69.56666667,0.881565105,-4.53E-05,-4.57E-05
69.6,0.881474574,-4.53E-05,-4.57E-05
69.63333333,0.881384022,-4.53E-05,-4.57E-05
69.66666667,0.881293449,-4.53E-05,-4.57E-05
69.7,0.881202855,-4.53E-05,-4.57E-05
69.73333333,0.881112241,-4.53E-05,-4.57E-05
69.76666667,0.881021605,-4.53E-05,-4.58E-05
69.8,0.880930948,-4.53E-05,-4.58E-05
69.83333333,0.88084027,-4.53E-05,-4.58E-05
69.86666667,0.880749571,-4.53E-05,-4.58E-05
69.9,0.880658851,-4.54E-05,-4.58E-05
69.93333333,0.88056811,-4.54E-05,-4.58E-05
69.96666667,0.880477349,-4.54E-05,-4.58E-05
70,0.880386566,-4.54E-05,-4.58E-05
70.03333333,0.880295762,-4.54E-05,-4.58E-05
70.06666667,0.880204938,-4.54E-05,-4.58E-05
70.1,0.880114093,-4.54E-05,-4.59E-05
70.13333333,0.880023227,-4.54E-05,-4.59E-05
70.16666667,0.87993234,-4.54E-05,-4.59E-05
70.2,0.879841432,-4.55E-05,-4.59E-05
70.23333333,0.879750503,-4.55E-05,-4.59E-05
70.26666667,0.879659554,-4.55E-05,-4.59E-05
70.3,0.879568583,-4.55E-05,-4.59E-05
70.33333333,0.879477592,-4.55E-05,-4.59E-05
70.36666667,0.879386581,-4.55E-05,-4.59E-05
70.4,0.879295548,-4.55E-05,-4.59E-05
70.43333333,0.879204495,-4.55E-05,-4.60E-05
70.46666667,0.879113421,-4.55E-05,-4.60E-05
70.5,0.879022326,-4.55E-05,-4.60E-05
70.53333333,0.87893121,-4.56E-05,-4.60E-05
70.56666667,0.878840074,-4.56E-05,-4.60E-05
70.6,0.878748917,-4.56E-05,-4.60E-05
70.63333333,0.87865774,-4.56E-05,-4.60E-05
70.66666667,0.878566542,-4.56E-05,-4.60E-05
70.7,0.878475323,-4.56E-05,-4.60E-05
70.73333333,0.878384083,-4.56E-05,-4.60E-05
70.76666667,0.878292823,-4.56E-05,-4.61E-05
70.8,0.878201542,-4.56E-05,-4.61E-05
70.83333333,0.878110241,-4.57E-05,-4.61E-05
70.86666667,0.878018919,-4.57E-05,-4.61E-05
70.9,0.877927577,-4.57E-05,-4.61E-05
70.93333333,0.877836214,-4.57E-05,-4.61E-05
70.96666667,0.87774483,-4.57E-05,-4.61E-05
71,0.877653426,-4.57E-05,-4.61E-05
71.03333333,0.877562001,-4.57E-05,-4.61E-05
71.06666667,0.877470556,-4.57E-05,-4.61E-05
71.1,0.87737909,-4.57E-05,-4.62E-05
71.13333333,0.877287604,-4.57E-05,-4.62E-05
71.16666667,0.877196098,-4.58E-05,-4.62E-05
71.2,0.877104571,-4.58E-05,-4.62E-05
71.23333333,0.877013023,-4.58E-05,-4.62E-05
71.26666667,0.876921455,-4.58E-05,-4.62E-05
71.3,0.876829867,-4.58E-05,-4.62E-05
71.33333333,0.876738258,-4.58E-05,-4.62E-05
71.36666667,0.876646629,-4.58E-05,-4.62E-05
71.4,0.876554979,-4.58E-05,-4.62E-05
71.43333333,0.87646331,-4.58E-05,-4.62E-05
71.46666667,0.876371619,-4.58E-05,-4.63E-05
71.5,0.876279909,-4.59E-05,-4.63E-05
71.53333333,0.876188178,-4.59E-05,-4.63E-05
71.56666667,0.876096427,-4.59E-05,-4.63E-05
71.6,0.876004655,-4.59E-05,-4.63E-05
71.63333333,0.875912863,-4.59E-05,-4.63E-05
71.66666667,0.875821051,-4.59E-05,-4.63E-05
71.7,0.875729219,-4.59E-05,-4.63E-05
71.73333333,0.875637366,-4.59E-05,-4.63E-05
71.76666667,0.875545493,-4.59E-05,-4.63E-05
71.8,0.8754536,-4.59E-05,-4.64E-05
71.83333333,0.875361686,-4.60E-05,-4.64E-05
71.86666667,0.875269753,-4.60E-05,-4.64E-05
71.9,0.875177799,-4.60E-05,-4.64E-05
71.93333333,0.875085825,-4.60E-05,-4.64E-05
71.96666667,0.874993831,-4.60E-05,-4.64E-05
72,0.874901817,-4.60E-05,-4.64E-05
72.03333333,0.874809782,-4.60E-05,-4.64E-05
72.06666667,0.874717728,-4.60E-05,-4.64E-05
72.1,0.874625653,-4.60E-05,-4.64E-05
72.13333333,0.874533559,-4.60E-05,-4.64E-05
72.16666667,0.874441444,-4.61E-05,-4.65E-05
72.2,0.874349309,-4.61E-05,-4.65E-05
72.23333333,0.874257154,-4.61E-05,-4.65E-05
72.26666667,0.874164979,-4.61E-05,-4.65E-05
72.3,0.874072784,-4.61E-05,-4.65E-05
72.33333333,0.873980568,-4.61E-05,-4.65E-05
72.36666667,0.873888333,-4.61E-05,-4.65E-05
72.4,0.873796078,-4.61E-05,-4.65E-05
72.43333333,0.873703803,-4.61E-05,-4.65E-05
72.46666667,0.873611508,-4.61E-05,-4.65E-05
72.5,0.873519193,-4.62E-05,-4.66E-05
72.53333333,0.873426858,-4.62E-05,-4.66E-05
72.56666667,0.873334503,-4.62E-05,-4.66E-05
72.6,0.873242128,-4.62E-05,-4.66E-05
72.63333333,0.873149733,-4.62E-05,-4.66E-05
72.66666667,0.873057318,-4.62E-05,-4.66E-05
72.7,0.872964884,-4.62E-05,-4.66E-05
72.73333333,0.872872429,-4.62E-05,-4.66E-05
72.76666667,0.872779955,-4.62E-05,-4.66E-05
72.8,0.87268746,-4.62E-05,-4.66E-05
72.83333333,0.872594946,-4.63E-05,-4.66E-05
72.86666667,0.872502412,-4.63E-05,-4.67E-05
72.9,0.872409859,-4.63E-05,-4.67E-05
72.93333333,0.872317285,-4.63E-05,-4.67E-05
72.96666667,0.872224692,-4.63E-05,-4.67E-05
73,0.872132079,-4.63E-05,-4.67E-05
73.03333333,0.872039446,-4.63E-05,-4.67E-05
73.06666667,0.871946793,-4.63E-05,-4.67E-05
73.1,0.871854121,-4.63E-05,-4.67E-05
73.13333333,0.871761429,-4.63E-05,-4.67E-05
73.16666667,0.871668717,-4.64E-05,-4.67E-05
73.2,0.871575985,-4.64E-05,-4.67E-05
73.23333333,0.871483234,-4.64E-05,-4.68E-05
73.26666667,0.871390463,-4.64E-05,-4.68E-05
73.3,0.871297672,-4.64E-05,-4.68E-05
73.33333333,0.871204862,-4.64E-05,-4.68E-05
73.36666667,0.871112032,-4.64E-05,-4.68E-05
73.4,0.871019183,-4.64E-05,-4.68E-05
73.43333333,0.870926314,-4.64E-05,-4.68E-05
73.46666667,0.870833425,-4.64E-05,-4.68E-05
73.5,0.870740517,-4.65E-05,-4.68E-05
73.53333333,0.870647589,-4.65E-05,-4.68E-05
73.56666667,0.870554641,-4.65E-05,-4.69E-05
73.6,0.870461674,-4.65E-05,-4.69E-05
73.63333333,0.870368687,-4.65E-05,-4.69E-05
73.66666667,0.870275681,-4.65E-05,-4.69E-05
73.7,0.870182656,-4.65E-05,-4.69E-05
73.73333333,0.870089611,-4.65E-05,-4.69E-05
73.76666667,0.869996546,-4.65E-05,-4.69E-05
73.8,0.869903462,-4.65E-05,-4.69E-05
73.83333333,0.869810358,-4.66E-05,-4.69E-05
73.86666667,0.869717235,-4.66E-05,-4.69E-05
73.9,0.869624093,-4.66E-05,-4.69E-05
73.93333333,0.869530931,-4.66E-05,-4.70E-05
73.96666667,0.869437749,-4.66E-05,-4.70E-05
74,0.869344548,-4.66E-05,-4.70E-05
74.03333333,0.869251328,-4.66E-05,-4.70E-05
74.06666667,0.869158089,-4.66E-05,-4.70E-05
74.1,0.86906483,-4.66E-05,-4.70E-05
74.13333333,0.868971551,-4.66E-05,-4.70E-05
74.16666667,0.868878254,-4.66E-05,-4.70E-05
74.2,0.868784937,-4.67E-05,-4.70E-05
74.23333333,0.868691601,-4.67E-05,-4.70E-05
74.26666667,0.868598245,-4.67E-05,-4.70E-05
74.3,0.86850487,-4.67E-05,-4.71E-05
74.33333333,0.868411476,-4.67E-05,-4.71E-05
74.36666667,0.868318062,-4.67E-05,-4.71E-05
74.4,0.86822463,-4.67E-05,-4.71E-05
74.43333333,0.868131178,-4.67E-05,-4.71E-05
74.46666667,0.868037706,-4.67E-05,-4.71E-05
74.5,0.867944216,-4.67E-05,-4.71E-05
74.53333333,0.867850706,-4.68E-05,-4.71E-05
74.56666667,0.867757178,-4.68E-05,-4.71E-05
74.6,0.867663629,-4.68E-05,-4.71E-05
74.63333333,0.867570062,-4.68E-05,-4.71E-05
74.66666667,0.867476476,-4.68E-05,-4.72E-05
74.7,0.86738287,-4.68E-05,-4.72E-05
74.73333333,0.867289246,-4.68E-05,-4.72E-05
74.76666667,0.867195602,-4.68E-05,-4.72E-05
74.8,0.867101939,-4.68E-05,-4.72E-05
74.83333333,0.867008257,-4.68E-05,-4.72E-05
74.86666667,0.866914556,-4.69E-05,-4.72E-05
74.9,0.866820836,-4.69E-05,-4.72E-05
74.93333333,0.866727097,-4.69E-05,-4.72E-05
74.96666667,0.866633338,-4.69E-05,-4.72E-05
75,0.866539561,-4.69E-05,-4.72E-05
75.03333333,0.866445765,-4.69E-05,-4.73E-05
75.06666667,0.866351949,-4.69E-05,-4.73E-05
75.1,0.866258115,-4.69E-05,-4.73E-05
75.13333333,0.866164261,-4.69E-05,-4.73E-05
75.16666667,0.866070389,-4.69E-05,-4.73E-05
75.2,0.865976498,-4.69E-05,-4.73E-05
75.23333333,0.865882588,-4.70E-05,-4.73E-05
75.26666667,0.865788658,-4.70E-05,-4.73E-05
75.3,0.86569471,-4.70E-05,-4.73E-05
75.33333333,0.865600743,-4.70E-05,-4.73E-05
75.36666667,0.865506757,-4.70E-05,-4.73E-05
75.4,0.865412752,-4.70E-05,-4.73E-05
75.43333333,0.865318729,-4.70E-05,-4.74E-05
75.46666667,0.865224686,-4.70E-05,-4.74E-05
75.5,0.865130625,-4.70E-05,-4.74E-05
75.53333333,0.865036544,-4.70E-05,-4.74E-05
75.56666667,0.864942445,-4.70E-05,-4.74E-05
75.6,0.864848327,-4.71E-05,-4.74E-05
75.63333333,0.864754191,-4.71E-05,-4.74E-05
75.66666667,0.864660035,-4.71E-05,-4.74E-05
75.7,0.864565861,-4.71E-05,-4.74E-05
75.73333333,0.864471668,-4.71E-05,-4.74E-05
75.76666667,0.864377456,-4.71E-05,-4.74E-05
75.8,0.864283225,-4.71E-05,-4.75E-05
75.83333333,0.864188976,-4.71E-05,-4.75E-05
75.86666667,0.864094708,-4.71E-05,-4.75E-05
75.9,0.864000421,-4.71E-05,-4.75E-05
75.93333333,0.863906116,-4.72E-05,-4.75E-05
75.96666667,0.863811791,-4.72E-05,-4.75E-05
76,0.863717449,-4.72E-05,-4.75E-05
76.03333333,0.863623087,-4.72E-05,-4.75E-05
76.06666667,0.863528707,-4.72E-05,-4.75E-05
76.1,0.863434308,-4.72E-05,-4.75E-05
76.13333333,0.863339891,-4.72E-05,-4.75E-05
76.16666667,0.863245455,-4.72E-05,-4.76E-05
76.2,0.863151,-4.72E-05,-4.76E-05
76.23333333,0.863056527,-4.72E-05,-4.76E-05
76.26666667,0.862962035,-4.72E-05,-4.76E-05
76.3,0.862867525,-4.73E-05,-4.76E-05
76.33333333,0.862772996,-4.73E-05,-4.76E-05
76.36666667,0.862678449,-4.73E-05,-4.76E-05
76.4,0.862583883,-4.73E-05,-4.76E-05
76.43333333,0.862489298,-4.73E-05,-4.76E-05
76.46666667,0.862394695,-4.73E-05,-4.76E-05
76.5,0.862300074,-4.73E-05,-4.76E-05
76.53333333,0.862205434,-4.73E-05,-4.76E-05
76.56666667,0.862110775,-4.73E-05,-4.77E-05
76.6,0.862016099,-4.73E-05,-4.77E-05
76.63333333,0.861921403,-4.73E-05,-4.77E-05
76.66666667,0.86182669,-4.74E-05,-4.77E-05
76.7,0.861731957,-4.74E-05,-4.77E-05
76.73333333,0.861637207,-4.74E-05,-4.77E-05
76.76666667,0.861542438,-4.74E-05,-4.77E-05
76.8,0.861447651,-4.74E-05,-4.77E-05
76.83333333,0.861352845,-4.74E-05,-4.77E-05
76.86666667,0.861258021,-4.74E-05,-4.77E-05
76.9,0.861163178,-4.74E-05,-4.77E-05
76.93333333,0.861068318,-4.74E-05,-4.78E-05
76.96666667,0.860973439,-4.74E-05,-4.78E-05
77,0.860878541,-4.74E-05,-4.78E-05
77.03333333,0.860783626,-4.75E-05,-4.78E-05
77.06666667,0.860688692,-4.75E-05,-4.78E-05
77.1,0.860593739,-4.75E-05,-4.78E-05
77.13333333,0.860498769,-4.75E-05,-4.78E-05
77.16666667,0.86040378,-4.75E-05,-4.78E-05
77.2,0.860308773,-4.75E-05,-4.78E-05
77.23333333,0.860213748,-4.75E-05,-4.78E-05
77.26666667,0.860118705,-4.75E-05,-4.78E-05
77.3,0.860023643,-4.75E-05,-4.78E-05
77.33333333,0.859928563,-4.75E-05,-4.79E-05
77.36666667,0.859833465,-4.75E-05,-4.79E-05
77.4,0.859738349,-4.76E-05,-4.79E-05
77.43333333,0.859643215,-4.76E-05,-4.79E-05
77.46666667,0.859548063,-4.76E-05,-4.79E-05
77.5,0.859452892,-4.76E-05,-4.79E-05
77.53333333,0.859357703,-4.76E-05,-4.79E-05
77.56666667,0.859262497,-4.76E-05,-4.79E-05
77.6,0.859167272,-4.76E-05,-4.79E-05
77.63333333,0.859072029,-4.76E-05,-4.79E-05
77.66666667,0.858976768,-4.76E-05,-4.79E-05
77.7,0.858881489,-4.76E-05,-4.79E-05
77.73333333,0.858786192,-4.76E-05,-4.80E-05
77.76666667,0.858690877,-4.77E-05,-4.80E-05
77.8,0.858595543,-4.77E-05,-4.80E-05
77.83333333,0.858500192,-4.77E-05,-4.80E-05
77.86666667,0.858404823,-4.77E-05,-4.80E-05
77.9,0.858309436,-4.77E-05,-4.80E-05
77.93333333,0.858214031,-4.77E-05,-4.80E-05
77.96666667,0.858118608,-4.77E-05,-4.80E-05
78,0.858023167,-4.77E-05,-4.80E-05
78.03333333,0.857927708,-4.77E-05,-4.80E-05
78.06666667,0.857832231,-4.77E-05,-4.80E-05
78.1,0.857736736,-4.77E-05,-4.81E-05
78.13333333,0.857641223,-4.78E-05,-4.81E-05
78.16666667,0.857545693,-4.78E-05,-4.81E-05
78.2,0.857450144,-4.78E-05,-4.81E-05
78.23333333,0.857354578,-4.78E-05,-4.81E-05
78.26666667,0.857258994,-4.78E-05,-4.81E-05
78.3,0.857163392,-4.78E-05,-4.81E-05
78.33333333,0.857067772,-4.78E-05,-4.81E-05
78.36666667,0.856972135,-4.78E-05,-4.81E-05
78.4,0.856876479,-4.78E-05,-4.81E-05
78.43333333,0.856780806,-4.78E-05,-4.81E-05
78.46666667,0.856685115,-4.78E-05,-4.81E-05
78.5,0.856589406,-4.79E-05,-4.82E-05
78.53333333,0.85649368,-4.79E-05,-4.82E-05
78.56666667,0.856397935,-4.79E-05,-4.82E-05
78.6,0.856302173,-4.79E-05,-4.82E-05
78.63333333,0.856206394,-4.79E-05,-4.82E-05
78.66666667,0.856110596,-4.79E-05,-4.82E-05
78.7,0.856014781,-4.79E-05,-4.82E-05
78.73333333,0.855918948,-4.79E-05,-4.82E-05
78.76666667,0.855823098,-4.79E-05,-4.82E-05
78.8,0.855727229,-4.79E-05,-4.82E-05
78.83333333,0.855631344,-4.79E-05,-4.82E-05
78.86666667,0.85553544,-4.80E-05,-4.82E-05
78.9,0.855439519,-4.80E-05,-4.83E-05
78.93333333,0.855343581,-4.80E-05,-4.83E-05
78.96666667,0.855247624,-4.80E-05,-4.83E-05
79,0.85515165,-4.80E-05,-4.83E-05
79.03333333,0.855055659,-4.80E-05,-4.83E-05
79.06666667,0.85495965,-4.80E-05,-4.83E-05
79.1,0.854863623,-4.80E-05,-4.83E-05
79.13333333,0.854767579,-4.80E-05,-4.83E-05
79.16666667,0.854671518,-4.80E-05,-4.83E-05
79.2,0.854575439,-4.80E-05,-4.83E-05
79.23333333,0.854479342,-4.80E-05,-4.83E-05
79.26666667,0.854383228,-4.81E-05,-4.83E-05
79.3,0.854287096,-4.81E-05,-4.83E-05
79.33333333,0.854190947,-4.81E-05,-4.84E-05
79.36666667,0.854094781,-4.81E-05,-4.84E-05
79.4,0.853998597,-4.81E-05,-4.84E-05
79.43333333,0.853902395,-4.81E-05,-4.84E-05
79.46666667,0.853806176,-4.81E-05,-4.84E-05
79.5,0.85370994,-4.81E-05,-4.84E-05
79.53333333,0.853613686,-4.81E-05,-4.84E-05
79.56666667,0.853517415,-4.81E-05,-4.84E-05
79.6,0.853421127,-4.81E-05,-4.84E-05
79.63333333,0.853324821,-4.82E-05,-4.84E-05
79.66666667,0.853228498,-4.82E-05,-4.84E-05
79.7,0.853132158,-4.82E-05,-4.84E-05
79.73333333,0.8530358,-4.82E-05,-4.85E-05
79.76666667,0.852939425,-4.82E-05,-4.85E-05
79.8,0.852843032,-4.82E-05,-4.85E-05
79.83333333,0.852746623,-4.82E-05,-4.85E-05
79.86666667,0.852650196,-4.82E-05,-4.85E-05
79.9,0.852553752,-4.82E-05,-4.85E-05
79.93333333,0.85245729,-4.82E-05,-4.85E-05
79.96666667,0.852360811,-4.82E-05,-4.85E-05
80,0.852264315,-4.82E-05,-4.85E-05
80.03333333,0.852167802,-4.83E-05,-4.85E-05
80.06666667,0.852071272,-4.83E-05,-4.85E-05
80.1,0.851974724,-4.83E-05,-4.85E-05
80.13333333,0.851878159,-4.83E-05,-4.86E-05
80.16666667,0.851781577,-4.83E-05,-4.86E-05
80.2,0.851684978,-4.83E-05,-4.86E-05
80.23333333,0.851588362,-4.83E-05,-4.86E-05
80.26666667,0.851491729,-4.83E-05,-4.86E-05
80.3,0.851395078,-4.83E-05,-4.86E-05
80.33333333,0.851298411,-4.83E-05,-4.86E-05
80.36666667,0.851201726,-4.83E-05,-4.86E-05
80.4,0.851105024,-4.84E-05,-4.86E-05
80.43333333,0.851008305,-4.84E-05,-4.86E-05
80.46666667,0.850911569,-4.84E-05,-4.86E-05
80.5,0.850814816,-4.84E-05,-4.86E-05
80.53333333,0.850718046,-4.84E-05,-4.86E-05
80.56666667,0.850621259,-4.84E-05,-4.87E-05
80.6,0.850524455,-4.84E-05,-4.87E-05
80.63333333,0.850427634,-4.84E-05,-4.87E-05
80.66666667,0.850330796,-4.84E-05,-4.87E-05
80.7,0.850233941,-4.84E-05,-4.87E-05
80.73333333,0.850137068,-4.84E-05,-4.87E-05
80.76666667,0.850040179,-4.84E-05,-4.87E-05
80.8,0.849943273,-4.85E-05,-4.87E-05
80.83333333,0.849846351,-4.85E-05,-4.87E-05
80.86666667,0.849749411,-4.85E-05,-4.87E-05
80.9,0.849652454,-4.85E-05,-4.87E-05
80.93333333,0.84955548,-4.85E-05,-4.87E-05
80.96666667,0.84945849,-4.85E-05,-4.88E-05
81,0.849361482,-4.85E-05,-4.88E-05
81.03333333,0.849264458,-4.85E-05,-4.88E-05
81.06666667,0.849167417,-4.85E-05,-4.88E-05
81.1,0.849070359,-4.85E-05,-4.88E-05
81.13333333,0.848973284,-4.85E-05,-4.88E-05
81.16666667,0.848876193,-4.85E-05,-4.88E-05
81.2,0.848779084,-4.86E-05,-4.88E-05
81.23333333,0.848681959,-4.86E-05,-4.88E-05
81.26666667,0.848584817,-4.86E-05,-4.88E-05
81.3,0.848487658,-4.86E-05,-4.88E-05
81.33333333,0.848390483,-4.86E-05,-4.88E-05
81.36666667,0.84829329,-4.86E-05,-4.88E-05
81.4,0.848196081,-4.86E-05,-4.89E-05
81.43333333,0.848098855,-4.86E-05,-4.89E-05
81.46666667,0.848001613,-4.86E-05,-4.89E-05
81.5,0.847904354,-4.86E-05,-4.89E-05
81.53333333,0.847807078,-4.86E-05,-4.89E-05
81.56666667,0.847709785,-4.86E-05,-4.89E-05
81.6,0.847612476,-4.87E-05,-4.89E-05
81.63333333,0.84751515,-4.87E-05,-4.89E-05
81.66666667,0.847417808,-4.87E-05,-4.89E-05
81.7,0.847320449,-4.87E-05,-4.89E-05
81.73333333,0.847223073,-4.87E-05,-4.89E-05
81.76666667,0.847125681,-4.87E-05,-4.89E-05
81.8,0.847028272,-4.87E-05,-4.89E-05
81.83333333,0.846930846,-4.87E-05,-4.90E-05
81.86666667,0.846833404,-4.87E-05,-4.90E-05
81.9,0.846735945,-4.87E-05,-4.90E-05
81.93333333,0.84663847,-4.87E-05,-4.90E-05
81.96666667,0.846540978,-4.87E-05,-4.90E-05
82,0.84644347,-4.88E-05,-4.90E-05
82.03333333,0.846345945,-4.88E-05,-4.90E-05
82.06666667,0.846248404,-4.88E-05,-4.90E-05
82.1,0.846150846,-4.88E-05,-4.90E-05
82.13333333,0.846053272,-4.88E-05,-4.90E-05
82.16666667,0.845955681,-4.88E-05,-4.90E-05
82.2,0.845858074,-4.88E-05,-4.90E-05
82.23333333,0.845760451,-4.88E-05,-4.90E-05
82.26666667,0.84566281,-4.88E-05,-4.91E-05
82.3,0.845565154,-4.88E-05,-4.91E-05
82.33333333,0.845467481,-4.88E-05,-4.91E-05
82.36666667,0.845369792,-4.88E-05,-4.91E-05
82.4,0.845272086,-4.89E-05,-4.91E-05
82.43333333,0.845174364,-4.89E-05,-4.91E-05
82.46666667,0.845076626,-4.89E-05,-4.91E-05
82.5,0.844978871,-4.89E-05,-4.91E-05
82.53333333,0.8448811,-4.89E-05,-4.91E-05
82.56666667,0.844783312,-4.89E-05,-4.91E-05
82.6,0.844685509,-4.89E-05,-4.91E-05
82.63333333,0.844587689,-4.89E-05,-4.91E-05
82.66666667,0.844489852,-4.89E-05,-4.91E-05
82.7,0.844392,-4.89E-05,-4.92E-05
82.73333333,0.844294131,-4.89E-05,-4.92E-05
82.76666667,0.844196246,-4.89E-05,-4.92E-05
82.8,0.844098344,-4.90E-05,-4.92E-05
82.83333333,0.844000427,-4.90E-05,-4.92E-05
82.86666667,0.843902493,-4.90E-05,-4.92E-05
82.9,0.843804543,-4.90E-05,-4.92E-05
82.93333333,0.843706576,-4.90E-05,-4.92E-05
82.96666667,0.843608594,-4.90E-05,-4.92E-05
83,0.843510595,-4.90E-05,-4.92E-05
83.03333333,0.84341258,-4.90E-05,-4.92E-05
83.06666667,0.84331455,-4.90E-05,-4.92E-05
83.1,0.843216502,-4.90E-05,-4.92E-05
83.13333333,0.843118439,-4.90E-05,-4.93E-05
83.16666667,0.84302036,-4.90E-05,-4.93E-05
83.2,0.842922264,-4.90E-05,-4.93E-05
83.23333333,0.842824153,-4.91E-05,-4.93E-05
83.26666667,0.842726025,-4.91E-05,-4.93E-05
83.3,0.842627882,-4.91E-05,-4.93E-05
83.33333333,0.842529722,-4.91E-05,-4.93E-05
83.36666667,0.842431546,-4.91E-05,-4.93E-05
83.4,0.842333354,-4.91E-05,-4.93E-05
83.43333333,0.842235146,-4.91E-05,-4.93E-05
83.46666667,0.842136922,-4.91E-05,-4.93E-05
83.5,0.842038683,-4.91E-05,-4.93E-05
83.53333333,0.841940427,-4.91E-05,-4.93E-05
83.56666667,0.841842155,-4.91E-05,-4.93E-05
83.6,0.841743867,-4.91E-05,-4.94E-05
83.63333333,0.841645563,-4.92E-05,-4.94E-05
83.66666667,0.841547244,-4.92E-05,-4.94E-05
83.7,0.841448908,-4.92E-05,-4.94E-05
83.73333333,0.841350556,-4.92E-05,-4.94E-05
83.76666667,0.841252189,-4.92E-05,-4.94E-05
83.8,0.841153805,-4.92E-05,-4.94E-05
83.83333333,0.841055406,-4.92E-05,-4.94E-05
83.86666667,0.840956991,-4.92E-05,-4.94E-05
83.9,0.84085856,-4.92E-05,-4.94E-05
83.93333333,0.840760113,-4.92E-05,-4.94E-05
83.96666667,0.84066165,-4.92E-05,-4.94E-05
84,0.840563172,-4.92E-05,-4.94E-05
84.03333333,0.840464678,-4.92E-05,-4.95E-05
84.06666667,0.840366167,-4.93E-05,-4.95E-05
84.1,0.840267641,-4.93E-05,-4.95E-05
84.13333333,0.8401691,-4.93E-05,-4.95E-05
84.16666667,0.840070542,-4.93E-05,-4.95E-05
84.2,0.839971969,-4.93E-05,-4.95E-05
84.23333333,0.83987338,-4.93E-05,-4.95E-05
84.26666667,0.839774775,-4.93E-05,-4.95E-05
84.3,0.839676155,-4.93E-05,-4.95E-05
84.33333333,0.839577518,-4.93E-05,-4.95E-05
84.36666667,0.839478866,-4.93E-05,-4.95E-05
84.4,0.839380199,-4.93E-05,-4.95E-05
84.43333333,0.839281516,-4.93E-05,-4.95E-05
84.46666667,0.839182817,-4.93E-05,-4.95E-05
84.5,0.839084102,-4.94E-05,-4.96E-05
84.53333333,0.838985372,-4.94E-05,-4.96E-05
84.56666667,0.838886626,-4.94E-05,-4.96E-05
84.6,0.838787864,-4.94E-05,-4.96E-05
84.63333333,0.838689087,-4.94E-05,-4.96E-05
84.66666667,0.838590295,-4.94E-05,-4.96E-05
84.7,0.838491486,-4.94E-05,-4.96E-05
84.73333333,0.838392662,-4.94E-05,-4.96E-05
84.76666667,0.838293823,-4.94E-05,-4.96E-05
84.8,0.838194968,-4.94E-05,-4.96E-05
84.83333333,0.838096098,-4.94E-05,-4.96E-05
84.86666667,0.837997211,-4.94E-05,-4.96E-05
84.9,0.83789831,-4.95E-05,-4.96E-05
84.93333333,0.837799393,-4.95E-05,-4.96E-05
84.96666667,0.83770046,-4.95E-05,-4.97E-05
85,0.837601512,-4.95E-05,-4.97E-05
85.03333333,0.837502549,-4.95E-05,-4.97E-05
85.06666667,0.83740357,-4.95E-05,-4.97E-05
85.1,0.837304575,-4.95E-05,-4.97E-05
85.13333333,0.837205565,-4.95E-05,-4.97E-05
85.16666667,0.83710654,-4.95E-05,-4.97E-05
85.2,0.837007499,-4.95E-05,-4.97E-05
85.23333333,0.836908443,-4.95E-05,-4.97E-05
85.26666667,0.836809371,-4.95E-05,-4.97E-05
85.3,0.836710284,-4.95E-05,-4.97E-05
85.33333333,0.836611182,-4.96E-05,-4.97E-05
85.36666667,0.836512065,-4.96E-05,-4.97E-05
85.4,0.836412932,-4.96E-05,-4.98E-05
85.43333333,0.836313783,-4.96E-05,-4.98E-05
85.46666667,0.83621462,-4.96E-05,-4.98E-05
85.5,0.836115441,-4.96E-05,-4.98E-05
85.53333333,0.836016246,-4.96E-05,-4.98E-05
85.56666667,0.835917037,-4.96E-05,-4.98E-05
85.6,0.835817812,-4.96E-05,-4.98E-05
85.63333333,0.835718572,-4.96E-05,-4.98E-05
85.66666667,0.835619316,-4.96E-05,-4.98E-05
85.7,0.835520046,-4.96E-05,-4.98E-05
85.73333333,0.83542076,-4.96E-05,-4.98E-05
85.76666667,0.835321459,-4.97E-05,-4.98E-05
85.8,0.835222143,-4.97E-05,-4.98E-05
85.83333333,0.835122811,-4.97E-05,-4.98E-05
85.86666667,0.835023464,-4.97E-05,-4.98E-05
85.9,0.834924102,-4.97E-05,-4.99E-05
85.93333333,0.834824725,-4.97E-05,-4.99E-05
85.96666667,0.834725333,-4.97E-05,-4.99E-05
86,0.834625926,-4.97E-05,-4.99E-05
86.03333333,0.834526504,-4.97E-05,-4.99E-05
86.06666667,0.834427066,-4.97E-05,-4.99E-05
86.1,0.834327613,-4.97E-05,-4.99E-05
86.13333333,0.834228146,-4.97E-05,-4.99E-05
86.16666667,0.834128663,-4.97E-05,-4.99E-05
86.2,0.834029165,-4.97E-05,-4.99E-05
86.23333333,0.833929652,-4.98E-05,-4.99E-05
86.26666667,0.833830124,-4.98E-05,-4.99E-05
86.3,0.833730581,-4.98E-05,-4.99E-05
86.33333333,0.833631022,-4.98E-05,-4.99E-05
86.36666667,0.833531449,-4.98E-05,-5.00E-05
86.4,0.833431861,-4.98E-05,-5.00E-05
86.43333333,0.833332258,-4.98E-05,-5.00E-05
86.46666667,0.83323264,-4.98E-05,-5.00E-05
86.5,0.833133007,-4.98E-05,-5.00E-05
86.53333333,0.833033359,-4.98E-05,-5.00E-05
86.56666667,0.832933696,-4.98E-05,-5.00E-05
86.6,0.832834018,-4.98E-05,-5.00E-05
86.63333333,0.832734325,-4.98E-05,-5.00E-05
86.66666667,0.832634617,-4.99E-05,-5.00E-05
86.7,0.832534895,-4.99E-05,-5.00E-05
86.73333333,0.832435157,-4.99E-05,-5.00E-05
86.76666667,0.832335404,-4.99E-05,-5.00E-05
86.8,0.832235637,-4.99E-05,-5.00E-05
86.83333333,0.832135855,-4.99E-05,-5.01E-05
86.86666667,0.832036058,-4.99E-05,-5.01E-05
86.9,0.831936246,-4.99E-05,-5.01E-05
86.93333333,0.831836419,-4.99E-05,-5.01E-05
86.96666667,0.831736578,-4.99E-05,-5.01E-05
87,0.831636721,-4.99E-05,-5.01E-05
87.03333333,0.83153685,-4.99E-05,-5.01E-05
87.06666667,0.831436964,-4.99E-05,-5.01E-05
87.1,0.831337064,-5.00E-05,-5.01E-05
87.13333333,0.831237148,-5.00E-05,-5.01E-05
87.16666667,0.831137218,-5.00E-05,-5.01E-05
87.2,0.831037273,-5.00E-05,-5.01E-05
87.23333333,0.830937314,-5.00E-05,-5.01E-05
87.26666667,0.830837339,-5.00E-05,-5.01E-05
87.3,0.83073735,-5.00E-05,-5.01E-05
87.33333333,0.830637347,-5.00E-05,-5.02E-05
87.36666667,0.830537328,-5.00E-05,-5.02E-05
87.4,0.830437295,-5.00E-05,-5.02E-05
87.43333333,0.830337247,-5.00E-05,-5.02E-05
87.46666667,0.830237185,-5.00E-05,-5.02E-05
87.5,0.830137108,-5.00E-05,-5.02E-05
87.53333333,0.830037016,-5.00E-05,-5.02E-05
87.56666667,0.82993691,-5.01E-05,-5.02E-05
87.6,0.829836789,-5.01E-05,-5.02E-05
87.63333333,0.829736654,-5.01E-05,-5.02E-05
87.66666667,0.829636504,-5.01E-05,-5.02E-05
87.7,0.829536339,-5.01E-05,-5.02E-05
87.73333333,0.82943616,-5.01E-05,-5.02E-05
87.76666667,0.829335966,-5.01E-05,-5.02E-05
87.8,0.829235758,-5.01E-05,-5.02E-05
87.83333333,0.829135535,-5.01E-05,-5.03E-05
87.86666667,0.829035298,-5.01E-05,-5.03E-05
87.9,0.828935046,-5.01E-05,-5.03E-05
87.93333333,0.82883478,-5.01E-05,-5.03E-05
87.96666667,0.828734499,-5.01E-05,-5.03E-05
88,0.828634204,-5.01E-05,-5.03E-05
88.03333333,0.828533895,-5.02E-05,-5.03E-05
88.06666667,0.828433571,-5.02E-05,-5.03E-05
88.1,0.828333232,-5.02E-05,-5.03E-05
88.13333333,0.828232879,-5.02E-05,-5.03E-05
88.16666667,0.828132512,-5.02E-05,-5.03E-05
88.2,0.82803213,-5.02E-05,-5.03E-05
88.23333333,0.827931734,-5.02E-05,-5.03E-05
88.26666667,0.827831323,-5.02E-05,-5.03E-05
88.3,0.827730899,-5.02E-05,-5.03E-05
88.33333333,0.827630459,-5.02E-05,-5.04E-05
88.36666667,0.827530006,-5.02E-05,-5.04E-05
88.4,0.827429538,-5.02E-05,-5.04E-05
88.43333333,0.827329056,-5.02E-05,-5.04E-05
88.46666667,0.827228559,-5.02E-05,-5.04E-05
88.5,0.827128048,-5.03E-05,-5.04E-05
88.53333333,0.827027523,-5.03E-05,-5.04E-05
88.56666667,0.826926984,-5.03E-05,-5.04E-05
88.6,0.82682643,-5.03E-05,-5.04E-05
88.63333333,0.826725862,-5.03E-05,-5.04E-05
88.66666667,0.82662528,-5.03E-05,-5.04E-05
88.7,0.826524684,-5.03E-05,-5.04E-05
88.73333333,0.826424073,-5.03E-05,-5.04E-05
88.76666667,0.826323449,-5.03E-05,-5.04E-05
88.8,0.82622281,-5.03E-05,-5.04E-05
88.83333333,0.826122156,-5.03E-05,-5.05E-05
88.86666667,0.826021489,-5.03E-05,-5.05E-05
88.9,0.825920808,-5.03E-05,-5.05E-05
88.93333333,0.825820112,-5.03E-05,-5.05E-05
88.96666667,0.825719402,-5.04E-05,-5.05E-05
89,0.825618678,-5.04E-05,-5.05E-05
89.03333333,0.82551794,-5.04E-05,-5.05E-05
89.06666667,0.825417188,-5.04E-05,-5.05E-05
89.1,0.825316422,-5.04E-05,-5.05E-05
89.13333333,0.825215641,-5.04E-05,-5.05E-05
89.16666667,0.825114847,-5.04E-05,-5.05E-05
89.2,0.825014038,-5.04E-05,-5.05E-05
89.23333333,0.824913216,-5.04E-05,-5.05E-05
89.26666667,0.824812379,-5.04E-05,-5.05E-05
89.3,0.824711529,-5.04E-05,-5.05E-05
89.33333333,0.824610664,-5.04E-05,-5.06E-05
89.36666667,0.824509785,-5.04E-05,-5.06E-05
89.4,0.824408893,-5.04E-05,-5.06E-05
89.43333333,0.824307986,-5.05E-05,-5.06E-05
89.46666667,0.824207066,-5.05E-05,-5.06E-05
89.5,0.824106131,-5.05E-05,-5.06E-05
89.53333333,0.824005183,-5.05E-05,-5.06E-05
89.56666667,0.82390422,-5.05E-05,-5.06E-05
89.6,0.823803244,-5.05E-05,-5.06E-05
89.63333333,0.823702253,-5.05E-05,-5.06E-05
89.66666667,0.823601249,-5.05E-05,-5.06E-05
89.7,0.823500231,-5.05E-05,-5.06E-05
89.73333333,0.823399199,-5.05E-05,-5.06E-05
89.76666667,0.823298153,-5.05E-05,-5.06E-05
89.8,0.823197094,-5.05E-05,-5.06E-05
89.83333333,0.82309602,-5.05E-05,-5.06E-05
89.86666667,0.822994933,-5.05E-05,-5.07E-05
89.9,0.822893831,-5.06E-05,-5.07E-05
89.93333333,0.822792716,-5.06E-05,-5.07E-05
89.96666667,0.822691587,-5.06E-05,-5.07E-05
90,0.822590445,-5.06E-05,-5.07E-05
90.03333333,0.822489288,-5.06E-05,-5.07E-05
90.06666667,0.822388118,-5.06E-05,-5.07E-05
90.1,0.822286934,-5.06E-05,-5.07E-05
90.13333333,0.822185736,-5.06E-05,-5.07E-05
90.16666667,0.822084525,-5.06E-05,-5.07E-05
90.2,0.8219833,-5.06E-05,-5.07E-05
90.23333333,0.821882061,-5.06E-05,-5.07E-05
90.26666667,0.821780808,-5.06E-05,-5.07E-05
90.3,0.821679542,-5.06E-05,-5.07E-05
90.33333333,0.821578262,-5.06E-05,-5.07E-05
90.36666667,0.821476968,-5.06E-05,-5.08E-05
90.4,0.82137566,-5.07E-05,-5.08E-05
90.43333333,0.821274339,-5.07E-05,-5.08E-05
90.46666667,0.821173005,-5.07E-05,-5.08E-05
90.5,0.821071656,-5.07E-05,-5.08E-05
90.53333333,0.820970295,-5.07E-05,-5.08E-05
90.56666667,0.820868919,-5.07E-05,-5.08E-05
90.6,0.82076753,-5.07E-05,-5.08E-05
90.63333333,0.820666127,-5.07E-05,-5.08E-05
90.66666667,0.820564711,-5.07E-05,-5.08E-05
90.7,0.820463281,-5.07E-05,-5.08E-05
90.73333333,0.820361838,-5.07E-05,-5.08E-05
90.76666667,0.820260381,-5.07E-05,-5.08E-05
90.8,0.82015891,-5.07E-05,-5.08E-05
90.83333333,0.820057426,-5.07E-05,-5.08E-05
90.86666667,0.819955929,-5.07E-05,-5.08E-05
90.9,0.819854418,-5.08E-05,-5.09E-05
90.93333333,0.819752893,-5.08E-05,-5.09E-05
90.96666667,0.819651355,-5.08E-05,-5.09E-05
91,0.819549804,-5.08E-05,-5.09E-05
91.03333333,0.819448239,-5.08E-05,-5.09E-05
91.06666667,0.81934666,-5.08E-05,-5.09E-05
91.1,0.819245068,-5.08E-05,-5.09E-05
91.13333333,0.819143463,-5.08E-05,-5.09E-05
91.16666667,0.819041845,-5.08E-05,-5.09E-05
91.2,0.818940213,-5.08E-05,-5.09E-05
91.23333333,0.818838567,-5.08E-05,-5.09E-05
91.26666667,0.818736908,-5.08E-05,-5.09E-05
91.3,0.818635236,-5.08E-05,-5.09E-05
91.33333333,0.818533551,-5.08E-05,-5.09E-05
91.36666667,0.818431852,-5.08E-05,-5.09E-05
91.4,0.81833014,-5.09E-05,-5.09E-05
91.43333333,0.818228414,-5.09E-05,-5.09E-05
91.46666667,0.818126675,-5.09E-05,-5.10E-05
91.5,0.818024923,-5.09E-05,-5.10E-05
91.53333333,0.817923158,-5.09E-05,-5.10E-05
91.56666667,0.817821379,-5.09E-05,-5.10E-05
91.6,0.817719587,-5.09E-05,-5.10E-05
91.63333333,0.817617782,-5.09E-05,-5.10E-05
91.66666667,0.817515963,-5.09E-05,-5.10E-05
91.7,0.817414132,-5.09E-05,-5.10E-05
91.73333333,0.817312287,-5.09E-05,-5.10E-05
91.76666667,0.817210428,-5.09E-05,-5.10E-05
91.8,0.817108557,-5.09E-05,-5.10E-05
91.83333333,0.817006673,-5.09E-05,-5.10E-05
91.86666667,0.816904775,-5.09E-05,-5.10E-05
91.9,0.816802864,-5.10E-05,-5.10E-05
91.93333333,0.81670094,-5.10E-05,-5.10E-05
91.96666667,0.816599003,-5.10E-05,-5.10E-05
92,0.816497052,-5.10E-05,-5.11E-05
92.03333333,0.816395089,-5.10E-05,-5.11E-05
92.06666667,0.816293112,-5.10E-05,-5.11E-05
92.1,0.816191122,-5.10E-05,-5.11E-05
92.13333333,0.81608912,-5.10E-05,-5.11E-05
92.16666667,0.815987104,-5.10E-05,-5.11E-05
92.2,0.815885075,-5.10E-05,-5.11E-05
92.23333333,0.815783033,-5.10E-05,-5.11E-05
92.26666667,0.815680978,-5.10E-05,-5.11E-05
92.3,0.81557891,-5.10E-05,-5.11E-05
92.33333333,0.815476829,-5.10E-05,-5.11E-05
92.36666667,0.815374734,-5.10E-05,-5.11E-05
92.4,0.815272627,-5.11E-05,-5.11E-05
92.43333333,0.815170507,-5.11E-05,-5.11E-05
92.46666667,0.815068374,-5.11E-05,-5.11E-05
92.5,0.814966228,-5.11E-05,-5.11E-05
92.53333333,0.814864069,-5.11E-05,-5.11E-05
92.56666667,0.814761897,-5.11E-05,-5.12E-05
92.6,0.814659712,-5.11E-05,-5.12E-05
92.63333333,0.814557514,-5.11E-05,-5.12E-05
92.66666667,0.814455303,-5.11E-05,-5.12E-05
92.7,0.814353079,-5.11E-05,-5.12E-05
92.73333333,0.814250843,-5.11E-05,-5.12E-05
92.76666667,0.814148593,-5.11E-05,-5.12E-05
92.8,0.814046331,-5.11E-05,-5.12E-05
92.83333333,0.813944055,-5.11E-05,-5.12E-05
92.86666667,0.813841767,-5.11E-05,-5.12E-05
92.9,0.813739466,-5.12E-05,-5.12E-05
92.93333333,0.813637152,-5.12E-05,-5.12E-05
92.96666667,0.813534826,-5.12E-05,-5.12E-05
93,0.813432486,-5.12E-05,-5.12E-05
93.03333333,0.813330134,-5.12E-05,-5.12E-05
93.06666667,0.813227769,-5.12E-05,-5.12E-05
93.1,0.813125391,-5.12E-05,-5.12E-05
93.13333333,0.813023001,-5.12E-05,-5.13E-05
93.16666667,0.812920597,-5.12E-05,-5.13E-05
93.2,0.812818181,-5.12E-05,-5.13E-05
93.23333333,0.812715753,-5.12E-05,-5.13E-05
93.26666667,0.812613311,-5.12E-05,-5.13E-05
93.3,0.812510857,-5.12E-05,-5.13E-05
93.33333333,0.81240839,-5.12E-05,-5.13E-05
93.36666667,0.81230591,-5.12E-05,-5.13E-05
93.4,0.812203418,-5.12E-05,-5.13E-05
93.43333333,0.812100913,-5.13E-05,-5.13E-05
93.46666667,0.811998395,-5.13E-05,-5.13E-05
93.5,0.811895865,-5.13E-05,-5.13E-05
93.53333333,0.811793322,-5.13E-05,-5.13E-05
93.56666667,0.811690766,-5.13E-05,-5.13E-05
93.6,0.811588198,-5.13E-05,-5.13E-05
93.63333333,0.811485617,-5.13E-05,-5.13E-05
93.66666667,0.811383024,-5.13E-05,-5.13E-05
93.7,0.811280418,-5.13E-05,-5.14E-05
93.73333333,0.811177799,-5.13E-05,-5.14E-05
93.76666667,0.811075168,-5.13E-05,-5.14E-05
93.8,0.810972524,-5.13E-05,-5.14E-05
93.83333333,0.810869868,-5.13E-05,-5.14E-05
93.86666667,0.8107672,-5.13E-05,-5.14E-05
93.9,0.810664518,-5.13E-05,-5.14E-05
93.93333333,0.810561824,-5.13E-05,-5.14E-05
93.96666667,0.810459118,-5.14E-05,-5.14E-05
94,0.810356399,-5.14E-05,-5.14E-05
94.03333333,0.810253668,-5.14E-05,-5.14E-05
94.06666667,0.810150924,-5.14E-05,-5.14E-05
94.1,0.810048168,-5.14E-05,-5.14E-05
94.13333333,0.8099454,-5.14E-05,-5.14E-05
94.16666667,0.809842619,-5.14E-05,-5.14E-05
94.2,0.809739825,-5.14E-05,-5.14E-05
94.23333333,0.809637019,-5.14E-05,-5.14E-05
94.26666667,0.809534201,-5.14E-05,-5.15E-05
94.3,0.80943137,-5.14E-05,-5.15E-05
94.33333333,0.809328527,-5.14E-05,-5.15E-05
94.36666667,0.809225672,-5.14E-05,-5.15E-05
94.4,0.809122804,-5.14E-05,-5.15E-05
94.43333333,0.809019924,-5.14E-05,-5.15E-05
94.46666667,0.808917031,-5.14E-05,-5.15E-05
94.5,0.808814127,-5.15E-05,-5.15E-05
94.53333333,0.80871121,-5.15E-05,-5.15E-05
94.56666667,0.80860828,-5.15E-05,-5.15E-05
94.6,0.808505338,-5.15E-05,-5.15E-05
94.63333333,0.808402384,-5.15E-05,-5.15E-05
94.66666667,0.808299418,-5.15E-05,-5.15E-05
94.7,0.80819644,-5.15E-05,-5.15E-05
94.73333333,0.808093449,-5.15E-05,-5.15E-05
94.76666667,0.807990446,-5.15E-05,-5.15E-05
94.8,0.807887431,-5.15E-05,-5.15E-05
94.83333333,0.807784403,-5.15E-05,-5.15E-05
94.86666667,0.807681363,-5.15E-05,-5.16E-05
94.9,0.807578312,-5.15E-05,-5.16E-05
94.93333333,0.807475247,-5.15E-05,-5.16E-05
94.96666667,0.807372171,-5.15E-05,-5.16E-05
95,0.807269083,-5.15E-05,-5.16E-05
95.03333333,0.807165982,-5.16E-05,-5.16E-05
95.06666667,0.80706287,-5.16E-05,-5.16E-05
95.1,0.806959745,-5.16E-05,-5.16E-05
95.13333333,0.806856608,-5.16E-05,-5.16E-05
95.16666667,0.806753459,-5.16E-05,-5.16E-05
95.2,0.806650297,-5.16E-05,-5.16E-05
95.23333333,0.806547124,-5.16E-05,-5.16E-05
95.26666667,0.806443939,-5.16E-05,-5.16E-05
95.3,0.806340741,-5.16E-05,-5.16E-05
95.33333333,0.806237532,-5.16E-05,-5.16E-05
95.36666667,0.80613431,-5.16E-05,-5.16E-05
95.4,0.806031077,-5.16E-05,-5.16E-05
95.43333333,0.805927831,-5.16E-05,-5.16E-05
95.46666667,0.805824574,-5.16E-05,-5.17E-05
95.5,0.805721304,-5.16E-05,-5.17E-05
95.53333333,0.805618022,-5.16E-05,-5.17E-05
95.56666667,0.805514729,-5.16E-05,-5.17E-05
95.6,0.805411423,-5.17E-05,-5.17E-05
95.63333333,0.805308106,-5.17E-05,-5.17E-05
95.66666667,0.805204776,-5.17E-05,-5.17E-05
95.7,0.805101435,-5.17E-05,-5.17E-05
95.73333333,0.804998081,-5.17E-05,-5.17E-05
95.76666667,0.804894716,-5.17E-05,-5.17E-05
95.8,0.804791339,-5.17E-05,-5.17E-05
95.83333333,0.80468795,-5.17E-05,-5.17E-05
95.86666667,0.804584549,-5.17E-05,-5.17E-05
95.9,0.804481136,-5.17E-05,-5.17E-05
95.93333333,0.804377711,-5.17E-05,-5.17E-05
95.96666667,0.804274275,-5.17E-05,-5.17E-05
96,0.804170826,-5.17E-05,-5.17E-05
96.03333333,0.804067366,-5.17E-05,-5.17E-05
96.06666667,0.803963894,-5.17E-05,-5.17E-05
96.1,0.80386041,-5.17E-05,-5.18E-05
96.13333333,0.803756914,-5.17E-05,-5.18E-05
96.16666667,0.803653407,-5.18E-05,-5.18E-05
96.2,0.803549887,-5.18E-05,-5.18E-05
96.23333333,0.803446356,-5.18E-05,-5.18E-05
96.26666667,0.803342813,-5.18E-05,-5.18E-05
96.3,0.803239259,-5.18E-05,-5.18E-05
96.33333333,0.803135693,-5.18E-05,-5.18E-05
96.36666667,0.803032114,-5.18E-05,-5.18E-05
96.4,0.802928525,-5.18E-05,-5.18E-05
96.43333333,0.802824923,-5.18E-05,-5.18E-05
96.46666667,0.80272131,-5.18E-05,-5.18E-05
96.5,0.802617685,-5.18E-05,-5.18E-05
96.53333333,0.802514049,-5.18E-05,-5.18E-05
96.56666667,0.8024104,-5.18E-05,-5.18E-05
96.6,0.802306741,-5.18E-05,-5.18E-05
96.63333333,0.802203069,-5.18E-05,-5.18E-05
96.66666667,0.802099386,-5.18E-05,-5.18E-05
96.7,0.801995691,-5.18E-05,-5.18E-05
96.73333333,0.801891985,-5.19E-05,-5.19E-05
96.76666667,0.801788267,-5.19E-05,-5.19E-05
96.8,0.801684537,-5.19E-05,-5.19E-05
96.83333333,0.801580796,-5.19E-05,-5.19E-05
96.86666667,0.801477043,-5.19E-05,-5.19E-05
96.9,0.801373279,-5.19E-05,-5.19E-05
96.93333333,0.801269503,-5.19E-05,-5.19E-05
96.96666667,0.801165716,-5.19E-05,-5.19E-05
97,0.801061917,-5.19E-05,-5.19E-05
97.03333333,0.800958106,-5.19E-05,-5.19E-05
97.06666667,0.800854284,-5.19E-05,-5.19E-05
97.1,0.800750451,-5.19E-05,-5.19E-05
97.13333333,0.800646606,-5.19E-05,-5.19E-05
97.16666667,0.80054275,-5.19E-05,-5.19E-05
97.2,0.800438882,-5.19E-05,-5.19E-05
97.23333333,0.800335002,-5.19E-05,-5.19E-05
97.26666667,0.800231112,-5.19E-05,-5.19E-05
97.3,0.80012721,-5.20E-05,-5.19E-05
97.33333333,0.800023296,-5.20E-05,-5.19E-05
97.36666667,0.799919371,-5.20E-05,-5.20E-05
97.4,0.799815434,-5.20E-05,-5.20E-05
97.43333333,0.799711487,-5.20E-05,-5.20E-05
97.46666667,0.799607527,-5.20E-05,-5.20E-05
97.5,0.799503557,-5.20E-05,-5.20E-05
97.53333333,0.799399575,-5.20E-05,-5.20E-05
97.56666667,0.799295581,-5.20E-05,-5.20E-05
97.6,0.799191577,-5.20E-05,-5.20E-05
97.63333333,0.799087561,-5.20E-05,-5.20E-05
97.66666667,0.798983534,-5.20E-05,-5.20E-05
97.7,0.798879495,-5.20E-05,-5.20E-05
97.73333333,0.798775445,-5.20E-05,-5.20E-05
97.76666667,0.798671384,-5.20E-05,-5.20E-05
97.8,0.798567311,-5.20E-05,-5.20E-05
97.83333333,0.798463228,-5.20E-05,-5.20E-05
97.86666667,0.798359133,-5.20E-05,-5.20E-05
97.9,0.798255027,-5.21E-05,-5.20E-05
97.93333333,0.798150909,-5.21E-05,-5.20E-05
97.96666667,0.79804678,-5.21E-05,-5.20E-05
98,0.79794264,-5.21E-05,-5.21E-05
98.03333333,0.797838489,-5.21E-05,-5.21E-05
98.06666667,0.797734327,-5.21E-05,-5.21E-05
98.1,0.797630154,-5.21E-05,-5.21E-05
98.13333333,0.797525969,-5.21E-05,-5.21E-05
98.16666667,0.797421773,-5.21E-05,-5.21E-05
98.2,0.797317566,-5.21E-05,-5.21E-05
98.23333333,0.797213348,-5.21E-05,-5.21E-05
98.26666667,0.797109119,-5.21E-05,-5.21E-05
98.3,0.797004878,-5.21E-05,-5.21E-05
98.33333333,0.796900627,-5.21E-05,-5.21E-05
98.36666667,0.796796364,-5.21E-05,-5.21E-05
98.4,0.796692091,-5.21E-05,-5.21E-05
98.43333333,0.796587806,-5.21E-05,-5.21E-05
98.46666667,0.79648351,-5.21E-05,-5.21E-05
98.5,0.796379203,-5.22E-05,-5.21E-05
98.53333333,0.796274885,-5.22E-05,-5.21E-05
98.56666667,0.796170556,-5.22E-05,-5.21E-05
98.6,0.796066216,-5.22E-05,-5.21E-05
98.63333333,0.795961865,-5.22E-05,-5.21E-05
98.66666667,0.795857503,-5.22E-05,-5.22E-05
98.7,0.79575313,-5.22E-05,-5.22E-05
98.73333333,0.795648747,-5.22E-05,-5.22E-05
98.76666667,0.795544352,-5.22E-05,-5.22E-05
98.8,0.795439946,-5.22E-05,-5.22E-05
98.83333333,0.795335529,-5.22E-05,-5.22E-05
98.86666667,0.795231101,-5.22E-05,-5.22E-05
98.9,0.795126662,-5.22E-05,-5.22E-05
98.93333333,0.795022213,-5.22E-05,-5.22E-05
98.96666667,0.794917752,-5.22E-05,-5.22E-05
99,0.794813281,-5.22E-05,-5.22E-05
99.03333333,0.794708798,-5.22E-05,-5.22E-05
99.06666667,0.794604305,-5.22E-05,-5.22E-05
99.1,0.794499801,-5.23E-05,-5.22E-05
99.13333333,0.794395286,-5.23E-05,-5.22E-05
99.16666667,0.79429076,-5.23E-05,-5.22E-05
99.2,0.794186223,-5.23E-05,-5.22E-05
99.23333333,0.794081676,-5.23E-05,-5.22E-05
99.26666667,0.793977118,-5.23E-05,-5.22E-05
99.3,0.793872548,-5.23E-05,-5.22E-05
99.33333333,0.793767969,-5.23E-05,-5.23E-05
99.36666667,0.793663378,-5.23E-05,-5.23E-05
99.4,0.793558776,-5.23E-05,-5.23E-05
99.43333333,0.793454164,-5.23E-05,-5.23E-05
99.46666667,0.793349541,-5.23E-05,-5.23E-05
99.5,0.793244907,-5.23E-05,-5.23E-05
99.53333333,0.793140263,-5.23E-05,-5.23E-05
99.56666667,0.793035608,-5.23E-05,-5.23E-05
99.6,0.792930942,-5.23E-05,-5.23E-05
99.63333333,0.792826265,-5.23E-05,-5.23E-05
99.66666667,0.792721578,-5.23E-05,-5.23E-05
99.7,0.79261688,-5.23E-05,-5.23E-05
99.73333333,0.792512171,-5.24E-05,-5.23E-05
99.76666667,0.792407452,-5.24E-05,-5.23E-05
99.8,0.792302722,-5.24E-05,-5.23E-05
99.83333333,0.792197981,-5.24E-05,-5.23E-05
99.86666667,0.79209323,-5.24E-05,-5.23E-05
99.9,0.791988468,-5.24E-05,-5.23E-05
99.93333333,0.791883695,-5.24E-05,-5.23E-05
99.96666667,0.791778912,-5.24E-05,-5.23E-05
100,0.791674119,-5.24E-05,-5.23E-05
100.0333333,0.791569314,-5.24E-05,-5.24E-05
100.0666667,0.7914645,-5.24E-05,-5.24E-05
100.1,0.791359674,-5.24E-05,-5.24E-05
100.1333333,0.791254838,-5.24E-05,-5.24E-05
100.1666667,0.791149992,-5.24E-05,-5.24E-05
100.2,0.791045135,-5.24E-05,-5.24E-05
100.2333333,0.790940267,-5.24E-05,-5.24E-05
100.2666667,0.790835389,-5.24E-05,-5.24E-05
100.3,0.790730501,-5.24E-05,-5.24E-05
100.3333333,0.790625602,-5.24E-05,-5.24E-05
100.3666667,0.790520692,-5.25E-05,-5.24E-05
100.4,0.790415772,-5.25E-05,-5.24E-05
100.4333333,0.790310842,-5.25E-05,-5.24E-05
100.4666667,0.790205901,-5.25E-05,-5.24E-05
100.5,0.79010095,-5.25E-05,-5.24E-05
100.5333333,0.789995988,-5.25E-05,-5.24E-05
100.5666667,0.789891016,-5.25E-05,-5.24E-05
100.6,0.789786033,-5.25E-05,-5.24E-05
100.6333333,0.78968104,-5.25E-05,-5.24E-05
100.6666667,0.789576037,-5.25E-05,-5.24E-05
100.7,0.789471023,-5.25E-05,-5.24E-05
100.7333333,0.789365999,-5.25E-05,-5.25E-05
100.7666667,0.789260965,-5.25E-05,-5.25E-05
100.8,0.78915592,-5.25E-05,-5.25E-05
100.8333333,0.789050865,-5.25E-05,-5.25E-05
100.8666667,0.788945799,-5.25E-05,-5.25E-05
100.9,0.788840724,-5.25E-05,-5.25E-05
100.9333333,0.788735637,-5.25E-05,-5.25E-05
100.9666667,0.788630541,-5.25E-05,-5.25E-05
101,0.788525435,-5.26E-05,-5.25E-05
101.0333333,0.788420318,-5.26E-05,-5.25E-05
101.0666667,0.78831519,-5.26E-05,-5.25E-05
101.1,0.788210053,-5.26E-05,-5.25E-05
101.1333333,0.788104905,-5.26E-05,-5.25E-05
101.1666667,0.787999748,-5.26E-05,-5.25E-05
101.2,0.787894579,-5.26E-05,-5.25E-05
101.2333333,0.787789401,-5.26E-05,-5.25E-05
101.2666667,0.787684213,-5.26E-05,-5.25E-05
101.3,0.787579014,-5.26E-05,-5.25E-05
101.3333333,0.787473805,-5.26E-05,-5.25E-05
101.3666667,0.787368586,-5.26E-05,-5.25E-05
101.4,0.787263357,-5.26E-05,-5.25E-05
101.4333333,0.787158118,-5.26E-05,-5.25E-05
101.4666667,0.787052868,-5.26E-05,-5.26E-05
101.5,0.786947608,-5.26E-05,-5.26E-05
101.5333333,0.786842339,-5.26E-05,-5.26E-05
101.5666667,0.786737059,-5.26E-05,-5.26E-05
101.6,0.786631769,-5.26E-05,-5.26E-05
101.6333333,0.786526469,-5.27E-05,-5.26E-05
101.6666667,0.786421159,-5.27E-05,-5.26E-05
101.7,0.786315839,-5.27E-05,-5.26E-05
101.7333333,0.786210508,-5.27E-05,-5.26E-05
101.7666667,0.786105168,-5.27E-05,-5.26E-05
101.8,0.785999818,-5.27E-05,-5.26E-05
101.8333333,0.785894457,-5.27E-05,-5.26E-05
101.8666667,0.785789087,-5.27E-05,-5.26E-05
101.9,0.785683707,-5.27E-05,-5.26E-05
101.9333333,0.785578316,-5.27E-05,-5.26E-05
101.9666667,0.785472916,-5.27E-05,-5.26E-05
102,0.785367506,-5.27E-05,-5.26E-05
102.0333333,0.785262085,-5.27E-05,-5.26E-05
102.0666667,0.785156655,-5.27E-05,-5.26E-05
102.1,0.785051215,-5.27E-05,-5.26E-05
102.1333333,0.784945765,-5.27E-05,-5.26E-05
102.1666667,0.784840305,-5.27E-05,-5.26E-05
102.2,0.784734835,-5.27E-05,-5.27E-05
102.2333333,0.784629355,-5.27E-05,-5.27E-05
102.2666667,0.784523865,-5.27E-05,-5.27E-05
102.3,0.784418366,-5.27E-05,-5.27E-05
102.3333333,0.784312856,-5.28E-05,-5.27E-05
102.3666667,0.784207337,-5.28E-05,-5.27E-05
102.4,0.784101807,-5.28E-05,-5.27E-05
102.4333333,0.783996268,-5.28E-05,-5.27E-05
102.4666667,0.783890719,-5.28E-05,-5.27E-05
102.5,0.783785161,-5.28E-05,-5.27E-05
102.5333333,0.783679592,-5.28E-05,-5.27E-05
102.5666667,0.783574014,-5.28E-05,-5.27E-05
102.6,0.783468426,-5.28E-05,-5.27E-05
102.6333333,0.783362828,-5.28E-05,-5.27E-05
102.6666667,0.78325722,-5.28E-05,-5.27E-05
102.7,0.783151603,-5.28E-05,-5.27E-05
102.7333333,0.783045975,-5.28E-05,-5.27E-05
102.7666667,0.782940338,-5.28E-05,-5.27E-05
102.8,0.782834692,-5.28E-05,-5.27E-05
102.8333333,0.782729035,-5.28E-05,-5.27E-05
102.8666667,0.782623369,-5.28E-05,-5.27E-05
102.9,0.782517693,-5.28E-05,-5.27E-05
102.9333333,0.782412008,-5.28E-05,-5.27E-05
102.9666667,0.782306313,-5.28E-05,-5.28E-05
103,0.782200608,-5.29E-05,-5.28E-05
103.0333333,0.782094893,-5.29E-05,-5.28E-05
103.0666667,0.781989169,-5.29E-05,-5.28E-05
103.1,0.781883435,-5.29E-05,-5.28E-05
103.1333333,0.781777692,-5.29E-05,-5.28E-05
103.1666667,0.781671939,-5.29E-05,-5.28E-05
103.2,0.781566176,-5.29E-05,-5.28E-05
103.2333333,0.781460404,-5.29E-05,-5.28E-05
103.2666667,0.781354622,-5.29E-05,-5.28E-05
103.3,0.781248831,-5.29E-05,-5.28E-05
103.3333333,0.78114303,-5.29E-05,-5.28E-05
103.3666667,0.781037219,-5.29E-05,-5.28E-05
103.4,0.780931399,-5.29E-05,-5.28E-05
103.4333333,0.780825569,-5.29E-05,-5.28E-05
103.4666667,0.78071973,-5.29E-05,-5.28E-05
103.5,0.780613881,-5.29E-05,-5.28E-05
103.5333333,0.780508023,-5.29E-05,-5.28E-05
103.5666667,0.780402155,-5.29E-05,-5.28E-05
103.6,0.780296278,-5.29E-05,-5.28E-05
103.6333333,0.780190391,-5.29E-05,-5.28E-05
103.6666667,0.780084495,-5.29E-05,-5.28E-05
103.7,0.77997859,-5.30E-05,-5.28E-05
103.7333333,0.779872674,-5.30E-05,-5.29E-05
103.7666667,0.77976675,-5.30E-05,-5.29E-05
103.8,0.779660816,-5.30E-05,-5.29E-05
103.8333333,0.779554873,-5.30E-05,-5.29E-05
103.8666667,0.77944892,-5.30E-05,-5.29E-05
103.9,0.779342958,-5.30E-05,-5.29E-05
103.9333333,0.779236986,-5.30E-05,-5.29E-05
103.9666667,0.779131005,-5.30E-05,-5.29E-05
104,0.779025015,-5.30E-05,-5.29E-05
104.0333333,0.778919015,-5.30E-05,-5.29E-05
104.0666667,0.778813006,-5.30E-05,-5.29E-05
104.1,0.778706988,-5.30E-05,-5.29E-05
104.1333333,0.77860096,-5.30E-05,-5.29E-05
104.1666667,0.778494923,-5.30E-05,-5.29E-05
104.2,0.778388877,-5.30E-05,-5.29E-05
104.2333333,0.778282821,-5.30E-05,-5.29E-05
104.2666667,0.778176756,-5.30E-05,-5.29E-05
104.3,0.778070682,-5.30E-05,-5.29E-05
104.3333333,0.777964599,-5.30E-05,-5.29E-05
104.3666667,0.777858506,-5.30E-05,-5.29E-05
104.4,0.777752404,-5.31E-05,-5.29E-05
104.4333333,0.777646293,-5.31E-05,-5.29E-05
104.4666667,0.777540172,-5.31E-05,-5.29E-05
104.5,0.777434043,-5.31E-05,-5.29E-05
104.5333333,0.777327904,-5.31E-05,-5.30E-05
104.5666667,0.777221756,-5.31E-05,-5.30E-05
104.6,0.777115599,-5.31E-05,-5.30E-05
104.6333333,0.777009432,-5.31E-05,-5.30E-05
104.6666667,0.776903257,-5.31E-05,-5.30E-05
104.7,0.776797072,-5.31E-05,-5.30E-05
104.7333333,0.776690878,-5.31E-05,-5.30E-05
104.7666667,0.776584675,-5.31E-05,-5.30E-05
104.8,0.776478463,-5.31E-05,-5.30E-05
104.8333333,0.776372241,-5.31E-05,-5.30E-05
104.8666667,0.776266011,-5.31E-05,-5.30E-05
104.9,0.776159771,-5.31E-05,-5.30E-05
104.9333333,0.776053523,-5.31E-05,-5.30E-05
104.9666667,0.775947265,-5.31E-05,-5.30E-05
105,0.775840999,-5.31E-05,-5.30E-05
105.0333333,0.775734723,-5.31E-05,-5.30E-05
105.0666667,0.775628438,-5.31E-05,-5.30E-05
105.1,0.775522144,-5.31E-05,-5.30E-05
105.1333333,0.775415841,-5.32E-05,-5.30E-05
105.1666667,0.775309529,-5.32E-05,-5.30E-05
105.2,0.775203208,-5.32E-05,-5.30E-05
105.2333333,0.775096878,-5.32E-05,-5.30E-05
105.2666667,0.774990539,-5.32E-05,-5.30E-05
105.3,0.774884191,-5.32E-05,-5.30E-05
105.3333333,0.774777835,-5.32E-05,-5.30E-05
105.3666667,0.774671469,-5.32E-05,-5.31E-05
105.4,0.774565094,-5.32E-05,-5.31E-05
105.4333333,0.77445871,-5.32E-05,-5.31E-05
105.4666667,0.774352318,-5.32E-05,-5.31E-05
105.5,0.774245916,-5.32E-05,-5.31E-05
105.5333333,0.774139505,-5.32E-05,-5.31E-05
105.5666667,0.774033086,-5.32E-05,-5.31E-05
105.6,0.773926658,-5.32E-05,-5.31E-05
105.6333333,0.773820221,-5.32E-05,-5.31E-05
105.6666667,0.773713775,-5.32E-05,-5.31E-05
105.7,0.77360732,-5.32E-05,-5.31E-05
105.7333333,0.773500856,-5.32E-05,-5.31E-05
105.7666667,0.773394383,-5.32E-05,-5.31E-05
105.8,0.773287902,-5.32E-05,-5.31E-05
105.8333333,0.773181412,-5.32E-05,-5.31E-05
105.8666667,0.773074913,-5.32E-05,-5.31E-05
105.9,0.772968405,-5.33E-05,-5.31E-05
105.9333333,0.772861888,-5.33E-05,-5.31E-05
105.9666667,0.772755363,-5.33E-05,-5.31E-05
106,0.772648829,-5.33E-05,-5.31E-05
106.0333333,0.772542286,-5.33E-05,-5.31E-05
106.0666667,0.772435734,-5.33E-05,-5.31E-05
106.1,0.772329174,-5.33E-05,-5.31E-05
106.1333333,0.772222604,-5.33E-05,-5.31E-05
106.1666667,0.772116026,-5.33E-05,-5.31E-05
106.2,0.77200944,-5.33E-05,-5.31E-05
106.2333333,0.771902845,-5.33E-05,-5.32E-05
106.2666667,0.771796241,-5.33E-05,-5.32E-05
106.3,0.771689628,-5.33E-05,-5.32E-05
106.3333333,0.771583006,-5.33E-05,-5.32E-05
106.3666667,0.771476376,-5.33E-05,-5.32E-05
106.4,0.771369738,-5.33E-05,-5.32E-05
106.4333333,0.77126309,-5.33E-05,-5.32E-05
106.4666667,0.771156435,-5.33E-05,-5.32E-05
106.5,0.77104977,-5.33E-05,-5.32E-05
106.5333333,0.770943097,-5.33E-05,-5.32E-05
106.5666667,0.770836415,-5.33E-05,-5.32E-05
106.6,0.770729725,-5.33E-05,-5.32E-05
106.6333333,0.770623026,-5.33E-05,-5.32E-05
106.6666667,0.770516318,-5.34E-05,-5.32E-05
106.7,0.770409602,-5.34E-05,-5.32E-05
106.7333333,0.770302877,-5.34E-05,-5.32E-05
106.7666667,0.770196144,-5.34E-05,-5.32E-05
106.8,0.770089402,-5.34E-05,-5.32E-05
106.8333333,0.769982652,-5.34E-05,-5.32E-05
106.8666667,0.769875893,-5.34E-05,-5.32E-05
106.9,0.769769126,-5.34E-05,-5.32E-05
106.9333333,0.76966235,-5.34E-05,-5.32E-05
106.9666667,0.769555566,-5.34E-05,-5.32E-05
107,0.769448773,-5.34E-05,-5.32E-05
107.0333333,0.769341972,-5.34E-05,-5.32E-05
107.0666667,0.769235162,-5.34E-05,-5.32E-05
107.1,0.769128344,-5.34E-05,-5.33E-05
107.1333333,0.769021518,-5.34E-05,-5.33E-05
107.1666667,0.768914683,-5.34E-05,-5.33E-05
107.2,0.768807839,-5.34E-05,-5.33E-05
107.2333333,0.768700987,-5.34E-05,-5.33E-05
107.2666667,0.768594127,-5.34E-05,-5.33E-05
107.3,0.768487259,-5.34E-05,-5.33E-05
107.3333333,0.768380382,-5.34E-05,-5.33E-05
107.3666667,0.768273496,-5.34E-05,-5.33E-05
107.4,0.768166603,-5.34E-05,-5.33E-05
107.4333333,0.768059701,-5.35E-05,-5.33E-05
107.4666667,0.76795279,-5.35E-05,-5.33E-05
107.5,0.767845872,-5.35E-05,-5.33E-05
107.5333333,0.767738945,-5.35E-05,-5.33E-05
107.5666667,0.767632009,-5.35E-05,-5.33E-05
107.6,0.767525066,-5.35E-05,-5.33E-05
107.6333333,0.767418114,-5.35E-05,-5.33E-05
107.6666667,0.767311153,-5.35E-05,-5.33E-05
107.7,0.767204185,-5.35E-05,-5.33E-05
107.7333333,0.767097208,-5.35E-05,-5.33E-05
107.7666667,0.766990223,-5.35E-05,-5.33E-05
107.8,0.76688323,-5.35E-05,-5.33E-05
107.8333333,0.766776229,-5.35E-05,-5.33E-05
107.8666667,0.766669219,-5.35E-05,-5.33E-05
107.9,0.766562201,-5.35E-05,-5.33E-05
107.9333333,0.766455175,-5.35E-05,-5.33E-05
107.9666667,0.766348141,-5.35E-05,-5.33E-05
108,0.766241098,-5.35E-05,-5.34E-05
108.0333333,0.766134048,-5.35E-05,-5.34E-05
108.0666667,0.766026989,-5.35E-05,-5.34E-05
108.1,0.765919922,-5.35E-05,-5.34E-05
108.1333333,0.765812847,-5.35E-05,-5.34E-05
108.1666667,0.765705763,-5.35E-05,-5.34E-05
108.2,0.765598672,-5.35E-05,-5.34E-05
108.2333333,0.765491573,-5.35E-05,-5.34E-05
108.2666667,0.765384465,-5.36E-05,-5.34E-05
108.3,0.765277349,-5.36E-05,-5.34E-05
108.3333333,0.765170226,-5.36E-05,-5.34E-05
108.3666667,0.765063094,-5.36E-05,-5.34E-05
108.4,0.764955954,-5.36E-05,-5.34E-05
108.4333333,0.764848806,-5.36E-05,-5.34E-05
108.4666667,0.76474165,-5.36E-05,-5.34E-05
108.5,0.764634486,-5.36E-05,-5.34E-05
108.5333333,0.764527314,-5.36E-05,-5.34E-05
108.5666667,0.764420134,-5.36E-05,-5.34E-05
108.6,0.764312946,-5.36E-05,-5.34E-05
108.6333333,0.76420575,-5.36E-05,-5.34E-05
108.6666667,0.764098546,-5.36E-05,-5.34E-05
108.7,0.763991334,-5.36E-05,-5.34E-05
108.7333333,0.763884114,-5.36E-05,-5.34E-05
108.7666667,0.763776886,-5.36E-05,-5.34E-05
108.8,0.76366965,-5.36E-05,-5.34E-05
108.8333333,0.763562406,-5.36E-05,-5.34E-05
108.8666667,0.763455154,-5.36E-05,-5.34E-05
108.9,0.763347894,-5.36E-05,-5.34E-05
108.9333333,0.763240627,-5.36E-05,-5.34E-05
108.9666667,0.763133351,-5.36E-05,-5.35E-05
109,0.763026068,-5.36E-05,-5.35E-05
109.0333333,0.762918776,-5.36E-05,-5.35E-05
109.0666667,0.762811477,-5.36E-05,-5.35E-05
109.1,0.76270417,-5.37E-05,-5.35E-05
109.1333333,0.762596855,-5.37E-05,-5.35E-05
109.1666667,0.762489533,-5.37E-05,-5.35E-05
109.2,0.762382202,-5.37E-05,-5.35E-05
109.2333333,0.762274864,-5.37E-05,-5.35E-05
109.2666667,0.762167518,-5.37E-05,-5.35E-05
109.3,0.762060164,-5.37E-05,-5.35E-05
109.3333333,0.761952802,-5.37E-05,-5.35E-05
109.3666667,0.761845432,-5.37E-05,-5.35E-05
109.4,0.761738055,-5.37E-05,-5.35E-05
109.4333333,0.76163067,-5.37E-05,-5.35E-05
109.4666667,0.761523277,-5.37E-05,-5.35E-05
109.5,0.761415876,-5.37E-05,-5.35E-05
109.5333333,0.761308468,-5.37E-05,-5.35E-05
109.5666667,0.761201052,-5.37E-05,-5.35E-05
109.6,0.761093628,-5.37E-05,-5.35E-05
109.6333333,0.760986196,-5.37E-05,-5.35E-05
109.6666667,0.760878757,-5.37E-05,-5.35E-05
109.7,0.76077131,-5.37E-05,-5.35E-05
109.7333333,0.760663856,-5.37E-05,-5.35E-05
109.7666667,0.760556394,-5.37E-05,-5.35E-05
109.8,0.760448924,-5.37E-05,-5.35E-05
109.8333333,0.760341446,-5.37E-05,-5.35E-05
109.8666667,0.760233961,-5.37E-05,-5.35E-05
109.9,0.760126468,-5.37E-05,-5.35E-05
109.9333333,0.760018968,-5.38E-05,-5.36E-05
109.9666667,0.75991146,-5.38E-05,-5.36E-05
110,0.759803944,-5.38E-05,-5.36E-05
110.0333333,0.759696421,-5.38E-05,-5.36E-05
110.0666667,0.75958889,-5.38E-05,-5.36E-05
110.1,0.759481351,-5.38E-05,-5.36E-05
110.1333333,0.759373806,-5.38E-05,-5.36E-05
110.1666667,0.759266252,-5.38E-05,-5.36E-05
110.2,0.759158691,-5.38E-05,-5.36E-05
110.2333333,0.759051122,-5.38E-05,-5.36E-05
110.2666667,0.758943546,-5.38E-05,-5.36E-05
110.3,0.758835963,-5.38E-05,-5.36E-05
110.3333333,0.758728371,-5.38E-05,-5.36E-05
110.3666667,0.758620773,-5.38E-05,-5.36E-05
110.4,0.758513167,-5.38E-05,-5.36E-05
110.4333333,0.758405553,-5.38E-05,-5.36E-05
110.4666667,0.758297932,-5.38E-05,-5.36E-05
110.5,0.758190303,-5.38E-05,-5.36E-05
110.5333333,0.758082667,-5.38E-05,-5.36E-05
110.5666667,0.757975024,-5.38E-05,-5.36E-05
110.6,0.757867373,-5.38E-05,-5.36E-05
110.6333333,0.757759715,-5.38E-05,-5.36E-05
110.6666667,0.757652049,-5.38E-05,-5.36E-05
110.7,0.757544376,-5.38E-05,-5.36E-05
110.7333333,0.757436696,-5.38E-05,-5.36E-05
110.7666667,0.757329008,-5.38E-05,-5.36E-05
110.8,0.757221313,-5.38E-05,-5.36E-05
110.8333333,0.75711361,-5.39E-05,-5.36E-05
110.8666667,0.7570059,-5.39E-05,-5.36E-05
110.9,0.756898183,-5.39E-05,-5.36E-05
110.9333333,0.756790458,-5.39E-05,-5.36E-05
110.9666667,0.756682726,-5.39E-05,-5.37E-05
111,0.756574987,-5.39E-05,-5.37E-05
111.0333333,0.756467241,-5.39E-05,-5.37E-05
111.0666667,0.756359487,-5.39E-05,-5.37E-05
111.1,0.756251726,-5.39E-05,-5.37E-05
111.1333333,0.756143957,-5.39E-05,-5.37E-05
111.1666667,0.756036181,-5.39E-05,-5.37E-05
111.2,0.755928399,-5.39E-05,-5.37E-05
111.2333333,0.755820608,-5.39E-05,-5.37E-05
111.2666667,0.755712811,-5.39E-05,-5.37E-05
111.3,0.755605006,-5.39E-05,-5.37E-05
111.3333333,0.755497194,-5.39E-05,-5.37E-05
111.3666667,0.755389375,-5.39E-05,-5.37E-05
111.4,0.755281549,-5.39E-05,-5.37E-05
111.4333333,0.755173716,-5.39E-05,-5.37E-05
111.4666667,0.755065875,-5.39E-05,-5.37E-05
111.5,0.754958027,-5.39E-05,-5.37E-05
111.5333333,0.754850172,-5.39E-05,-5.37E-05
111.5666667,0.75474231,-5.39E-05,-5.37E-05
111.6,0.754634441,-5.39E-05,-5.37E-05
111.6333333,0.754526564,-5.39E-05,-5.37E-05
111.6666667,0.754418681,-5.39E-05,-5.37E-05
111.7,0.75431079,-5.39E-05,-5.37E-05
111.7333333,0.754202892,-5.39E-05,-5.37E-05
111.7666667,0.754094987,-5.40E-05,-5.37E-05
111.8,0.753987075,-5.40E-05,-5.37E-05
111.8333333,0.753879156,-5.40E-05,-5.37E-05
111.8666667,0.75377123,-5.40E-05,-5.37E-05
111.9,0.753663297,-5.40E-05,-5.37E-05
111.9333333,0.753555357,-5.40E-05,-5.37E-05
111.9666667,0.75344741,-5.40E-05,-5.37E-05
112,0.753339455,-5.40E-05,-5.37E-05
112.0333333,0.753231494,-5.40E-05,-5.38E-05
112.0666667,0.753123526,-5.40E-05,-5.38E-05
112.1,0.753015551,-5.40E-05,-5.38E-05
112.1333333,0.752907568,-5.40E-05,-5.38E-05
112.1666667,0.752799579,-5.40E-05,-5.38E-05
112.2,0.752691583,-5.40E-05,-5.38E-05
112.2333333,0.75258358,-5.40E-05,-5.38E-05
112.2666667,0.752475569,-5.40E-05,-5.38E-05
112.3,0.752367552,-5.40E-05,-5.38E-05
112.3333333,0.752259528,-5.40E-05,-5.38E-05
112.3666667,0.752151497,-5.40E-05,-5.38E-05
112.4,0.752043459,-5.40E-05,-5.38E-05
112.4333333,0.751935415,-5.40E-05,-5.38E-05
112.4666667,0.751827363,-5.40E-05,-5.38E-05
112.5,0.751719304,-5.40E-05,-5.38E-05
112.5333333,0.751611239,-5.40E-05,-5.38E-05
112.5666667,0.751503167,-5.40E-05,-5.38E-05
112.6,0.751395087,-5.40E-05,-5.38E-05
112.6333333,0.751287001,-5.40E-05,-5.38E-05
112.6666667,0.751178908,-5.40E-05,-5.38E-05
112.7,0.751070809,-5.40E-05,-5.38E-05
112.7333333,0.750962702,-5.41E-05,-5.38E-05
112.7666667,0.750854589,-5.41E-05,-5.38E-05
112.8,0.750746469,-5.41E-05,-5.38E-05
112.8333333,0.750638342,-5.41E-05,-5.38E-05
112.8666667,0.750530208,-5.41E-05,-5.38E-05
112.9,0.750422067,-5.41E-05,-5.38E-05
112.9333333,0.75031392,-5.41E-05,-5.38E-05
112.9666667,0.750205766,-5.41E-05,-5.38E-05
113,0.750097605,-5.41E-05,-5.38E-05
113.0333333,0.749989438,-5.41E-05,-5.38E-05
113.0666667,0.749881264,-5.41E-05,-5.38E-05
113.1,0.749773083,-5.41E-05,-5.38E-05
113.1333333,0.749664895,-5.41E-05,-5.38E-05
113.1666667,0.749556701,-5.41E-05,-5.39E-05
113.2,0.7494485,-5.41E-05,-5.39E-05
113.2333333,0.749340292,-5.41E-05,-5.39E-05
113.2666667,0.749232078,-5.41E-05,-5.39E-05
113.3,0.749123856,-5.41E-05,-5.39E-05
113.3333333,0.749015629,-5.41E-05,-5.39E-05
113.3666667,0.748907394,-5.41E-05,-5.39E-05
113.4,0.748799153,-5.41E-05,-5.39E-05
113.4333333,0.748690906,-5.41E-05,-5.39E-05
113.4666667,0.748582651,-5.41E-05,-5.39E-05
113.5,0.748474391,-5.41E-05,-5.39E-05
113.5333333,0.748366123,-5.41E-05,-5.39E-05
113.5666667,0.748257849,-5.41E-05,-5.39E-05
113.6,0.748149569,-5.41E-05,-5.39E-05
113.6333333,0.748041281,-5.41E-05,-5.39E-05
113.6666667,0.747932988,-5.41E-05,-5.39E-05
113.7,0.747824687,-5.42E-05,-5.39E-05
113.7333333,0.747716381,-5.42E-05,-5.39E-05
113.7666667,0.747608067,-5.42E-05,-5.39E-05
113.8,0.747499747,-5.42E-05,-5.39E-05
113.8333333,0.747391421,-5.42E-05,-5.39E-05
113.8666667,0.747283088,-5.42E-05,-5.39E-05
113.9,0.747174749,-5.42E-05,-5.39E-05
113.9333333,0.747066403,-5.42E-05,-5.39E-05
113.9666667,0.74695805,-5.42E-05,-5.39E-05
114,0.746849692,-5.42E-05,-5.39E-05
114.0333333,0.746741326,-5.42E-05,-5.39E-05
114.0666667,0.746632955,-5.42E-05,-5.39E-05
114.1,0.746524576,-5.42E-05,-5.39E-05
114.1333333,0.746416192,-5.42E-05,-5.39E-05
114.1666667,0.746307801,-5.42E-05,-5.39E-05
114.2,0.746199403,-5.42E-05,-5.39E-05
114.2333333,0.746090999,-5.42E-05,-5.39E-05
114.2666667,0.745982589,-5.42E-05,-5.39E-05
114.3,0.745874173,-5.42E-05,-5.39E-05
114.3333333,0.74576575,-5.42E-05,-5.39E-05
114.3666667,0.74565732,-5.42E-05,-5.40E-05
114.4,0.745548885,-5.42E-05,-5.40E-05
114.4333333,0.745440443,-5.42E-05,-5.40E-05
114.4666667,0.745331994,-5.42E-05,-5.40E-05
114.5,0.74522354,-5.42E-05,-5.40E-05
114.5333333,0.745115079,-5.42E-05,-5.40E-05
114.5666667,0.745006611,-5.42E-05,-5.40E-05
114.6,0.744898138,-5.42E-05,-5.40E-05
114.6333333,0.744789658,-5.42E-05,-5.40E-05
114.6666667,0.744681172,-5.42E-05,-5.40E-05
114.7,0.744572679,-5.42E-05,-5.40E-05
114.7333333,0.74446418,-5.42E-05,-5.40E-05
114.7666667,0.744355675,-5.43E-05,-5.40E-05
114.8,0.744247164,-5.43E-05,-5.40E-05
114.8333333,0.744138647,-5.43E-05,-5.40E-05
114.8666667,0.744030123,-5.43E-05,-5.40E-05
114.9,0.743921593,-5.43E-05,-5.40E-05
114.9333333,0.743813057,-5.43E-05,-5.40E-05
114.9666667,0.743704515,-5.43E-05,-5.40E-05
115,0.743595966,-5.43E-05,-5.40E-05
115.0333333,0.743487412,-5.43E-05,-5.40E-05
115.0666667,0.743378851,-5.43E-05,-5.40E-05
115.1,0.743270284,-5.43E-05,-5.40E-05
115.1333333,0.743161711,-5.43E-05,-5.40E-05
115.1666667,0.743053131,-5.43E-05,-5.40E-05
115.2,0.742944546,-5.43E-05,-5.40E-05
115.2333333,0.742835954,-5.43E-05,-5.40E-05
115.2666667,0.742727357,-5.43E-05,-5.40E-05
115.3,0.742618753,-5.43E-05,-5.40E-05
115.3333333,0.742510143,-5.43E-05,-5.40E-05
115.3666667,0.742401527,-5.43E-05,-5.40E-05
115.4,0.742292905,-5.43E-05,-5.40E-05
115.4333333,0.742184277,-5.43E-05,-5.40E-05
115.4666667,0.742075643,-5.43E-05,-5.40E-05
115.5,0.741967003,-5.43E-05,-5.40E-05
115.5333333,0.741858357,-5.43E-05,-5.40E-05
115.5666667,0.741749704,-5.43E-05,-5.40E-05
115.6,0.741641046,-5.43E-05,-5.40E-05
115.6333333,0.741532382,-5.43E-05,-5.41E-05
115.6666667,0.741423711,-5.43E-05,-5.41E-05
115.7,0.741315035,-5.43E-05,-5.41E-05
115.7333333,0.741206353,-5.43E-05,-5.41E-05
115.7666667,0.741097665,-5.43E-05,-5.41E-05
115.8,0.74098897,-5.43E-05,-5.41E-05
115.8333333,0.74088027,-5.44E-05,-5.41E-05
115.8666667,0.740771564,-5.44E-05,-5.41E-05
115.9,0.740662852,-5.44E-05,-5.41E-05
115.9333333,0.740554134,-5.44E-05,-5.41E-05
115.9666667,0.74044541,-5.44E-05,-5.41E-05
116,0.74033668,-5.44E-05,-5.41E-05
116.0333333,0.740227945,-5.44E-05,-5.41E-05
116.0666667,0.740119203,-5.44E-05,-5.41E-05
116.1,0.740010455,-5.44E-05,-5.41E-05
116.1333333,0.739901702,-5.44E-05,-5.41E-05
116.1666667,0.739792943,-5.44E-05,-5.41E-05
116.2,0.739684178,-5.44E-05,-5.41E-05
116.2333333,0.739575407,-5.44E-05,-5.41E-05
116.2666667,0.73946663,-5.44E-05,-5.41E-05
116.3,0.739357847,-5.44E-05,-5.41E-05
116.3333333,0.739249059,-5.44E-05,-5.41E-05
116.3666667,0.739140265,-5.44E-05,-5.41E-05
116.4,0.739031465,-5.44E-05,-5.41E-05
116.4333333,0.738922659,-5.44E-05,-5.41E-05
116.4666667,0.738813847,-5.44E-05,-5.41E-05
116.5,0.73870503,-5.44E-05,-5.41E-05
116.5333333,0.738596207,-5.44E-05,-5.41E-05
116.5666667,0.738487378,-5.44E-05,-5.41E-05
116.6,0.738378543,-5.44E-05,-5.41E-05
116.6333333,0.738269703,-5.44E-05,-5.41E-05
116.6666667,0.738160857,-5.44E-05,-5.41E-05
116.7,0.738052005,-5.44E-05,-5.41E-05
116.7333333,0.737943147,-5.44E-05,-5.41E-05
116.7666667,0.737834284,-5.44E-05,-5.41E-05
116.8,0.737725415,-5.44E-05,-5.41E-05
116.8333333,0.73761654,-5.44E-05,-5.41E-05
116.8666667,0.73750766,-5.44E-05,-5.41E-05
116.9,0.737398774,-5.44E-05,-5.41E-05
116.9333333,0.737289882,-5.44E-05,-5.41E-05
116.9666667,0.737180985,-5.44E-05,-5.41E-05
117,0.737072082,-5.45E-05,-5.42E-05
117.0333333,0.736963174,-5.45E-05,-5.42E-05
117.0666667,0.73685426,-5.45E-05,-5.42E-05
117.1,0.73674534,-5.45E-05,-5.42E-05
117.1333333,0.736636414,-5.45E-05,-5.42E-05
117.1666667,0.736527484,-5.45E-05,-5.42E-05
117.2,0.736418547,-5.45E-05,-5.42E-05
117.2333333,0.736309605,-5.45E-05,-5.42E-05
117.2666667,0.736200657,-5.45E-05,-5.42E-05
117.3,0.736091704,-5.45E-05,-5.42E-05
117.3333333,0.735982745,-5.45E-05,-5.42E-05
117.3666667,0.735873781,-5.45E-05,-5.42E-05
117.4,0.735764811,-5.45E-05,-5.42E-05
117.4333333,0.735655836,-5.45E-05,-5.42E-05
117.4666667,0.735546855,-5.45E-05,-5.42E-05
117.5,0.735437869,-5.45E-05,-5.42E-05
117.5333333,0.735328877,-5.45E-05,-5.42E-05
117.5666667,0.735219879,-5.45E-05,-5.42E-05
117.6,0.735110877,-5.45E-05,-5.42E-05
117.6333333,0.735001868,-5.45E-05,-5.42E-05
117.6666667,0.734892854,-5.45E-05,-5.42E-05
117.7,0.734783835,-5.45E-05,-5.42E-05
117.7333333,0.734674811,-5.45E-05,-5.42E-05
117.7666667,0.734565781,-5.45E-05,-5.42E-05
117.8,0.734456745,-5.45E-05,-5.42E-05
117.8333333,0.734347704,-5.45E-05,-5.42E-05
117.8666667,0.734238658,-5.45E-05,-5.42E-05
117.9,0.734129606,-5.45E-05,-5.42E-05
117.9333333,0.734020549,-5.45E-05,-5.42E-05
117.9666667,0.733911487,-5.45E-05,-5.42E-05
118,0.733802419,-5.45E-05,-5.42E-05
118.0333333,0.733693346,-5.45E-05,-5.42E-05
118.0666667,0.733584268,-5.45E-05,-5.42E-05
118.1,0.733475184,-5.45E-05,-5.42E-05
118.1333333,0.733366095,-5.45E-05,-5.42E-05
118.1666667,0.733257,-5.45E-05,-5.42E-05
118.2,0.7331479,-5.45E-05,-5.42E-05
118.2333333,0.733038795,-5.46E-05,-5.42E-05
118.2666667,0.732929685,-5.46E-05,-5.42E-05
118.3,0.732820569,-5.46E-05,-5.42E-05
118.3333333,0.732711448,-5.46E-05,-5.42E-05
118.3666667,0.732602322,-5.46E-05,-5.42E-05
118.4,0.732493191,-5.46E-05,-5.42E-05
118.4333333,0.732384054,-5.46E-05,-5.42E-05
118.4666667,0.732274912,-5.46E-05,-5.42E-05
118.5,0.732165765,-5.46E-05,-5.43E-05
118.5333333,0.732056612,-5.46E-05,-5.43E-05
118.5666667,0.731947455,-5.46E-05,-5.43E-05
118.6,0.731838292,-5.46E-05,-5.43E-05
118.6333333,0.731729124,-5.46E-05,-5.43E-05
118.6666667,0.731619951,-5.46E-05,-5.43E-05
118.7,0.731510772,-5.46E-05,-5.43E-05
118.7333333,0.731401589,-5.46E-05,-5.43E-05
118.7666667,0.7312924,-5.46E-05,-5.43E-05
118.8,0.731183206,-5.46E-05,-5.43E-05
118.8333333,0.731074007,-5.46E-05,-5.43E-05
118.8666667,0.730964803,-5.46E-05,-5.43E-05
118.9,0.730855594,-5.46E-05,-5.43E-05
118.9333333,0.73074638,-5.46E-05,-5.43E-05
118.9666667,0.73063716,-5.46E-05,-5.43E-05
119,0.730527936,-5.46E-05,-5.43E-05
119.0333333,0.730418706,-5.46E-05,-5.43E-05
119.0666667,0.730309471,-5.46E-05,-5.43E-05
119.1,0.730200232,-5.46E-05,-5.43E-05
119.1333333,0.730090987,-5.46E-05,-5.43E-05
119.1666667,0.729981737,-5.46E-05,-5.43E-05
119.2,0.729872482,-5.46E-05,-5.43E-05
119.2333333,0.729763222,-5.46E-05,-5.43E-05
119.2666667,0.729653957,-5.46E-05,-5.43E-05
119.3,0.729544687,-5.46E-05,-5.43E-05
119.3333333,0.729435412,-5.46E-05,-5.43E-05
119.3666667,0.729326132,-5.46E-05,-5.43E-05
119.4,0.729216847,-5.46E-05,-5.43E-05
119.4333333,0.729107557,-5.46E-05,-5.43E-05
119.4666667,0.728998262,-5.46E-05,-5.43E-05
119.5,0.728888963,-5.46E-05,-5.43E-05
119.5333333,0.728779658,-5.47E-05,-5.43E-05
119.5666667,0.728670348,-5.47E-05,-5.43E-05
119.6,0.728561033,-5.47E-05,-5.43E-05
119.6333333,0.728451714,-5.47E-05,-5.43E-05
119.6666667,0.728342389,-5.47E-05,-5.43E-05
119.7,0.72823306,-5.47E-05,-5.43E-05
119.7333333,0.728123725,-5.47E-05,-5.43E-05
119.7666667,0.728014386,-5.47E-05,-5.43E-05
119.8,0.727905042,-5.47E-05,-5.43E-05
119.8333333,0.727795693,-5.47E-05,-5.43E-05
119.8666667,0.727686339,-5.47E-05,-5.43E-05
119.9,0.72757698,-5.47E-05,-5.43E-05
119.9333333,0.727467617,-5.47E-05,-5.43E-05
119.9666667,0.727358248,-5.47E-05,-5.43E-05
120,0.727248875,-5.47E-05,-5.43E-05
120.0333333,0.727139497,-5.47E-05,-5.43E-05
120.0666667,0.727030114,-5.47E-05,-5.43E-05
120.1,0.726920727,-5.47E-05,-5.43E-05
120.1333333,0.726811334,-5.47E-05,-5.44E-05
120.1666667,0.726701937,-5.47E-05,-5.44E-05
120.2,0.726592535,-5.47E-05,-5.44E-05
120.2333333,0.726483128,-5.47E-05,-5.44E-05
120.2666667,0.726373717,-5.47E-05,-5.44E-05
120.3,0.7262643,-5.47E-05,-5.44E-05
120.3333333,0.726154879,-5.47E-05,-5.44E-05
120.3666667,0.726045454,-5.47E-05,-5.44E-05
120.4,0.725936023,-5.47E-05,-5.44E-05
120.4333333,0.725826588,-5.47E-05,-5.44E-05
120.4666667,0.725717148,-5.47E-05,-5.44E-05
120.5,0.725607704,-5.47E-05,-5.44E-05
120.5333333,0.725498255,-5.47E-05,-5.44E-05
120.5666667,0.725388801,-5.47E-05,-5.44E-05
120.6,0.725279342,-5.47E-05,-5.44E-05
120.6333333,0.725169879,-5.47E-05,-5.44E-05
120.6666667,0.725060411,-5.47E-05,-5.44E-05
120.7,0.724950938,-5.47E-05,-5.44E-05
120.7333333,0.724841461,-5.47E-05,-5.44E-05
120.7666667,0.724731979,-5.47E-05,-5.44E-05
120.8,0.724622493,-5.47E-05,-5.44E-05
120.8333333,0.724513002,-5.47E-05,-5.44E-05
120.8666667,0.724403507,-5.47E-05,-5.44E-05
120.9,0.724294006,-5.48E-05,-5.44E-05
120.9333333,0.724184502,-5.48E-05,-5.44E-05
120.9666667,0.724074992,-5.48E-05,-5.44E-05
121,0.723965478,-5.48E-05,-5.44E-05
121.0333333,0.72385596,-5.48E-05,-5.44E-05
121.0666667,0.723746437,-5.48E-05,-5.44E-05
121.1,0.723636909,-5.48E-05,-5.44E-05
121.1333333,0.723527377,-5.48E-05,-5.44E-05
121.1666667,0.723417841,-5.48E-05,-5.44E-05
121.2,0.7233083,-5.48E-05,-5.44E-05
121.2333333,0.723198754,-5.48E-05,-5.44E-05
121.2666667,0.723089204,-5.48E-05,-5.44E-05
121.3,0.72297965,-5.48E-05,-5.44E-05
121.3333333,0.722870091,-5.48E-05,-5.44E-05
121.3666667,0.722760527,-5.48E-05,-5.44E-05
121.4,0.722650959,-5.48E-05,-5.44E-05
121.4333333,0.722541387,-5.48E-05,-5.44E-05
121.4666667,0.72243181,-5.48E-05,-5.44E-05
121.5,0.722322229,-5.48E-05,-5.44E-05
121.5333333,0.722212643,-5.48E-05,-5.44E-05
121.5666667,0.722103053,-5.48E-05,-5.44E-05
121.6,0.721993458,-5.48E-05,-5.44E-05
121.6333333,0.72188386,-5.48E-05,-5.44E-05
121.6666667,0.721774256,-5.48E-05,-5.44E-05
121.7,0.721664649,-5.48E-05,-5.44E-05
121.7333333,0.721555037,-5.48E-05,-5.44E-05
121.7666667,0.72144542,-5.48E-05,-5.44E-05
121.8,0.7213358,-5.48E-05,-5.44E-05
121.8333333,0.721226175,-5.48E-05,-5.44E-05
121.8666667,0.721116545,-5.48E-05,-5.44E-05
121.9,0.721006912,-5.48E-05,-5.44E-05
121.9333333,0.720897274,-5.48E-05,-5.44E-05
121.9666667,0.720787631,-5.48E-05,-5.45E-05
122,0.720677985,-5.48E-05,-5.45E-05
122.0333333,0.720568334,-5.48E-05,-5.45E-05
122.0666667,0.720458678,-5.48E-05,-5.45E-05
122.1,0.720349019,-5.48E-05,-5.45E-05
122.1333333,0.720239355,-5.48E-05,-5.45E-05
122.1666667,0.720129687,-5.48E-05,-5.45E-05
122.2,0.720020015,-5.48E-05,-5.45E-05
122.2333333,0.719910339,-5.48E-05,-5.45E-05
122.2666667,0.719800658,-5.48E-05,-5.45E-05
122.3,0.719690973,-5.48E-05,-5.45E-05
122.3333333,0.719581284,-5.48E-05,-5.45E-05
122.3666667,0.719471591,-5.48E-05,-5.45E-05
122.4,0.719361893,-5.48E-05,-5.45E-05
122.4333333,0.719252191,-5.49E-05,-5.45E-05
122.4666667,0.719142486,-5.49E-05,-5.45E-05
122.5,0.719032776,-5.49E-05,-5.45E-05
122.5333333,0.718923061,-5.49E-05,-5.45E-05
122.5666667,0.718813343,-5.49E-05,-5.45E-05
122.6,0.718703621,-5.49E-05,-5.45E-05
122.6333333,0.718593894,-5.49E-05,-5.45E-05
122.6666667,0.718484163,-5.49E-05,-5.45E-05
122.7,0.718374428,-5.49E-05,-5.45E-05
122.7333333,0.718264689,-5.49E-05,-5.45E-05
122.7666667,0.718154946,-5.49E-05,-5.45E-05
122.8,0.718045199,-5.49E-05,-5.45E-05
122.8333333,0.717935448,-5.49E-05,-5.45E-05
122.8666667,0.717825693,-5.49E-05,-5.45E-05
122.9,0.717715933,-5.49E-05,-5.45E-05
122.9333333,0.71760617,-5.49E-05,-5.45E-05
122.9666667,0.717496403,-5.49E-05,-5.45E-05
123,0.717386631,-5.49E-05,-5.45E-05
123.0333333,0.717276856,-5.49E-05,-5.45E-05
123.0666667,0.717167076,-5.49E-05,-5.45E-05
123.1,0.717057293,-5.49E-05,-5.45E-05
123.1333333,0.716947505,-5.49E-05,-5.45E-05
123.1666667,0.716837714,-5.49E-05,-5.45E-05
123.2,0.716727918,-5.49E-05,-5.45E-05
123.2333333,0.716618119,-5.49E-05,-5.45E-05
123.2666667,0.716508315,-5.49E-05,-5.45E-05
123.3,0.716398508,-5.49E-05,-5.45E-05
123.3333333,0.716288696,-5.49E-05,-5.45E-05
123.3666667,0.716178881,-5.49E-05,-5.45E-05
123.4,0.716069062,-5.49E-05,-5.45E-05
123.4333333,0.715959239,-5.49E-05,-5.45E-05
123.4666667,0.715849412,-5.49E-05,-5.45E-05
123.5,0.715739581,-5.49E-05,-5.45E-05
123.5333333,0.715629746,-5.49E-05,-5.45E-05
123.5666667,0.715519907,-5.49E-05,-5.45E-05
123.6,0.715410064,-5.49E-05,-5.45E-05
123.6333333,0.715300218,-5.49E-05,-5.45E-05
123.6666667,0.715190367,-5.49E-05,-5.45E-05
123.7,0.715080513,-5.49E-05,-5.45E-05
123.7333333,0.714970655,-5.49E-05,-5.45E-05
123.7666667,0.714860793,-5.49E-05,-5.45E-05
123.8,0.714750928,-5.49E-05,-5.45E-05
123.8333333,0.714641058,-5.49E-05,-5.45E-05
123.8666667,0.714531185,-5.49E-05,-5.45E-05
123.9,0.714421308,-5.49E-05,-5.45E-05
123.9333333,0.714311427,-5.49E-05,-5.45E-05
123.9666667,0.714201542,-5.49E-05,-5.45E-05
124,0.714091653,-5.49E-05,-5.45E-05
124.0333333,0.713981761,-5.49E-05,-5.45E-05
124.0666667,0.713871865,-5.49E-05,-5.45E-05
124.1,0.713761965,-5.49E-05,-5.46E-05
124.1333333,0.713652062,-5.50E-05,-5.46E-05
124.1666667,0.713542154,-5.50E-05,-5.46E-05
124.2,0.713432243,-5.50E-05,-5.46E-05
124.2333333,0.713322329,-5.50E-05,-5.46E-05
124.2666667,0.71321241,-5.50E-05,-5.46E-05
124.3,0.713102488,-5.50E-05,-5.46E-05
124.3333333,0.712992562,-5.50E-05,-5.46E-05
124.3666667,0.712882633,-5.50E-05,-5.46E-05
124.4,0.7127727,-5.50E-05,-5.46E-05
124.4333333,0.712662763,-5.50E-05,-5.46E-05
124.4666667,0.712552822,-5.50E-05,-5.46E-05
124.5,0.712442878,-5.50E-05,-5.46E-05
124.5333333,0.712332931,-5.50E-05,-5.46E-05
124.5666667,0.712222979,-5.50E-05,-5.46E-05
124.6,0.712113024,-5.50E-05,-5.46E-05
124.6333333,0.712003066,-5.50E-05,-5.46E-05
124.6666667,0.711893103,-5.50E-05,-5.46E-05
124.7,0.711783137,-5.50E-05,-5.46E-05
124.7333333,0.711673168,-5.50E-05,-5.46E-05
124.7666667,0.711563195,-5.50E-05,-5.46E-05
124.8,0.711453219,-5.50E-05,-5.46E-05
124.8333333,0.711343238,-5.50E-05,-5.46E-05
124.8666667,0.711233255,-5.50E-05,-5.46E-05
124.9,0.711123267,-5.50E-05,-5.46E-05
124.9333333,0.711013277,-5.50E-05,-5.46E-05
124.9666667,0.710903282,-5.50E-05,-5.46E-05
125,0.710793285,-5.50E-05,-5.46E-05
125.0333333,0.710683283,-5.50E-05,-5.46E-05
125.0666667,0.710573279,-5.50E-05,-5.46E-05
125.1,0.71046327,-5.50E-05,-5.46E-05
125.1333333,0.710353258,-5.50E-05,-5.46E-05
125.1666667,0.710243243,-5.50E-05,-5.46E-05
125.2,0.710133224,-5.50E-05,-5.46E-05
125.2333333,0.710023202,-5.50E-05,-5.46E-05
125.2666667,0.709913177,-5.50E-05,-5.46E-05
125.3,0.709803148,-5.50E-05,-5.46E-05
125.3333333,0.709693115,-5.50E-05,-5.46E-05
125.3666667,0.709583079,-5.50E-05,-5.46E-05
125.4,0.70947304,-5.50E-05,-5.46E-05
125.4333333,0.709362997,-5.50E-05,-5.46E-05
125.4666667,0.709252951,-5.50E-05,-5.46E-05
125.5,0.709142901,-5.50E-05,-5.46E-05
125.5333333,0.709032848,-5.50E-05,-5.46E-05
125.5666667,0.708922792,-5.50E-05,-5.46E-05
125.6,0.708812732,-5.50E-05,-5.46E-05
125.6333333,0.708702669,-5.50E-05,-5.46E-05
125.6666667,0.708592603,-5.50E-05,-5.46E-05
125.7,0.708482533,-5.50E-05,-5.46E-05
125.7333333,0.70837246,-5.50E-05,-5.46E-05
125.7666667,0.708262384,-5.50E-05,-5.46E-05
125.8,0.708152304,-5.50E-05,-5.46E-05
125.8333333,0.708042221,-5.50E-05,-5.46E-05
125.8666667,0.707932135,-5.50E-05,-5.46E-05
125.9,0.707822045,-5.50E-05,-5.46E-05
125.9333333,0.707711952,-5.50E-05,-5.46E-05
125.9666667,0.707601856,-5.50E-05,-5.46E-05
126,0.707491757,-5.50E-05,-5.46E-05
126.0333333,0.707381654,-5.51E-05,-5.46E-05
126.0666667,0.707271548,-5.51E-05,-5.46E-05
126.1,0.707161439,-5.51E-05,-5.46E-05
126.1333333,0.707051327,-5.51E-05,-5.46E-05
126.1666667,0.706941211,-5.51E-05,-5.46E-05
126.2,0.706831092,-5.51E-05,-5.46E-05
126.2333333,0.70672097,-5.51E-05,-5.46E-05
126.2666667,0.706610845,-5.51E-05,-5.46E-05
126.3,0.706500717,-5.51E-05,-5.46E-05
126.3333333,0.706390585,-5.51E-05,-5.46E-05
126.3666667,0.70628045,-5.51E-05,-5.46E-05
126.4,0.706170312,-5.51E-05,-5.46E-05
126.4333333,0.706060171,-5.51E-05,-5.46E-05
126.4666667,0.705950027,-5.51E-05,-5.46E-05
126.5,0.70583988,-5.51E-05,-5.46E-05
126.5333333,0.705729729,-5.51E-05,-5.46E-05
126.5666667,0.705619576,-5.51E-05,-5.46E-05
126.6,0.705509419,-5.51E-05,-5.46E-05
126.6333333,0.705399259,-5.51E-05,-5.46E-05
126.6666667,0.705289096,-5.51E-05,-5.46E-05
126.7,0.70517893,-5.51E-05,-5.47E-05
126.7333333,0.705068761,-5.51E-05,-5.47E-05
126.7666667,0.704958589,-5.51E-05,-5.47E-05
126.8,0.704848414,-5.51E-05,-5.47E-05
126.8333333,0.704738236,-5.51E-05,-5.47E-05
126.8666667,0.704628055,-5.51E-05,-5.47E-05
126.9,0.70451787,-5.51E-05,-5.47E-05
126.9333333,0.704407683,-5.51E-05,-5.47E-05
126.9666667,0.704297492,-5.51E-05,-5.47E-05
127,0.704187299,-5.51E-05,-5.47E-05
127.0333333,0.704077103,-5.51E-05,-5.47E-05
127.0666667,0.703966903,-5.51E-05,-5.47E-05
127.1,0.703856701,-5.51E-05,-5.47E-05
127.1333333,0.703746496,-5.51E-05,-5.47E-05
127.1666667,0.703636287,-5.51E-05,-5.47E-05
127.2,0.703526076,-5.51E-05,-5.47E-05
127.2333333,0.703415862,-5.51E-05,-5.47E-05
127.2666667,0.703305645,-5.51E-05,-5.47E-05
127.3,0.703195425,-5.51E-05,-5.47E-05
127.3333333,0.703085202,-5.51E-05,-5.47E-05
127.3666667,0.702974976,-5.51E-05,-5.47E-05
127.4,0.702864747,-5.51E-05,-5.47E-05
127.4333333,0.702754515,-5.51E-05,-5.47E-05
127.4666667,0.70264428,-5.51E-05,-5.47E-05
127.5,0.702534043,-5.51E-05,-5.47E-05
127.5333333,0.702423803,-5.51E-05,-5.47E-05
127.5666667,0.702313559,-5.51E-05,-5.47E-05
127.6,0.702203313,-5.51E-05,-5.47E-05
127.6333333,0.702093064,-5.51E-05,-5.47E-05
127.6666667,0.701982812,-5.51E-05,-5.47E-05
127.7,0.701872558,-5.51E-05,-5.47E-05
127.7333333,0.7017623,-5.51E-05,-5.47E-05
127.7666667,0.70165204,-5.51E-05,-5.47E-05
127.8,0.701541777,-5.51E-05,-5.47E-05
127.8333333,0.701431511,-5.51E-05,-5.47E-05
127.8666667,0.701321242,-5.51E-05,-5.47E-05
127.9,0.701210971,-5.51E-05,-5.47E-05
127.9333333,0.701100696,-5.51E-05,-5.47E-05
127.9666667,0.700990419,-5.51E-05,-5.47E-05
128,0.70088014,-5.51E-05,-5.47E-05
128.0333333,0.700769857,-5.51E-05,-5.47E-05
128.0666667,0.700659572,-5.51E-05,-5.47E-05
128.1,0.700549284,-5.51E-05,-5.47E-05
128.1333333,0.700438993,-5.51E-05,-5.47E-05
128.1666667,0.7003287,-5.51E-05,-5.47E-05
128.2,0.700218403,-5.51E-05,-5.47E-05
128.2333333,0.700108105,-5.51E-05,-5.47E-05
128.2666667,0.699997803,-5.52E-05,-5.47E-05
128.3,0.699887499,-5.52E-05,-5.47E-05
128.3333333,0.699777192,-5.52E-05,-5.47E-05
128.3666667,0.699666882,-5.52E-05,-5.47E-05
128.4,0.69955657,-5.52E-05,-5.47E-05
128.4333333,0.699446255,-5.52E-05,-5.47E-05
128.4666667,0.699335938,-5.52E-05,-5.47E-05
128.5,0.699225617,-5.52E-05,-5.47E-05
128.5333333,0.699115295,-5.52E-05,-5.47E-05
128.5666667,0.699004969,-5.52E-05,-5.47E-05
128.6,0.698894641,-5.52E-05,-5.47E-05
128.6333333,0.69878431,-5.52E-05,-5.47E-05
128.6666667,0.698673977,-5.52E-05,-5.47E-05
128.7,0.698563641,-5.52E-05,-5.47E-05
128.7333333,0.698453303,-5.52E-05,-5.47E-05
128.7666667,0.698342962,-5.52E-05,-5.47E-05
128.8,0.698232619,-5.52E-05,-5.47E-05
128.8333333,0.698122272,-5.52E-05,-5.47E-05
128.8666667,0.698011924,-5.52E-05,-5.47E-05
128.9,0.697901573,-5.52E-05,-5.47E-05
128.9333333,0.697791219,-5.52E-05,-5.47E-05
128.9666667,0.697680863,-5.52E-05,-5.47E-05
129,0.697570504,-5.52E-05,-5.47E-05
129.0333333,0.697460143,-5.52E-05,-5.47E-05
129.0666667,0.697349779,-5.52E-05,-5.47E-05
129.1,0.697239413,-5.52E-05,-5.47E-05
129.1333333,0.697129044,-5.52E-05,-5.47E-05
129.1666667,0.697018673,-5.52E-05,-5.47E-05
129.2,0.6969083,-5.52E-05,-5.47E-05
129.2333333,0.696797924,-5.52E-05,-5.47E-05
129.2666667,0.696687545,-5.52E-05,-5.47E-05
129.3,0.696577164,-5.52E-05,-5.47E-05
129.3333333,0.696466781,-5.52E-05,-5.47E-05
129.3666667,0.696356395,-5.52E-05,-5.47E-05
129.4,0.696246007,-5.52E-05,-5.47E-05
129.4333333,0.696135616,-5.52E-05,-5.47E-05
129.4666667,0.696025223,-5.52E-05,-5.47E-05
129.5,0.695914828,-5.52E-05,-5.47E-05
129.5333333,0.69580443,-5.52E-05,-5.47E-05
129.5666667,0.69569403,-5.52E-05,-5.47E-05
129.6,0.695583628,-5.52E-05,-5.47E-05
129.6333333,0.695473223,-5.52E-05,-5.47E-05
129.6666667,0.695362816,-5.52E-05,-5.47E-05
129.7,0.695252406,-5.52E-05,-5.47E-05
129.7333333,0.695141994,-5.52E-05,-5.47E-05
129.7666667,0.69503158,-5.52E-05,-5.47E-05
129.8,0.694921164,-5.52E-05,-5.47E-05
129.8333333,0.694810745,-5.52E-05,-5.47E-05
129.8666667,0.694700324,-5.52E-05,-5.47E-05
129.9,0.6945899,-5.52E-05,-5.47E-05
129.9333333,0.694479475,-5.52E-05,-5.47E-05
129.9666667,0.694369047,-5.52E-05,-5.47E-05
130,0.694258617,-5.52E-05,-5.47E-05
130.0333333,0.694148184,-5.52E-05,-5.47E-05
130.0666667,0.694037749,-5.52E-05,-5.47E-05
130.1,0.693927313,-5.52E-05,-5.47E-05
130.1333333,0.693816873,-5.52E-05,-5.47E-05
130.1666667,0.693706432,-5.52E-05,-5.47E-05
130.2,0.693595988,-5.52E-05,-5.47E-05
130.2333333,0.693485543,-5.52E-05,-5.47E-05
130.2666667,0.693375095,-5.52E-05,-5.47E-05
130.3,0.693264644,-5.52E-05,-5.47E-05
130.3333333,0.693154192,-5.52E-05,-5.47E-05
130.3666667,0.693043737,-5.52E-05,-5.47E-05
130.4,0.692933281,-5.52E-05,-5.47E-05
130.4333333,0.692822822,-5.52E-05,-5.47E-05
130.4666667,0.692712361,-5.52E-05,-5.47E-05
130.5,0.692601898,-5.52E-05,-5.48E-05
130.5333333,0.692491432,-5.52E-05,-5.48E-05
130.5666667,0.692380965,-5.52E-05,-5.48E-05
130.6,0.692270495,-5.52E-05,-5.48E-05
130.6333333,0.692160024,-5.52E-05,-5.48E-05
130.6666667,0.69204955,-5.52E-05,-5.48E-05
130.7,0.691939074,-5.52E-05,-5.48E-05
130.7333333,0.691828596,-5.52E-05,-5.48E-05
130.7666667,0.691718116,-5.52E-05,-5.48E-05
130.8,0.691607634,-5.52E-05,-5.48E-05
130.8333333,0.69149715,-5.52E-05,-5.48E-05
130.8666667,0.691386664,-5.52E-05,-5.48E-05
130.9,0.691276176,-5.52E-05,-5.48E-05
130.9333333,0.691165686,-5.52E-05,-5.48E-05
130.9666667,0.691055193,-5.52E-05,-5.48E-05
131,0.690944699,-5.52E-05,-5.48E-05
131.0333333,0.690834203,-5.52E-05,-5.48E-05
131.0666667,0.690723704,-5.52E-05,-5.48E-05
131.1,0.690613204,-5.53E-05,-5.48E-05
131.1333333,0.690502702,-5.53E-05,-5.48E-05
131.1666667,0.690392198,-5.53E-05,-5.48E-05
131.2,0.690281691,-5.53E-05,-5.48E-05
131.2333333,0.690171183,-5.53E-05,-5.48E-05
131.2666667,0.690060673,-5.53E-05,-5.48E-05
131.3,0.689950161,-5.53E-05,-5.48E-05
131.3333333,0.689839647,-5.53E-05,-5.48E-05
131.3666667,0.689729131,-5.53E-05,-5.48E-05
131.4,0.689618613,-5.53E-05,-5.48E-05
131.4333333,0.689508093,-5.53E-05,-5.48E-05
131.4666667,0.689397571,-5.53E-05,-5.48E-05
131.5,0.689287048,-5.53E-05,-5.48E-05
131.5333333,0.689176522,-5.53E-05,-5.48E-05
131.5666667,0.689065995,-5.53E-05,-5.48E-05
131.6,0.688955466,-5.53E-05,-5.48E-05
131.6333333,0.688844935,-5.53E-05,-5.48E-05
131.6666667,0.688734402,-5.53E-05,-5.48E-05
131.7,0.688623867,-5.53E-05,-5.48E-05
131.7333333,0.68851333,-5.53E-05,-5.48E-05
131.7666667,0.688402792,-5.53E-05,-5.48E-05
131.8,0.688292251,-5.53E-05,-5.48E-05
131.8333333,0.688181709,-5.53E-05,-5.48E-05
131.8666667,0.688071165,-5.53E-05,-5.48E-05
131.9,0.687960619,-5.53E-05,-5.48E-05
131.9333333,0.687850072,-5.53E-05,-5.48E-05
131.9666667,0.687739523,-5.53E-05,-5.48E-05
132,0.687628972,-5.53E-05,-5.48E-05
132.0333333,0.687518419,-5.53E-05,-5.48E-05
132.0666667,0.687407864,-5.53E-05,-5.48E-05
132.1,0.687297308,-5.53E-05,-5.48E-05
132.1333333,0.68718675,-5.53E-05,-5.48E-05
132.1666667,0.68707619,-5.53E-05,-5.48E-05
132.2,0.686965628,-5.53E-05,-5.48E-05
132.2333333,0.686855065,-5.53E-05,-5.48E-05
132.2666667,0.6867445,-5.53E-05,-5.48E-05
132.3,0.686633933,-5.53E-05,-5.48E-05
132.3333333,0.686523365,-5.53E-05,-5.48E-05
132.3666667,0.686412795,-5.53E-05,-5.48E-05
132.4,0.686302223,-5.53E-05,-5.48E-05
132.4333333,0.686191649,-5.53E-05,-5.48E-05
132.4666667,0.686081074,-5.53E-05,-5.48E-05
132.5,0.685970497,-5.53E-05,-5.48E-05
132.5333333,0.685859919,-5.53E-05,-5.48E-05
132.5666667,0.685749339,-5.53E-05,-5.48E-05
132.6,0.685638757,-5.53E-05,-5.48E-05
132.6333333,0.685528174,-5.53E-05,-5.48E-05
132.6666667,0.685417589,-5.53E-05,-5.48E-05
132.7,0.685307002,-5.53E-05,-5.48E-05
132.7333333,0.685196414,-5.53E-05,-5.48E-05
132.7666667,0.685085825,-5.53E-05,-5.48E-05
132.8,0.684975233,-5.53E-05,-5.48E-05
132.8333333,0.68486464,-5.53E-05,-5.48E-05
132.8666667,0.684754046,-5.53E-05,-5.48E-05
132.9,0.68464345,-5.53E-05,-5.48E-05
132.9333333,0.684532852,-5.53E-05,-5.48E-05
132.9666667,0.684422253,-5.53E-05,-5.48E-05
133,0.684311652,-5.53E-05,-5.48E-05
133.0333333,0.68420105,-5.53E-05,-5.48E-05
133.0666667,0.684090447,-5.53E-05,-5.48E-05
133.1,0.683979841,-5.53E-05,-5.48E-05
133.1333333,0.683869235,-5.53E-05,-5.48E-05
133.1666667,0.683758626,-5.53E-05,-5.48E-05
133.2,0.683648017,-5.53E-05,-5.48E-05
133.2333333,0.683537406,-5.53E-05,-5.48E-05
133.2666667,0.683426793,-5.53E-05,-5.48E-05
133.3,0.683316179,-5.53E-05,-5.48E-05
133.3333333,0.683205563,-5.53E-05,-5.48E-05
133.3666667,0.683094946,-5.53E-05,-5.48E-05
133.4,0.682984328,-5.53E-05,-5.48E-05
133.4333333,0.682873708,-5.53E-05,-5.48E-05
133.4666667,0.682763087,-5.53E-05,-5.48E-05
133.5,0.682652464,-5.53E-05,-5.48E-05
133.5333333,0.68254184,-5.53E-05,-5.48E-05
133.5666667,0.682431214,-5.53E-05,-5.48E-05
133.6,0.682320587,-5.53E-05,-5.48E-05
133.6333333,0.682209959,-5.53E-05,-5.48E-05
133.6666667,0.682099329,-5.53E-05,-5.48E-05
133.7,0.681988698,-5.53E-05,-5.48E-05
133.7333333,0.681878066,-5.53E-05,-5.48E-05
133.7666667,0.681767432,-5.53E-05,-5.48E-05
133.8,0.681656797,-5.53E-05,-5.48E-05
133.8333333,0.68154616,-5.53E-05,-5.48E-05
133.8666667,0.681435523,-5.53E-05,-5.48E-05
133.9,0.681324883,-5.53E-05,-5.48E-05
133.9333333,0.681214243,-5.53E-05,-5.48E-05
133.9666667,0.681103601,-5.53E-05,-5.48E-05
134,0.680992958,-5.53E-05,-5.48E-05
134.0333333,0.680882314,-5.53E-05,-5.48E-05
134.0666667,0.680771668,-5.53E-05,-5.48E-05
134.1,0.680661021,-5.53E-05,-5.48E-05
134.1333333,0.680550373,-5.53E-05,-5.48E-05
134.1666667,0.680439724,-5.53E-05,-5.48E-05
134.2,0.680329073,-5.53E-05,-5.48E-05
134.2333333,0.680218421,-5.53E-05,-5.48E-05
134.2666667,0.680107768,-5.53E-05,-5.48E-05
134.3,0.679997114,-5.53E-05,-5.48E-05
134.3333333,0.679886458,-5.53E-05,-5.48E-05
134.3666667,0.679775802,-5.53E-05,-5.48E-05
134.4,0.679665144,-5.53E-05,-5.48E-05
134.4333333,0.679554484,-5.53E-05,-5.48E-05
134.4666667,0.679443824,-5.53E-05,-5.48E-05
134.5,0.679333162,-5.53E-05,-5.48E-05
134.5333333,0.6792225,-5.53E-05,-5.48E-05
134.5666667,0.679111836,-5.53E-05,-5.48E-05
134.6,0.679001171,-5.53E-05,-5.48E-05
134.6333333,0.678890505,-5.53E-05,-5.48E-05
134.6666667,0.678779837,-5.53E-05,-5.48E-05
134.7,0.678669169,-5.53E-05,-5.48E-05
134.7333333,0.678558499,-5.53E-05,-5.48E-05
134.7666667,0.678447829,-5.53E-05,-5.48E-05
134.8,0.678337157,-5.53E-05,-5.48E-05
134.8333333,0.678226484,-5.53E-05,-5.48E-05
134.8666667,0.67811581,-5.53E-05,-5.48E-05
134.9,0.678005135,-5.53E-05,-5.48E-05
134.9333333,0.677894459,-5.53E-05,-5.48E-05
134.9666667,0.677783781,-5.53E-05,-5.48E-05
135,0.677673103,-5.53E-05,-5.48E-05
135.0333333,0.677562424,-5.53E-05,-5.48E-05
135.0666667,0.677451743,-5.53E-05,-5.48E-05
135.1,0.677341062,-5.53E-05,-5.48E-05
135.1333333,0.67723038,-5.53E-05,-5.48E-05
135.1666667,0.677119696,-5.53E-05,-5.48E-05
135.2,0.677009012,-5.53E-05,-5.48E-05
135.2333333,0.676898326,-5.53E-05,-5.48E-05
135.2666667,0.67678764,-5.53E-05,-5.48E-05
135.3,0.676676952,-5.53E-05,-5.48E-05
135.3333333,0.676566264,-5.53E-05,-5.48E-05
135.3666667,0.676455574,-5.53E-05,-5.48E-05
135.4,0.676344884,-5.53E-05,-5.48E-05
135.4333333,0.676234192,-5.53E-05,-5.48E-05
135.4666667,0.6761235,-5.53E-05,-5.48E-05
135.5,0.676012807,-5.53E-05,-5.48E-05
135.5333333,0.675902113,-5.53E-05,-5.48E-05
135.5666667,0.675791417,-5.53E-05,-5.48E-05
135.6,0.675680721,-5.53E-05,-5.48E-05
135.6333333,0.675570024,-5.53E-05,-5.48E-05
135.6666667,0.675459327,-5.53E-05,-5.48E-05
135.7,0.675348628,-5.53E-05,-5.48E-05
135.7333333,0.675237928,-5.53E-05,-5.48E-05
135.7666667,0.675127228,-5.54E-05,-5.48E-05
135.8,0.675016526,-5.54E-05,-5.48E-05
135.8333333,0.674905824,-5.54E-05,-5.48E-05
135.8666667,0.674795121,-5.54E-05,-5.48E-05
135.9,0.674684417,-5.54E-05,-5.48E-05
135.9333333,0.674573712,-5.54E-05,-5.48E-05
135.9666667,0.674463006,-5.54E-05,-5.48E-05
136,0.6743523,-5.54E-05,-5.48E-05
136.0333333,0.674241593,-5.54E-05,-5.48E-05
136.0666667,0.674130884,-5.54E-05,-5.48E-05
136.1,0.674020175,-5.54E-05,-5.48E-05
136.1333333,0.673909466,-5.54E-05,-5.48E-05
136.1666667,0.673798755,-5.54E-05,-5.48E-05
136.2,0.673688044,-5.54E-05,-5.48E-05
136.2333333,0.673577332,-5.54E-05,-5.48E-05
136.2666667,0.673466619,-5.54E-05,-5.48E-05
136.3,0.673355905,-5.54E-05,-5.48E-05
136.3333333,0.673245191,-5.54E-05,-5.48E-05
136.3666667,0.673134476,-5.54E-05,-5.48E-05
136.4,0.67302376,-5.54E-05,-5.48E-05
136.4333333,0.672913044,-5.54E-05,-5.48E-05
136.4666667,0.672802326,-5.54E-05,-5.48E-05
136.5,0.672691608,-5.54E-05,-5.48E-05
136.5333333,0.67258089,-5.54E-05,-5.48E-05
136.5666667,0.67247017,-5.54E-05,-5.48E-05
136.6,0.67235945,-5.54E-05,-5.48E-05
136.6333333,0.67224873,-5.54E-05,-5.48E-05
136.6666667,0.672138008,-5.54E-05,-5.48E-05
136.7,0.672027286,-5.54E-05,-5.48E-05
136.7333333,0.671916563,-5.54E-05,-5.48E-05
136.7666667,0.67180584,-5.54E-05,-5.48E-05
136.8,0.671695116,-5.54E-05,-5.48E-05
136.8333333,0.671584391,-5.54E-05,-5.48E-05
136.8666667,0.671473666,-5.54E-05,-5.48E-05
136.9,0.67136294,-5.54E-05,-5.48E-05
136.9333333,0.671252214,-5.54E-05,-5.48E-05
136.9666667,0.671141487,-5.54E-05,-5.48E-05
137,0.671030759,-5.54E-05,-5.48E-05
137.0333333,0.670920031,-5.54E-05,-5.48E-05
137.0666667,0.670809302,-5.54E-05,-5.48E-05
137.1,0.670698572,-5.54E-05,-5.48E-05
137.1333333,0.670587842,-5.54E-05,-5.48E-05
137.1666667,0.670477112,-5.54E-05,-5.48E-05
137.2,0.670366381,-5.54E-05,-5.48E-05
137.2333333,0.670255649,-5.54E-05,-5.48E-05
137.2666667,0.670144917,-5.54E-05,-5.48E-05
137.3,0.670034184,-5.54E-05,-5.48E-05
137.3333333,0.669923451,-5.54E-05,-5.48E-05
137.3666667,0.669812717,-5.54E-05,-5.48E-05
137.4,0.669701983,-5.54E-05,-5.48E-05
137.4333333,0.669591248,-5.54E-05,-5.48E-05
137.4666667,0.669480513,-5.54E-05,-5.48E-05
137.5,0.669369777,-5.54E-05,-5.48E-05
137.5333333,0.669259041,-5.54E-05,-5.48E-05
137.5666667,0.669148304,-5.54E-05,-5.48E-05
137.6,0.669037567,-5.54E-05,-5.48E-05
137.6333333,0.66892683,-5.54E-05,-5.48E-05
137.6666667,0.668816092,-5.54E-05,-5.48E-05
137.7,0.668705353,-5.54E-05,-5.48E-05
137.7333333,0.668594615,-5.54E-05,-5.48E-05
137.7666667,0.668483875,-5.54E-05,-5.48E-05
137.8,0.668373136,-5.54E-05,-5.48E-05
137.8333333,0.668262396,-5.54E-05,-5.48E-05
137.8666667,0.668151655,-5.54E-05,-5.48E-05
137.9,0.668040914,-5.54E-05,-5.48E-05
137.9333333,0.667930173,-5.54E-05,-5.48E-05
137.9666667,0.667819431,-5.54E-05,-5.48E-05
138,0.667708689,-5.54E-05,-5.48E-05
138.0333333,0.667597947,-5.54E-05,-5.48E-05
138.0666667,0.667487204,-5.54E-05,-5.48E-05
138.1,0.667376461,-5.54E-05,-5.48E-05
138.1333333,0.667265718,-5.54E-05,-5.48E-05
138.1666667,0.667154974,-5.54E-05,-5.48E-05
138.2,0.66704423,-5.54E-05,-5.48E-05
138.2333333,0.666933486,-5.54E-05,-5.48E-05
138.2666667,0.666822741,-5.54E-05,-5.48E-05
138.3,0.666711996,-5.54E-05,-5.48E-05
138.3333333,0.666601251,-5.54E-05,-5.48E-05
138.3666667,0.666490506,-5.54E-05,-5.48E-05
138.4,0.66637976,-5.54E-05,-5.48E-05
138.4333333,0.666269014,-5.54E-05,-5.48E-05
138.4666667,0.666158267,-5.54E-05,-5.48E-05
138.5,0.666047521,-5.54E-05,-5.48E-05
138.5333333,0.665936774,-5.54E-05,-5.48E-05
138.5666667,0.665826027,-5.54E-05,-5.48E-05
138.6,0.66571528,-5.54E-05,-5.48E-05
138.6333333,0.665604532,-5.54E-05,-5.48E-05
138.6666667,0.665493785,-5.54E-05,-5.48E-05
138.7,0.665383037,-5.54E-05,-5.48E-05
138.7333333,0.665272289,-5.54E-05,-5.48E-05
138.7666667,0.66516154,-5.54E-05,-5.48E-05
138.8,0.665050792,-5.54E-05,-5.48E-05
138.8333333,0.664940043,-5.54E-05,-5.48E-05
138.8666667,0.664829295,-5.54E-05,-5.48E-05
138.9,0.664718546,-5.54E-05,-5.48E-05
138.9333333,0.664607796,-5.54E-05,-5.48E-05
138.9666667,0.664497047,-5.54E-05,-5.48E-05
139,0.664386298,-5.54E-05,-5.48E-05
139.0333333,0.664275548,-5.54E-05,-5.48E-05
139.0666667,0.664164799,-5.54E-05,-5.48E-05
139.1,0.664054049,-5.54E-05,-5.48E-05
139.1333333,0.663943299,-5.54E-05,-5.48E-05
139.1666667,0.663832549,-5.54E-05,-5.48E-05
139.2,0.663721799,-5.54E-05,-5.48E-05
139.2333333,0.663611049,-5.54E-05,-5.48E-05
139.2666667,0.663500299,-5.54E-05,-5.48E-05
139.3,0.663389548,-5.54E-05,-5.48E-05
139.3333333,0.663278798,-5.54E-05,-5.48E-05
139.3666667,0.663168048,-5.54E-05,-5.48E-05
139.4,0.663057297,-5.54E-05,-5.48E-05
139.4333333,0.662946547,-5.54E-05,-5.48E-05
139.4666667,0.662835796,-5.54E-05,-5.48E-05
139.5,0.662725045,-5.54E-05,-5.48E-05
139.5333333,0.662614295,-5.54E-05,-5.48E-05
139.5666667,0.662503544,-5.54E-05,-5.48E-05
139.6,0.662392794,-5.54E-05,-5.48E-05
139.6333333,0.662282043,-5.54E-05,-5.48E-05
139.6666667,0.662171293,-5.54E-05,-5.48E-05
139.7,0.662060542,-5.54E-05,-5.48E-05
139.7333333,0.661949792,-5.54E-05,-5.48E-05
139.7666667,0.661839041,-5.54E-05,-5.48E-05
139.8,0.661728291,-5.54E-05,-5.48E-05
139.8333333,0.66161754,-5.54E-05,-5.48E-05
139.8666667,0.66150679,-5.54E-05,-5.48E-05
139.9,0.66139604,-5.54E-05,-5.48E-05
139.9333333,0.661285289,-5.54E-05,-5.48E-05
139.9666667,0.661174539,-5.54E-05,-5.48E-05
140,0.661063789,-5.54E-05,-5.48E-05
140.0333333,0.660953039,-5.54E-05,-5.48E-05
140.0666667,0.66084229,-5.54E-05,-5.48E-05
140.1,0.66073154,-5.54E-05,-5.48E-05
140.1333333,0.66062079,-5.54E-05,-5.48E-05
140.1666667,0.660510041,-5.54E-05,-5.48E-05
140.2,0.660399292,-5.54E-05,-5.48E-05
140.2333333,0.660288542,-5.54E-05,-5.48E-05
140.2666667,0.660177793,-5.54E-05,-5.48E-05
140.3,0.660067044,-5.54E-05,-5.48E-05
140.3333333,0.659956296,-5.54E-05,-5.48E-05
140.3666667,0.659845547,-5.54E-05,-5.48E-05
140.4,0.659734799,-5.54E-05,-5.48E-05
140.4333333,0.659624051,-5.54E-05,-5.48E-05
140.4666667,0.659513303,-5.54E-05,-5.48E-05
140.5,0.659402555,-5.54E-05,-5.48E-05
140.5333333,0.659291807,-5.54E-05,-5.48E-05
140.5666667,0.65918106,-5.54E-05,-5.48E-05
140.6,0.659070313,-5.54E-05,-5.48E-05
140.6333333,0.658959566,-5.54E-05,-5.48E-05
140.6666667,0.658848819,-5.54E-05,-5.48E-05
140.7,0.658738073,-5.54E-05,-5.48E-05
140.7333333,0.658627327,-5.54E-05,-5.48E-05
140.7666667,0.658516581,-5.54E-05,-5.48E-05
140.8,0.658405835,-5.54E-05,-5.48E-05
140.8333333,0.65829509,-5.54E-05,-5.48E-05
140.8666667,0.658184345,-5.54E-05,-5.48E-05
140.9,0.6580736,-5.54E-05,-5.48E-05
140.9333333,0.657962855,-5.54E-05,-5.48E-05
140.9666667,0.657852111,-5.54E-05,-5.48E-05
141,0.657741367,-5.54E-05,-5.48E-05
141.0333333,0.657630624,-5.54E-05,-5.48E-05
141.0666667,0.65751988,-5.54E-05,-5.48E-05
141.1,0.657409137,-5.54E-05,-5.48E-05
141.1333333,0.657298395,-5.54E-05,-5.48E-05
141.1666667,0.657187653,-5.54E-05,-5.48E-05
141.2,0.657076911,-5.54E-05,-5.48E-05
141.2333333,0.656966169,-5.54E-05,-5.48E-05
141.2666667,0.656855428,-5.54E-05,-5.48E-05
141.3,0.656744687,-5.54E-05,-5.48E-05
141.3333333,0.656633947,-5.54E-05,-5.48E-05
141.3666667,0.656523207,-5.54E-05,-5.48E-05
141.4,0.656412467,-5.54E-05,-5.48E-05
141.4333333,0.656301728,-5.54E-05,-5.48E-05
141.4666667,0.65619099,-5.54E-05,-5.48E-05
141.5,0.656080251,-5.54E-05,-5.48E-05
141.5333333,0.655969513,-5.54E-05,-5.48E-05
141.5666667,0.655858776,-5.54E-05,-5.48E-05
141.6,0.655748039,-5.54E-05,-5.48E-05
141.6333333,0.655637302,-5.54E-05,-5.48E-05
141.6666667,0.655526566,-5.54E-05,-5.48E-05
141.7,0.655415831,-5.54E-05,-5.48E-05
141.7333333,0.655305095,-5.54E-05,-5.48E-05
141.7666667,0.655194361,-5.54E-05,-5.48E-05
141.8,0.655083627,-5.54E-05,-5.48E-05
141.8333333,0.654972893,-5.54E-05,-5.48E-05
141.8666667,0.65486216,-5.54E-05,-5.47E-05
141.9,0.654751427,-5.54E-05,-5.47E-05
141.9333333,0.654640695,-5.54E-05,-5.47E-05
141.9666667,0.654529963,-5.54E-05,-5.47E-05
142,0.654419232,-5.54E-05,-5.47E-05
142.0333333,0.654308502,-5.54E-05,-5.47E-05
142.0666667,0.654197772,-5.54E-05,-5.47E-05
142.1,0.654087042,-5.54E-05,-5.47E-05
142.1333333,0.653976313,-5.54E-05,-5.47E-05
142.1666667,0.653865585,-5.54E-05,-5.47E-05
142.2,0.653754857,-5.54E-05,-5.47E-05
142.2333333,0.65364413,-5.54E-05,-5.47E-05
142.2666667,0.653533404,-5.54E-05,-5.47E-05
142.3,0.653422678,-5.54E-05,-5.47E-05
142.3333333,0.653311952,-5.54E-05,-5.47E-05
142.3666667,0.653201228,-5.54E-05,-5.47E-05
142.4,0.653090504,-5.54E-05,-5.47E-05
142.4333333,0.65297978,-5.54E-05,-5.47E-05
142.4666667,0.652869057,-5.54E-05,-5.47E-05
142.5,0.652758335,-5.54E-05,-5.47E-05
142.5333333,0.652647613,-5.54E-05,-5.47E-05
142.5666667,0.652536893,-5.54E-05,-5.47E-05
142.6,0.652426172,-5.54E-05,-5.47E-05
142.6333333,0.652315453,-5.54E-05,-5.47E-05
142.6666667,0.652204734,-5.54E-05,-5.47E-05
142.7,0.652094016,-5.54E-05,-5.47E-05
142.7333333,0.651983298,-5.54E-05,-5.47E-05
142.7666667,0.651872581,-5.54E-05,-5.47E-05
142.8,0.651761865,-5.54E-05,-5.47E-05
142.8333333,0.65165115,-5.54E-05,-5.47E-05
142.8666667,0.651540435,-5.54E-05,-5.47E-05
142.9,0.651429721,-5.54E-05,-5.47E-05
142.9333333,0.651319008,-5.54E-05,-5.47E-05
142.9666667,0.651208296,-5.54E-05,-5.47E-05
143,0.651097584,-5.54E-05,-5.47E-05
143.0333333,0.650986873,-5.54E-05,-5.47E-05
143.0666667,0.650876163,-5.54E-05,-5.47E-05
143.1,0.650765454,-5.54E-05,-5.47E-05
143.1333333,0.650654745,-5.54E-05,-5.47E-05
143.1666667,0.650544037,-5.54E-05,-5.47E-05
143.2,0.65043333,-5.54E-05,-5.47E-05
143.2333333,0.650322624,-5.54E-05,-5.47E-05
143.2666667,0.650211919,-5.54E-05,-5.47E-05
143.3,0.650101214,-5.54E-05,-5.47E-05
143.3333333,0.64999051,-5.54E-05,-5.47E-05
143.3666667,0.649879808,-5.54E-05,-5.47E-05
143.4,0.649769105,-5.54E-05,-5.47E-05
143.4333333,0.649658404,-5.54E-05,-5.47E-05
143.4666667,0.649547704,-5.54E-05,-5.47E-05
143.5,0.649437004,-5.53E-05,-5.47E-05
143.5333333,0.649326306,-5.53E-05,-5.47E-05
143.5666667,0.649215608,-5.53E-05,-5.47E-05
143.6,0.649104911,-5.53E-05,-5.47E-05
143.6333333,0.648994215,-5.53E-05,-5.47E-05
143.6666667,0.64888352,-5.53E-05,-5.47E-05
143.7,0.648772826,-5.53E-05,-5.47E-05
143.7333333,0.648662133,-5.53E-05,-5.47E-05
143.7666667,0.64855144,-5.53E-05,-5.47E-05
143.8,0.648440749,-5.53E-05,-5.47E-05
143.8333333,0.648330058,-5.53E-05,-5.47E-05
143.8666667,0.648219369,-5.53E-05,-5.47E-05
143.9,0.64810868,-5.53E-05,-5.47E-05
143.9333333,0.647997993,-5.53E-05,-5.47E-05
143.9666667,0.647887306,-5.53E-05,-5.47E-05
144,0.64777662,-5.53E-05,-5.47E-05
144.0333333,0.647665935,-5.53E-05,-5.47E-05
144.0666667,0.647555252,-5.53E-05,-5.47E-05
144.1,0.647444569,-5.53E-05,-5.47E-05
144.1333333,0.647333887,-5.53E-05,-5.47E-05
144.1666667,0.647223206,-5.53E-05,-5.47E-05
144.2,0.647112527,-5.53E-05,-5.47E-05
144.2333333,0.647001848,-5.53E-05,-5.47E-05
144.2666667,0.64689117,-5.53E-05,-5.47E-05
144.3,0.646780494,-5.53E-05,-5.47E-05
144.3333333,0.646669818,-5.53E-05,-5.47E-05
144.3666667,0.646559143,-5.53E-05,-5.47E-05
144.4,0.64644847,-5.53E-05,-5.47E-05
144.4333333,0.646337798,-5.53E-05,-5.47E-05
144.4666667,0.646227126,-5.53E-05,-5.47E-05
144.5,0.646116456,-5.53E-05,-5.47E-05
144.5333333,0.646005787,-5.53E-05,-5.47E-05
144.5666667,0.645895119,-5.53E-05,-5.47E-05
144.6,0.645784452,-5.53E-05,-5.47E-05
144.6333333,0.645673786,-5.53E-05,-5.47E-05
144.6666667,0.645563121,-5.53E-05,-5.47E-05
144.7,0.645452457,-5.53E-05,-5.47E-05
144.7333333,0.645341795,-5.53E-05,-5.47E-05
144.7666667,0.645231133,-5.53E-05,-5.47E-05
144.8,0.645120473,-5.53E-05,-5.47E-05
144.8333333,0.645009814,-5.53E-05,-5.47E-05
144.8666667,0.644899156,-5.53E-05,-5.47E-05
144.9,0.644788499,-5.53E-05,-5.47E-05
144.9333333,0.644677844,-5.53E-05,-5.47E-05
144.9666667,0.644567189,-5.53E-05,-5.47E-05
145,0.644456536,-5.53E-05,-5.47E-05
145.0333333,0.644345884,-5.53E-05,-5.47E-05
145.0666667,0.644235233,-5.53E-05,-5.47E-05
145.1,0.644124583,-5.53E-05,-5.47E-05
145.1333333,0.644013935,-5.53E-05,-5.47E-05
145.1666667,0.643903288,-5.53E-05,-5.47E-05
145.2,0.643792642,-5.53E-05,-5.47E-05
145.2333333,0.643681997,-5.53E-05,-5.47E-05
145.2666667,0.643571353,-5.53E-05,-5.47E-05
145.3,0.643460711,-5.53E-05,-5.47E-05
145.3333333,0.64335007,-5.53E-05,-5.47E-05
145.3666667,0.64323943,-5.53E-05,-5.47E-05
145.4,0.643128792,-5.53E-05,-5.47E-05
145.4333333,0.643018155,-5.53E-05,-5.47E-05
145.4666667,0.642907519,-5.53E-05,-5.47E-05
145.5,0.642796884,-5.53E-05,-5.47E-05
145.5333333,0.642686251,-5.53E-05,-5.47E-05
145.5666667,0.642575619,-5.53E-05,-5.47E-05
145.6,0.642464988,-5.53E-05,-5.47E-05
145.6333333,0.642354359,-5.53E-05,-5.47E-05
145.6666667,0.642243731,-5.53E-05,-5.47E-05
145.7,0.642133104,-5.53E-05,-5.47E-05
145.7333333,0.642022479,-5.53E-05,-5.47E-05
145.7666667,0.641911855,-5.53E-05,-5.47E-05
145.8,0.641801232,-5.53E-05,-5.47E-05
145.8333333,0.641690611,-5.53E-05,-5.46E-05
145.8666667,0.641579991,-5.53E-05,-5.46E-05
145.9,0.641469372,-5.53E-05,-5.46E-05
145.9333333,0.641358755,-5.53E-05,-5.46E-05
145.9666667,0.641248139,-5.53E-05,-5.46E-05
146,0.641137525,-5.53E-05,-5.46E-05
146.0333333,0.641026912,-5.53E-05,-5.46E-05
146.0666667,0.6409163,-5.53E-05,-5.46E-05
146.1,0.64080569,-5.53E-05,-5.46E-05
146.1333333,0.640695082,-5.53E-05,-5.46E-05
146.1666667,0.640584474,-5.53E-05,-5.46E-05
146.2,0.640473868,-5.53E-05,-5.46E-05
146.2333333,0.640363264,-5.53E-05,-5.46E-05
146.2666667,0.640252661,-5.53E-05,-5.46E-05
146.3,0.64014206,-5.53E-05,-5.46E-05
146.3333333,0.64003146,-5.53E-05,-5.46E-05
146.3666667,0.639920861,-5.53E-05,-5.46E-05
146.4,0.639810264,-5.53E-05,-5.46E-05
146.4333333,0.639699669,-5.53E-05,-5.46E-05
146.4666667,0.639589075,-5.53E-05,-5.46E-05
146.5,0.639478482,-5.53E-05,-5.46E-05
146.5333333,0.639367891,-5.53E-05,-5.46E-05
146.5666667,0.639257301,-5.53E-05,-5.46E-05
146.6,0.639146713,-5.53E-05,-5.46E-05
146.6333333,0.639036127,-5.53E-05,-5.46E-05
146.6666667,0.638925542,-5.53E-05,-5.46E-05
146.7,0.638814959,-5.53E-05,-5.46E-05
146.7333333,0.638704377,-5.53E-05,-5.46E-05
146.7666667,0.638593797,-5.53E-05,-5.46E-05
146.8,0.638483218,-5.53E-05,-5.46E-05
146.8333333,0.638372641,-5.53E-05,-5.46E-05
146.8666667,0.638262065,-5.53E-05,-5.46E-05
146.9,0.638151491,-5.53E-05,-5.46E-05
146.9333333,0.638040919,-5.53E-05,-5.46E-05
146.9666667,0.637930348,-5.53E-05,-5.46E-05
147,0.637819779,-5.53E-05,-5.46E-05
147.0333333,0.637709212,-5.53E-05,-5.46E-05
147.0666667,0.637598646,-5.53E-05,-5.46E-05
147.1,0.637488081,-5.53E-05,-5.46E-05
147.1333333,0.637377519,-5.53E-05,-5.46E-05
147.1666667,0.637266958,-5.53E-05,-5.46E-05
147.2,0.637156399,-5.53E-05,-5.46E-05
147.2333333,0.637045841,-5.53E-05,-5.46E-05
147.2666667,0.636935285,-5.53E-05,-5.46E-05
147.3,0.636824731,-5.53E-05,-5.46E-05
147.3333333,0.636714178,-5.53E-05,-5.46E-05
147.3666667,0.636603627,-5.53E-05,-5.46E-05
147.4,0.636493078,-5.53E-05,-5.46E-05
147.4333333,0.63638253,-5.53E-05,-5.46E-05
147.4666667,0.636271984,-5.53E-05,-5.46E-05
147.5,0.63616144,-5.53E-05,-5.46E-05
147.5333333,0.636050898,-5.53E-05,-5.46E-05
147.5666667,0.635940357,-5.53E-05,-5.46E-05
147.6,0.635829818,-5.53E-05,-5.46E-05
147.6333333,0.635719281,-5.53E-05,-5.46E-05
147.6666667,0.635608745,-5.53E-05,-5.46E-05
147.7,0.635498212,-5.53E-05,-5.46E-05
147.7333333,0.63538768,-5.53E-05,-5.46E-05
147.7666667,0.635277149,-5.53E-05,-5.46E-05
147.8,0.635166621,-5.53E-05,-5.46E-05
147.8333333,0.635056094,-5.53E-05,-5.46E-05
147.8666667,0.63494557,-5.53E-05,-5.46E-05
147.9,0.634835047,-5.53E-05,-5.46E-05
147.9333333,0.634724525,-5.53E-05,-5.46E-05
147.9666667,0.634614006,-5.53E-05,-5.46E-05
148,0.634503488,-5.53E-05,-5.46E-05
148.0333333,0.634392973,-5.53E-05,-5.46E-05
148.0666667,0.634282459,-5.53E-05,-5.46E-05
148.1,0.634171947,-5.53E-05,-5.46E-05
148.1333333,0.634061436,-5.53E-05,-5.46E-05
148.1666667,0.633950928,-5.53E-05,-5.46E-05
148.2,0.633840421,-5.53E-05,-5.46E-05
148.2333333,0.633729917,-5.53E-05,-5.46E-05
148.2666667,0.633619414,-5.53E-05,-5.46E-05
148.3,0.633508913,-5.53E-05,-5.46E-05
148.3333333,0.633398414,-5.52E-05,-5.46E-05
148.3666667,0.633287917,-5.52E-05,-5.46E-05
148.4,0.633177422,-5.52E-05,-5.46E-05
148.4333333,0.633066928,-5.52E-05,-5.46E-05
148.4666667,0.632956437,-5.52E-05,-5.46E-05
148.5,0.632845947,-5.52E-05,-5.46E-05
148.5333333,0.63273546,-5.52E-05,-5.46E-05
148.5666667,0.632624974,-5.52E-05,-5.46E-05
148.6,0.632514491,-5.52E-05,-5.46E-05
148.6333333,0.632404009,-5.52E-05,-5.46E-05
148.6666667,0.632293529,-5.52E-05,-5.45E-05
148.7,0.632183051,-5.52E-05,-5.45E-05
148.7333333,0.632072576,-5.52E-05,-5.45E-05
148.7666667,0.631962102,-5.52E-05,-5.45E-05
148.8,0.63185163,-5.52E-05,-5.45E-05
148.8333333,0.63174116,-5.52E-05,-5.45E-05
148.8666667,0.631630692,-5.52E-05,-5.45E-05
148.9,0.631520226,-5.52E-05,-5.45E-05
148.9333333,0.631409762,-5.52E-05,-5.45E-05
148.9666667,0.631299301,-5.52E-05,-5.45E-05
149,0.631188841,-5.52E-05,-5.45E-05
149.0333333,0.631078383,-5.52E-05,-5.45E-05
149.0666667,0.630967927,-5.52E-05,-5.45E-05
149.1,0.630857473,-5.52E-05,-5.45E-05
149.1333333,0.630747022,-5.52E-05,-5.45E-05
149.1666667,0.630636572,-5.52E-05,-5.45E-05
149.2,0.630526125,-5.52E-05,-5.45E-05
149.2333333,0.630415679,-5.52E-05,-5.45E-05
149.2666667,0.630305236,-5.52E-05,-5.45E-05
149.3,0.630194795,-5.52E-05,-5.45E-05
149.3333333,0.630084355,-5.52E-05,-5.45E-05
149.3666667,0.629973918,-5.52E-05,-5.45E-05
149.4,0.629863483,-5.52E-05,-5.45E-05
149.4333333,0.629753051,-5.52E-05,-5.45E-05
149.4666667,0.62964262,-5.52E-05,-5.45E-05
149.5,0.629532191,-5.52E-05,-5.45E-05
149.5333333,0.629421765,-5.52E-05,-5.45E-05
149.5666667,0.62931134,-5.52E-05,-5.45E-05
149.6,0.629200918,-5.52E-05,-5.45E-05
149.6333333,0.629090498,-5.52E-05,-5.45E-05
149.6666667,0.62898008,-5.52E-05,-5.45E-05
149.7,0.628869665,-5.52E-05,-5.45E-05
149.7333333,0.628759251,-5.52E-05,-5.45E-05
149.7666667,0.62864884,-5.52E-05,-5.45E-05
149.8,0.628538431,-5.52E-05,-5.45E-05
149.8333333,0.628428024,-5.52E-05,-5.45E-05
149.8666667,0.628317619,-5.52E-05,-5.45E-05
149.9,0.628207216,-5.52E-05,-5.45E-05
149.9333333,0.628096816,-5.52E-05,-5.45E-05
149.9666667,0.627986418,-5.52E-05,-5.45E-05
150,0.627876022,-5.52E-05,-5.45E-05
150.0333333,0.627765629,-5.52E-05,-5.45E-05
150.0666667,0.627655237,-5.52E-05,-5.45E-05
150.1,0.627544848,-5.52E-05,-5.45E-05
150.1333333,0.627434461,-5.52E-05,-5.45E-05
150.1666667,0.627324077,-5.52E-05,-5.45E-05
150.2,0.627213694,-5.52E-05,-5.45E-05
150.2333333,0.627103314,-5.52E-05,-5.45E-05
150.2666667,0.626992936,-5.52E-05,-5.45E-05
150.3,0.626882561,-5.52E-05,-5.45E-05
150.3333333,0.626772188,-5.52E-05,-5.45E-05
150.3666667,0.626661817,-5.52E-05,-5.45E-05
150.4,0.626551448,-5.52E-05,-5.45E-05
150.4333333,0.626441082,-5.52E-05,-5.45E-05
150.4666667,0.626330718,-5.52E-05,-5.45E-05
150.5,0.626220357,-5.52E-05,-5.45E-05
150.5333333,0.626109997,-5.52E-05,-5.45E-05
150.5666667,0.62599964,-5.52E-05,-5.45E-05
150.6,0.625889286,-5.52E-05,-5.45E-05
150.6333333,0.625778934,-5.52E-05,-5.45E-05
150.6666667,0.625668584,-5.52E-05,-5.45E-05
150.7,0.625558236,-5.52E-05,-5.45E-05
150.7333333,0.625447891,-5.52E-05,-5.45E-05
150.7666667,0.625337549,-5.52E-05,-5.45E-05
150.8,0.625227208,-5.52E-05,-5.45E-05
150.8333333,0.62511687,-5.52E-05,-5.45E-05
150.8666667,0.625006535,-5.52E-05,-5.45E-05
150.9,0.624896202,-5.52E-05,-5.45E-05
150.9333333,0.624785871,-5.52E-05,-5.45E-05
150.9666667,0.624675543,-5.52E-05,-5.44E-05
151,0.624565217,-5.52E-05,-5.44E-05
151.0333333,0.624454894,-5.52E-05,-5.44E-05
151.0666667,0.624344573,-5.52E-05,-5.44E-05
151.1,0.624234254,-5.52E-05,-5.44E-05
151.1333333,0.624123938,-5.52E-05,-5.44E-05
151.1666667,0.624013625,-5.52E-05,-5.44E-05
151.2,0.623903314,-5.52E-05,-5.44E-05
151.2333333,0.623793005,-5.52E-05,-5.44E-05
151.2666667,0.623682699,-5.52E-05,-5.44E-05
151.3,0.623572396,-5.52E-05,-5.44E-05
151.3333333,0.623462095,-5.52E-05,-5.44E-05
151.3666667,0.623351796,-5.51E-05,-5.44E-05
151.4,0.6232415,-5.51E-05,-5.44E-05
151.4333333,0.623131206,-5.51E-05,-5.44E-05
151.4666667,0.623020915,-5.51E-05,-5.44E-05
151.5,0.622910627,-5.51E-05,-5.44E-05
151.5333333,0.622800341,-5.51E-05,-5.44E-05
151.5666667,0.622690057,-5.51E-05,-5.44E-05
151.6,0.622579777,-5.51E-05,-5.44E-05
151.6333333,0.622469498,-5.51E-05,-5.44E-05
151.6666667,0.622359223,-5.51E-05,-5.44E-05
151.7,0.622248949,-5.51E-05,-5.44E-05
151.7333333,0.622138679,-5.51E-05,-5.44E-05
151.7666667,0.622028411,-5.51E-05,-5.44E-05
151.8,0.621918146,-5.51E-05,-5.44E-05
151.8333333,0.621807883,-5.51E-05,-5.44E-05
151.8666667,0.621697623,-5.51E-05,-5.44E-05
151.9,0.621587365,-5.51E-05,-5.44E-05
151.9333333,0.62147711,-5.51E-05,-5.44E-05
151.9666667,0.621366858,-5.51E-05,-5.44E-05
152,0.621256608,-5.51E-05,-5.44E-05
152.0333333,0.621146361,-5.51E-05,-5.44E-05
152.0666667,0.621036117,-5.51E-05,-5.44E-05
152.1,0.620925875,-5.51E-05,-5.44E-05
152.1333333,0.620815636,-5.51E-05,-5.44E-05
152.1666667,0.620705399,-5.51E-05,-5.44E-05
152.2,0.620595166,-5.51E-05,-5.44E-05
152.2333333,0.620484935,-5.51E-05,-5.44E-05
152.2666667,0.620374706,-5.51E-05,-5.44E-05
152.3,0.620264481,-5.51E-05,-5.44E-05
152.3333333,0.620154258,-5.51E-05,-5.44E-05
152.3666667,0.620044037,-5.51E-05,-5.44E-05
152.4,0.61993382,-5.51E-05,-5.44E-05
152.4333333,0.619823605,-5.51E-05,-5.44E-05
152.4666667,0.619713393,-5.51E-05,-5.44E-05
152.5,0.619603183,-5.51E-05,-5.44E-05
152.5333333,0.619492977,-5.51E-05,-5.44E-05
152.5666667,0.619382773,-5.51E-05,-5.44E-05
152.6,0.619272572,-5.51E-05,-5.44E-05
152.6333333,0.619162373,-5.51E-05,-5.44E-05
152.6666667,0.619052178,-5.51E-05,-5.44E-05
152.7,0.618941985,-5.51E-05,-5.44E-05
152.7333333,0.618831795,-5.51E-05,-5.44E-05
152.7666667,0.618721608,-5.51E-05,-5.44E-05
152.8,0.618611423,-5.51E-05,-5.44E-05
152.8333333,0.618501241,-5.51E-05,-5.44E-05
152.8666667,0.618391063,-5.51E-05,-5.44E-05
152.9,0.618280887,-5.51E-05,-5.44E-05
152.9333333,0.618170713,-5.51E-05,-5.44E-05
152.9666667,0.618060543,-5.51E-05,-5.44E-05
153,0.617950375,-5.51E-05,-5.43E-05
153.0333333,0.617840211,-5.51E-05,-5.43E-05
153.0666667,0.617730049,-5.51E-05,-5.43E-05
153.1,0.61761989,-5.51E-05,-5.43E-05
153.1333333,0.617509733,-5.51E-05,-5.43E-05
153.1666667,0.61739958,-5.51E-05,-5.43E-05
153.2,0.61728943,-5.51E-05,-5.43E-05
153.2333333,0.617179282,-5.51E-05,-5.43E-05
153.2666667,0.617069137,-5.51E-05,-5.43E-05
153.3,0.616958996,-5.51E-05,-5.43E-05
153.3333333,0.616848857,-5.51E-05,-5.43E-05
153.3666667,0.616738721,-5.51E-05,-5.43E-05
153.4,0.616628588,-5.51E-05,-5.43E-05
153.4333333,0.616518458,-5.51E-05,-5.43E-05
153.4666667,0.61640833,-5.51E-05,-5.43E-05
153.5,0.616298206,-5.51E-05,-5.43E-05
153.5333333,0.616188085,-5.51E-05,-5.43E-05
153.5666667,0.616077966,-5.51E-05,-5.43E-05
153.6,0.615967851,-5.51E-05,-5.43E-05
153.6333333,0.615857738,-5.51E-05,-5.43E-05
153.6666667,0.615747629,-5.51E-05,-5.43E-05
153.7,0.615637522,-5.51E-05,-5.43E-05
153.7333333,0.615527418,-5.51E-05,-5.43E-05
153.7666667,0.615417318,-5.51E-05,-5.43E-05
153.8,0.61530722,-5.50E-05,-5.43E-05
153.8333333,0.615197126,-5.50E-05,-5.43E-05
153.8666667,0.615087034,-5.50E-05,-5.43E-05
153.9,0.614976945,-5.50E-05,-5.43E-05
153.9333333,0.61486686,-5.50E-05,-5.43E-05
153.9666667,0.614756777,-5.50E-05,-5.43E-05
154,0.614646698,-5.50E-05,-5.43E-05
154.0333333,0.614536621,-5.50E-05,-5.43E-05
154.0666667,0.614426548,-5.50E-05,-5.43E-05
154.1,0.614316477,-5.50E-05,-5.43E-05
154.1333333,0.61420641,-5.50E-05,-5.43E-05
154.1666667,0.614096346,-5.50E-05,-5.43E-05
154.2,0.613986284,-5.50E-05,-5.43E-05
154.2333333,0.613876226,-5.50E-05,-5.43E-05
154.2666667,0.613766171,-5.50E-05,-5.43E-05
154.3,0.613656119,-5.50E-05,-5.43E-05
154.3333333,0.61354607,-5.50E-05,-5.43E-05
154.3666667,0.613436024,-5.50E-05,-5.43E-05
154.4,0.613325982,-5.50E-05,-5.43E-05
154.4333333,0.613215942,-5.50E-05,-5.43E-05
154.4666667,0.613105906,-5.50E-05,-5.43E-05
154.5,0.612995872,-5.50E-05,-5.43E-05
154.5333333,0.612885842,-5.50E-05,-5.43E-05
154.5666667,0.612775815,-5.50E-05,-5.43E-05
154.6,0.612665791,-5.50E-05,-5.43E-05
154.6333333,0.61255577,-5.50E-05,-5.43E-05
154.6666667,0.612445753,-5.50E-05,-5.43E-05
154.7,0.612335738,-5.50E-05,-5.43E-05
154.7333333,0.612225727,-5.50E-05,-5.43E-05
154.7666667,0.612115719,-5.50E-05,-5.43E-05
154.8,0.612005714,-5.50E-05,-5.43E-05
154.8333333,0.611895712,-5.50E-05,-5.42E-05
154.8666667,0.611785714,-5.50E-05,-5.42E-05
154.9,0.611675718,-5.50E-05,-5.42E-05
154.9333333,0.611565726,-5.50E-05,-5.42E-05
154.9666667,0.611455737,-5.50E-05,-5.42E-05
155,0.611345752,-5.50E-05,-5.42E-05
155.0333333,0.611235769,-5.50E-05,-5.42E-05
155.0666667,0.61112579,-5.50E-05,-5.42E-05
155.1,0.611015814,-5.50E-05,-5.42E-05
155.1333333,0.610905841,-5.50E-05,-5.42E-05
155.1666667,0.610795872,-5.50E-05,-5.42E-05
155.2,0.610685906,-5.50E-05,-5.42E-05
155.2333333,0.610575943,-5.50E-05,-5.42E-05
155.2666667,0.610465983,-5.50E-05,-5.42E-05
155.3,0.610356027,-5.50E-05,-5.42E-05
155.3333333,0.610246074,-5.50E-05,-5.42E-05
155.3666667,0.610136124,-5.50E-05,-5.42E-05
155.4,0.610026178,-5.50E-05,-5.42E-05
155.4333333,0.609916234,-5.50E-05,-5.42E-05
155.4666667,0.609806295,-5.50E-05,-5.42E-05
155.5,0.609696358,-5.50E-05,-5.42E-05
155.5333333,0.609586425,-5.50E-05,-5.42E-05
155.5666667,0.609476495,-5.50E-05,-5.42E-05
155.6,0.609366568,-5.50E-05,-5.42E-05
155.6333333,0.609256645,-5.50E-05,-5.42E-05
155.6666667,0.609146725,-5.50E-05,-5.42E-05
155.7,0.609036809,-5.50E-05,-5.42E-05
155.7333333,0.608926896,-5.50E-05,-5.42E-05
155.7666667,0.608816986,-5.50E-05,-5.42E-05
155.8,0.60870708,-5.50E-05,-5.42E-05
155.8333333,0.608597177,-5.50E-05,-5.42E-05
155.8666667,0.608487277,-5.49E-05,-5.42E-05
155.9,0.608377381,-5.49E-05,-5.42E-05
155.9333333,0.608267488,-5.49E-05,-5.42E-05
155.9666667,0.608157599,-5.49E-05,-5.42E-05
156,0.608047713,-5.49E-05,-5.42E-05
156.0333333,0.60793783,-5.49E-05,-5.42E-05
156.0666667,0.607827951,-5.49E-05,-5.42E-05
156.1,0.607718075,-5.49E-05,-5.42E-05
156.1333333,0.607608203,-5.49E-05,-5.42E-05
156.1666667,0.607498334,-5.49E-05,-5.42E-05
156.2,0.607388469,-5.49E-05,-5.42E-05
156.2333333,0.607278607,-5.49E-05,-5.42E-05
156.2666667,0.607168749,-5.49E-05,-5.42E-05
156.3,0.607058894,-5.49E-05,-5.42E-05
156.3333333,0.606949042,-5.49E-05,-5.42E-05
156.3666667,0.606839194,-5.49E-05,-5.42E-05
156.4,0.60672935,-5.49E-05,-5.42E-05
156.4333333,0.606619509,-5.49E-05,-5.42E-05
156.4666667,0.606509671,-5.49E-05,-5.42E-05
156.5,0.606399837,-5.49E-05,-5.41E-05
156.5333333,0.606290007,-5.49E-05,-5.41E-05
156.5666667,0.60618018,-5.49E-05,-5.41E-05
156.6,0.606070357,-5.49E-05,-5.41E-05
156.6333333,0.605960537,-5.49E-05,-5.41E-05
156.6666667,0.60585072,-5.49E-05,-5.41E-05
156.7,0.605740908,-5.49E-05,-5.41E-05
156.7333333,0.605631098,-5.49E-05,-5.41E-05
156.7666667,0.605521293,-5.49E-05,-5.41E-05
156.8,0.605411491,-5.49E-05,-5.41E-05
156.8333333,0.605301692,-5.49E-05,-5.41E-05
156.8666667,0.605191897,-5.49E-05,-5.41E-05
156.9,0.605082106,-5.49E-05,-5.41E-05
156.9333333,0.604972318,-5.49E-05,-5.41E-05
156.9666667,0.604862534,-5.49E-05,-5.41E-05
157,0.604752753,-5.49E-05,-5.41E-05
157.0333333,0.604642977,-5.49E-05,-5.41E-05
157.0666667,0.604533203,-5.49E-05,-5.41E-05
157.1,0.604423434,-5.49E-05,-5.41E-05
157.1333333,0.604313667,-5.49E-05,-5.41E-05
157.1666667,0.604203905,-5.49E-05,-5.41E-05
157.2,0.604094146,-5.49E-05,-5.41E-05
157.2333333,0.603984391,-5.49E-05,-5.41E-05
157.2666667,0.60387464,-5.49E-05,-5.41E-05
157.3,0.603764892,-5.49E-05,-5.41E-05
157.3333333,0.603655148,-5.49E-05,-5.41E-05
157.3666667,0.603545407,-5.49E-05,-5.41E-05
157.4,0.603435671,-5.49E-05,-5.41E-05
157.4333333,0.603325937,-5.49E-05,-5.41E-05
157.4666667,0.603216208,-5.49E-05,-5.41E-05
157.5,0.603106482,-5.49E-05,-5.41E-05
157.5333333,0.60299676,-5.49E-05,-5.41E-05
157.5666667,0.602887042,-5.49E-05,-5.41E-05
157.6,0.602777328,-5.49E-05,-5.41E-05
157.6333333,0.602667617,-5.49E-05,-5.41E-05
157.6666667,0.60255791,-5.49E-05,-5.41E-05
157.7,0.602448206,-5.49E-05,-5.41E-05
157.7333333,0.602338507,-5.48E-05,-5.41E-05
157.7666667,0.602228811,-5.48E-05,-5.41E-05
157.8,0.602119119,-5.48E-05,-5.41E-05
157.8333333,0.60200943,-5.48E-05,-5.41E-05
157.8666667,0.601899746,-5.48E-05,-5.41E-05
157.9,0.601790065,-5.48E-05,-5.41E-05
157.9333333,0.601680388,-5.48E-05,-5.41E-05
157.9666667,0.601570715,-5.48E-05,-5.41E-05
158,0.601461045,-5.48E-05,-5.41E-05
158.0333333,0.60135138,-5.48E-05,-5.41E-05
158.0666667,0.601241718,-5.48E-05,-5.40E-05
158.1,0.60113206,-5.48E-05,-5.40E-05
158.1333333,0.601022406,-5.48E-05,-5.40E-05
158.1666667,0.600912755,-5.48E-05,-5.40E-05
158.2,0.600803109,-5.48E-05,-5.40E-05
158.2333333,0.600693466,-5.48E-05,-5.40E-05
158.2666667,0.600583827,-5.48E-05,-5.40E-05
158.3,0.600474192,-5.48E-05,-5.40E-05
158.3333333,0.600364561,-5.48E-05,-5.40E-05
158.3666667,0.600254934,-5.48E-05,-5.40E-05
158.4,0.60014531,-5.48E-05,-5.40E-05
158.4333333,0.600035691,-5.48E-05,-5.40E-05
158.4666667,0.599926075,-5.48E-05,-5.40E-05
158.5,0.599816463,-5.48E-05,-5.40E-05
158.5333333,0.599706855,-5.48E-05,-5.40E-05
158.5666667,0.599597251,-5.48E-05,-5.40E-05
158.6,0.599487651,-5.48E-05,-5.40E-05
158.6333333,0.599378055,-5.48E-05,-5.40E-05
158.6666667,0.599268463,-5.48E-05,-5.40E-05
158.7,0.599158875,-5.48E-05,-5.40E-05
158.7333333,0.59904929,-5.48E-05,-5.40E-05
158.7666667,0.59893971,-5.48E-05,-5.40E-05
158.8,0.598830133,-5.48E-05,-5.40E-05
158.8333333,0.598720561,-5.48E-05,-5.40E-05
158.8666667,0.598610992,-5.48E-05,-5.40E-05
158.9,0.598501428,-5.48E-05,-5.40E-05
158.9333333,0.598391867,-5.48E-05,-5.40E-05
158.9666667,0.59828231,-5.48E-05,-5.40E-05
159,0.598172758,-5.48E-05,-5.40E-05
159.0333333,0.598063209,-5.48E-05,-5.40E-05
159.0666667,0.597953664,-5.48E-05,-5.40E-05
159.1,0.597844123,-5.48E-05,-5.40E-05
159.1333333,0.597734587,-5.48E-05,-5.40E-05
159.1666667,0.597625054,-5.48E-05,-5.40E-05
159.2,0.597515525,-5.48E-05,-5.40E-05
159.2333333,0.597406001,-5.48E-05,-5.40E-05
159.2666667,0.59729648,-5.48E-05,-5.40E-05
159.3,0.597186963,-5.48E-05,-5.40E-05
159.3333333,0.597077451,-5.48E-05,-5.40E-05
159.3666667,0.596967942,-5.48E-05,-5.40E-05
159.4,0.596858438,-5.48E-05,-5.40E-05
159.4333333,0.596748937,-5.48E-05,-5.40E-05
159.4666667,0.596639441,-5.47E-05,-5.40E-05
159.5,0.596529949,-5.47E-05,-5.39E-05
159.5333333,0.596420461,-5.47E-05,-5.39E-05
159.5666667,0.596310976,-5.47E-05,-5.39E-05
159.6,0.596201496,-5.47E-05,-5.39E-05
159.6333333,0.596092021,-5.47E-05,-5.39E-05
159.6666667,0.595982549,-5.47E-05,-5.39E-05
159.7,0.595873081,-5.47E-05,-5.39E-05
159.7333333,0.595763617,-5.47E-05,-5.39E-05
159.7666667,0.595654158,-5.47E-05,-5.39E-05
159.8,0.595544703,-5.47E-05,-5.39E-05
159.8333333,0.595435251,-5.47E-05,-5.39E-05
159.8666667,0.595325804,-5.47E-05,-5.39E-05
159.9,0.595216361,-5.47E-05,-5.39E-05
159.9333333,0.595106923,-5.47E-05,-5.39E-05
159.9666667,0.594997488,-5.47E-05,-5.39E-05
160,0.594888058,-5.47E-05,-5.39E-05
160.0333333,0.594778631,-5.47E-05,-5.39E-05
160.0666667,0.594669209,-5.47E-05,-5.39E-05
160.1,0.594559791,-5.47E-05,-5.39E-05
160.1333333,0.594450378,-5.47E-05,-5.39E-05
160.1666667,0.594340968,-5.47E-05,-5.39E-05
160.2,0.594231563,-5.47E-05,-5.39E-05
160.2333333,0.594122162,-5.47E-05,-5.39E-05
160.2666667,0.594012765,-5.47E-05,-5.39E-05
160.3,0.593903372,-5.47E-05,-5.39E-05
160.3333333,0.593793984,-5.47E-05,-5.39E-05
160.3666667,0.593684599,-5.47E-05,-5.39E-05
160.4,0.59357522,-5.47E-05,-5.39E-05
160.4333333,0.593465844,-5.47E-05,-5.39E-05
160.4666667,0.593356472,-5.47E-05,-5.39E-05
160.5,0.593247105,-5.47E-05,-5.39E-05
160.5333333,0.593137742,-5.47E-05,-5.39E-05
160.5666667,0.593028383,-5.47E-05,-5.39E-05
160.6,0.592919029,-5.47E-05,-5.39E-05
160.6333333,0.592809679,-5.47E-05,-5.39E-05
160.6666667,0.592700333,-5.47E-05,-5.39E-05
160.7,0.592590991,-5.47E-05,-5.39E-05
160.7333333,0.592481654,-5.47E-05,-5.39E-05
160.7666667,0.592372321,-5.47E-05,-5.39E-05
160.8,0.592262992,-5.47E-05,-5.39E-05
160.8333333,0.592153668,-5.47E-05,-5.39E-05
160.8666667,0.592044348,-5.47E-05,-5.39E-05
160.9,0.591935032,-5.47E-05,-5.38E-05
160.9333333,0.591825721,-5.47E-05,-5.38E-05
160.9666667,0.591716414,-5.47E-05,-5.38E-05
161,0.591607111,-5.47E-05,-5.38E-05
161.0333333,0.591497813,-5.46E-05,-5.38E-05
161.0666667,0.591388519,-5.46E-05,-5.38E-05
161.1,0.59127923,-5.46E-05,-5.38E-05
161.1333333,0.591169944,-5.46E-05,-5.38E-05
161.1666667,0.591060663,-5.46E-05,-5.38E-05
161.2,0.590951387,-5.46E-05,-5.38E-05
161.2333333,0.590842115,-5.46E-05,-5.38E-05
161.2666667,0.590732847,-5.46E-05,-5.38E-05
161.3,0.590623584,-5.46E-05,-5.38E-05
161.3333333,0.590514325,-5.46E-05,-5.38E-05
161.3666667,0.590405071,-5.46E-05,-5.38E-05
161.4,0.590295821,-5.46E-05,-5.38E-05
161.4333333,0.590186575,-5.46E-05,-5.38E-05
161.4666667,0.590077334,-5.46E-05,-5.38E-05
161.5,0.589968097,-5.46E-05,-5.38E-05
161.5333333,0.589858865,-5.46E-05,-5.38E-05
161.5666667,0.589749637,-5.46E-05,-5.38E-05
161.6,0.589640414,-5.46E-05,-5.38E-05
161.6333333,0.589531195,-5.46E-05,-5.38E-05
161.6666667,0.58942198,-5.46E-05,-5.38E-05
161.7,0.58931277,-5.46E-05,-5.38E-05
161.7333333,0.589203565,-5.46E-05,-5.38E-05
161.7666667,0.589094364,-5.46E-05,-5.38E-05
161.8,0.588985167,-5.46E-05,-5.38E-05
161.8333333,0.588875975,-5.46E-05,-5.38E-05
161.8666667,0.588766787,-5.46E-05,-5.38E-05
161.9,0.588657604,-5.46E-05,-5.38E-05
161.9333333,0.588548426,-5.46E-05,-5.38E-05
161.9666667,0.588439252,-5.46E-05,-5.38E-05
162,0.588330082,-5.46E-05,-5.38E-05
162.0333333,0.588220918,-5.46E-05,-5.38E-05
162.0666667,0.588111757,-5.46E-05,-5.38E-05
162.1,0.588002601,-5.46E-05,-5.38E-05
162.1333333,0.58789345,-5.46E-05,-5.38E-05
162.1666667,0.587784303,-5.46E-05,-5.38E-05
162.2,0.587675161,-5.46E-05,-5.38E-05
162.2333333,0.587566023,-5.46E-05,-5.37E-05
162.2666667,0.58745689,-5.46E-05,-5.37E-05
162.3,0.587347762,-5.46E-05,-5.37E-05
162.3333333,0.587238638,-5.46E-05,-5.37E-05
162.3666667,0.587129519,-5.46E-05,-5.37E-05
162.4,0.587020404,-5.46E-05,-5.37E-05
162.4333333,0.586911294,-5.46E-05,-5.37E-05
162.4666667,0.586802189,-5.46E-05,-5.37E-05
162.5,0.586693088,-5.46E-05,-5.37E-05
162.5333333,0.586583992,-5.45E-05,-5.37E-05
162.5666667,0.5864749,-5.45E-05,-5.37E-05
162.6,0.586365813,-5.45E-05,-5.37E-05
162.6333333,0.586256731,-5.45E-05,-5.37E-05
162.6666667,0.586147653,-5.45E-05,-5.37E-05
162.7,0.58603858,-5.45E-05,-5.37E-05
162.7333333,0.585929512,-5.45E-05,-5.37E-05
162.7666667,0.585820448,-5.45E-05,-5.37E-05
162.8,0.585711389,-5.45E-05,-5.37E-05
162.8333333,0.585602334,-5.45E-05,-5.37E-05
162.8666667,0.585493285,-5.45E-05,-5.37E-05
162.9,0.58538424,-5.45E-05,-5.37E-05
162.9333333,0.585275199,-5.45E-05,-5.37E-05
162.9666667,0.585166164,-5.45E-05,-5.37E-05
163,0.585057133,-5.45E-05,-5.37E-05
163.0333333,0.584948107,-5.45E-05,-5.37E-05
163.0666667,0.584839085,-5.45E-05,-5.37E-05
163.1,0.584730069,-5.45E-05,-5.37E-05
163.1333333,0.584621056,-5.45E-05,-5.37E-05
163.1666667,0.584512049,-5.45E-05,-5.37E-05
163.2,0.584403047,-5.45E-05,-5.37E-05
163.2333333,0.584294049,-5.45E-05,-5.37E-05
163.2666667,0.584185056,-5.45E-05,-5.37E-05
163.3,0.584076068,-5.45E-05,-5.37E-05
163.3333333,0.583967084,-5.45E-05,-5.37E-05
163.3666667,0.583858105,-5.45E-05,-5.37E-05
163.4,0.583749131,-5.45E-05,-5.37E-05
163.4333333,0.583640162,-5.45E-05,-5.37E-05
163.4666667,0.583531198,-5.45E-05,-5.37E-05
163.5,0.583422238,-5.45E-05,-5.36E-05
163.5333333,0.583313283,-5.45E-05,-5.36E-05
163.5666667,0.583204333,-5.45E-05,-5.36E-05
163.6,0.583095388,-5.45E-05,-5.36E-05
163.6333333,0.582986448,-5.45E-05,-5.36E-05
163.6666667,0.582877512,-5.45E-05,-5.36E-05
163.7,0.582768581,-5.45E-05,-5.36E-05
163.7333333,0.582659655,-5.45E-05,-5.36E-05
163.7666667,0.582550734,-5.45E-05,-5.36E-05
163.8,0.582441818,-5.45E-05,-5.36E-05
163.8333333,0.582332907,-5.45E-05,-5.36E-05
163.8666667,0.582224,-5.45E-05,-5.36E-05
163.9,0.582115099,-5.45E-05,-5.36E-05
163.9333333,0.582006202,-5.44E-05,-5.36E-05
163.9666667,0.58189731,-5.44E-05,-5.36E-05
164,0.581788423,-5.44E-05,-5.36E-05
164.0333333,0.581679541,-5.44E-05,-5.36E-05
164.0666667,0.581570663,-5.44E-05,-5.36E-05
164.1,0.581461791,-5.44E-05,-5.36E-05
164.1333333,0.581352924,-5.44E-05,-5.36E-05
164.1666667,0.581244061,-5.44E-05,-5.36E-05
164.2,0.581135204,-5.44E-05,-5.36E-05
164.2333333,0.581026351,-5.44E-05,-5.36E-05
164.2666667,0.580917503,-5.44E-05,-5.36E-05
164.3,0.58080866,-5.44E-05,-5.36E-05
164.3333333,0.580699822,-5.44E-05,-5.36E-05
164.3666667,0.580590989,-5.44E-05,-5.36E-05
164.4,0.580482161,-5.44E-05,-5.36E-05
164.4333333,0.580373338,-5.44E-05,-5.36E-05
164.4666667,0.58026452,-5.44E-05,-5.36E-05
164.5,0.580155707,-5.44E-05,-5.36E-05
164.5333333,0.580046899,-5.44E-05,-5.36E-05
164.5666667,0.579938096,-5.44E-05,-5.36E-05
164.6,0.579829298,-5.44E-05,-5.36E-05
164.6333333,0.579720504,-5.44E-05,-5.36E-05
164.6666667,0.579611716,-5.44E-05,-5.36E-05
164.7,0.579502933,-5.44E-05,-5.36E-05
164.7333333,0.579394155,-5.44E-05,-5.35E-05
164.7666667,0.579285382,-5.44E-05,-5.35E-05
164.8,0.579176614,-5.44E-05,-5.35E-05
164.8333333,0.579067851,-5.44E-05,-5.35E-05
164.8666667,0.578959092,-5.44E-05,-5.35E-05
164.9,0.578850339,-5.44E-05,-5.35E-05
164.9333333,0.578741591,-5.44E-05,-5.35E-05
164.9666667,0.578632848,-5.44E-05,-5.35E-05
165,0.578524111,-5.44E-05,-5.35E-05
165.0333333,0.578415378,-5.44E-05,-5.35E-05
165.0666667,0.57830665,-5.44E-05,-5.35E-05
165.1,0.578197927,-5.44E-05,-5.35E-05
165.1333333,0.57808921,-5.44E-05,-5.35E-05
165.1666667,0.577980497,-5.44E-05,-5.35E-05
165.2,0.57787179,-5.44E-05,-5.35E-05
165.2333333,0.577763087,-5.44E-05,-5.35E-05
165.2666667,0.57765439,-5.43E-05,-5.35E-05
165.3,0.577545698,-5.43E-05,-5.35E-05
165.3333333,0.577437011,-5.43E-05,-5.35E-05
165.3666667,0.577328329,-5.43E-05,-5.35E-05
165.4,0.577219652,-5.43E-05,-5.35E-05
165.4333333,0.57711098,-5.43E-05,-5.35E-05
165.4666667,0.577002314,-5.43E-05,-5.35E-05
165.5,0.576893653,-5.43E-05,-5.35E-05
165.5333333,0.576784996,-5.43E-05,-5.35E-05
165.5666667,0.576676345,-5.43E-05,-5.35E-05
165.6,0.576567699,-5.43E-05,-5.35E-05
165.6333333,0.576459058,-5.43E-05,-5.35E-05
165.6666667,0.576350423,-5.43E-05,-5.35E-05
165.7,0.576241792,-5.43E-05,-5.35E-05
165.7333333,0.576133167,-5.43E-05,-5.35E-05
165.7666667,0.576024547,-5.43E-05,-5.35E-05
165.8,0.575915932,-5.43E-05,-5.35E-05
165.8333333,0.575807323,-5.43E-05,-5.35E-05
165.8666667,0.575698718,-5.43E-05,-5.35E-05
165.9,0.575590119,-5.43E-05,-5.34E-05
165.9333333,0.575481525,-5.43E-05,-5.34E-05
165.9666667,0.575372936,-5.43E-05,-5.34E-05
166,0.575264352,-5.43E-05,-5.34E-05
166.0333333,0.575155774,-5.43E-05,-5.34E-05
166.0666667,0.575047201,-5.43E-05,-5.34E-05
166.1,0.574938633,-5.43E-05,-5.34E-05
166.1333333,0.57483007,-5.43E-05,-5.34E-05
166.1666667,0.574721513,-5.43E-05,-5.34E-05
166.2,0.574612961,-5.43E-05,-5.34E-05
166.2333333,0.574504414,-5.43E-05,-5.34E-05
166.2666667,0.574395873,-5.43E-05,-5.34E-05
166.3,0.574287336,-5.43E-05,-5.34E-05
166.3333333,0.574178805,-5.43E-05,-5.34E-05
166.3666667,0.57407028,-5.43E-05,-5.34E-05
166.4,0.573961759,-5.43E-05,-5.34E-05
166.4333333,0.573853244,-5.43E-05,-5.34E-05
166.4666667,0.573744734,-5.43E-05,-5.34E-05
166.5,0.57363623,-5.43E-05,-5.34E-05
166.5333333,0.57352773,-5.42E-05,-5.34E-05
166.5666667,0.573419237,-5.42E-05,-5.34E-05
166.6,0.573310748,-5.42E-05,-5.34E-05
166.6333333,0.573202265,-5.42E-05,-5.34E-05
166.6666667,0.573093787,-5.42E-05,-5.34E-05
166.7,0.572985314,-5.42E-05,-5.34E-05
166.7333333,0.572876847,-5.42E-05,-5.34E-05
166.7666667,0.572768385,-5.42E-05,-5.34E-05
166.8,0.572659929,-5.42E-05,-5.34E-05
166.8333333,0.572551478,-5.42E-05,-5.34E-05
166.8666667,0.572443032,-5.42E-05,-5.34E-05
166.9,0.572334592,-5.42E-05,-5.34E-05
166.9333333,0.572226157,-5.42E-05,-5.34E-05
166.9666667,0.572117727,-5.42E-05,-5.34E-05
167,0.572009303,-5.42E-05,-5.34E-05
167.0333333,0.571900884,-5.42E-05,-5.33E-05
167.0666667,0.571792471,-5.42E-05,-5.33E-05
167.1,0.571684063,-5.42E-05,-5.33E-05
167.1333333,0.571575661,-5.42E-05,-5.33E-05
167.1666667,0.571467264,-5.42E-05,-5.33E-05
167.2,0.571358872,-5.42E-05,-5.33E-05
167.2333333,0.571250486,-5.42E-05,-5.33E-05
167.2666667,0.571142105,-5.42E-05,-5.33E-05
167.3,0.57103373,-5.42E-05,-5.33E-05
167.3333333,0.57092536,-5.42E-05,-5.33E-05
167.3666667,0.570816995,-5.42E-05,-5.33E-05
167.4,0.570708636,-5.42E-05,-5.33E-05
167.4333333,0.570600283,-5.42E-05,-5.33E-05
167.4666667,0.570491935,-5.42E-05,-5.33E-05
167.5,0.570383592,-5.42E-05,-5.33E-05
167.5333333,0.570275255,-5.42E-05,-5.33E-05
167.5666667,0.570166924,-5.42E-05,-5.33E-05
167.6,0.570058598,-5.42E-05,-5.33E-05
167.6333333,0.569950277,-5.42E-05,-5.33E-05
167.6666667,0.569841962,-5.42E-05,-5.33E-05
167.7,0.569733652,-5.42E-05,-5.33E-05
167.7333333,0.569625348,-5.42E-05,-5.33E-05
167.7666667,0.56951705,-5.41E-05,-5.33E-05
167.8,0.569408757,-5.41E-05,-5.33E-05
167.8333333,0.56930047,-5.41E-05,-5.33E-05
167.8666667,0.569192188,-5.41E-05,-5.33E-05
167.9,0.569083911,-5.41E-05,-5.33E-05
167.9333333,0.568975641,-5.41E-05,-5.33E-05
167.9666667,0.568867375,-5.41E-05,-5.33E-05
168,0.568759116,-5.41E-05,-5.33E-05
168.0333333,0.568650862,-5.41E-05,-5.33E-05
168.0666667,0.568542613,-5.41E-05,-5.33E-05
168.1,0.56843437,-5.41E-05,-5.33E-05
168.1333333,0.568326133,-5.41E-05,-5.32E-05
168.1666667,0.568217901,-5.41E-05,-5.32E-05
168.2,0.568109675,-5.41E-05,-5.32E-05
168.2333333,0.568001454,-5.41E-05,-5.32E-05
168.2666667,0.567893239,-5.41E-05,-5.32E-05
168.3,0.56778503,-5.41E-05,-5.32E-05
168.3333333,0.567676826,-5.41E-05,-5.32E-05
168.3666667,0.567568628,-5.41E-05,-5.32E-05
168.4,0.567460436,-5.41E-05,-5.32E-05
168.4333333,0.567352249,-5.41E-05,-5.32E-05
168.4666667,0.567244068,-5.41E-05,-5.32E-05
168.5,0.567135892,-5.41E-05,-5.32E-05
168.5333333,0.567027722,-5.41E-05,-5.32E-05
168.5666667,0.566919558,-5.41E-05,-5.32E-05
168.6,0.5668114,-5.41E-05,-5.32E-05
168.6333333,0.566703247,-5.41E-05,-5.32E-05
168.6666667,0.5665951,-5.41E-05,-5.32E-05
168.7,0.566486958,-5.41E-05,-5.32E-05
168.7333333,0.566378822,-5.41E-05,-5.32E-05
168.7666667,0.566270692,-5.41E-05,-5.32E-05
168.8,0.566162568,-5.41E-05,-5.32E-05
168.8333333,0.566054449,-5.41E-05,-5.32E-05
168.8666667,0.565946336,-5.41E-05,-5.32E-05
168.9,0.565838228,-5.41E-05,-5.32E-05
168.9333333,0.565730127,-5.41E-05,-5.32E-05
168.9666667,0.565622031,-5.40E-05,-5.32E-05
169,0.565513941,-5.40E-05,-5.32E-05
169.0333333,0.565405856,-5.40E-05,-5.32E-05
169.0666667,0.565297778,-5.40E-05,-5.32E-05
169.1,0.565189705,-5.40E-05,-5.32E-05
169.1333333,0.565081638,-5.40E-05,-5.32E-05
169.1666667,0.564973576,-5.40E-05,-5.32E-05
169.2,0.564865521,-5.40E-05,-5.31E-05
169.2333333,0.564757471,-5.40E-05,-5.31E-05
169.2666667,0.564649427,-5.40E-05,-5.31E-05
169.3,0.564541388,-5.40E-05,-5.31E-05
169.3333333,0.564433356,-5.40E-05,-5.31E-05
169.3666667,0.564325329,-5.40E-05,-5.31E-05
169.4,0.564217308,-5.40E-05,-5.31E-05
169.4333333,0.564109293,-5.40E-05,-5.31E-05
169.4666667,0.564001283,-5.40E-05,-5.31E-05
169.5,0.56389328,-5.40E-05,-5.31E-05
169.5333333,0.563785282,-5.40E-05,-5.31E-05
169.5666667,0.56367729,-5.40E-05,-5.31E-05
169.6,0.563569304,-5.40E-05,-5.31E-05
169.6333333,0.563461324,-5.40E-05,-5.31E-05
169.6666667,0.563353349,-5.40E-05,-5.31E-05
169.7,0.563245381,-5.40E-05,-5.31E-05
169.7333333,0.563137418,-5.40E-05,-5.31E-05
169.7666667,0.563029461,-5.40E-05,-5.31E-05
169.8,0.56292151,-5.40E-05,-5.31E-05
169.8333333,0.562813565,-5.40E-05,-5.31E-05
169.8666667,0.562705626,-5.40E-05,-5.31E-05
169.9,0.562597693,-5.40E-05,-5.31E-05
169.9333333,0.562489765,-5.40E-05,-5.31E-05
169.9666667,0.562381843,-5.40E-05,-5.31E-05
170,0.562273928,-5.40E-05,-5.31E-05
170.0333333,0.562166018,-5.40E-05,-5.31E-05
170.0666667,0.562058114,-5.40E-05,-5.31E-05
170.1,0.561950216,-5.39E-05,-5.31E-05
170.1333333,0.561842324,-5.39E-05,-5.31E-05
170.1666667,0.561734438,-5.39E-05,-5.31E-05
170.2,0.561626558,-5.39E-05,-5.31E-05
170.2333333,0.561518683,-5.39E-05,-5.31E-05
170.2666667,0.561410815,-5.39E-05,-5.30E-05
170.3,0.561302953,-5.39E-05,-5.30E-05
170.3333333,0.561195096,-5.39E-05,-5.30E-05
170.3666667,0.561087246,-5.39E-05,-5.30E-05
170.4,0.560979401,-5.39E-05,-5.30E-05
170.4333333,0.560871562,-5.39E-05,-5.30E-05
170.4666667,0.56076373,-5.39E-05,-5.30E-05
170.5,0.560655903,-5.39E-05,-5.30E-05
170.5333333,0.560548082,-5.39E-05,-5.30E-05
170.5666667,0.560440268,-5.39E-05,-5.30E-05
170.6,0.560332459,-5.39E-05,-5.30E-05
170.6333333,0.560224656,-5.39E-05,-5.30E-05
170.6666667,0.56011686,-5.39E-05,-5.30E-05
170.7,0.560009069,-5.39E-05,-5.30E-05
170.7333333,0.559901284,-5.39E-05,-5.30E-05
170.7666667,0.559793506,-5.39E-05,-5.30E-05
170.8,0.559685733,-5.39E-05,-5.30E-05
170.8333333,0.559577966,-5.39E-05,-5.30E-05
170.8666667,0.559470206,-5.39E-05,-5.30E-05
170.9,0.559362451,-5.39E-05,-5.30E-05
170.9333333,0.559254703,-5.39E-05,-5.30E-05
170.9666667,0.55914696,-5.39E-05,-5.30E-05
171,0.559039224,-5.39E-05,-5.30E-05
171.0333333,0.558931494,-5.39E-05,-5.30E-05
171.0666667,0.558823769,-5.39E-05,-5.30E-05
171.1,0.558716051,-5.39E-05,-5.30E-05
171.1333333,0.558608339,-5.39E-05,-5.30E-05
171.1666667,0.558500633,-5.39E-05,-5.30E-05
171.2,0.558392933,-5.38E-05,-5.30E-05
171.2333333,0.558285239,-5.38E-05,-5.30E-05
171.2666667,0.558177552,-5.38E-05,-5.30E-05
171.3,0.55806987,-5.38E-05,-5.29E-05
171.3333333,0.557962194,-5.38E-05,-5.29E-05
171.3666667,0.557854525,-5.38E-05,-5.29E-05
171.4,0.557746862,-5.38E-05,-5.29E-05
171.4333333,0.557639204,-5.38E-05,-5.29E-05
171.4666667,0.557531553,-5.38E-05,-5.29E-05
171.5,0.557423909,-5.38E-05,-5.29E-05
171.5333333,0.55731627,-5.38E-05,-5.29E-05
171.5666667,0.557208637,-5.38E-05,-5.29E-05
171.6,0.557101011,-5.38E-05,-5.29E-05
171.6333333,0.55699339,-5.38E-05,-5.29E-05
171.6666667,0.556885776,-5.38E-05,-5.29E-05
171.7,0.556778168,-5.38E-05,-5.29E-05
171.7333333,0.556670566,-5.38E-05,-5.29E-05
171.7666667,0.556562971,-5.38E-05,-5.29E-05
171.8,0.556455381,-5.38E-05,-5.29E-05
171.8333333,0.556347798,-5.38E-05,-5.29E-05
171.8666667,0.556240221,-5.38E-05,-5.29E-05
171.9,0.55613265,-5.38E-05,-5.29E-05
171.9333333,0.556025086,-5.38E-05,-5.29E-05
171.9666667,0.555917527,-5.38E-05,-5.29E-05
172,0.555809975,-5.38E-05,-5.29E-05
172.0333333,0.555702429,-5.38E-05,-5.29E-05
172.0666667,0.555594889,-5.38E-05,-5.29E-05
172.1,0.555487356,-5.38E-05,-5.29E-05
172.1333333,0.555379828,-5.38E-05,-5.29E-05
172.1666667,0.555272307,-5.38E-05,-5.29E-05
172.2,0.555164792,-5.38E-05,-5.29E-05
172.2333333,0.555057284,-5.38E-05,-5.29E-05
172.2666667,0.554949781,-5.38E-05,-5.28E-05
172.3,0.554842285,-5.37E-05,-5.28E-05
172.3333333,0.554734796,-5.37E-05,-5.28E-05
172.3666667,0.554627312,-5.37E-05,-5.28E-05
172.4,0.554519835,-5.37E-05,-5.28E-05
172.4333333,0.554412364,-5.37E-05,-5.28E-05
172.4666667,0.554304899,-5.37E-05,-5.28E-05
172.5,0.554197441,-5.37E-05,-5.28E-05
172.5333333,0.554089989,-5.37E-05,-5.28E-05
172.5666667,0.553982543,-5.37E-05,-5.28E-05
172.6,0.553875104,-5.37E-05,-5.28E-05
172.6333333,0.55376767,-5.37E-05,-5.28E-05
172.6666667,0.553660244,-5.37E-05,-5.28E-05
172.7,0.553552823,-5.37E-05,-5.28E-05
172.7333333,0.553445409,-5.37E-05,-5.28E-05
172.7666667,0.553338001,-5.37E-05,-5.28E-05
172.8,0.5532306,-5.37E-05,-5.28E-05
172.8333333,0.553123205,-5.37E-05,-5.28E-05
172.8666667,0.553015816,-5.37E-05,-5.28E-05
172.9,0.552908433,-5.37E-05,-5.28E-05
172.9333333,0.552801057,-5.37E-05,-5.28E-05
172.9666667,0.552693688,-5.37E-05,-5.28E-05
173,0.552586324,-5.37E-05,-5.28E-05
173.0333333,0.552478967,-5.37E-05,-5.28E-05
173.0666667,0.552371617,-5.37E-05,-5.28E-05
173.1,0.552264273,-5.37E-05,-5.28E-05
173.1333333,0.552156935,-5.37E-05,-5.28E-05
173.1666667,0.552049604,-5.37E-05,-5.28E-05
173.2,0.551942279,-5.37E-05,-5.28E-05
173.2333333,0.55183496,-5.37E-05,-5.28E-05
173.2666667,0.551727648,-5.37E-05,-5.27E-05
173.3,0.551620342,-5.37E-05,-5.27E-05
173.3333333,0.551513043,-5.36E-05,-5.27E-05
173.3666667,0.55140575,-5.36E-05,-5.27E-05
173.4,0.551298464,-5.36E-05,-5.27E-05
173.4333333,0.551191184,-5.36E-05,-5.27E-05
173.4666667,0.55108391,-5.36E-05,-5.27E-05
173.5,0.550976643,-5.36E-05,-5.27E-05
173.5333333,0.550869382,-5.36E-05,-5.27E-05
173.5666667,0.550762128,-5.36E-05,-5.27E-05
173.6,0.55065488,-5.36E-05,-5.27E-05
173.6333333,0.550547639,-5.36E-05,-5.27E-05
173.6666667,0.550440404,-5.36E-05,-5.27E-05
173.7,0.550333176,-5.36E-05,-5.27E-05
173.7333333,0.550225954,-5.36E-05,-5.27E-05
173.7666667,0.550118739,-5.36E-05,-5.27E-05
173.8,0.55001153,-5.36E-05,-5.27E-05
173.8333333,0.549904328,-5.36E-05,-5.27E-05
173.8666667,0.549797132,-5.36E-05,-5.27E-05
173.9,0.549689943,-5.36E-05,-5.27E-05
173.9333333,0.54958276,-5.36E-05,-5.27E-05
173.9666667,0.549475584,-5.36E-05,-5.27E-05
174,0.549368414,-5.36E-05,-5.27E-05
174.0333333,0.549261251,-5.36E-05,-5.27E-05
174.0666667,0.549154094,-5.36E-05,-5.27E-05
174.1,0.549046944,-5.36E-05,-5.27E-05
174.1333333,0.548939801,-5.36E-05,-5.27E-05
174.1666667,0.548832664,-5.36E-05,-5.27E-05
174.2,0.548725533,-5.36E-05,-5.26E-05
174.2333333,0.54861841,-5.36E-05,-5.26E-05
174.2666667,0.548511292,-5.36E-05,-5.26E-05
174.3,0.548404182,-5.36E-05,-5.26E-05
174.3333333,0.548297077,-5.36E-05,-5.26E-05
174.3666667,0.54818998,-5.35E-05,-5.26E-05
174.4,0.548082889,-5.35E-05,-5.26E-05
174.4333333,0.547975805,-5.35E-05,-5.26E-05
174.4666667,0.547868727,-5.35E-05,-5.26E-05
174.5,0.547761656,-5.35E-05,-5.26E-05
174.5333333,0.547654591,-5.35E-05,-5.26E-05
174.5666667,0.547547533,-5.35E-05,-5.26E-05
174.6,0.547440482,-5.35E-05,-5.26E-05
174.6333333,0.547333437,-5.35E-05,-5.26E-05
174.6666667,0.547226399,-5.35E-05,-5.26E-05
174.7,0.547119368,-5.35E-05,-5.26E-05
174.7333333,0.547012343,-5.35E-05,-5.26E-05
174.7666667,0.546905325,-5.35E-05,-5.26E-05
174.8,0.546798314,-5.35E-05,-5.26E-05
174.8333333,0.546691309,-5.35E-05,-5.26E-05
174.8666667,0.546584311,-5.35E-05,-5.26E-05
174.9,0.546477319,-5.35E-05,-5.26E-05
174.9333333,0.546370334,-5.35E-05,-5.26E-05
174.9666667,0.546263356,-5.35E-05,-5.26E-05
175,0.546156385,-5.35E-05,-5.26E-05
175.0333333,0.54604942,-5.35E-05,-5.26E-05
175.0666667,0.545942462,-5.35E-05,-5.26E-05
175.1,0.545835511,-5.35E-05,-5.26E-05
175.1333333,0.545728566,-5.35E-05,-5.26E-05
175.1666667,0.545621628,-5.35E-05,-5.25E-05
175.2,0.545514697,-5.35E-05,-5.25E-05
175.2333333,0.545407772,-5.35E-05,-5.25E-05
175.2666667,0.545300854,-5.35E-05,-5.25E-05
175.3,0.545193943,-5.35E-05,-5.25E-05
175.3333333,0.545087039,-5.35E-05,-5.25E-05
175.3666667,0.544980141,-5.34E-05,-5.25E-05
175.4,0.544873251,-5.34E-05,-5.25E-05
175.4333333,0.544766367,-5.34E-05,-5.25E-05
175.4666667,0.544659489,-5.34E-05,-5.25E-05
175.5,0.544552619,-5.34E-05,-5.25E-05
175.5333333,0.544445755,-5.34E-05,-5.25E-05
175.5666667,0.544338898,-5.34E-05,-5.25E-05
175.6,0.544232047,-5.34E-05,-5.25E-05
175.6333333,0.544125204,-5.34E-05,-5.25E-05
175.6666667,0.544018367,-5.34E-05,-5.25E-05
175.7,0.543911537,-5.34E-05,-5.25E-05
175.7333333,0.543804714,-5.34E-05,-5.25E-05
175.7666667,0.543697898,-5.34E-05,-5.25E-05
175.8,0.543591088,-5.34E-05,-5.25E-05
175.8333333,0.543484286,-5.34E-05,-5.25E-05
175.8666667,0.54337749,-5.34E-05,-5.25E-05
175.9,0.543270701,-5.34E-05,-5.25E-05
175.9333333,0.543163918,-5.34E-05,-5.25E-05
175.9666667,0.543057143,-5.34E-05,-5.25E-05
176,0.542950374,-5.34E-05,-5.25E-05
176.0333333,0.542843613,-5.34E-05,-5.25E-05
176.0666667,0.542736858,-5.34E-05,-5.24E-05
176.1,0.54263011,-5.34E-05,-5.24E-05
176.1333333,0.542523368,-5.34E-05,-5.24E-05
176.1666667,0.542416634,-5.34E-05,-5.24E-05
176.2,0.542309907,-5.34E-05,-5.24E-05
176.2333333,0.542203186,-5.34E-05,-5.24E-05
176.2666667,0.542096472,-5.34E-05,-5.24E-05
176.3,0.541989765,-5.34E-05,-5.24E-05
176.3333333,0.541883065,-5.33E-05,-5.24E-05
176.3666667,0.541776372,-5.33E-05,-5.24E-05
176.4,0.541669686,-5.33E-05,-5.24E-05
176.4333333,0.541563007,-5.33E-05,-5.24E-05
176.4666667,0.541456334,-5.33E-05,-5.24E-05
176.5,0.541349669,-5.33E-05,-5.24E-05
176.5333333,0.54124301,-5.33E-05,-5.24E-05
176.5666667,0.541136359,-5.33E-05,-5.24E-05
176.6,0.541029714,-5.33E-05,-5.24E-05
176.6333333,0.540923076,-5.33E-05,-5.24E-05
176.6666667,0.540816445,-5.33E-05,-5.24E-05
176.7,0.540709822,-5.33E-05,-5.24E-05
176.7333333,0.540603205,-5.33E-05,-5.24E-05
176.7666667,0.540496595,-5.33E-05,-5.24E-05
176.8,0.540389991,-5.33E-05,-5.24E-05
176.8333333,0.540283395,-5.33E-05,-5.24E-05
176.8666667,0.540176806,-5.33E-05,-5.24E-05
176.9,0.540070224,-5.33E-05,-5.24E-05
176.9333333,0.539963649,-5.33E-05,-5.24E-05
176.9666667,0.539857081,-5.33E-05,-5.23E-05
177,0.539750519,-5.33E-05,-5.23E-05
177.0333333,0.539643965,-5.33E-05,-5.23E-05
177.0666667,0.539537418,-5.33E-05,-5.23E-05
177.1,0.539430878,-5.33E-05,-5.23E-05
177.1333333,0.539324344,-5.33E-05,-5.23E-05
177.1666667,0.539217818,-5.33E-05,-5.23E-05
177.2,0.539111299,-5.33E-05,-5.23E-05
177.2333333,0.539004787,-5.33E-05,-5.23E-05
177.2666667,0.538898282,-5.33E-05,-5.23E-05
177.3,0.538791784,-5.32E-05,-5.23E-05
177.3333333,0.538685292,-5.32E-05,-5.23E-05
177.3666667,0.538578808,-5.32E-05,-5.23E-05
177.4,0.538472331,-5.32E-05,-5.23E-05
177.4333333,0.538365861,-5.32E-05,-5.23E-05
177.4666667,0.538259398,-5.32E-05,-5.23E-05
177.5,0.538152943,-5.32E-05,-5.23E-05
177.5333333,0.538046494,-5.32E-05,-5.23E-05
177.5666667,0.537940052,-5.32E-05,-5.23E-05
177.6,0.537833617,-5.32E-05,-5.23E-05
177.6333333,0.53772719,-5.32E-05,-5.23E-05
177.6666667,0.537620769,-5.32E-05,-5.23E-05
177.7,0.537514356,-5.32E-05,-5.23E-05
177.7333333,0.53740795,-5.32E-05,-5.23E-05
177.7666667,0.53730155,-5.32E-05,-5.23E-05
177.8,0.537195158,-5.32E-05,-5.23E-05
177.8333333,0.537088773,-5.32E-05,-5.23E-05
177.8666667,0.536982395,-5.32E-05,-5.22E-05
177.9,0.536876025,-5.32E-05,-5.22E-05
177.9333333,0.536769661,-5.32E-05,-5.22E-05
177.9666667,0.536663304,-5.32E-05,-5.22E-05
178,0.536556955,-5.32E-05,-5.22E-05
178.0333333,0.536450613,-5.32E-05,-5.22E-05
178.0666667,0.536344278,-5.32E-05,-5.22E-05
178.1,0.53623795,-5.32E-05,-5.22E-05
178.1333333,0.536131629,-5.32E-05,-5.22E-05
178.1666667,0.536025315,-5.32E-05,-5.22E-05
178.2,0.535919009,-5.32E-05,-5.22E-05
178.2333333,0.535812709,-5.31E-05,-5.22E-05
178.2666667,0.535706417,-5.31E-05,-5.22E-05
178.3,0.535600132,-5.31E-05,-5.22E-05
178.3333333,0.535493854,-5.31E-05,-5.22E-05
178.3666667,0.535387584,-5.31E-05,-5.22E-05
178.4,0.53528132,-5.31E-05,-5.22E-05
178.4333333,0.535175064,-5.31E-05,-5.22E-05
178.4666667,0.535068815,-5.31E-05,-5.22E-05
178.5,0.534962573,-5.31E-05,-5.22E-05
178.5333333,0.534856339,-5.31E-05,-5.22E-05
178.5666667,0.534750111,-5.31E-05,-5.22E-05
178.6,0.534643891,-5.31E-05,-5.22E-05
178.6333333,0.534537678,-5.31E-05,-5.22E-05
178.6666667,0.534431472,-5.31E-05,-5.22E-05
178.7,0.534325274,-5.31E-05,-5.22E-05
178.7333333,0.534219083,-5.31E-05,-5.21E-05
178.7666667,0.534112899,-5.31E-05,-5.21E-05
178.8,0.534006722,-5.31E-05,-5.21E-05
178.8333333,0.533900552,-5.31E-05,-5.21E-05
178.8666667,0.53379439,-5.31E-05,-5.21E-05
178.9,0.533688235,-5.31E-05,-5.21E-05
178.9333333,0.533582088,-5.31E-05,-5.21E-05
178.9666667,0.533475947,-5.31E-05,-5.21E-05
179,0.533369814,-5.31E-05,-5.21E-05
179.0333333,0.533263688,-5.31E-05,-5.21E-05
179.0666667,0.53315757,-5.31E-05,-5.21E-05
179.1,0.533051458,-5.31E-05,-5.21E-05
179.1333333,0.532945354,-5.31E-05,-5.21E-05
179.1666667,0.532839258,-5.30E-05,-5.21E-05
179.2,0.532733168,-5.30E-05,-5.21E-05
179.2333333,0.532627086,-5.30E-05,-5.21E-05
179.2666667,0.532521011,-5.30E-05,-5.21E-05
179.3,0.532414944,-5.30E-05,-5.21E-05
179.3333333,0.532308884,-5.30E-05,-5.21E-05
179.3666667,0.532202831,-5.30E-05,-5.21E-05
179.4,0.532096786,-5.30E-05,-5.21E-05
179.4333333,0.531990748,-5.30E-05,-5.21E-05
179.4666667,0.531884717,-5.30E-05,-5.21E-05
179.5,0.531778693,-5.30E-05,-5.21E-05
179.5333333,0.531672677,-5.30E-05,-5.21E-05
179.5666667,0.531566669,-5.30E-05,-5.21E-05
179.6,0.531460667,-5.30E-05,-5.20E-05
179.6333333,0.531354673,-5.30E-05,-5.20E-05
179.6666667,0.531248687,-5.30E-05,-5.20E-05
179.7,0.531142708,-5.30E-05,-5.20E-05
179.7333333,0.531036736,-5.30E-05,-5.20E-05
179.7666667,0.530930771,-5.30E-05,-5.20E-05
179.8,0.530824814,-5.30E-05,-5.20E-05
179.8333333,0.530718865,-5.30E-05,-5.20E-05
179.8666667,0.530612922,-5.30E-05,-5.20E-05
179.9,0.530506988,-5.30E-05,-5.20E-05
179.9333333,0.53040106,-5.30E-05,-5.20E-05
179.9666667,0.53029514,-5.30E-05,-5.20E-05
180,0.530189228,-5.30E-05,-5.20E-05
180.0333333,0.530083323,-5.30E-05,-5.20E-05
180.0666667,0.529977425,-5.29E-05,-5.20E-05
180.1,0.529871535,-5.29E-05,-5.20E-05
180.1333333,0.529765652,-5.29E-05,-5.20E-05
180.1666667,0.529659776,-5.29E-05,-5.20E-05
180.2,0.529553908,-5.29E-05,-5.20E-05
180.2333333,0.529448048,-5.29E-05,-5.20E-05
180.2666667,0.529342195,-5.29E-05,-5.20E-05
180.3,0.529236349,-5.29E-05,-5.20E-05
180.3333333,0.529130511,-5.29E-05,-5.20E-05
180.3666667,0.529024681,-5.29E-05,-5.20E-05
180.4,0.528918858,-5.29E-05,-5.20E-05
180.4333333,0.528813042,-5.29E-05,-5.19E-05
180.4666667,0.528707234,-5.29E-05,-5.19E-05
180.5,0.528601433,-5.29E-05,-5.19E-05
180.5333333,0.52849564,-5.29E-05,-5.19E-05
180.5666667,0.528389854,-5.29E-05,-5.19E-05
180.6,0.528284076,-5.29E-05,-5.19E-05
180.6333333,0.528178305,-5.29E-05,-5.19E-05
180.6666667,0.528072542,-5.29E-05,-5.19E-05
180.7,0.527966787,-5.29E-05,-5.19E-05
180.7333333,0.527861039,-5.29E-05,-5.19E-05
180.7666667,0.527755298,-5.29E-05,-5.19E-05
180.8,0.527649565,-5.29E-05,-5.19E-05
180.8333333,0.52754384,-5.29E-05,-5.19E-05
180.8666667,0.527438122,-5.29E-05,-5.19E-05
180.9,0.527332411,-5.29E-05,-5.19E-05
180.9333333,0.527226709,-5.29E-05,-5.19E-05
180.9666667,0.527121013,-5.28E-05,-5.19E-05
181,0.527015326,-5.28E-05,-5.19E-05
181.0333333,0.526909646,-5.28E-05,-5.19E-05
181.0666667,0.526803973,-5.28E-05,-5.19E-05
181.1,0.526698308,-5.28E-05,-5.19E-05
181.1333333,0.526592651,-5.28E-05,-5.19E-05
181.1666667,0.526487001,-5.28E-05,-5.19E-05
181.2,0.526381359,-5.28E-05,-5.19E-05
181.2333333,0.526275724,-5.28E-05,-5.19E-05
181.2666667,0.526170097,-5.28E-05,-5.19E-05
181.3,0.526064478,-5.28E-05,-5.18E-05
181.3333333,0.525958866,-5.28E-05,-5.18E-05
181.3666667,0.525853262,-5.28E-05,-5.18E-05
181.4,0.525747665,-5.28E-05,-5.18E-05
181.4333333,0.525642076,-5.28E-05,-5.18E-05
181.4666667,0.525536495,-5.28E-05,-5.18E-05
181.5,0.525430921,-5.28E-05,-5.18E-05
181.5333333,0.525325355,-5.28E-05,-5.18E-05
181.5666667,0.525219797,-5.28E-05,-5.18E-05
181.6,0.525114246,-5.28E-05,-5.18E-05
181.6333333,0.525008703,-5.28E-05,-5.18E-05
181.6666667,0.524903168,-5.28E-05,-5.18E-05
181.7,0.52479764,-5.28E-05,-5.18E-05
181.7333333,0.52469212,-5.28E-05,-5.18E-05
181.7666667,0.524586607,-5.28E-05,-5.18E-05
181.8,0.524481103,-5.28E-05,-5.18E-05
181.8333333,0.524375605,-5.27E-05,-5.18E-05
181.8666667,0.524270116,-5.27E-05,-5.18E-05
181.9,0.524164634,-5.27E-05,-5.18E-05
181.9333333,0.52405916,-5.27E-05,-5.18E-05
181.9666667,0.523953694,-5.27E-05,-5.18E-05
182,0.523848236,-5.27E-05,-5.18E-05
182.0333333,0.523742785,-5.27E-05,-5.18E-05
182.0666667,0.523637342,-5.27E-05,-5.18E-05
182.1,0.523531906,-5.27E-05,-5.17E-05
182.1333333,0.523426478,-5.27E-05,-5.17E-05
182.1666667,0.523321058,-5.27E-05,-5.17E-05
182.2,0.523215646,-5.27E-05,-5.17E-05
182.2333333,0.523110242,-5.27E-05,-5.17E-05
182.2666667,0.523004845,-5.27E-05,-5.17E-05
182.3,0.522899456,-5.27E-05,-5.17E-05
182.3333333,0.522794074,-5.27E-05,-5.17E-05
182.3666667,0.522688701,-5.27E-05,-5.17E-05
182.4,0.522583335,-5.27E-05,-5.17E-05
182.4333333,0.522477977,-5.27E-05,-5.17E-05
182.4666667,0.522372627,-5.27E-05,-5.17E-05
182.5,0.522267284,-5.27E-05,-5.17E-05
182.5333333,0.52216195,-5.27E-05,-5.17E-05
182.5666667,0.522056623,-5.27E-05,-5.17E-05
182.6,0.521951304,-5.27E-05,-5.17E-05
182.6333333,0.521845992,-5.27E-05,-5.17E-05
182.6666667,0.521740689,-5.27E-05,-5.17E-05
182.7,0.521635393,-5.26E-05,-5.17E-05
182.7333333,0.521530105,-5.26E-05,-5.17E-05
182.7666667,0.521424825,-5.26E-05,-5.17E-05
182.8,0.521319553,-5.26E-05,-5.17E-05
182.8333333,0.521214288,-5.26E-05,-5.17E-05
182.8666667,0.521109032,-5.26E-05,-5.17E-05
182.9,0.521003783,-5.26E-05,-5.17E-05
182.9333333,0.520898542,-5.26E-05,-5.16E-05
182.9666667,0.520793309,-5.26E-05,-5.16E-05
183,0.520688083,-5.26E-05,-5.16E-05
183.0333333,0.520582866,-5.26E-05,-5.16E-05
183.0666667,0.520477656,-5.26E-05,-5.16E-05
183.1,0.520372455,-5.26E-05,-5.16E-05
183.1333333,0.520267261,-5.26E-05,-5.16E-05
183.1666667,0.520162075,-5.26E-05,-5.16E-05
183.2,0.520056897,-5.26E-05,-5.16E-05
183.2333333,0.519951726,-5.26E-05,-5.16E-05
183.2666667,0.519846564,-5.26E-05,-5.16E-05
183.3,0.519741409,-5.26E-05,-5.16E-05
183.3333333,0.519636263,-5.26E-05,-5.16E-05
183.3666667,0.519531124,-5.26E-05,-5.16E-05
183.4,0.519425993,-5.26E-05,-5.16E-05
183.4333333,0.51932087,-5.26E-05,-5.16E-05
183.4666667,0.519215755,-5.26E-05,-5.16E-05
183.5,0.519110648,-5.26E-05,-5.16E-05
183.5333333,0.519005549,-5.25E-05,-5.16E-05
183.5666667,0.518900458,-5.25E-05,-5.16E-05
183.6,0.518795374,-5.25E-05,-5.16E-05
183.6333333,0.518690299,-5.25E-05,-5.16E-05
183.6666667,0.518585231,-5.25E-05,-5.16E-05
183.7,0.518480172,-5.25E-05,-5.16E-05
183.7333333,0.51837512,-5.25E-05,-5.15E-05
183.7666667,0.518270076,-5.25E-05,-5.15E-05
183.8,0.518165041,-5.25E-05,-5.15E-05
183.8333333,0.518060013,-5.25E-05,-5.15E-05
183.8666667,0.517954993,-5.25E-05,-5.15E-05
183.9,0.517849981,-5.25E-05,-5.15E-05
183.9333333,0.517744977,-5.25E-05,-5.15E-05
183.9666667,0.517639981,-5.25E-05,-5.15E-05
184,0.517534994,-5.25E-05,-5.15E-05
184.0333333,0.517430014,-5.25E-05,-5.15E-05
184.0666667,0.517325042,-5.25E-05,-5.15E-05
184.1,0.517220078,-5.25E-05,-5.15E-05
184.1333333,0.517115122,-5.25E-05,-5.15E-05
184.1666667,0.517010174,-5.25E-05,-5.15E-05
184.2,0.516905234,-5.25E-05,-5.15E-05
184.2333333,0.516800302,-5.25E-05,-5.15E-05
184.2666667,0.516695378,-5.25E-05,-5.15E-05
184.3,0.516590462,-5.25E-05,-5.15E-05
184.3333333,0.516485554,-5.25E-05,-5.15E-05
184.3666667,0.516380654,-5.24E-05,-5.15E-05
184.4,0.516275763,-5.24E-05,-5.15E-05
184.4333333,0.516170879,-5.24E-05,-5.15E-05
184.4666667,0.516066003,-5.24E-05,-5.15E-05
184.5,0.515961135,-5.24E-05,-5.15E-05
184.5333333,0.515856276,-5.24E-05,-5.14E-05
184.5666667,0.515751424,-5.24E-05,-5.14E-05
184.6,0.515646581,-5.24E-05,-5.14E-05
184.6333333,0.515541745,-5.24E-05,-5.14E-05
184.6666667,0.515436918,-5.24E-05,-5.14E-05
184.7,0.515332098,-5.24E-05,-5.14E-05
184.7333333,0.515227287,-5.24E-05,-5.14E-05
184.7666667,0.515122484,-5.24E-05,-5.14E-05
184.8,0.515017689,-5.24E-05,-5.14E-05
184.8333333,0.514912902,-5.24E-05,-5.14E-05
184.8666667,0.514808123,-5.24E-05,-5.14E-05
184.9,0.514703352,-5.24E-05,-5.14E-05
184.9333333,0.514598589,-5.24E-05,-5.14E-05
184.9666667,0.514493835,-5.24E-05,-5.14E-05
185,0.514389088,-5.24E-05,-5.14E-05
185.0333333,0.51428435,-5.24E-05,-5.14E-05
185.0666667,0.51417962,-5.24E-05,-5.14E-05
185.1,0.514074898,-5.24E-05,-5.14E-05
185.1333333,0.513970184,-5.24E-05,-5.14E-05
185.1666667,0.513865478,-5.24E-05,-5.14E-05
185.2,0.51376078,-5.23E-05,-5.14E-05
185.2333333,0.513656091,-5.23E-05,-5.14E-05
185.2666667,0.513551409,-5.23E-05,-5.14E-05
185.3,0.513446736,-5.23E-05,-5.13E-05
185.3333333,0.513342071,-5.23E-05,-5.13E-05
185.3666667,0.513237414,-5.23E-05,-5.13E-05
185.4,0.513132765,-5.23E-05,-5.13E-05
185.4333333,0.513028125,-5.23E-05,-5.13E-05
185.4666667,0.512923492,-5.23E-05,-5.13E-05
185.5,0.512818868,-5.23E-05,-5.13E-05
185.5333333,0.512714252,-5.23E-05,-5.13E-05
185.5666667,0.512609644,-5.23E-05,-5.13E-05
185.6,0.512505044,-5.23E-05,-5.13E-05
185.6333333,0.512400453,-5.23E-05,-5.13E-05
185.6666667,0.51229587,-5.23E-05,-5.13E-05
185.7,0.512191294,-5.23E-05,-5.13E-05
185.7333333,0.512086728,-5.23E-05,-5.13E-05
185.7666667,0.511982169,-5.23E-05,-5.13E-05
185.8,0.511877618,-5.23E-05,-5.13E-05
185.8333333,0.511773076,-5.23E-05,-5.13E-05
185.8666667,0.511668542,-5.23E-05,-5.13E-05
185.9,0.511564017,-5.23E-05,-5.13E-05
185.9333333,0.511459499,-5.23E-05,-5.13E-05
185.9666667,0.51135499,-5.23E-05,-5.13E-05
186,0.511250489,-5.23E-05,-5.13E-05
186.0333333,0.511145996,-5.22E-05,-5.13E-05
186.0666667,0.511041511,-5.22E-05,-5.13E-05
186.1,0.510937035,-5.22E-05,-5.12E-05
186.1333333,0.510832567,-5.22E-05,-5.12E-05
186.1666667,0.510728107,-5.22E-05,-5.12E-05
186.2,0.510623656,-5.22E-05,-5.12E-05
186.2333333,0.510519213,-5.22E-05,-5.12E-05
186.2666667,0.510414778,-5.22E-05,-5.12E-05
186.3,0.510310351,-5.22E-05,-5.12E-05
186.3333333,0.510205933,-5.22E-05,-5.12E-05
186.3666667,0.510101523,-5.22E-05,-5.12E-05
186.4,0.509997121,-5.22E-05,-5.12E-05
186.4333333,0.509892728,-5.22E-05,-5.12E-05
186.4666667,0.509788343,-5.22E-05,-5.12E-05
186.5,0.509683966,-5.22E-05,-5.12E-05
186.5333333,0.509579597,-5.22E-05,-5.12E-05
186.5666667,0.509475237,-5.22E-05,-5.12E-05
186.6,0.509370885,-5.22E-05,-5.12E-05
186.6333333,0.509266542,-5.22E-05,-5.12E-05
186.6666667,0.509162206,-5.22E-05,-5.12E-05
186.7,0.50905788,-5.22E-05,-5.12E-05
186.7333333,0.508953561,-5.22E-05,-5.12E-05
186.7666667,0.508849251,-5.22E-05,-5.12E-05
186.8,0.508744949,-5.22E-05,-5.12E-05
186.8333333,0.508640656,-5.21E-05,-5.12E-05
186.8666667,0.50853637,-5.21E-05,-5.11E-05
186.9,0.508432094,-5.21E-05,-5.11E-05
186.9333333,0.508327825,-5.21E-05,-5.11E-05
186.9666667,0.508223565,-5.21E-05,-5.11E-05
187,0.508119314,-5.21E-05,-5.11E-05
187.0333333,0.50801507,-5.21E-05,-5.11E-05
187.0666667,0.507910836,-5.21E-05,-5.11E-05
187.1,0.507806609,-5.21E-05,-5.11E-05
187.1333333,0.507702391,-5.21E-05,-5.11E-05
187.1666667,0.507598181,-5.21E-05,-5.11E-05
187.2,0.50749398,-5.21E-05,-5.11E-05
187.2333333,0.507389787,-5.21E-05,-5.11E-05
187.2666667,0.507285603,-5.21E-05,-5.11E-05
187.3,0.507181427,-5.21E-05,-5.11E-05
187.3333333,0.507077259,-5.21E-05,-5.11E-05
187.3666667,0.5069731,-5.21E-05,-5.11E-05
187.4,0.506868949,-5.21E-05,-5.11E-05
187.4333333,0.506764807,-5.21E-05,-5.11E-05
187.4666667,0.506660673,-5.21E-05,-5.11E-05
187.5,0.506556547,-5.21E-05,-5.11E-05
187.5333333,0.50645243,-5.21E-05,-5.11E-05
187.5666667,0.506348321,-5.21E-05,-5.11E-05
187.6,0.506244221,-5.21E-05,-5.10E-05
187.6333333,0.50614013,-5.20E-05,-5.10E-05
187.6666667,0.506036046,-5.20E-05,-5.10E-05
187.7,0.505931972,-5.20E-05,-5.10E-05
187.7333333,0.505827905,-5.20E-05,-5.10E-05
187.7666667,0.505723848,-5.20E-05,-5.10E-05
187.8,0.505619798,-5.20E-05,-5.10E-05
187.8333333,0.505515757,-5.20E-05,-5.10E-05
187.8666667,0.505411725,-5.20E-05,-5.10E-05
187.9,0.505307701,-5.20E-05,-5.10E-05
187.9333333,0.505203686,-5.20E-05,-5.10E-05
187.9666667,0.505099679,-5.20E-05,-5.10E-05
188,0.504995681,-5.20E-05,-5.10E-05
188.0333333,0.504891691,-5.20E-05,-5.10E-05
188.0666667,0.504787709,-5.20E-05,-5.10E-05
188.1,0.504683737,-5.20E-05,-5.10E-05
188.1333333,0.504579772,-5.20E-05,-5.10E-05
188.1666667,0.504475816,-5.20E-05,-5.10E-05
188.2,0.504371869,-5.20E-05,-5.10E-05
188.2333333,0.50426793,-5.20E-05,-5.10E-05
188.2666667,0.504164,-5.20E-05,-5.10E-05
188.3,0.504060079,-5.20E-05,-5.10E-05
188.3333333,0.503956166,-5.20E-05,-5.10E-05
188.3666667,0.503852261,-5.20E-05,-5.09E-05
188.4,0.503748365,-5.19E-05,-5.09E-05
188.4333333,0.503644478,-5.19E-05,-5.09E-05
188.4666667,0.503540599,-5.19E-05,-5.09E-05
188.5,0.503436728,-5.19E-05,-5.09E-05
188.5333333,0.503332867,-5.19E-05,-5.09E-05
188.5666667,0.503229014,-5.19E-05,-5.09E-05
188.6,0.503125169,-5.19E-05,-5.09E-05
188.6333333,0.503021333,-5.19E-05,-5.09E-05
188.6666667,0.502917506,-5.19E-05,-5.09E-05
188.7,0.502813687,-5.19E-05,-5.09E-05
188.7333333,0.502709877,-5.19E-05,-5.09E-05
188.7666667,0.502606075,-5.19E-05,-5.09E-05
188.8,0.502502282,-5.19E-05,-5.09E-05
188.8333333,0.502398498,-5.19E-05,-5.09E-05
188.8666667,0.502294722,-5.19E-05,-5.09E-05
188.9,0.502190955,-5.19E-05,-5.09E-05
188.9333333,0.502087196,-5.19E-05,-5.09E-05
188.9666667,0.501983446,-5.19E-05,-5.09E-05
189,0.501879705,-5.19E-05,-5.09E-05
189.0333333,0.501775972,-5.19E-05,-5.09E-05
189.0666667,0.501672248,-5.19E-05,-5.09E-05
189.1,0.501568533,-5.19E-05,-5.08E-05
189.1333333,0.501464826,-5.19E-05,-5.08E-05
189.1666667,0.501361128,-5.18E-05,-5.08E-05
189.2,0.501257439,-5.18E-05,-5.08E-05
189.2333333,0.501153758,-5.18E-05,-5.08E-05
189.2666667,0.501050086,-5.18E-05,-5.08E-05
189.3,0.500946423,-5.18E-05,-5.08E-05
189.3333333,0.500842768,-5.18E-05,-5.08E-05
189.3666667,0.500739122,-5.18E-05,-5.08E-05
189.4,0.500635484,-5.18E-05,-5.08E-05
189.4333333,0.500531856,-5.18E-05,-5.08E-05
189.4666667,0.500428236,-5.18E-05,-5.08E-05
189.5,0.500324624,-5.18E-05,-5.08E-05
189.5333333,0.500221022,-5.18E-05,-5.08E-05
189.5666667,0.500117428,-5.18E-05,-5.08E-05
189.6,0.500013843,-5.18E-05,-5.08E-05
189.6333333,0.499910266,-5.18E-05,-5.08E-05
189.6666667,0.499806698,-5.18E-05,-5.08E-05
189.7,0.499703139,-5.18E-05,-5.08E-05
189.7333333,0.499599589,-5.18E-05,-5.08E-05
189.7666667,0.499496047,-5.18E-05,-5.08E-05
189.8,0.499392514,-5.18E-05,-5.08E-05
189.8333333,0.49928899,-5.18E-05,-5.07E-05
189.8666667,0.499185475,-5.18E-05,-5.07E-05
189.9,0.499081968,-5.18E-05,-5.07E-05
189.9333333,0.49897847,-5.17E-05,-5.07E-05
189.9666667,0.498874981,-5.17E-05,-5.07E-05
190,0.498771501,-5.17E-05,-5.07E-05
190.0333333,0.498668029,-5.17E-05,-5.07E-05
190.0666667,0.498564566,-5.17E-05,-5.07E-05
190.1,0.498461112,-5.17E-05,-5.07E-05
190.1333333,0.498357667,-5.17E-05,-5.07E-05
190.1666667,0.49825423,-5.17E-05,-5.07E-05
190.2,0.498150802,-5.17E-05,-5.07E-05
190.2333333,0.498047383,-5.17E-05,-5.07E-05
190.2666667,0.497943973,-5.17E-05,-5.07E-05
190.3,0.497840572,-5.17E-05,-5.07E-05
190.3333333,0.497737179,-5.17E-05,-5.07E-05
190.3666667,0.497633795,-5.17E-05,-5.07E-05
190.4,0.49753042,-5.17E-05,-5.07E-05
190.4333333,0.497427054,-5.17E-05,-5.07E-05
190.4666667,0.497323697,-5.17E-05,-5.07E-05
190.5,0.497220348,-5.17E-05,-5.07E-05
190.5333333,0.497117008,-5.17E-05,-5.07E-05
190.5666667,0.497013677,-5.17E-05,-5.06E-05
190.6,0.496910355,-5.17E-05,-5.06E-05
190.6333333,0.496807042,-5.17E-05,-5.06E-05
190.6666667,0.496703737,-5.17E-05,-5.06E-05
190.7,0.496600442,-5.16E-05,-5.06E-05
190.7333333,0.496497155,-5.16E-05,-5.06E-05
190.7666667,0.496393877,-5.16E-05,-5.06E-05
190.8,0.496290608,-5.16E-05,-5.06E-05
190.8333333,0.496187348,-5.16E-05,-5.06E-05
190.8666667,0.496084097,-5.16E-05,-5.06E-05
190.9,0.495980854,-5.16E-05,-5.06E-05
190.9333333,0.495877621,-5.16E-05,-5.06E-05
190.9666667,0.495774396,-5.16E-05,-5.06E-05
191,0.49567118,-5.16E-05,-5.06E-05
191.0333333,0.495567973,-5.16E-05,-5.06E-05
191.0666667,0.495464775,-5.16E-05,-5.06E-05
191.1,0.495361586,-5.16E-05,-5.06E-05
191.1333333,0.495258406,-5.16E-05,-5.06E-05
191.1666667,0.495155234,-5.16E-05,-5.06E-05
191.2,0.495052072,-5.16E-05,-5.06E-05
191.2333333,0.494948918,-5.16E-05,-5.06E-05
191.2666667,0.494845774,-5.16E-05,-5.06E-05
191.3,0.494742638,-5.16E-05,-5.05E-05
191.3333333,0.494639511,-5.16E-05,-5.05E-05
191.3666667,0.494536393,-5.16E-05,-5.05E-05
191.4,0.494433284,-5.16E-05,-5.05E-05
191.4333333,0.494330184,-5.16E-05,-5.05E-05
191.4666667,0.494227093,-5.15E-05,-5.05E-05
191.5,0.494124011,-5.15E-05,-5.05E-05
191.5333333,0.494020938,-5.15E-05,-5.05E-05
191.5666667,0.493917873,-5.15E-05,-5.05E-05
191.6,0.493814818,-5.15E-05,-5.05E-05
191.6333333,0.493711772,-5.15E-05,-5.05E-05
191.6666667,0.493608734,-5.15E-05,-5.05E-05
191.7,0.493505706,-5.15E-05,-5.05E-05
191.7333333,0.493402686,-5.15E-05,-5.05E-05
191.7666667,0.493299676,-5.15E-05,-5.05E-05
191.8,0.493196674,-5.15E-05,-5.05E-05
191.8333333,0.493093682,-5.15E-05,-5.05E-05
191.8666667,0.492990698,-5.15E-05,-5.05E-05
191.9,0.492887723,-5.15E-05,-5.05E-05
191.9333333,0.492784758,-5.15E-05,-5.05E-05
191.9666667,0.492681801,-5.15E-05,-5.05E-05
192,0.492578854,-5.15E-05,-5.04E-05
192.0333333,0.492475915,-5.15E-05,-5.04E-05
192.0666667,0.492372985,-5.15E-05,-5.04E-05
192.1,0.492270065,-5.15E-05,-5.04E-05
192.1333333,0.492167153,-5.15E-05,-5.04E-05
192.1666667,0.492064251,-5.15E-05,-5.04E-05
192.2,0.491961357,-5.14E-05,-5.04E-05
192.2333333,0.491858473,-5.14E-05,-5.04E-05
192.2666667,0.491755597,-5.14E-05,-5.04E-05
192.3,0.491652731,-5.14E-05,-5.04E-05
192.3333333,0.491549874,-5.14E-05,-5.04E-05
192.3666667,0.491447025,-5.14E-05,-5.04E-05
192.4,0.491344186,-5.14E-05,-5.04E-05
192.4333333,0.491241356,-5.14E-05,-5.04E-05
192.4666667,0.491138534,-5.14E-05,-5.04E-05
192.5,0.491035722,-5.14E-05,-5.04E-05
192.5333333,0.490932919,-5.14E-05,-5.04E-05
192.5666667,0.490830125,-5.14E-05,-5.04E-05
192.6,0.49072734,-5.14E-05,-5.04E-05
192.6333333,0.490624564,-5.14E-05,-5.04E-05
192.6666667,0.490521798,-5.14E-05,-5.04E-05
192.7,0.49041904,-5.14E-05,-5.04E-05
192.7333333,0.490316291,-5.14E-05,-5.03E-05
192.7666667,0.490213552,-5.14E-05,-5.03E-05
192.8,0.490110821,-5.14E-05,-5.03E-05
192.8333333,0.4900081,-5.14E-05,-5.03E-05
192.8666667,0.489905388,-5.14E-05,-5.03E-05
192.9,0.489802685,-5.14E-05,-5.03E-05
192.9333333,0.489699991,-5.13E-05,-5.03E-05
192.9666667,0.489597306,-5.13E-05,-5.03E-05
193,0.48949463,-5.13E-05,-5.03E-05
193.0333333,0.489391964,-5.13E-05,-5.03E-05
193.0666667,0.489289306,-5.13E-05,-5.03E-05
193.1,0.489186658,-5.13E-05,-5.03E-05
193.1333333,0.489084018,-5.13E-05,-5.03E-05
193.1666667,0.488981388,-5.13E-05,-5.03E-05
193.2,0.488878767,-5.13E-05,-5.03E-05
193.2333333,0.488776155,-5.13E-05,-5.03E-05
193.2666667,0.488673553,-5.13E-05,-5.03E-05
193.3,0.488570959,-5.13E-05,-5.03E-05
193.3333333,0.488468375,-5.13E-05,-5.03E-05
193.3666667,0.4883658,-5.13E-05,-5.03E-05
193.4,0.488263234,-5.13E-05,-5.03E-05
193.4333333,0.488160677,-5.13E-05,-5.02E-05
193.4666667,0.488058129,-5.13E-05,-5.02E-05
193.5,0.487955591,-5.13E-05,-5.02E-05
193.5333333,0.487853061,-5.13E-05,-5.02E-05
193.5666667,0.487750541,-5.13E-05,-5.02E-05
193.6,0.48764803,-5.13E-05,-5.02E-05
193.6333333,0.487545528,-5.13E-05,-5.02E-05
193.6666667,0.487443036,-5.12E-05,-5.02E-05
193.7,0.487340552,-5.12E-05,-5.02E-05
193.7333333,0.487238078,-5.12E-05,-5.02E-05
193.7666667,0.487135613,-5.12E-05,-5.02E-05
193.8,0.487033158,-5.12E-05,-5.02E-05
193.8333333,0.486930711,-5.12E-05,-5.02E-05
193.8666667,0.486828274,-5.12E-05,-5.02E-05
193.9,0.486725846,-5.12E-05,-5.02E-05
193.9333333,0.486623427,-5.12E-05,-5.02E-05
193.9666667,0.486521017,-5.12E-05,-5.02E-05
194,0.486418617,-5.12E-05,-5.02E-05
194.0333333,0.486316226,-5.12E-05,-5.02E-05
194.0666667,0.486213844,-5.12E-05,-5.02E-05
194.1,0.486111471,-5.12E-05,-5.02E-05
194.1333333,0.486009108,-5.12E-05,-5.01E-05
194.1666667,0.485906753,-5.12E-05,-5.01E-05
194.2,0.485804409,-5.12E-05,-5.01E-05
194.2333333,0.485702073,-5.12E-05,-5.01E-05
194.2666667,0.485599747,-5.12E-05,-5.01E-05
194.3,0.485497429,-5.12E-05,-5.01E-05
194.3333333,0.485395122,-5.12E-05,-5.01E-05
194.3666667,0.485292823,-5.11E-05,-5.01E-05
194.4,0.485190534,-5.11E-05,-5.01E-05
194.4333333,0.485088254,-5.11E-05,-5.01E-05
194.4666667,0.484985983,-5.11E-05,-5.01E-05
194.5,0.484883722,-5.11E-05,-5.01E-05
194.5333333,0.48478147,-5.11E-05,-5.01E-05
194.5666667,0.484679227,-5.11E-05,-5.01E-05
194.6,0.484576993,-5.11E-05,-5.01E-05
194.6333333,0.484474769,-5.11E-05,-5.01E-05
194.6666667,0.484372554,-5.11E-05,-5.01E-05
194.7,0.484270349,-5.11E-05,-5.01E-05
194.7333333,0.484168153,-5.11E-05,-5.01E-05
194.7666667,0.484065966,-5.11E-05,-5.01E-05
194.8,0.483963788,-5.11E-05,-5.01E-05
194.8333333,0.48386162,-5.11E-05,-5.00E-05
194.8666667,0.483759461,-5.11E-05,-5.00E-05
194.9,0.483657311,-5.11E-05,-5.00E-05
194.9333333,0.483555171,-5.11E-05,-5.00E-05
194.9666667,0.48345304,-5.11E-05,-5.00E-05
195,0.483350919,-5.11E-05,-5.00E-05
195.0333333,0.483248807,-5.11E-05,-5.00E-05
195.0666667,0.483146704,-5.11E-05,-5.00E-05
195.1,0.48304461,-5.10E-05,-5.00E-05
195.1333333,0.482942526,-5.10E-05,-5.00E-05
195.1666667,0.482840452,-5.10E-05,-5.00E-05
195.2,0.482738386,-5.10E-05,-5.00E-05
195.2333333,0.48263633,-5.10E-05,-5.00E-05
195.2666667,0.482534284,-5.10E-05,-5.00E-05
195.3,0.482432247,-5.10E-05,-5.00E-05
195.3333333,0.482330219,-5.10E-05,-5.00E-05
195.3666667,0.4822282,-5.10E-05,-5.00E-05
195.4,0.482126191,-5.10E-05,-5.00E-05
195.4333333,0.482024192,-5.10E-05,-5.00E-05
195.4666667,0.481922202,-5.10E-05,-5.00E-05
195.5,0.481820221,-5.10E-05,-4.99E-05
195.5333333,0.481718249,-5.10E-05,-4.99E-05
195.5666667,0.481616287,-5.10E-05,-4.99E-05
195.6,0.481514335,-5.10E-05,-4.99E-05
195.6333333,0.481412392,-5.10E-05,-4.99E-05
195.6666667,0.481310458,-5.10E-05,-4.99E-05
195.7,0.481208534,-5.10E-05,-4.99E-05
195.7333333,0.481106619,-5.10E-05,-4.99E-05
195.7666667,0.481004713,-5.10E-05,-4.99E-05
195.8,0.480902818,-5.09E-05,-4.99E-05
195.8333333,0.480800931,-5.09E-05,-4.99E-05
195.8666667,0.480699054,-5.09E-05,-4.99E-05
195.9,0.480597186,-5.09E-05,-4.99E-05
195.9333333,0.480495328,-5.09E-05,-4.99E-05
195.9666667,0.48039348,-5.09E-05,-4.99E-05
196,0.48029164,-5.09E-05,-4.99E-05
196.0333333,0.480189811,-5.09E-05,-4.99E-05
196.0666667,0.48008799,-5.09E-05,-4.99E-05
196.1,0.479986179,-5.09E-05,-4.99E-05
196.1333333,0.479884378,-5.09E-05,-4.99E-05
196.1666667,0.479782586,-5.09E-05,-4.99E-05
196.2,0.479680804,-5.09E-05,-4.98E-05
196.2333333,0.479579031,-5.09E-05,-4.98E-05
196.2666667,0.479477268,-5.09E-05,-4.98E-05
196.3,0.479375514,-5.09E-05,-4.98E-05
196.3333333,0.479273769,-5.09E-05,-4.98E-05
196.3666667,0.479172035,-5.09E-05,-4.98E-05
196.4,0.479070309,-5.09E-05,-4.98E-05
196.4333333,0.478968593,-5.09E-05,-4.98E-05
196.4666667,0.478866887,-5.09E-05,-4.98E-05
196.5,0.47876519,-5.08E-05,-4.98E-05
196.5333333,0.478663503,-5.08E-05,-4.98E-05
196.5666667,0.478561825,-5.08E-05,-4.98E-05
196.6,0.478460157,-5.08E-05,-4.98E-05
196.6333333,0.478358498,-5.08E-05,-4.98E-05
196.6666667,0.478256849,-5.08E-05,-4.98E-05
196.7,0.47815521,-5.08E-05,-4.98E-05
196.7333333,0.47805358,-5.08E-05,-4.98E-05
196.7666667,0.477951959,-5.08E-05,-4.98E-05
196.8,0.477850348,-5.08E-05,-4.98E-05
196.8333333,0.477748747,-5.08E-05,-4.98E-05
196.8666667,0.477647155,-5.08E-05,-4.97E-05
196.9,0.477545573,-5.08E-05,-4.97E-05
196.9333333,0.477444,-5.08E-05,-4.97E-05
196.9666667,0.477342437,-5.08E-05,-4.97E-05
197,0.477240883,-5.08E-05,-4.97E-05
197.0333333,0.477139339,-5.08E-05,-4.97E-05
197.0666667,0.477037805,-5.08E-05,-4.97E-05
197.1,0.47693628,-5.08E-05,-4.97E-05
197.1333333,0.476834765,-5.08E-05,-4.97E-05
197.1666667,0.476733259,-5.08E-05,-4.97E-05
197.2,0.476631763,-5.07E-05,-4.97E-05
197.2333333,0.476530277,-5.07E-05,-4.97E-05
197.2666667,0.4764288,-5.07E-05,-4.97E-05
197.3,0.476327333,-5.07E-05,-4.97E-05
197.3333333,0.476225875,-5.07E-05,-4.97E-05
197.3666667,0.476124427,-5.07E-05,-4.97E-05
197.4,0.476022989,-5.07E-05,-4.97E-05
197.4333333,0.47592156,-5.07E-05,-4.97E-05
197.4666667,0.475820141,-5.07E-05,-4.97E-05
197.5,0.475718732,-5.07E-05,-4.97E-05
197.5333333,0.475617332,-5.07E-05,-4.96E-05
197.5666667,0.475515942,-5.07E-05,-4.96E-05
197.6,0.475414561,-5.07E-05,-4.96E-05
197.6333333,0.47531319,-5.07E-05,-4.96E-05
197.6666667,0.475211829,-5.07E-05,-4.96E-05
197.7,0.475110477,-5.07E-05,-4.96E-05
197.7333333,0.475009135,-5.07E-05,-4.96E-05
197.7666667,0.474907803,-5.07E-05,-4.96E-05
197.8,0.474806481,-5.07E-05,-4.96E-05
197.8333333,0.474705168,-5.07E-05,-4.96E-05
197.8666667,0.474603864,-5.07E-05,-4.96E-05
197.9,0.474502571,-5.06E-05,-4.96E-05
197.9333333,0.474401287,-5.06E-05,-4.96E-05
197.9666667,0.474300013,-5.06E-05,-4.96E-05
198,0.474198748,-5.06E-05,-4.96E-05
198.0333333,0.474097493,-5.06E-05,-4.96E-05
198.0666667,0.473996248,-5.06E-05,-4.96E-05
198.1,0.473895013,-5.06E-05,-4.96E-05
198.1333333,0.473793787,-5.06E-05,-4.96E-05
198.1666667,0.473692571,-5.06E-05,-4.96E-05
198.2,0.473591364,-5.06E-05,-4.96E-05
198.2333333,0.473490168,-5.06E-05,-4.95E-05
198.2666667,0.473388981,-5.06E-05,-4.95E-05
198.3,0.473287804,-5.06E-05,-4.95E-05
198.3333333,0.473186636,-5.06E-05,-4.95E-05
198.3666667,0.473085478,-5.06E-05,-4.95E-05
198.4,0.47298433,-5.06E-05,-4.95E-05
198.4333333,0.472883192,-5.06E-05,-4.95E-05
198.4666667,0.472782063,-5.06E-05,-4.95E-05
198.5,0.472680945,-5.06E-05,-4.95E-05
198.5333333,0.472579836,-5.06E-05,-4.95E-05
198.5666667,0.472478736,-5.05E-05,-4.95E-05
198.6,0.472377647,-5.05E-05,-4.95E-05
198.6333333,0.472276567,-5.05E-05,-4.95E-05
198.6666667,0.472175497,-5.05E-05,-4.95E-05
198.7,0.472074436,-5.05E-05,-4.95E-05
198.7333333,0.471973386,-5.05E-05,-4.95E-05
198.7666667,0.471872345,-5.05E-05,-4.95E-05
198.8,0.471771314,-5.05E-05,-4.95E-05
198.8333333,0.471670293,-5.05E-05,-4.95E-05
198.8666667,0.471569282,-5.05E-05,-4.94E-05
198.9,0.47146828,-5.05E-05,-4.94E-05
198.9333333,0.471367288,-5.05E-05,-4.94E-05
198.9666667,0.471266306,-5.05E-05,-4.94E-05
199,0.471165334,-5.05E-05,-4.94E-05
199.0333333,0.471064371,-5.05E-05,-4.94E-05
199.0666667,0.470963419,-5.05E-05,-4.94E-05
199.1,0.470862476,-5.05E-05,-4.94E-05
199.1333333,0.470761543,-5.05E-05,-4.94E-05
199.1666667,0.470660619,-5.05E-05,-4.94E-05
199.2,0.470559706,-5.05E-05,-4.94E-05
199.2333333,0.470458802,-5.05E-05,-4.94E-05
199.2666667,0.470357908,-5.04E-05,-4.94E-05
199.3,0.470257024,-5.04E-05,-4.94E-05
199.3333333,0.47015615,-5.04E-05,-4.94E-05
199.3666667,0.470055286,-5.04E-05,-4.94E-05
199.4,0.469954432,-5.04E-05,-4.94E-05
199.4333333,0.469853587,-5.04E-05,-4.94E-05
199.4666667,0.469752752,-5.04E-05,-4.94E-05
199.5,0.469651927,-5.04E-05,-4.94E-05
199.5333333,0.469551112,-5.04E-05,-4.93E-05
199.5666667,0.469450307,-5.04E-05,-4.93E-05
199.6,0.469349512,-5.04E-05,-4.93E-05
199.6333333,0.469248726,-5.04E-05,-4.93E-05
199.6666667,0.46914795,-5.04E-05,-4.93E-05
199.7,0.469047185,-5.04E-05,-4.93E-05
199.7333333,0.468946429,-5.04E-05,-4.93E-05
199.7666667,0.468845683,-5.04E-05,-4.93E-05
199.8,0.468744946,-5.04E-05,-4.93E-05
199.8333333,0.46864422,-5.04E-05,-4.93E-05
199.8666667,0.468543504,-5.04E-05,-4.93E-05
199.9,0.468442797,-5.04E-05,-4.93E-05
199.9333333,0.468342101,-5.03E-05,-4.93E-05
199.9666667,0.468241414,-5.03E-05,-4.93E-05
200,0.468140737,-5.03E-05,-4.93E-05
200.0333333,0.46804007,-5.03E-05,-4.93E-05
200.0666667,0.467939413,-5.03E-05,-4.93E-05
200.1,0.467838766,-5.03E-05,-4.93E-05
200.1333333,0.467738129,-5.03E-05,-4.93E-05
200.1666667,0.467637502,-5.03E-05,-4.93E-05
200.2,0.467536885,-5.03E-05,-4.92E-05
200.2333333,0.467436277,-5.03E-05,-4.92E-05
200.2666667,0.46733568,-5.03E-05,-4.92E-05
200.3,0.467235092,-5.03E-05,-4.92E-05
200.3333333,0.467134515,-5.03E-05,-4.92E-05
200.3666667,0.467033947,-5.03E-05,-4.92E-05
200.4,0.466933389,-5.03E-05,-4.92E-05
200.4333333,0.466832841,-5.03E-05,-4.92E-05
200.4666667,0.466732304,-5.03E-05,-4.92E-05
200.5,0.466631776,-5.03E-05,-4.92E-05
200.5333333,0.466531258,-5.03E-05,-4.92E-05
200.5666667,0.46643075,-5.03E-05,-4.92E-05
200.6,0.466330252,-5.02E-05,-4.92E-05
200.6333333,0.466229764,-5.02E-05,-4.92E-05
200.6666667,0.466129286,-5.02E-05,-4.92E-05
200.7,0.466028818,-5.02E-05,-4.92E-05
200.7333333,0.46592836,-5.02E-05,-4.92E-05
200.7666667,0.465827911,-5.02E-05,-4.92E-05
200.8,0.465727473,-5.02E-05,-4.92E-05
200.8333333,0.465627045,-5.02E-05,-4.92E-05
200.8666667,0.465526627,-5.02E-05,-4.91E-05
200.9,0.465426219,-5.02E-05,-4.91E-05
200.9333333,0.465325821,-5.02E-05,-4.91E-05
200.9666667,0.465225432,-5.02E-05,-4.91E-05
201,0.465125054,-5.02E-05,-4.91E-05
201.0333333,0.465024686,-5.02E-05,-4.91E-05
201.0666667,0.464924328,-5.02E-05,-4.91E-05
201.1,0.46482398,-5.02E-05,-4.91E-05
201.1333333,0.464723642,-5.02E-05,-4.91E-05
201.1666667,0.464623314,-5.02E-05,-4.91E-05
201.2,0.464522996,-5.02E-05,-4.91E-05
201.2333333,0.464422688,-5.02E-05,-4.91E-05
201.2666667,0.46432239,-5.01E-05,-4.91E-05
201.3,0.464222102,-5.01E-05,-4.91E-05
201.3333333,0.464121824,-5.01E-05,-4.91E-05
201.3666667,0.464021556,-5.01E-05,-4.91E-05
201.4,0.463921298,-5.01E-05,-4.91E-05
201.4333333,0.46382105,-5.01E-05,-4.91E-05
201.4666667,0.463720812,-5.01E-05,-4.91E-05
201.5,0.463620585,-5.01E-05,-4.90E-05
201.5333333,0.463520367,-5.01E-05,-4.90E-05
201.5666667,0.46342016,-5.01E-05,-4.90E-05
201.6,0.463319962,-5.01E-05,-4.90E-05
201.6333333,0.463219775,-5.01E-05,-4.90E-05
201.6666667,0.463119597,-5.01E-05,-4.90E-05
201.7,0.46301943,-5.01E-05,-4.90E-05
201.7333333,0.462919273,-5.01E-05,-4.90E-05
201.7666667,0.462819126,-5.01E-05,-4.90E-05
201.8,0.462718989,-5.01E-05,-4.90E-05
201.8333333,0.462618862,-5.01E-05,-4.90E-05
201.8666667,0.462518745,-5.01E-05,-4.90E-05
201.9,0.462418638,-5.01E-05,-4.90E-05
201.9333333,0.462318542,-5.00E-05,-4.90E-05
201.9666667,0.462218455,-5.00E-05,-4.90E-05
202,0.462118379,-5.00E-05,-4.90E-05
202.0333333,0.462018312,-5.00E-05,-4.90E-05
202.0666667,0.461918256,-5.00E-05,-4.90E-05
202.1,0.46181821,-5.00E-05,-4.90E-05
202.1333333,0.461718174,-5.00E-05,-4.89E-05
202.1666667,0.461618148,-5.00E-05,-4.89E-05
202.2,0.461518133,-5.00E-05,-4.89E-05
202.2333333,0.461418127,-5.00E-05,-4.89E-05
202.2666667,0.461318132,-5.00E-05,-4.89E-05
202.3,0.461218146,-5.00E-05,-4.89E-05
202.3333333,0.461118171,-5.00E-05,-4.89E-05
202.3666667,0.461018206,-5.00E-05,-4.89E-05
202.4,0.460918251,-5.00E-05,-4.89E-05
202.4333333,0.460818307,-5.00E-05,-4.89E-05
202.4666667,0.460718372,-5.00E-05,-4.89E-05
202.5,0.460618448,-5.00E-05,-4.89E-05
202.5333333,0.460518533,-5.00E-05,-4.89E-05
202.5666667,0.460418629,-5.00E-05,-4.89E-05
202.6,0.460318736,-4.99E-05,-4.89E-05
202.6333333,0.460218852,-4.99E-05,-4.89E-05
202.6666667,0.460118978,-4.99E-05,-4.89E-05
202.7,0.460019115,-4.99E-05,-4.89E-05
202.7333333,0.459919262,-4.99E-05,-4.89E-05
202.7666667,0.459819419,-4.99E-05,-4.89E-05
202.8,0.459719586,-4.99E-05,-4.88E-05
202.8333333,0.459619763,-4.99E-05,-4.88E-05
202.8666667,0.459519951,-4.99E-05,-4.88E-05
202.9,0.459420149,-4.99E-05,-4.88E-05
202.9333333,0.459320356,-4.99E-05,-4.88E-05
202.9666667,0.459220575,-4.99E-05,-4.88E-05
203,0.459120803,-4.99E-05,-4.88E-05
203.0333333,0.459021042,-4.99E-05,-4.88E-05
203.0666667,0.45892129,-4.99E-05,-4.88E-05
203.1,0.458821549,-4.99E-05,-4.88E-05
203.1333333,0.458721819,-4.99E-05,-4.88E-05
203.1666667,0.458622098,-4.99E-05,-4.88E-05
203.2,0.458522388,-4.99E-05,-4.88E-05
203.2333333,0.458422688,-4.99E-05,-4.88E-05
203.2666667,0.458322998,-4.98E-05,-4.88E-05
203.3,0.458223318,-4.98E-05,-4.88E-05
203.3333333,0.458123649,-4.98E-05,-4.88E-05
203.3666667,0.45802399,-4.98E-05,-4.88E-05
203.4,0.457924341,-4.98E-05,-4.88E-05
203.4333333,0.457824702,-4.98E-05,-4.87E-05
203.4666667,0.457725074,-4.98E-05,-4.87E-05
203.5,0.457625456,-4.98E-05,-4.87E-05
203.5333333,0.457525848,-4.98E-05,-4.87E-05
203.5666667,0.457426251,-4.98E-05,-4.87E-05
203.6,0.457326663,-4.98E-05,-4.87E-05
203.6333333,0.457227086,-4.98E-05,-4.87E-05
203.6666667,0.457127519,-4.98E-05,-4.87E-05
203.7,0.457027963,-4.98E-05,-4.87E-05
203.7333333,0.456928417,-4.98E-05,-4.87E-05
203.7666667,0.456828881,-4.98E-05,-4.87E-05
203.8,0.456729355,-4.98E-05,-4.87E-05
203.8333333,0.45662984,-4.98E-05,-4.87E-05
203.8666667,0.456530335,-4.98E-05,-4.87E-05
203.9,0.45643084,-4.97E-05,-4.87E-05
203.9333333,0.456331356,-4.97E-05,-4.87E-05
203.9666667,0.456231882,-4.97E-05,-4.87E-05
204,0.456132418,-4.97E-05,-4.87E-05
204.0333333,0.456032964,-4.97E-05,-4.87E-05
204.0666667,0.455933521,-4.97E-05,-4.86E-05
204.1,0.455834088,-4.97E-05,-4.86E-05
204.1333333,0.455734666,-4.97E-05,-4.86E-05
204.1666667,0.455635253,-4.97E-05,-4.86E-05
204.2,0.455535851,-4.97E-05,-4.86E-05
204.2333333,0.45543646,-4.97E-05,-4.86E-05
204.2666667,0.455337079,-4.97E-05,-4.86E-05
204.3,0.455237708,-4.97E-05,-4.86E-05
204.3333333,0.455138347,-4.97E-05,-4.86E-05
204.3666667,0.455038997,-4.97E-05,-4.86E-05
204.4,0.454939657,-4.97E-05,-4.86E-05
204.4333333,0.454840327,-4.97E-05,-4.86E-05
204.4666667,0.454741008,-4.97E-05,-4.86E-05
204.5,0.454641699,-4.97E-05,-4.86E-05
204.5333333,0.454542401,-4.96E-05,-4.86E-05
204.5666667,0.454443113,-4.96E-05,-4.86E-05
204.6,0.454343835,-4.96E-05,-4.86E-05
204.6333333,0.454244568,-4.96E-05,-4.86E-05
204.6666667,0.454145311,-4.96E-05,-4.86E-05
204.7,0.454046064,-4.96E-05,-4.85E-05
204.7333333,0.453946828,-4.96E-05,-4.85E-05
204.7666667,0.453847602,-4.96E-05,-4.85E-05
204.8,0.453748386,-4.96E-05,-4.85E-05
204.8333333,0.453649181,-4.96E-05,-4.85E-05
204.8666667,0.453549987,-4.96E-05,-4.85E-05
204.9,0.453450802,-4.96E-05,-4.85E-05
204.9333333,0.453351629,-4.96E-05,-4.85E-05
204.9666667,0.453252465,-4.96E-05,-4.85E-05
205,0.453153312,-4.96E-05,-4.85E-05
205.0333333,0.453054169,-4.96E-05,-4.85E-05
205.0666667,0.452955037,-4.96E-05,-4.85E-05
205.1,0.452855915,-4.96E-05,-4.85E-05
205.1333333,0.452756804,-4.96E-05,-4.85E-05
205.1666667,0.452657703,-4.96E-05,-4.85E-05
205.2,0.452558612,-4.95E-05,-4.85E-05
205.2333333,0.452459532,-4.95E-05,-4.85E-05
205.2666667,0.452360462,-4.95E-05,-4.85E-05
205.3,0.452261403,-4.95E-05,-4.84E-05
205.3333333,0.452162354,-4.95E-05,-4.84E-05
205.3666667,0.452063316,-4.95E-05,-4.84E-05
205.4,0.451964288,-4.95E-05,-4.84E-05
205.4333333,0.45186527,-4.95E-05,-4.84E-05
205.4666667,0.451766263,-4.95E-05,-4.84E-05
205.5,0.451667266,-4.95E-05,-4.84E-05
205.5333333,0.45156828,-4.95E-05,-4.84E-05
205.5666667,0.451469304,-4.95E-05,-4.84E-05
205.6,0.451370339,-4.95E-05,-4.84E-05
205.6333333,0.451271384,-4.95E-05,-4.84E-05
205.6666667,0.45117244,-4.95E-05,-4.84E-05
205.7,0.451073506,-4.95E-05,-4.84E-05
205.7333333,0.450974583,-4.95E-05,-4.84E-05
205.7666667,0.45087567,-4.95E-05,-4.84E-05
205.8,0.450776767,-4.95E-05,-4.84E-05
205.8333333,0.450677875,-4.94E-05,-4.84E-05
205.8666667,0.450578994,-4.94E-05,-4.84E-05
205.9,0.450480123,-4.94E-05,-4.84E-05
205.9333333,0.450381263,-4.94E-05,-4.83E-05
205.9666667,0.450282413,-4.94E-05,-4.83E-05
206,0.450183573,-4.94E-05,-4.83E-05
206.0333333,0.450084744,-4.94E-05,-4.83E-05
206.0666667,0.449985926,-4.94E-05,-4.83E-05
206.1,0.449887118,-4.94E-05,-4.83E-05
206.1333333,0.44978832,-4.94E-05,-4.83E-05
206.1666667,0.449689533,-4.94E-05,-4.83E-05
206.2,0.449590757,-4.94E-05,-4.83E-05
206.2333333,0.449491991,-4.94E-05,-4.83E-05
206.2666667,0.449393236,-4.94E-05,-4.83E-05
206.3,0.449294491,-4.94E-05,-4.83E-05
206.3333333,0.449195757,-4.94E-05,-4.83E-05
206.3666667,0.449097033,-4.94E-05,-4.83E-05
206.4,0.44899832,-4.94E-05,-4.83E-05
206.4333333,0.448899617,-4.94E-05,-4.83E-05
206.4666667,0.448800925,-4.93E-05,-4.83E-05
206.5,0.448702243,-4.93E-05,-4.83E-05
206.5333333,0.448603572,-4.93E-05,-4.83E-05
206.5666667,0.448504912,-4.93E-05,-4.82E-05
206.6,0.448406262,-4.93E-05,-4.82E-05
206.6333333,0.448307623,-4.93E-05,-4.82E-05
206.6666667,0.448208994,-4.93E-05,-4.82E-05
206.7,0.448110376,-4.93E-05,-4.82E-05
206.7333333,0.448011768,-4.93E-05,-4.82E-05
206.7666667,0.447913171,-4.93E-05,-4.82E-05
206.8,0.447814584,-4.93E-05,-4.82E-05
206.8333333,0.447716008,-4.93E-05,-4.82E-05
206.8666667,0.447617443,-4.93E-05,-4.82E-05
206.9,0.447518888,-4.93E-05,-4.82E-05
206.9333333,0.447420344,-4.93E-05,-4.82E-05
206.9666667,0.44732181,-4.93E-05,-4.82E-05
207,0.447223287,-4.93E-05,-4.82E-05
207.0333333,0.447124775,-4.93E-05,-4.82E-05
207.0666667,0.447026273,-4.93E-05,-4.82E-05
207.1,0.446927782,-4.92E-05,-4.82E-05
207.1333333,0.446829301,-4.92E-05,-4.82E-05
207.1666667,0.446730831,-4.92E-05,-4.81E-05
207.2,0.446632372,-4.92E-05,-4.81E-05
207.2333333,0.446533923,-4.92E-05,-4.81E-05
207.2666667,0.446435485,-4.92E-05,-4.81E-05
207.3,0.446337058,-4.92E-05,-4.81E-05
207.3333333,0.446238641,-4.92E-05,-4.81E-05
207.3666667,0.446140235,-4.92E-05,-4.81E-05
207.4,0.446041839,-4.92E-05,-4.81E-05
207.4333333,0.445943454,-4.92E-05,-4.81E-05
207.4666667,0.44584508,-4.92E-05,-4.81E-05
207.5,0.445746716,-4.92E-05,-4.81E-05
207.5333333,0.445648363,-4.92E-05,-4.81E-05
207.5666667,0.44555002,-4.92E-05,-4.81E-05
207.6,0.445451689,-4.92E-05,-4.81E-05
207.6333333,0.445353367,-4.92E-05,-4.81E-05
207.6666667,0.445255057,-4.92E-05,-4.81E-05
207.7,0.445156757,-4.91E-05,-4.81E-05
207.7333333,0.445058468,-4.91E-05,-4.81E-05
207.7666667,0.44496019,-4.91E-05,-4.81E-05
207.8,0.444861922,-4.91E-05,-4.80E-05
207.8333333,0.444763665,-4.91E-05,-4.80E-05
207.8666667,0.444665418,-4.91E-05,-4.80E-05
207.9,0.444567182,-4.91E-05,-4.80E-05
207.9333333,0.444468957,-4.91E-05,-4.80E-05
207.9666667,0.444370743,-4.91E-05,-4.80E-05
208,0.444272539,-4.91E-05,-4.80E-05
208.0333333,0.444174346,-4.91E-05,-4.80E-05
208.0666667,0.444076164,-4.91E-05,-4.80E-05
208.1,0.443977992,-4.91E-05,-4.80E-05
208.1333333,0.443879831,-4.91E-05,-4.80E-05
208.1666667,0.443781681,-4.91E-05,-4.80E-05
208.2,0.443683541,-4.91E-05,-4.80E-05
208.2333333,0.443585412,-4.91E-05,-4.80E-05
208.2666667,0.443487294,-4.91E-05,-4.80E-05
208.3,0.443389187,-4.91E-05,-4.80E-05
208.3333333,0.44329109,-4.90E-05,-4.80E-05
208.3666667,0.443193004,-4.90E-05,-4.80E-05
208.4,0.443094929,-4.90E-05,-4.79E-05
208.4333333,0.442996864,-4.90E-05,-4.79E-05
208.4666667,0.44289881,-4.90E-05,-4.79E-05
208.5,0.442800767,-4.90E-05,-4.79E-05
208.5333333,0.442702735,-4.90E-05,-4.79E-05
208.5666667,0.442604713,-4.90E-05,-4.79E-05
208.6,0.442506702,-4.90E-05,-4.79E-05
208.6333333,0.442408702,-4.90E-05,-4.79E-05
208.6666667,0.442310713,-4.90E-05,-4.79E-05
208.7,0.442212734,-4.90E-05,-4.79E-05
208.7333333,0.442114766,-4.90E-05,-4.79E-05
208.7666667,0.442016809,-4.90E-05,-4.79E-05
208.8,0.441918863,-4.90E-05,-4.79E-05
208.8333333,0.441820927,-4.90E-05,-4.79E-05
208.8666667,0.441723002,-4.90E-05,-4.79E-05
208.9,0.441625088,-4.90E-05,-4.79E-05
208.9333333,0.441527185,-4.90E-05,-4.79E-05
208.9666667,0.441429292,-4.89E-05,-4.79E-05
209,0.441331411,-4.89E-05,-4.78E-05
209.0333333,0.44123354,-4.89E-05,-4.78E-05
209.0666667,0.441135679,-4.89E-05,-4.78E-05
209.1,0.44103783,-4.89E-05,-4.78E-05
209.1333333,0.440939991,-4.89E-05,-4.78E-05
209.1666667,0.440842164,-4.89E-05,-4.78E-05
209.2,0.440744347,-4.89E-05,-4.78E-05
209.2333333,0.44064654,-4.89E-05,-4.78E-05
209.2666667,0.440548745,-4.89E-05,-4.78E-05
209.3,0.44045096,-4.89E-05,-4.78E-05
209.3333333,0.440353186,-4.89E-05,-4.78E-05
209.3666667,0.440255423,-4.89E-05,-4.78E-05
209.4,0.440157671,-4.89E-05,-4.78E-05
209.4333333,0.44005993,-4.89E-05,-4.78E-05
209.4666667,0.439962199,-4.89E-05,-4.78E-05
209.5,0.439864479,-4.89E-05,-4.78E-05
209.5333333,0.439766771,-4.89E-05,-4.78E-05
209.5666667,0.439669072,-4.88E-05,-4.78E-05
209.6,0.439571385,-4.88E-05,-4.77E-05
209.6333333,0.439473709,-4.88E-05,-4.77E-05
209.6666667,0.439376043,-4.88E-05,-4.77E-05
209.7,0.439278388,-4.88E-05,-4.77E-05
209.7333333,0.439180744,-4.88E-05,-4.77E-05
209.7666667,0.439083111,-4.88E-05,-4.77E-05
209.8,0.438985489,-4.88E-05,-4.77E-05
209.8333333,0.438887878,-4.88E-05,-4.77E-05
209.8666667,0.438790277,-4.88E-05,-4.77E-05
209.9,0.438692687,-4.88E-05,-4.77E-05
209.9333333,0.438595109,-4.88E-05,-4.77E-05
209.9666667,0.438497541,-4.88E-05,-4.77E-05
210,0.438399984,-4.88E-05,-4.77E-05
210.0333333,0.438302437,-4.88E-05,-4.77E-05
210.0666667,0.438204902,-4.88E-05,-4.77E-05
210.1,0.438107378,-4.88E-05,-4.77E-05
210.1333333,0.438009864,-4.88E-05,-4.77E-05
210.1666667,0.437912361,-4.88E-05,-4.77E-05
210.2,0.437814869,-4.87E-05,-4.76E-05
210.2333333,0.437717388,-4.87E-05,-4.76E-05
210.2666667,0.437619918,-4.87E-05,-4.76E-05
210.3,0.437522459,-4.87E-05,-4.76E-05
210.3333333,0.437425011,-4.87E-05,-4.76E-05
210.3666667,0.437327574,-4.87E-05,-4.76E-05
210.4,0.437230147,-4.87E-05,-4.76E-05
210.4333333,0.437132731,-4.87E-05,-4.76E-05
210.4666667,0.437035327,-4.87E-05,-4.76E-05
210.5,0.436937933,-4.87E-05,-4.76E-05
210.5333333,0.43684055,-4.87E-05,-4.76E-05
210.5666667,0.436743178,-4.87E-05,-4.76E-05
210.6,0.436645817,-4.87E-05,-4.76E-05
210.6333333,0.436548467,-4.87E-05,-4.76E-05
210.6666667,0.436451128,-4.87E-05,-4.76E-05
210.7,0.4363538,-4.87E-05,-4.76E-05
210.7333333,0.436256482,-4.87E-05,-4.76E-05
210.7666667,0.436159176,-4.87E-05,-4.76E-05
210.8,0.436061881,-4.86E-05,-4.75E-05
210.8333333,0.435964596,-4.86E-05,-4.75E-05
210.8666667,0.435867322,-4.86E-05,-4.75E-05
210.9,0.43577006,-4.86E-05,-4.75E-05
210.9333333,0.435672808,-4.86E-05,-4.75E-05
210.9666667,0.435575567,-4.86E-05,-4.75E-05
211,0.435478338,-4.86E-05,-4.75E-05
211.0333333,0.435381119,-4.86E-05,-4.75E-05
211.0666667,0.435283911,-4.86E-05,-4.75E-05
211.1,0.435186714,-4.86E-05,-4.75E-05
211.1333333,0.435089528,-4.86E-05,-4.75E-05
211.1666667,0.434992353,-4.86E-05,-4.75E-05
211.2,0.434895189,-4.86E-05,-4.75E-05
211.2333333,0.434798036,-4.86E-05,-4.75E-05
211.2666667,0.434700894,-4.86E-05,-4.75E-05
211.3,0.434603763,-4.86E-05,-4.75E-05
211.3333333,0.434506643,-4.86E-05,-4.75E-05
211.3666667,0.434409533,-4.86E-05,-4.75E-05
211.4,0.434312435,-4.85E-05,-4.74E-05
211.4333333,0.434215348,-4.85E-05,-4.74E-05
211.4666667,0.434118272,-4.85E-05,-4.74E-05
211.5,0.434021207,-4.85E-05,-4.74E-05
211.5333333,0.433924153,-4.85E-05,-4.74E-05
211.5666667,0.433827109,-4.85E-05,-4.74E-05
211.6,0.433730077,-4.85E-05,-4.74E-05
211.6333333,0.433633056,-4.85E-05,-4.74E-05
211.6666667,0.433536046,-4.85E-05,-4.74E-05
211.7,0.433439047,-4.85E-05,-4.74E-05
211.7333333,0.433342059,-4.85E-05,-4.74E-05
211.7666667,0.433245082,-4.85E-05,-4.74E-05
211.8,0.433148116,-4.85E-05,-4.74E-05
211.8333333,0.43305116,-4.85E-05,-4.74E-05
211.8666667,0.432954216,-4.85E-05,-4.74E-05
211.9,0.432857283,-4.85E-05,-4.74E-05
211.9333333,0.432760361,-4.85E-05,-4.74E-05
211.9666667,0.43266345,-4.85E-05,-4.74E-05
212,0.432566551,-4.84E-05,-4.73E-05
212.0333333,0.432469662,-4.84E-05,-4.73E-05
212.0666667,0.432372784,-4.84E-05,-4.73E-05
212.1,0.432275917,-4.84E-05,-4.73E-05
212.1333333,0.432179061,-4.84E-05,-4.73E-05
212.1666667,0.432082217,-4.84E-05,-4.73E-05
212.2,0.431985383,-4.84E-05,-4.73E-05
212.2333333,0.43188856,-4.84E-05,-4.73E-05
212.2666667,0.431791749,-4.84E-05,-4.73E-05
212.3,0.431694948,-4.84E-05,-4.73E-05
212.3333333,0.431598159,-4.84E-05,-4.73E-05
212.3666667,0.431501381,-4.84E-05,-4.73E-05
212.4,0.431404613,-4.84E-05,-4.73E-05
212.4333333,0.431307857,-4.84E-05,-4.73E-05
212.4666667,0.431211112,-4.84E-05,-4.73E-05
212.5,0.431114378,-4.84E-05,-4.73E-05
212.5333333,0.431017655,-4.84E-05,-4.73E-05
212.5666667,0.430920943,-4.84E-05,-4.73E-05
212.6,0.430824243,-4.84E-05,-4.72E-05
212.6333333,0.430727553,-4.83E-05,-4.72E-05
212.6666667,0.430630874,-4.83E-05,-4.72E-05
212.7,0.430534207,-4.83E-05,-4.72E-05
212.7333333,0.43043755,-4.83E-05,-4.72E-05
212.7666667,0.430340905,-4.83E-05,-4.72E-05
212.8,0.430244271,-4.83E-05,-4.72E-05
212.8333333,0.430147648,-4.83E-05,-4.72E-05
212.8666667,0.430051036,-4.83E-05,-4.72E-05
212.9,0.429954435,-4.83E-05,-4.72E-05
212.9333333,0.429857845,-4.83E-05,-4.72E-05
212.9666667,0.429761267,-4.83E-05,-4.72E-05
213,0.429664699,-4.83E-05,-4.72E-05
213.0333333,0.429568143,-4.83E-05,-4.72E-05
213.0666667,0.429471598,-4.83E-05,-4.72E-05
213.1,0.429375063,-4.83E-05,-4.72E-05
213.1333333,0.42927854,-4.83E-05,-4.72E-05
213.1666667,0.429182029,-4.83E-05,-4.72E-05
213.2,0.429085528,-4.83E-05,-4.71E-05
213.2333333,0.428989038,-4.82E-05,-4.71E-05
213.2666667,0.42889256,-4.82E-05,-4.71E-05
213.3,0.428796092,-4.82E-05,-4.71E-05
213.3333333,0.428699636,-4.82E-05,-4.71E-05
213.3666667,0.428603191,-4.82E-05,-4.71E-05
213.4,0.428506757,-4.82E-05,-4.71E-05
213.4333333,0.428410335,-4.82E-05,-4.71E-05
213.4666667,0.428313923,-4.82E-05,-4.71E-05
213.5,0.428217523,-4.82E-05,-4.71E-05
213.5333333,0.428121134,-4.82E-05,-4.71E-05
213.5666667,0.428024756,-4.82E-05,-4.71E-05
213.6,0.427928389,-4.82E-05,-4.71E-05
213.6333333,0.427832033,-4.82E-05,-4.71E-05
213.6666667,0.427735689,-4.82E-05,-4.71E-05
213.7,0.427639355,-4.82E-05,-4.71E-05
213.7333333,0.427543033,-4.82E-05,-4.71E-05
213.7666667,0.427446722,-4.82E-05,-4.70E-05
213.8,0.427350422,-4.81E-05,-4.70E-05
213.8333333,0.427254134,-4.81E-05,-4.70E-05
213.8666667,0.427157856,-4.81E-05,-4.70E-05
213.9,0.42706159,-4.81E-05,-4.70E-05
213.9333333,0.426965335,-4.81E-05,-4.70E-05
213.9666667,0.426869091,-4.81E-05,-4.70E-05
214,0.426772859,-4.81E-05,-4.70E-05
214.0333333,0.426676637,-4.81E-05,-4.70E-05
214.0666667,0.426580427,-4.81E-05,-4.70E-05
214.1,0.426484228,-4.81E-05,-4.70E-05
214.1333333,0.42638804,-4.81E-05,-4.70E-05
214.1666667,0.426291864,-4.81E-05,-4.70E-05
214.2,0.426195698,-4.81E-05,-4.70E-05
214.2333333,0.426099544,-4.81E-05,-4.70E-05
214.2666667,0.426003401,-4.81E-05,-4.70E-05
214.3,0.425907269,-4.81E-05,-4.70E-05
214.3333333,0.425811149,-4.81E-05,-4.70E-05
214.3666667,0.42571504,-4.81E-05,-4.69E-05
214.4,0.425618942,-4.80E-05,-4.69E-05
214.4333333,0.425522855,-4.80E-05,-4.69E-05
214.4666667,0.425426779,-4.80E-05,-4.69E-05
214.5,0.425330715,-4.80E-05,-4.69E-05
214.5333333,0.425234662,-4.80E-05,-4.69E-05
214.5666667,0.42513862,-4.80E-05,-4.69E-05
214.6,0.42504259,-4.80E-05,-4.69E-05
214.6333333,0.424946571,-4.80E-05,-4.69E-05
214.6666667,0.424850563,-4.80E-05,-4.69E-05
214.7,0.424754566,-4.80E-05,-4.69E-05
214.7333333,0.42465858,-4.80E-05,-4.69E-05
214.7666667,0.424562606,-4.80E-05,-4.69E-05
214.8,0.424466643,-4.80E-05,-4.69E-05
214.8333333,0.424370691,-4.80E-05,-4.69E-05
214.8666667,0.424274751,-4.80E-05,-4.69E-05
214.9,0.424178822,-4.80E-05,-4.69E-05
214.9333333,0.424082904,-4.80E-05,-4.68E-05
214.9666667,0.423986997,-4.80E-05,-4.68E-05
215,0.423891102,-4.79E-05,-4.68E-05
215.0333333,0.423795218,-4.79E-05,-4.68E-05
215.0666667,0.423699345,-4.79E-05,-4.68E-05
215.1,0.423603484,-4.79E-05,-4.68E-05
215.1333333,0.423507634,-4.79E-05,-4.68E-05
215.1666667,0.423411795,-4.79E-05,-4.68E-05
215.2,0.423315967,-4.79E-05,-4.68E-05
215.2333333,0.423220151,-4.79E-05,-4.68E-05
215.2666667,0.423124346,-4.79E-05,-4.68E-05
215.3,0.423028552,-4.79E-05,-4.68E-05
215.3333333,0.42293277,-4.79E-05,-4.68E-05
215.3666667,0.422836999,-4.79E-05,-4.68E-05
215.4,0.422741239,-4.79E-05,-4.68E-05
215.4333333,0.422645491,-4.79E-05,-4.68E-05
215.4666667,0.422549754,-4.79E-05,-4.68E-05
215.5,0.422454028,-4.79E-05,-4.68E-05
215.5333333,0.422358314,-4.79E-05,-4.67E-05
215.5666667,0.42226261,-4.79E-05,-4.67E-05
215.6,0.422166919,-4.78E-05,-4.67E-05
215.6333333,0.422071238,-4.78E-05,-4.67E-05
215.6666667,0.421975569,-4.78E-05,-4.67E-05
215.7,0.421879911,-4.78E-05,-4.67E-05
215.7333333,0.421784265,-4.78E-05,-4.67E-05
215.7666667,0.42168863,-4.78E-05,-4.67E-05
215.8,0.421593006,-4.78E-05,-4.67E-05
215.8333333,0.421497394,-4.78E-05,-4.67E-05
215.8666667,0.421401793,-4.78E-05,-4.67E-05
215.9,0.421306203,-4.78E-05,-4.67E-05
215.9333333,0.421210625,-4.78E-05,-4.67E-05
215.9666667,0.421115058,-4.78E-05,-4.67E-05
216,0.421019502,-4.78E-05,-4.67E-05
216.0333333,0.420923958,-4.78E-05,-4.67E-05
216.0666667,0.420828425,-4.78E-05,-4.67E-05
216.1,0.420732903,-4.78E-05,-4.66E-05
216.1333333,0.420637393,-4.78E-05,-4.66E-05
216.1666667,0.420541894,-4.77E-05,-4.66E-05
216.2,0.420446407,-4.77E-05,-4.66E-05
216.2333333,0.420350931,-4.77E-05,-4.66E-05
216.2666667,0.420255466,-4.77E-05,-4.66E-05
216.3,0.420160013,-4.77E-05,-4.66E-05
216.3333333,0.420064571,-4.77E-05,-4.66E-05
216.3666667,0.419969141,-4.77E-05,-4.66E-05
216.4,0.419873721,-4.77E-05,-4.66E-05
216.4333333,0.419778314,-4.77E-05,-4.66E-05
216.4666667,0.419682917,-4.77E-05,-4.66E-05
216.5,0.419587532,-4.77E-05,-4.66E-05
216.5333333,0.419492159,-4.77E-05,-4.66E-05
216.5666667,0.419396797,-4.77E-05,-4.66E-05
216.6,0.419301446,-4.77E-05,-4.66E-05
216.6333333,0.419206107,-4.77E-05,-4.66E-05
216.6666667,0.419110779,-4.77E-05,-4.66E-05
216.7,0.419015463,-4.77E-05,-4.65E-05
216.7333333,0.418920157,-4.77E-05,-4.65E-05
216.7666667,0.418824864,-4.76E-05,-4.65E-05
216.8,0.418729582,-4.76E-05,-4.65E-05
216.8333333,0.418634311,-4.76E-05,-4.65E-05
216.8666667,0.418539052,-4.76E-05,-4.65E-05
216.9,0.418443804,-4.76E-05,-4.65E-05
216.9333333,0.418348567,-4.76E-05,-4.65E-05
216.9666667,0.418253342,-4.76E-05,-4.65E-05
217,0.418158128,-4.76E-05,-4.65E-05
217.0333333,0.418062926,-4.76E-05,-4.65E-05
217.0666667,0.417967736,-4.76E-05,-4.65E-05
217.1,0.417872556,-4.76E-05,-4.65E-05
217.1333333,0.417777388,-4.76E-05,-4.65E-05
217.1666667,0.417682232,-4.76E-05,-4.65E-05
217.2,0.417587087,-4.76E-05,-4.65E-05
217.2333333,0.417491954,-4.76E-05,-4.65E-05
217.2666667,0.417396832,-4.76E-05,-4.64E-05
217.3,0.417301721,-4.76E-05,-4.64E-05
217.3333333,0.417206622,-4.75E-05,-4.64E-05
217.3666667,0.417111534,-4.75E-05,-4.64E-05
217.4,0.417016458,-4.75E-05,-4.64E-05
217.4333333,0.416921393,-4.75E-05,-4.64E-05
217.4666667,0.41682634,-4.75E-05,-4.64E-05
217.5,0.416731298,-4.75E-05,-4.64E-05
217.5333333,0.416636268,-4.75E-05,-4.64E-05
217.5666667,0.416541249,-4.75E-05,-4.64E-05
217.6,0.416446242,-4.75E-05,-4.64E-05
217.6333333,0.416351246,-4.75E-05,-4.64E-05
217.6666667,0.416256262,-4.75E-05,-4.64E-05
217.7,0.416161289,-4.75E-05,-4.64E-05
217.7333333,0.416066328,-4.75E-05,-4.64E-05
217.7666667,0.415971378,-4.75E-05,-4.64E-05
217.8,0.415876439,-4.75E-05,-4.64E-05
217.8333333,0.415781513,-4.75E-05,-4.63E-05
217.8666667,0.415686597,-4.75E-05,-4.63E-05
217.9,0.415591693,-4.75E-05,-4.63E-05
217.9333333,0.415496801,-4.74E-05,-4.63E-05
217.9666667,0.41540192,-4.74E-05,-4.63E-05
218,0.415307051,-4.74E-05,-4.63E-05
218.0333333,0.415212193,-4.74E-05,-4.63E-05
218.0666667,0.415117347,-4.74E-05,-4.63E-05
218.1,0.415022512,-4.74E-05,-4.63E-05
218.1333333,0.414927689,-4.74E-05,-4.63E-05
218.1666667,0.414832877,-4.74E-05,-4.63E-05
218.2,0.414738077,-4.74E-05,-4.63E-05
218.2333333,0.414643288,-4.74E-05,-4.63E-05
218.2666667,0.414548511,-4.74E-05,-4.63E-05
218.3,0.414453745,-4.74E-05,-4.63E-05
218.3333333,0.414358991,-4.74E-05,-4.63E-05
218.3666667,0.414264249,-4.74E-05,-4.63E-05
218.4,0.414169518,-4.74E-05,-4.62E-05
218.4333333,0.414074798,-4.74E-05,-4.62E-05
218.4666667,0.41398009,-4.74E-05,-4.62E-05
218.5,0.413885394,-4.73E-05,-4.62E-05
218.5333333,0.413790709,-4.73E-05,-4.62E-05
218.5666667,0.413696036,-4.73E-05,-4.62E-05
218.6,0.413601374,-4.73E-05,-4.62E-05
218.6333333,0.413506724,-4.73E-05,-4.62E-05
218.6666667,0.413412086,-4.73E-05,-4.62E-05
218.7,0.413317459,-4.73E-05,-4.62E-05
218.7333333,0.413222843,-4.73E-05,-4.62E-05
218.7666667,0.413128239,-4.73E-05,-4.62E-05
218.8,0.413033647,-4.73E-05,-4.62E-05
218.8333333,0.412939066,-4.73E-05,-4.62E-05
218.8666667,0.412844497,-4.73E-05,-4.62E-05
218.9,0.41274994,-4.73E-05,-4.62E-05
218.9333333,0.412655394,-4.73E-05,-4.62E-05
218.9666667,0.412560859,-4.73E-05,-4.61E-05
219,0.412466337,-4.73E-05,-4.61E-05
219.0333333,0.412371825,-4.73E-05,-4.61E-05
219.0666667,0.412277326,-4.72E-05,-4.61E-05
219.1,0.412182838,-4.72E-05,-4.61E-05
219.1333333,0.412088361,-4.72E-05,-4.61E-05
219.1666667,0.411993896,-4.72E-05,-4.61E-05
219.2,0.411899443,-4.72E-05,-4.61E-05
219.2333333,0.411805001,-4.72E-05,-4.61E-05
219.2666667,0.411710571,-4.72E-05,-4.61E-05
219.3,0.411616153,-4.72E-05,-4.61E-05
219.3333333,0.411521746,-4.72E-05,-4.61E-05
219.3666667,0.411427351,-4.72E-05,-4.61E-05
219.4,0.411332967,-4.72E-05,-4.61E-05
219.4333333,0.411238595,-4.72E-05,-4.61E-05
219.4666667,0.411144235,-4.72E-05,-4.61E-05
219.5,0.411049886,-4.72E-05,-4.61E-05
219.5333333,0.410955549,-4.72E-05,-4.60E-05
219.5666667,0.410861224,-4.72E-05,-4.60E-05
219.6,0.41076691,-4.72E-05,-4.60E-05
219.6333333,0.410672608,-4.72E-05,-4.60E-05
219.6666667,0.410578317,-4.71E-05,-4.60E-05
219.7,0.410484038,-4.71E-05,-4.60E-05
219.7333333,0.410389771,-4.71E-05,-4.60E-05
219.7666667,0.410295515,-4.71E-05,-4.60E-05
219.8,0.410201271,-4.71E-05,-4.60E-05
219.8333333,0.410107039,-4.71E-05,-4.60E-05
219.8666667,0.410012818,-4.71E-05,-4.60E-05
219.9,0.409918609,-4.71E-05,-4.60E-05
219.9333333,0.409824411,-4.71E-05,-4.60E-05
219.9666667,0.409730226,-4.71E-05,-4.60E-05
220,0.409636052,-4.71E-05,-4.60E-05
220.0333333,0.409541889,-4.71E-05,-4.60E-05
220.0666667,0.409447738,-4.71E-05,-4.60E-05
220.1,0.409353599,-4.71E-05,-4.59E-05
220.1333333,0.409259472,-4.71E-05,-4.59E-05
220.1666667,0.409165356,-4.71E-05,-4.59E-05
220.2,0.409071252,-4.71E-05,-4.59E-05
220.2333333,0.408977159,-4.70E-05,-4.59E-05
220.2666667,0.408883079,-4.70E-05,-4.59E-05
220.3,0.40878901,-4.70E-05,-4.59E-05
220.3333333,0.408694952,-4.70E-05,-4.59E-05
220.3666667,0.408600906,-4.70E-05,-4.59E-05
220.4,0.408506872,-4.70E-05,-4.59E-05
220.4333333,0.40841285,-4.70E-05,-4.59E-05
220.4666667,0.408318839,-4.70E-05,-4.59E-05
220.5,0.40822484,-4.70E-05,-4.59E-05
220.5333333,0.408130853,-4.70E-05,-4.59E-05
220.5666667,0.408036878,-4.70E-05,-4.59E-05
220.6,0.407942914,-4.70E-05,-4.59E-05
220.6333333,0.407848962,-4.70E-05,-4.59E-05
220.6666667,0.407755021,-4.70E-05,-4.58E-05
220.7,0.407661092,-4.70E-05,-4.58E-05
220.7333333,0.407567175,-4.70E-05,-4.58E-05
220.7666667,0.40747327,-4.70E-05,-4.58E-05
220.8,0.407379376,-4.69E-05,-4.58E-05
220.8333333,0.407285494,-4.69E-05,-4.58E-05
220.8666667,0.407191624,-4.69E-05,-4.58E-05
220.9,0.407097766,-4.69E-05,-4.58E-05
220.9333333,0.407003919,-4.69E-05,-4.58E-05
220.9666667,0.406910084,-4.69E-05,-4.58E-05
221,0.406816261,-4.69E-05,-4.58E-05
221.0333333,0.406722449,-4.69E-05,-4.58E-05
221.0666667,0.406628649,-4.69E-05,-4.58E-05
221.1,0.406534861,-4.69E-05,-4.58E-05
221.1333333,0.406441085,-4.69E-05,-4.58E-05
221.1666667,0.40634732,-4.69E-05,-4.58E-05
221.2,0.406253567,-4.69E-05,-4.58E-05
221.2333333,0.406159826,-4.69E-05,-4.57E-05
221.2666667,0.406066097,-4.69E-05,-4.57E-05
221.3,0.405972379,-4.69E-05,-4.57E-05
221.3333333,0.405878673,-4.69E-05,-4.57E-05
221.3666667,0.405784979,-4.68E-05,-4.57E-05
221.4,0.405691297,-4.68E-05,-4.57E-05
221.4333333,0.405597626,-4.68E-05,-4.57E-05
221.4666667,0.405503967,-4.68E-05,-4.57E-05
221.5,0.40541032,-4.68E-05,-4.57E-05
221.5333333,0.405316685,-4.68E-05,-4.57E-05
221.5666667,0.405223061,-4.68E-05,-4.57E-05
221.6,0.40512945,-4.68E-05,-4.57E-05
221.6333333,0.40503585,-4.68E-05,-4.57E-05
221.6666667,0.404942261,-4.68E-05,-4.57E-05
221.7,0.404848685,-4.68E-05,-4.57E-05
221.7333333,0.40475512,-4.68E-05,-4.57E-05
221.7666667,0.404661567,-4.68E-05,-4.57E-05
221.8,0.404568026,-4.68E-05,-4.56E-05
221.8333333,0.404474497,-4.68E-05,-4.56E-05
221.8666667,0.404380979,-4.68E-05,-4.56E-05
221.9,0.404287473,-4.68E-05,-4.56E-05
221.9333333,0.404193979,-4.67E-05,-4.56E-05
221.9666667,0.404100497,-4.67E-05,-4.56E-05
222,0.404007027,-4.67E-05,-4.56E-05
222.0333333,0.403913568,-4.67E-05,-4.56E-05
222.0666667,0.403820122,-4.67E-05,-4.56E-05
222.1,0.403726687,-4.67E-05,-4.56E-05
222.1333333,0.403633263,-4.67E-05,-4.56E-05
222.1666667,0.403539852,-4.67E-05,-4.56E-05
222.2,0.403446452,-4.67E-05,-4.56E-05
222.2333333,0.403353065,-4.67E-05,-4.56E-05
222.2666667,0.403259689,-4.67E-05,-4.56E-05
222.3,0.403166325,-4.67E-05,-4.56E-05
222.3333333,0.403072972,-4.67E-05,-4.56E-05
222.3666667,0.402979632,-4.67E-05,-4.55E-05
222.4,0.402886303,-4.67E-05,-4.55E-05
222.4333333,0.402792986,-4.67E-05,-4.55E-05
222.4666667,0.402699681,-4.67E-05,-4.55E-05
222.5,0.402606388,-4.66E-05,-4.55E-05
222.5333333,0.402513107,-4.66E-05,-4.55E-05
222.5666667,0.402419837,-4.66E-05,-4.55E-05
222.6,0.40232658,-4.66E-05,-4.55E-05
222.6333333,0.402233334,-4.66E-05,-4.55E-05
222.6666667,0.4021401,-4.66E-05,-4.55E-05
222.7,0.402046878,-4.66E-05,-4.55E-05
222.7333333,0.401953668,-4.66E-05,-4.55E-05
222.7666667,0.401860469,-4.66E-05,-4.55E-05
222.8,0.401767282,-4.66E-05,-4.55E-05
222.8333333,0.401674108,-4.66E-05,-4.55E-05
222.8666667,0.401580945,-4.66E-05,-4.55E-05
222.9,0.401487794,-4.66E-05,-4.54E-05
222.9333333,0.401394655,-4.66E-05,-4.54E-05
222.9666667,0.401301527,-4.66E-05,-4.54E-05
223,0.401208412,-4.66E-05,-4.54E-05
223.0333333,0.401115308,-4.66E-05,-4.54E-05
223.0666667,0.401022217,-4.65E-05,-4.54E-05
223.1,0.400929137,-4.65E-05,-4.54E-05
223.1333333,0.400836069,-4.65E-05,-4.54E-05
223.1666667,0.400743013,-4.65E-05,-4.54E-05
223.2,0.400649969,-4.65E-05,-4.54E-05
223.2333333,0.400556936,-4.65E-05,-4.54E-05
223.2666667,0.400463916,-4.65E-05,-4.54E-05
223.3,0.400370907,-4.65E-05,-4.54E-05
223.3333333,0.40027791,-4.65E-05,-4.54E-05
223.3666667,0.400184926,-4.65E-05,-4.54E-05
223.4,0.400091953,-4.65E-05,-4.54E-05
223.4333333,0.399998992,-4.65E-05,-4.54E-05
223.4666667,0.399906043,-4.65E-05,-4.53E-05
223.5,0.399813105,-4.65E-05,-4.53E-05
223.5333333,0.39972018,-4.65E-05,-4.53E-05
223.5666667,0.399627267,-4.65E-05,-4.53E-05
223.6,0.399534365,-4.65E-05,-4.53E-05
223.6333333,0.399441475,-4.64E-05,-4.53E-05
223.6666667,0.399348598,-4.64E-05,-4.53E-05
223.7,0.399255732,-4.64E-05,-4.53E-05
223.7333333,0.399162878,-4.64E-05,-4.53E-05
223.7666667,0.399070036,-4.64E-05,-4.53E-05
223.8,0.398977206,-4.64E-05,-4.53E-05
223.8333333,0.398884388,-4.64E-05,-4.53E-05
223.8666667,0.398791582,-4.64E-05,-4.53E-05
223.9,0.398698787,-4.64E-05,-4.53E-05
223.9333333,0.398606005,-4.64E-05,-4.53E-05
223.9666667,0.398513235,-4.64E-05,-4.53E-05
224,0.398420476,-4.64E-05,-4.53E-05
224.0333333,0.398327729,-4.64E-05,-4.52E-05
224.0666667,0.398234995,-4.64E-05,-4.52E-05
224.1,0.398142272,-4.64E-05,-4.52E-05
224.1333333,0.398049561,-4.64E-05,-4.52E-05
224.1666667,0.397956862,-4.63E-05,-4.52E-05
224.2,0.397864176,-4.63E-05,-4.52E-05
224.2333333,0.397771501,-4.63E-05,-4.52E-05
224.2666667,0.397678838,-4.63E-05,-4.52E-05
224.3,0.397586187,-4.63E-05,-4.52E-05
224.3333333,0.397493547,-4.63E-05,-4.52E-05
224.3666667,0.39740092,-4.63E-05,-4.52E-05
224.4,0.397308305,-4.63E-05,-4.52E-05
224.4333333,0.397215702,-4.63E-05,-4.52E-05
224.4666667,0.39712311,-4.63E-05,-4.52E-05
224.5,0.397030531,-4.63E-05,-4.52E-05
224.5333333,0.396937964,-4.63E-05,-4.52E-05
224.5666667,0.396845408,-4.63E-05,-4.51E-05
224.6,0.396752865,-4.63E-05,-4.51E-05
224.6333333,0.396660334,-4.63E-05,-4.51E-05
224.6666667,0.396567814,-4.63E-05,-4.51E-05
224.7,0.396475307,-4.63E-05,-4.51E-05
224.7333333,0.396382811,-4.62E-05,-4.51E-05
224.7666667,0.396290327,-4.62E-05,-4.51E-05
224.8,0.396197856,-4.62E-05,-4.51E-05
224.8333333,0.396105396,-4.62E-05,-4.51E-05
224.8666667,0.396012949,-4.62E-05,-4.51E-05
224.9,0.395920513,-4.62E-05,-4.51E-05
224.9333333,0.395828089,-4.62E-05,-4.51E-05
224.9666667,0.395735678,-4.62E-05,-4.51E-05
225,0.395643278,-4.62E-05,-4.51E-05
225.0333333,0.39555089,-4.62E-05,-4.51E-05
225.0666667,0.395458515,-4.62E-05,-4.51E-05
225.1,0.395366151,-4.62E-05,-4.51E-05
225.1333333,0.395273799,-4.62E-05,-4.50E-05
225.1666667,0.39518146,-4.62E-05,-4.50E-05
225.2,0.395089132,-4.62E-05,-4.50E-05
225.2333333,0.394996816,-4.62E-05,-4.50E-05
225.2666667,0.394904513,-4.62E-05,-4.50E-05
225.3,0.394812221,-4.61E-05,-4.50E-05
225.3333333,0.394719942,-4.61E-05,-4.50E-05
225.3666667,0.394627674,-4.61E-05,-4.50E-05
225.4,0.394535418,-4.61E-05,-4.50E-05
225.4333333,0.394443175,-4.61E-05,-4.50E-05
225.4666667,0.394350943,-4.61E-05,-4.50E-05
225.5,0.394258724,-4.61E-05,-4.50E-05
225.5333333,0.394166516,-4.61E-05,-4.50E-05
225.5666667,0.394074321,-4.61E-05,-4.50E-05
225.6,0.393982137,-4.61E-05,-4.50E-05
225.6333333,0.393889966,-4.61E-05,-4.50E-05
225.6666667,0.393797807,-4.61E-05,-4.49E-05
225.7,0.393705659,-4.61E-05,-4.49E-05
225.7333333,0.393613524,-4.61E-05,-4.49E-05
225.7666667,0.393521401,-4.61E-05,-4.49E-05
225.8,0.39342929,-4.61E-05,-4.49E-05
225.8333333,0.39333719,-4.60E-05,-4.49E-05
225.8666667,0.393245103,-4.60E-05,-4.49E-05
225.9,0.393153028,-4.60E-05,-4.49E-05
225.9333333,0.393060965,-4.60E-05,-4.49E-05
225.9666667,0.392968914,-4.60E-05,-4.49E-05
226,0.392876875,-4.60E-05,-4.49E-05
226.0333333,0.392784849,-4.60E-05,-4.49E-05
226.0666667,0.392692834,-4.60E-05,-4.49E-05
226.1,0.392600831,-4.60E-05,-4.49E-05
226.1333333,0.39250884,-4.60E-05,-4.49E-05
226.1666667,0.392416862,-4.60E-05,-4.49E-05
226.2,0.392324895,-4.60E-05,-4.49E-05
226.2333333,0.392232941,-4.60E-05,-4.48E-05
226.2666667,0.392140998,-4.60E-05,-4.48E-05
226.3,0.392049068,-4.60E-05,-4.48E-05
226.3333333,0.39195715,-4.60E-05,-4.48E-05
226.3666667,0.391865244,-4.60E-05,-4.48E-05
226.4,0.39177335,-4.59E-05,-4.48E-05
226.4333333,0.391681468,-4.59E-05,-4.48E-05
226.4666667,0.391589598,-4.59E-05,-4.48E-05
226.5,0.39149774,-4.59E-05,-4.48E-05
226.5333333,0.391405894,-4.59E-05,-4.48E-05
226.5666667,0.39131406,-4.59E-05,-4.48E-05
226.6,0.391222239,-4.59E-05,-4.48E-05
226.6333333,0.391130429,-4.59E-05,-4.48E-05
226.6666667,0.391038632,-4.59E-05,-4.48E-05
226.7,0.390946847,-4.59E-05,-4.48E-05
226.7333333,0.390855074,-4.59E-05,-4.48E-05
226.7666667,0.390763312,-4.59E-05,-4.47E-05
226.8,0.390671563,-4.59E-05,-4.47E-05
226.8333333,0.390579827,-4.59E-05,-4.47E-05
226.8666667,0.390488102,-4.59E-05,-4.47E-05
226.9,0.390396389,-4.59E-05,-4.47E-05
226.9333333,0.390304689,-4.59E-05,-4.47E-05
226.9666667,0.390213,-4.58E-05,-4.47E-05
227,0.390121324,-4.58E-05,-4.47E-05
227.0333333,0.39002966,-4.58E-05,-4.47E-05
227.0666667,0.389938008,-4.58E-05,-4.47E-05
227.1,0.389846368,-4.58E-05,-4.47E-05
227.1333333,0.38975474,-4.58E-05,-4.47E-05
227.1666667,0.389663124,-4.58E-05,-4.47E-05
227.2,0.389571521,-4.58E-05,-4.47E-05
227.2333333,0.389479929,-4.58E-05,-4.47E-05
227.2666667,0.38938835,-4.58E-05,-4.47E-05
227.3,0.389296783,-4.58E-05,-4.47E-05
227.3333333,0.389205228,-4.58E-05,-4.46E-05
227.3666667,0.389113685,-4.58E-05,-4.46E-05
227.4,0.389022154,-4.58E-05,-4.46E-05
227.4333333,0.388930635,-4.58E-05,-4.46E-05
227.4666667,0.388839129,-4.58E-05,-4.46E-05
227.5,0.388747635,-4.57E-05,-4.46E-05
227.5333333,0.388656152,-4.57E-05,-4.46E-05
227.5666667,0.388564682,-4.57E-05,-4.46E-05
227.6,0.388473225,-4.57E-05,-4.46E-05
227.6333333,0.388381779,-4.57E-05,-4.46E-05
227.6666667,0.388290345,-4.57E-05,-4.46E-05
227.7,0.388198924,-4.57E-05,-4.46E-05
227.7333333,0.388107515,-4.57E-05,-4.46E-05
227.7666667,0.388016117,-4.57E-05,-4.46E-05
227.8,0.387924733,-4.57E-05,-4.46E-05
227.8333333,0.38783336,-4.57E-05,-4.46E-05
227.8666667,0.387741999,-4.57E-05,-4.45E-05
227.9,0.387650651,-4.57E-05,-4.45E-05
227.9333333,0.387559314,-4.57E-05,-4.45E-05
227.9666667,0.38746799,-4.57E-05,-4.45E-05
228,0.387376678,-4.57E-05,-4.45E-05
228.0333333,0.387285379,-4.56E-05,-4.45E-05
228.0666667,0.387194091,-4.56E-05,-4.45E-05
228.1,0.387102816,-4.56E-05,-4.45E-05
228.1333333,0.387011553,-4.56E-05,-4.45E-05
228.1666667,0.386920302,-4.56E-05,-4.45E-05
228.2,0.386829063,-4.56E-05,-4.45E-05
228.2333333,0.386737836,-4.56E-05,-4.45E-05
228.2666667,0.386646622,-4.56E-05,-4.45E-05
228.3,0.386555419,-4.56E-05,-4.45E-05
228.3333333,0.386464229,-4.56E-05,-4.45E-05
228.3666667,0.386373052,-4.56E-05,-4.45E-05
228.4,0.386281886,-4.56E-05,-4.44E-05
228.4333333,0.386190732,-4.56E-05,-4.44E-05
228.4666667,0.386099591,-4.56E-05,-4.44E-05
228.5,0.386008462,-4.56E-05,-4.44E-05
228.5333333,0.385917345,-4.56E-05,-4.44E-05
228.5666667,0.385826241,-4.56E-05,-4.44E-05
228.6,0.385735148,-4.55E-05,-4.44E-05
228.6333333,0.385644068,-4.55E-05,-4.44E-05
228.6666667,0.385553,-4.55E-05,-4.44E-05
228.7,0.385461944,-4.55E-05,-4.44E-05
228.7333333,0.385370901,-4.55E-05,-4.44E-05
228.7666667,0.385279869,-4.55E-05,-4.44E-05
228.8,0.38518885,-4.55E-05,-4.44E-05
228.8333333,0.385097843,-4.55E-05,-4.44E-05
228.8666667,0.385006848,-4.55E-05,-4.44E-05
228.9,0.384915866,-4.55E-05,-4.44E-05
228.9333333,0.384824896,-4.55E-05,-4.44E-05
228.9666667,0.384733938,-4.55E-05,-4.43E-05
229,0.384642992,-4.55E-05,-4.43E-05
229.0333333,0.384552058,-4.55E-05,-4.43E-05
229.0666667,0.384461137,-4.55E-05,-4.43E-05
229.1,0.384370228,-4.55E-05,-4.43E-05
229.1333333,0.384279331,-4.54E-05,-4.43E-05
229.1666667,0.384188447,-4.54E-05,-4.43E-05
229.2,0.384097574,-4.54E-05,-4.43E-05
229.2333333,0.384006714,-4.54E-05,-4.43E-05
229.2666667,0.383915866,-4.54E-05,-4.43E-05
229.3,0.383825031,-4.54E-05,-4.43E-05
229.3333333,0.383734208,-4.54E-05,-4.43E-05
229.3666667,0.383643396,-4.54E-05,-4.43E-05
229.4,0.383552598,-4.54E-05,-4.43E-05
229.4333333,0.383461811,-4.54E-05,-4.43E-05
229.4666667,0.383371037,-4.54E-05,-4.43E-05
229.5,0.383280275,-4.54E-05,-4.42E-05
229.5333333,0.383189525,-4.54E-05,-4.42E-05
229.5666667,0.383098787,-4.54E-05,-4.42E-05
229.6,0.383008062,-4.54E-05,-4.42E-05
229.6333333,0.382917349,-4.54E-05,-4.42E-05
229.6666667,0.382826648,-4.54E-05,-4.42E-05
229.7,0.38273596,-4.53E-05,-4.42E-05
229.7333333,0.382645284,-4.53E-05,-4.42E-05
229.7666667,0.38255462,-4.53E-05,-4.42E-05
229.8,0.382463968,-4.53E-05,-4.42E-05
229.8333333,0.382373329,-4.53E-05,-4.42E-05
229.8666667,0.382282702,-4.53E-05,-4.42E-05
229.9,0.382192087,-4.53E-05,-4.42E-05
229.9333333,0.382101485,-4.53E-05,-4.42E-05
229.9666667,0.382010894,-4.53E-05,-4.42E-05
230,0.381920317,-4.53E-05,-4.42E-05
230.0333333,0.381829751,-4.53E-05,-4.41E-05
230.0666667,0.381739198,-4.53E-05,-4.41E-05
230.1,0.381648657,-4.53E-05,-4.41E-05
230.1333333,0.381558128,-4.53E-05,-4.41E-05
230.1666667,0.381467611,-4.53E-05,-4.41E-05
230.2,0.381377107,-4.53E-05,-4.41E-05
230.2333333,0.381286615,-4.52E-05,-4.41E-05
230.2666667,0.381196136,-4.52E-05,-4.41E-05
230.3,0.381105669,-4.52E-05,-4.41E-05
230.3333333,0.381015214,-4.52E-05,-4.41E-05
230.3666667,0.380924771,-4.52E-05,-4.41E-05
230.4,0.380834341,-4.52E-05,-4.41E-05
230.4333333,0.380743923,-4.52E-05,-4.41E-05
230.4666667,0.380653517,-4.52E-05,-4.41E-05
230.5,0.380563124,-4.52E-05,-4.41E-05
230.5333333,0.380472743,-4.52E-05,-4.41E-05
230.5666667,0.380382374,-4.52E-05,-4.40E-05
230.6,0.380292017,-4.52E-05,-4.40E-05
230.6333333,0.380201673,-4.52E-05,-4.40E-05
230.6666667,0.380111342,-4.52E-05,-4.40E-05
230.7,0.380021022,-4.52E-05,-4.40E-05
230.7333333,0.379930715,-4.52E-05,-4.40E-05
230.7666667,0.37984042,-4.51E-05,-4.40E-05
230.8,0.379750138,-4.51E-05,-4.40E-05
230.8333333,0.379659868,-4.51E-05,-4.40E-05
230.8666667,0.37956961,-4.51E-05,-4.40E-05
230.9,0.379479365,-4.51E-05,-4.40E-05
230.9333333,0.379389131,-4.51E-05,-4.40E-05
230.9666667,0.379298911,-4.51E-05,-4.40E-05
231,0.379208702,-4.51E-05,-4.40E-05
231.0333333,0.379118506,-4.51E-05,-4.40E-05
231.0666667,0.379028323,-4.51E-05,-4.40E-05
231.1,0.378938151,-4.51E-05,-4.39E-05
231.1333333,0.378847992,-4.51E-05,-4.39E-05
231.1666667,0.378757846,-4.51E-05,-4.39E-05
231.2,0.378667711,-4.51E-05,-4.39E-05
231.2333333,0.378577589,-4.51E-05,-4.39E-05
231.2666667,0.37848748,-4.51E-05,-4.39E-05
231.3,0.378397382,-4.50E-05,-4.39E-05
231.3333333,0.378307298,-4.50E-05,-4.39E-05
231.3666667,0.378217225,-4.50E-05,-4.39E-05
231.4,0.378127165,-4.50E-05,-4.39E-05
231.4333333,0.378037117,-4.50E-05,-4.39E-05
231.4666667,0.377947082,-4.50E-05,-4.39E-05
231.5,0.377857059,-4.50E-05,-4.39E-05
231.5333333,0.377767048,-4.50E-05,-4.39E-05
231.5666667,0.37767705,-4.50E-05,-4.39E-05
231.6,0.377587064,-4.50E-05,-4.39E-05
231.6333333,0.37749709,-4.50E-05,-4.38E-05
231.6666667,0.377407129,-4.50E-05,-4.38E-05
231.7,0.37731718,-4.50E-05,-4.38E-05
231.7333333,0.377227244,-4.50E-05,-4.38E-05
231.7666667,0.37713732,-4.50E-05,-4.38E-05
231.8,0.377047408,-4.50E-05,-4.38E-05
231.8333333,0.376957509,-4.49E-05,-4.38E-05
231.8666667,0.376867622,-4.49E-05,-4.38E-05
231.9,0.376777748,-4.49E-05,-4.38E-05
231.9333333,0.376687886,-4.49E-05,-4.38E-05
231.9666667,0.376598036,-4.49E-05,-4.38E-05
232,0.376508199,-4.49E-05,-4.38E-05
232.0333333,0.376418374,-4.49E-05,-4.38E-05
232.0666667,0.376328561,-4.49E-05,-4.38E-05
232.1,0.376238761,-4.49E-05,-4.38E-05
232.1333333,0.376148973,-4.49E-05,-4.38E-05
232.1666667,0.376059198,-4.49E-05,-4.37E-05
232.2,0.375969435,-4.49E-05,-4.37E-05
232.2333333,0.375879685,-4.49E-05,-4.37E-05
232.2666667,0.375789947,-4.49E-05,-4.37E-05
232.3,0.375700221,-4.49E-05,-4.37E-05
232.3333333,0.375610508,-4.49E-05,-4.37E-05
232.3666667,0.375520807,-4.49E-05,-4.37E-05
232.4,0.375431119,-4.48E-05,-4.37E-05
232.4333333,0.375341443,-4.48E-05,-4.37E-05
232.4666667,0.375251779,-4.48E-05,-4.37E-05
232.5,0.375162128,-4.48E-05,-4.37E-05
232.5333333,0.375072489,-4.48E-05,-4.37E-05
232.5666667,0.374982863,-4.48E-05,-4.37E-05
232.6,0.374893249,-4.48E-05,-4.37E-05
232.6333333,0.374803648,-4.48E-05,-4.37E-05
232.6666667,0.374714059,-4.48E-05,-4.37E-05
232.7,0.374624482,-4.48E-05,-4.37E-05
232.7333333,0.374534918,-4.48E-05,-4.36E-05
232.7666667,0.374445366,-4.48E-05,-4.36E-05
232.8,0.374355827,-4.48E-05,-4.36E-05
232.8333333,0.3742663,-4.48E-05,-4.36E-05
232.8666667,0.374176786,-4.48E-05,-4.36E-05
232.9,0.374087284,-4.48E-05,-4.36E-05
232.9333333,0.373997795,-4.47E-05,-4.36E-05
232.9666667,0.373908318,-4.47E-05,-4.36E-05
233,0.373818853,-4.47E-05,-4.36E-05
233.0333333,0.373729401,-4.47E-05,-4.36E-05
233.0666667,0.373639961,-4.47E-05,-4.36E-05
233.1,0.373550534,-4.47E-05,-4.36E-05
233.1333333,0.373461119,-4.47E-05,-4.36E-05
233.1666667,0.373371717,-4.47E-05,-4.36E-05
233.2,0.373282327,-4.47E-05,-4.36E-05
233.2333333,0.37319295,-4.47E-05,-4.36E-05
233.2666667,0.373103585,-4.47E-05,-4.35E-05
233.3,0.373014232,-4.47E-05,-4.35E-05
233.3333333,0.372924892,-4.47E-05,-4.35E-05
233.3666667,0.372835565,-4.47E-05,-4.35E-05
233.4,0.372746249,-4.47E-05,-4.35E-05
233.4333333,0.372656947,-4.47E-05,-4.35E-05
233.4666667,0.372567657,-4.46E-05,-4.35E-05
233.5,0.372478379,-4.46E-05,-4.35E-05
233.5333333,0.372389114,-4.46E-05,-4.35E-05
233.5666667,0.372299861,-4.46E-05,-4.35E-05
233.6,0.372210621,-4.46E-05,-4.35E-05
233.6333333,0.372121393,-4.46E-05,-4.35E-05
233.6666667,0.372032178,-4.46E-05,-4.35E-05
233.7,0.371942975,-4.46E-05,-4.35E-05
233.7333333,0.371853785,-4.46E-05,-4.35E-05
233.7666667,0.371764607,-4.46E-05,-4.35E-05
233.8,0.371675442,-4.46E-05,-4.34E-05
233.8333333,0.371586289,-4.46E-05,-4.34E-05
233.8666667,0.371497148,-4.46E-05,-4.34E-05
233.9,0.37140802,-4.46E-05,-4.34E-05
233.9333333,0.371318905,-4.46E-05,-4.34E-05
233.9666667,0.371229802,-4.46E-05,-4.34E-05
234,0.371140712,-4.45E-05,-4.34E-05
234.0333333,0.371051634,-4.45E-05,-4.34E-05
234.0666667,0.370962569,-4.45E-05,-4.34E-05
234.1,0.370873516,-4.45E-05,-4.34E-05
234.1333333,0.370784475,-4.45E-05,-4.34E-05
234.1666667,0.370695448,-4.45E-05,-4.34E-05
234.2,0.370606432,-4.45E-05,-4.34E-05
234.2333333,0.370517429,-4.45E-05,-4.34E-05
234.2666667,0.370428439,-4.45E-05,-4.34E-05
234.3,0.370339461,-4.45E-05,-4.33E-05
234.3333333,0.370250496,-4.45E-05,-4.33E-05
234.3666667,0.370161543,-4.45E-05,-4.33E-05
234.4,0.370072603,-4.45E-05,-4.33E-05
234.4333333,0.369983675,-4.45E-05,-4.33E-05
234.4666667,0.36989476,-4.45E-05,-4.33E-05
234.5,0.369805857,-4.45E-05,-4.33E-05
234.5333333,0.369716967,-4.44E-05,-4.33E-05
234.5666667,0.369628089,-4.44E-05,-4.33E-05
234.6,0.369539224,-4.44E-05,-4.33E-05
234.6333333,0.369450372,-4.44E-05,-4.33E-05
234.6666667,0.369361531,-4.44E-05,-4.33E-05
234.7,0.369272704,-4.44E-05,-4.33E-05
234.7333333,0.369183889,-4.44E-05,-4.33E-05
234.7666667,0.369095086,-4.44E-05,-4.33E-05
234.8,0.369006297,-4.44E-05,-4.33E-05
234.8333333,0.368917519,-4.44E-05,-4.32E-05
234.8666667,0.368828754,-4.44E-05,-4.32E-05
234.9,0.368740002,-4.44E-05,-4.32E-05
234.9333333,0.368651262,-4.44E-05,-4.32E-05
234.9666667,0.368562535,-4.44E-05,-4.32E-05
235,0.36847382,-4.44E-05,-4.32E-05
235.0333333,0.368385118,-4.44E-05,-4.32E-05
235.0666667,0.368296429,-4.43E-05,-4.32E-05
235.1,0.368207752,-4.43E-05,-4.32E-05
235.1333333,0.368119087,-4.43E-05,-4.32E-05
235.1666667,0.368030435,-4.43E-05,-4.32E-05
235.2,0.367941796,-4.43E-05,-4.32E-05
235.2333333,0.367853169,-4.43E-05,-4.32E-05
235.2666667,0.367764555,-4.43E-05,-4.32E-05
235.3,0.367675953,-4.43E-05,-4.32E-05
235.3333333,0.367587364,-4.43E-05,-4.32E-05
235.3666667,0.367498787,-4.43E-05,-4.31E-05
235.4,0.367410223,-4.43E-05,-4.31E-05
235.4333333,0.367321672,-4.43E-05,-4.31E-05
235.4666667,0.367233133,-4.43E-05,-4.31E-05
235.5,0.367144607,-4.43E-05,-4.31E-05
235.5333333,0.367056093,-4.43E-05,-4.31E-05
235.5666667,0.366967592,-4.43E-05,-4.31E-05
235.6,0.366879103,-4.42E-05,-4.31E-05
235.6333333,0.366790627,-4.42E-05,-4.31E-05
235.6666667,0.366702164,-4.42E-05,-4.31E-05
235.7,0.366613713,-4.42E-05,-4.31E-05
235.7333333,0.366525275,-4.42E-05,-4.31E-05
235.7666667,0.366436849,-4.42E-05,-4.31E-05
235.8,0.366348436,-4.42E-05,-4.31E-05
235.8333333,0.366260036,-4.42E-05,-4.31E-05
235.8666667,0.366171648,-4.42E-05,-4.31E-05
235.9,0.366083272,-4.42E-05,-4.30E-05
235.9333333,0.36599491,-4.42E-05,-4.30E-05
235.9666667,0.36590656,-4.42E-05,-4.30E-05
236,0.365818222,-4.42E-05,-4.30E-05
236.0333333,0.365729897,-4.42E-05,-4.30E-05
236.0666667,0.365641585,-4.42E-05,-4.30E-05
236.1,0.365553285,-4.41E-05,-4.30E-05
236.1333333,0.365464998,-4.41E-05,-4.30E-05
236.1666667,0.365376723,-4.41E-05,-4.30E-05
236.2,0.365288461,-4.41E-05,-4.30E-05
236.2333333,0.365200212,-4.41E-05,-4.30E-05
236.2666667,0.365111975,-4.41E-05,-4.30E-05
236.3,0.365023751,-4.41E-05,-4.30E-05
236.3333333,0.36493554,-4.41E-05,-4.30E-05
236.3666667,0.364847341,-4.41E-05,-4.30E-05
236.4,0.364759154,-4.41E-05,-4.30E-05
236.4333333,0.364670981,-4.41E-05,-4.29E-05
236.4666667,0.36458282,-4.41E-05,-4.29E-05
236.5,0.364494671,-4.41E-05,-4.29E-05
236.5333333,0.364406535,-4.41E-05,-4.29E-05
236.5666667,0.364318412,-4.41E-05,-4.29E-05
236.6,0.364230302,-4.41E-05,-4.29E-05
236.6333333,0.364142204,-4.40E-05,-4.29E-05
236.6666667,0.364054118,-4.40E-05,-4.29E-05
236.7,0.363966046,-4.40E-05,-4.29E-05
236.7333333,0.363877985,-4.40E-05,-4.29E-05
236.7666667,0.363789938,-4.40E-05,-4.29E-05
236.8,0.363701903,-4.40E-05,-4.29E-05
236.8333333,0.363613881,-4.40E-05,-4.29E-05
236.8666667,0.363525871,-4.40E-05,-4.29E-05
236.9,0.363437875,-4.40E-05,-4.29E-05
236.9333333,0.36334989,-4.40E-05,-4.29E-05
236.9666667,0.363261919,-4.40E-05,-4.28E-05
237,0.36317396,-4.40E-05,-4.28E-05
237.0333333,0.363086013,-4.40E-05,-4.28E-05
237.0666667,0.362998079,-4.40E-05,-4.28E-05
237.1,0.362910158,-4.40E-05,-4.28E-05
237.1333333,0.36282225,-4.40E-05,-4.28E-05
237.1666667,0.362734354,-4.39E-05,-4.28E-05
237.2,0.362646471,-4.39E-05,-4.28E-05
237.2333333,0.3625586,-4.39E-05,-4.28E-05
237.2666667,0.362470743,-4.39E-05,-4.28E-05
237.3,0.362382897,-4.39E-05,-4.28E-05
237.3333333,0.362295065,-4.39E-05,-4.28E-05
237.3666667,0.362207245,-4.39E-05,-4.28E-05
237.4,0.362119438,-4.39E-05,-4.28E-05
237.4333333,0.362031643,-4.39E-05,-4.28E-05
237.4666667,0.361943861,-4.39E-05,-4.28E-05
237.5,0.361856092,-4.39E-05,-4.27E-05
237.5333333,0.361768335,-4.39E-05,-4.27E-05
237.5666667,0.361680592,-4.39E-05,-4.27E-05
237.6,0.36159286,-4.39E-05,-4.27E-05
237.6333333,0.361505142,-4.39E-05,-4.27E-05
237.6666667,0.361417436,-4.39E-05,-4.27E-05
237.7,0.361329743,-4.38E-05,-4.27E-05
237.7333333,0.361242062,-4.38E-05,-4.27E-05
237.7666667,0.361154394,-4.38E-05,-4.27E-05
237.8,0.361066739,-4.38E-05,-4.27E-05
237.8333333,0.360979096,-4.38E-05,-4.27E-05
237.8666667,0.360891466,-4.38E-05,-4.27E-05
237.9,0.360803849,-4.38E-05,-4.27E-05
237.9333333,0.360716245,-4.38E-05,-4.27E-05
237.9666667,0.360628653,-4.38E-05,-4.27E-05
238,0.360541074,-4.38E-05,-4.26E-05
238.0333333,0.360453507,-4.38E-05,-4.26E-05
238.0666667,0.360365954,-4.38E-05,-4.26E-05
238.1,0.360278412,-4.38E-05,-4.26E-05
238.1333333,0.360190884,-4.38E-05,-4.26E-05
238.1666667,0.360103368,-4.38E-05,-4.26E-05
238.2,0.360015865,-4.38E-05,-4.26E-05
238.2333333,0.359928375,-4.37E-05,-4.26E-05
238.2666667,0.359840897,-4.37E-05,-4.26E-05
238.3,0.359753433,-4.37E-05,-4.26E-05
238.3333333,0.35966598,-4.37E-05,-4.26E-05
238.3666667,0.359578541,-4.37E-05,-4.26E-05
238.4,0.359491114,-4.37E-05,-4.26E-05
238.4333333,0.3594037,-4.37E-05,-4.26E-05
238.4666667,0.359316298,-4.37E-05,-4.26E-05
238.5,0.35922891,-4.37E-05,-4.26E-05
238.5333333,0.359141534,-4.37E-05,-4.25E-05
238.5666667,0.35905417,-4.37E-05,-4.25E-05
238.6,0.35896682,-4.37E-05,-4.25E-05
238.6333333,0.358879482,-4.37E-05,-4.25E-05
238.6666667,0.358792157,-4.37E-05,-4.25E-05
238.7,0.358704844,-4.37E-05,-4.25E-05
238.7333333,0.358617545,-4.36E-05,-4.25E-05
238.7666667,0.358530258,-4.36E-05,-4.25E-05
238.8,0.358442983,-4.36E-05,-4.25E-05
238.8333333,0.358355722,-4.36E-05,-4.25E-05
238.8666667,0.358268473,-4.36E-05,-4.25E-05
238.9,0.358181237,-4.36E-05,-4.25E-05
238.9333333,0.358094013,-4.36E-05,-4.25E-05
238.9666667,0.358006803,-4.36E-05,-4.25E-05
239,0.357919605,-4.36E-05,-4.25E-05
239.0333333,0.357832419,-4.36E-05,-4.25E-05
239.0666667,0.357745247,-4.36E-05,-4.24E-05
239.1,0.357658087,-4.36E-05,-4.24E-05
239.1333333,0.35757094,-4.36E-05,-4.24E-05
239.1666667,0.357483806,-4.36E-05,-4.24E-05
239.2,0.357396684,-4.36E-05,-4.24E-05
239.2333333,0.357309575,-4.36E-05,-4.24E-05
239.2666667,0.357222479,-4.35E-05,-4.24E-05
239.3,0.357135396,-4.35E-05,-4.24E-05
239.3333333,0.357048325,-4.35E-05,-4.24E-05
239.3666667,0.356961267,-4.35E-05,-4.24E-05
239.4,0.356874222,-4.35E-05,-4.24E-05
239.4333333,0.35678719,-4.35E-05,-4.24E-05
239.4666667,0.35670017,-4.35E-05,-4.24E-05
239.5,0.356613163,-4.35E-05,-4.24E-05
239.5333333,0.356526169,-4.35E-05,-4.24E-05
239.5666667,0.356439188,-4.35E-05,-4.23E-05
239.6,0.356352219,-4.35E-05,-4.23E-05
239.6333333,0.356265263,-4.35E-05,-4.23E-05
239.6666667,0.35617832,-4.35E-05,-4.23E-05
239.7,0.35609139,-4.35E-05,-4.23E-05
239.7333333,0.356004472,-4.35E-05,-4.23E-05
239.7666667,0.355917567,-4.35E-05,-4.23E-05
239.8,0.355830675,-4.34E-05,-4.23E-05
239.8333333,0.355743796,-4.34E-05,-4.23E-05
239.8666667,0.355656929,-4.34E-05,-4.23E-05
239.9,0.355570075,-4.34E-05,-4.23E-05
239.9333333,0.355483234,-4.34E-05,-4.23E-05
239.9666667,0.355396406,-4.34E-05,-4.23E-05
240,0.355309591,-4.34E-05,-4.23E-05
240.0333333,0.355222788,-4.34E-05,-4.23E-05
240.0666667,0.355135998,-4.34E-05,-4.23E-05
240.1,0.355049221,-4.34E-05,-4.22E-05
240.1333333,0.354962456,-4.34E-05,-4.22E-05
240.1666667,0.354875705,-4.34E-05,-4.22E-05
240.2,0.354788966,-4.34E-05,-4.22E-05
240.2333333,0.35470224,-4.34E-05,-4.22E-05
240.2666667,0.354615526,-4.34E-05,-4.22E-05
240.3,0.354528826,-4.34E-05,-4.22E-05
240.3333333,0.354442138,-4.33E-05,-4.22E-05
240.3666667,0.354355463,-4.33E-05,-4.22E-05
240.4,0.354268801,-4.33E-05,-4.22E-05
240.4333333,0.354182151,-4.33E-05,-4.22E-05
240.4666667,0.354095515,-4.33E-05,-4.22E-05
240.5,0.354008891,-4.33E-05,-4.22E-05
240.5333333,0.35392228,-4.33E-05,-4.22E-05
240.5666667,0.353835682,-4.33E-05,-4.22E-05
240.6,0.353749096,-4.33E-05,-4.22E-05
240.6333333,0.353662523,-4.33E-05,-4.21E-05
240.6666667,0.353575964,-4.33E-05,-4.21E-05
240.7,0.353489417,-4.33E-05,-4.21E-05
240.7333333,0.353402882,-4.33E-05,-4.21E-05
240.7666667,0.353316361,-4.33E-05,-4.21E-05
240.8,0.353229852,-4.33E-05,-4.21E-05
240.8333333,0.353143356,-4.32E-05,-4.21E-05
240.8666667,0.353056873,-4.32E-05,-4.21E-05
240.9,0.352970403,-4.32E-05,-4.21E-05
240.9333333,0.352883945,-4.32E-05,-4.21E-05
240.9666667,0.352797501,-4.32E-05,-4.21E-05
241,0.352711069,-4.32E-05,-4.21E-05
241.0333333,0.35262465,-4.32E-05,-4.21E-05
241.0666667,0.352538244,-4.32E-05,-4.21E-05
241.1,0.35245185,-4.32E-05,-4.21E-05
241.1333333,0.35236547,-4.32E-05,-4.20E-05
241.1666667,0.352279102,-4.32E-05,-4.20E-05
241.2,0.352192747,-4.32E-05,-4.20E-05
241.2333333,0.352106405,-4.32E-05,-4.20E-05
241.2666667,0.352020075,-4.32E-05,-4.20E-05
241.3,0.351933759,-4.32E-05,-4.20E-05
241.3333333,0.351847455,-4.32E-05,-4.20E-05
241.3666667,0.351761164,-4.31E-05,-4.20E-05
241.4,0.351674886,-4.31E-05,-4.20E-05
241.4333333,0.351588621,-4.31E-05,-4.20E-05
241.4666667,0.351502369,-4.31E-05,-4.20E-05
241.5,0.351416129,-4.31E-05,-4.20E-05
241.5333333,0.351329902,-4.31E-05,-4.20E-05
241.5666667,0.351243688,-4.31E-05,-4.20E-05
241.6,0.351157487,-4.31E-05,-4.20E-05
241.6333333,0.351071299,-4.31E-05,-4.20E-05
241.6666667,0.350985124,-4.31E-05,-4.19E-05
241.7,0.350898961,-4.31E-05,-4.19E-05
241.7333333,0.350812811,-4.31E-05,-4.19E-05
241.7666667,0.350726674,-4.31E-05,-4.19E-05
241.8,0.35064055,-4.31E-05,-4.19E-05
241.8333333,0.350554439,-4.31E-05,-4.19E-05
241.8666667,0.350468341,-4.30E-05,-4.19E-05
241.9,0.350382255,-4.30E-05,-4.19E-05
241.9333333,0.350296182,-4.30E-05,-4.19E-05
241.9666667,0.350210123,-4.30E-05,-4.19E-05
242,0.350124076,-4.30E-05,-4.19E-05
242.0333333,0.350038041,-4.30E-05,-4.19E-05
242.0666667,0.34995202,-4.30E-05,-4.19E-05
242.1,0.349866012,-4.30E-05,-4.19E-05
242.1333333,0.349780016,-4.30E-05,-4.19E-05
242.1666667,0.349694033,-4.30E-05,-4.18E-05
242.2,0.349608063,-4.30E-05,-4.18E-05
242.2333333,0.349522106,-4.30E-05,-4.18E-05
242.2666667,0.349436162,-4.30E-05,-4.18E-05
242.3,0.349350231,-4.30E-05,-4.18E-05
242.3333333,0.349264312,-4.30E-05,-4.18E-05
242.3666667,0.349178407,-4.30E-05,-4.18E-05
242.4,0.349092514,-4.29E-05,-4.18E-05
242.4333333,0.349006634,-4.29E-05,-4.18E-05
242.4666667,0.348920767,-4.29E-05,-4.18E-05
242.5,0.348834913,-4.29E-05,-4.18E-05
242.5333333,0.348749072,-4.29E-05,-4.18E-05
242.5666667,0.348663243,-4.29E-05,-4.18E-05
242.6,0.348577428,-4.29E-05,-4.18E-05
242.6333333,0.348491625,-4.29E-05,-4.18E-05
242.6666667,0.348405835,-4.29E-05,-4.18E-05
242.7,0.348320058,-4.29E-05,-4.17E-05
242.7333333,0.348234294,-4.29E-05,-4.17E-05
242.7666667,0.348148543,-4.29E-05,-4.17E-05
242.8,0.348062805,-4.29E-05,-4.17E-05
242.8333333,0.347977079,-4.29E-05,-4.17E-05
242.8666667,0.347891367,-4.29E-05,-4.17E-05
242.9,0.347805667,-4.28E-05,-4.17E-05
242.9333333,0.34771998,-4.28E-05,-4.17E-05
242.9666667,0.347634306,-4.28E-05,-4.17E-05
243,0.347548645,-4.28E-05,-4.17E-05
243.0333333,0.347462997,-4.28E-05,-4.17E-05
243.0666667,0.347377362,-4.28E-05,-4.17E-05
243.1,0.34729174,-4.28E-05,-4.17E-05
243.1333333,0.34720613,-4.28E-05,-4.17E-05
243.1666667,0.347120533,-4.28E-05,-4.17E-05
243.2,0.34703495,-4.28E-05,-4.17E-05
243.2333333,0.346949379,-4.28E-05,-4.16E-05
243.2666667,0.346863821,-4.28E-05,-4.16E-05
243.3,0.346778276,-4.28E-05,-4.16E-05
243.3333333,0.346692744,-4.28E-05,-4.16E-05
243.3666667,0.346607225,-4.28E-05,-4.16E-05
243.4,0.346521718,-4.28E-05,-4.16E-05
243.4333333,0.346436225,-4.27E-05,-4.16E-05
243.4666667,0.346350744,-4.27E-05,-4.16E-05
243.5,0.346265277,-4.27E-05,-4.16E-05
243.5333333,0.346179822,-4.27E-05,-4.16E-05
243.5666667,0.34609438,-4.27E-05,-4.16E-05
243.6,0.346008951,-4.27E-05,-4.16E-05
243.6333333,0.345923535,-4.27E-05,-4.16E-05
243.6666667,0.345838132,-4.27E-05,-4.16E-05
243.7,0.345752742,-4.27E-05,-4.16E-05
243.7333333,0.345667365,-4.27E-05,-4.15E-05
243.7666667,0.345582,-4.27E-05,-4.15E-05
243.8,0.345496649,-4.27E-05,-4.15E-05
243.8333333,0.34541131,-4.27E-05,-4.15E-05
243.8666667,0.345325985,-4.27E-05,-4.15E-05
243.9,0.345240672,-4.27E-05,-4.15E-05
243.9333333,0.345155372,-4.26E-05,-4.15E-05
243.9666667,0.345070085,-4.26E-05,-4.15E-05
244,0.344984812,-4.26E-05,-4.15E-05
244.0333333,0.34489955,-4.26E-05,-4.15E-05
244.0666667,0.344814302,-4.26E-05,-4.15E-05
244.1,0.344729067,-4.26E-05,-4.15E-05
244.1333333,0.344643845,-4.26E-05,-4.15E-05
244.1666667,0.344558636,-4.26E-05,-4.15E-05
244.2,0.344473439,-4.26E-05,-4.15E-05
244.2333333,0.344388256,-4.26E-05,-4.15E-05
244.2666667,0.344303085,-4.26E-05,-4.14E-05
244.3,0.344217928,-4.26E-05,-4.14E-05
244.3333333,0.344132783,-4.26E-05,-4.14E-05
244.3666667,0.344047651,-4.26E-05,-4.14E-05
244.4,0.343962532,-4.26E-05,-4.14E-05
244.4333333,0.343877426,-4.26E-05,-4.14E-05
244.4666667,0.343792333,-4.25E-05,-4.14E-05
244.5,0.343707253,-4.25E-05,-4.14E-05
244.5333333,0.343622186,-4.25E-05,-4.14E-05
244.5666667,0.343537132,-4.25E-05,-4.14E-05
244.6,0.343452091,-4.25E-05,-4.14E-05
244.6333333,0.343367063,-4.25E-05,-4.14E-05
244.6666667,0.343282047,-4.25E-05,-4.14E-05
244.7,0.343197045,-4.25E-05,-4.14E-05
244.7333333,0.343112056,-4.25E-05,-4.14E-05
244.7666667,0.343027079,-4.25E-05,-4.13E-05
244.8,0.342942116,-4.25E-05,-4.13E-05
244.8333333,0.342857165,-4.25E-05,-4.13E-05
244.8666667,0.342772228,-4.25E-05,-4.13E-05
244.9,0.342687303,-4.25E-05,-4.13E-05
244.9333333,0.342602391,-4.25E-05,-4.13E-05
244.9666667,0.342517492,-4.24E-05,-4.13E-05
245,0.342432607,-4.24E-05,-4.13E-05
245.0333333,0.342347734,-4.24E-05,-4.13E-05
245.0666667,0.342262874,-4.24E-05,-4.13E-05
245.1,0.342178027,-4.24E-05,-4.13E-05
245.1333333,0.342093193,-4.24E-05,-4.13E-05
245.1666667,0.342008372,-4.24E-05,-4.13E-05
245.2,0.341923564,-4.24E-05,-4.13E-05
245.2333333,0.341838769,-4.24E-05,-4.13E-05
245.2666667,0.341753986,-4.24E-05,-4.13E-05
245.3,0.341669217,-4.24E-05,-4.12E-05
245.3333333,0.341584461,-4.24E-05,-4.12E-05
245.3666667,0.341499718,-4.24E-05,-4.12E-05
245.4,0.341414988,-4.24E-05,-4.12E-05
245.4333333,0.34133027,-4.24E-05,-4.12E-05
245.4666667,0.341245566,-4.24E-05,-4.12E-05
245.5,0.341160875,-4.23E-05,-4.12E-05
245.5333333,0.341076196,-4.23E-05,-4.12E-05
245.5666667,0.340991531,-4.23E-05,-4.12E-05
245.6,0.340906878,-4.23E-05,-4.12E-05
245.6333333,0.340822239,-4.23E-05,-4.12E-05
245.6666667,0.340737612,-4.23E-05,-4.12E-05
245.7,0.340652999,-4.23E-05,-4.12E-05
245.7333333,0.340568398,-4.23E-05,-4.12E-05
245.7666667,0.340483811,-4.23E-05,-4.12E-05
245.8,0.340399236,-4.23E-05,-4.11E-05
245.8333333,0.340314675,-4.23E-05,-4.11E-05
245.8666667,0.340230126,-4.23E-05,-4.11E-05
245.9,0.34014559,-4.23E-05,-4.11E-05
245.9333333,0.340061068,-4.23E-05,-4.11E-05
245.9666667,0.339976558,-4.23E-05,-4.11E-05
246,0.339892061,-4.22E-05,-4.11E-05
246.0333333,0.339807578,-4.22E-05,-4.11E-05
246.0666667,0.339723107,-4.22E-05,-4.11E-05
246.1,0.339638649,-4.22E-05,-4.11E-05
246.1333333,0.339554205,-4.22E-05,-4.11E-05
246.1666667,0.339469773,-4.22E-05,-4.11E-05
246.2,0.339385354,-4.22E-05,-4.11E-05
246.2333333,0.339300948,-4.22E-05,-4.11E-05
246.2666667,0.339216556,-4.22E-05,-4.11E-05
246.3,0.339132176,-4.22E-05,-4.10E-05
246.3333333,0.339047809,-4.22E-05,-4.10E-05
246.3666667,0.338963455,-4.22E-05,-4.10E-05
246.4,0.338879115,-4.22E-05,-4.10E-05
246.4333333,0.338794787,-4.22E-05,-4.10E-05
246.4666667,0.338710472,-4.22E-05,-4.10E-05
246.5,0.338626171,-4.22E-05,-4.10E-05
246.5333333,0.338541882,-4.21E-05,-4.10E-05
246.5666667,0.338457606,-4.21E-05,-4.10E-05
246.6,0.338373343,-4.21E-05,-4.10E-05
246.6333333,0.338289094,-4.21E-05,-4.10E-05
246.6666667,0.338204857,-4.21E-05,-4.10E-05
246.7,0.338120633,-4.21E-05,-4.10E-05
246.7333333,0.338036423,-4.21E-05,-4.10E-05
246.7666667,0.337952225,-4.21E-05,-4.10E-05
246.8,0.33786804,-4.21E-05,-4.10E-05
246.8333333,0.337783869,-4.21E-05,-4.09E-05
246.8666667,0.33769971,-4.21E-05,-4.09E-05
246.9,0.337615564,-4.21E-05,-4.09E-05
246.9333333,0.337531432,-4.21E-05,-4.09E-05
246.9666667,0.337447312,-4.21E-05,-4.09E-05
247,0.337363206,-4.21E-05,-4.09E-05
247.0333333,0.337279112,-4.20E-05,-4.09E-05
247.0666667,0.337195032,-4.20E-05,-4.09E-05
247.1,0.337110964,-4.20E-05,-4.09E-05
247.1333333,0.33702691,-4.20E-05,-4.09E-05
247.1666667,0.336942868,-4.20E-05,-4.09E-05
247.2,0.33685884,-4.20E-05,-4.09E-05
247.2333333,0.336774825,-4.20E-05,-4.09E-05
247.2666667,0.336690822,-4.20E-05,-4.09E-05
247.3,0.336606833,-4.20E-05,-4.09E-05
247.3333333,0.336522857,-4.20E-05,-4.08E-05
247.3666667,0.336438893,-4.20E-05,-4.08E-05
247.4,0.336354943,-4.20E-05,-4.08E-05
247.4333333,0.336271006,-4.20E-05,-4.08E-05
247.4666667,0.336187082,-4.20E-05,-4.08E-05
247.5,0.336103171,-4.20E-05,-4.08E-05
247.5333333,0.336019272,-4.19E-05,-4.08E-05
247.5666667,0.335935387,-4.19E-05,-4.08E-05
247.6,0.335851515,-4.19E-05,-4.08E-05
247.6333333,0.335767656,-4.19E-05,-4.08E-05
247.6666667,0.33568381,-4.19E-05,-4.08E-05
247.7,0.335599977,-4.19E-05,-4.08E-05
247.7333333,0.335516158,-4.19E-05,-4.08E-05
247.7666667,0.335432351,-4.19E-05,-4.08E-05
247.8,0.335348557,-4.19E-05,-4.08E-05
247.8333333,0.335264776,-4.19E-05,-4.08E-05
247.8666667,0.335181009,-4.19E-05,-4.07E-05
247.9,0.335097254,-4.19E-05,-4.07E-05
247.9333333,0.335013512,-4.19E-05,-4.07E-05
247.9666667,0.334929784,-4.19E-05,-4.07E-05
248,0.334846068,-4.19E-05,-4.07E-05
248.0333333,0.334762366,-4.19E-05,-4.07E-05
248.0666667,0.334678676,-4.18E-05,-4.07E-05
248.1,0.334595,-4.18E-05,-4.07E-05
248.1333333,0.334511337,-4.18E-05,-4.07E-05
248.1666667,0.334427687,-4.18E-05,-4.07E-05
248.2,0.334344049,-4.18E-05,-4.07E-05
248.2333333,0.334260425,-4.18E-05,-4.07E-05
248.2666667,0.334176814,-4.18E-05,-4.07E-05
248.3,0.334093216,-4.18E-05,-4.07E-05
248.3333333,0.334009631,-4.18E-05,-4.07E-05
248.3666667,0.333926059,-4.18E-05,-4.06E-05
248.4,0.333842501,-4.18E-05,-4.06E-05
248.4333333,0.333758955,-4.18E-05,-4.06E-05
248.4666667,0.333675422,-4.18E-05,-4.06E-05
248.5,0.333591903,-4.18E-05,-4.06E-05
248.5333333,0.333508396,-4.18E-05,-4.06E-05
248.5666667,0.333424902,-4.17E-05,-4.06E-05
248.6,0.333341422,-4.17E-05,-4.06E-05
248.6333333,0.333257955,-4.17E-05,-4.06E-05
248.6666667,0.3331745,-4.17E-05,-4.06E-05
248.7,0.333091059,-4.17E-05,-4.06E-05
248.7333333,0.333007631,-4.17E-05,-4.06E-05
248.7666667,0.332924216,-4.17E-05,-4.06E-05
248.8,0.332840814,-4.17E-05,-4.06E-05
248.8333333,0.332757425,-4.17E-05,-4.06E-05
248.8666667,0.332674049,-4.17E-05,-4.05E-05
248.9,0.332590686,-4.17E-05,-4.05E-05
248.9333333,0.332507337,-4.17E-05,-4.05E-05
248.9666667,0.332424,-4.17E-05,-4.05E-05
249,0.332340677,-4.17E-05,-4.05E-05
249.0333333,0.332257366,-4.17E-05,-4.05E-05
249.0666667,0.332174069,-4.16E-05,-4.05E-05
249.1,0.332090784,-4.16E-05,-4.05E-05
249.1333333,0.332007513,-4.16E-05,-4.05E-05
249.1666667,0.331924255,-4.16E-05,-4.05E-05
249.2,0.33184101,-4.16E-05,-4.05E-05
249.2333333,0.331757778,-4.16E-05,-4.05E-05
249.2666667,0.331674559,-4.16E-05,-4.05E-05
249.3,0.331591353,-4.16E-05,-4.05E-05
249.3333333,0.331508161,-4.16E-05,-4.05E-05
249.3666667,0.331424981,-4.16E-05,-4.05E-05
249.4,0.331341814,-4.16E-05,-4.04E-05
249.4333333,0.331258661,-4.16E-05,-4.04E-05
249.4666667,0.331175521,-4.16E-05,-4.04E-05
249.5,0.331092393,-4.16E-05,-4.04E-05
249.5333333,0.331009279,-4.16E-05,-4.04E-05
249.5666667,0.330926178,-4.16E-05,-4.04E-05
249.6,0.33084309,-4.15E-05,-4.04E-05
249.6333333,0.330760015,-4.15E-05,-4.04E-05
249.6666667,0.330676954,-4.15E-05,-4.04E-05
249.7,0.330593905,-4.15E-05,-4.04E-05
249.7333333,0.330510869,-4.15E-05,-4.04E-05
249.7666667,0.330427847,-4.15E-05,-4.04E-05
249.8,0.330344838,-4.15E-05,-4.04E-05
249.8333333,0.330261841,-4.15E-05,-4.04E-05
249.8666667,0.330178858,-4.15E-05,-4.04E-05
249.9,0.330095888,-4.15E-05,-4.03E-05
249.9333333,0.330012931,-4.15E-05,-4.03E-05
249.9666667,0.329929987,-4.15E-05,-4.03E-05
250,0.329847056,-4.15E-05,-4.03E-05
250.0333333,0.329764139,-4.15E-05,-4.03E-05
250.0666667,0.329681234,-4.15E-05,-4.03E-05
250.1,0.329598343,-4.14E-05,-4.03E-05
250.1333333,0.329515465,-4.14E-05,-4.03E-05
250.1666667,0.329432599,-4.14E-05,-4.03E-05
250.2,0.329349747,-4.14E-05,-4.03E-05
250.2333333,0.329266908,-4.14E-05,-4.03E-05
250.2666667,0.329184082,-4.14E-05,-4.03E-05
250.3,0.32910127,-4.14E-05,-4.03E-05
250.3333333,0.32901847,-4.14E-05,-4.03E-05
250.3666667,0.328935684,-4.14E-05,-4.03E-05
250.4,0.32885291,-4.14E-05,-4.02E-05
250.4333333,0.32877015,-4.14E-05,-4.02E-05
250.4666667,0.328687403,-4.14E-05,-4.02E-05
250.5,0.328604669,-4.14E-05,-4.02E-05
250.5333333,0.328521948,-4.14E-05,-4.02E-05
250.5666667,0.32843924,-4.14E-05,-4.02E-05
250.6,0.328356545,-4.13E-05,-4.02E-05
250.6333333,0.328273864,-4.13E-05,-4.02E-05
250.6666667,0.328191195,-4.13E-05,-4.02E-05
250.7,0.32810854,-4.13E-05,-4.02E-05
250.7333333,0.328025898,-4.13E-05,-4.02E-05
250.7666667,0.327943269,-4.13E-05,-4.02E-05
250.8,0.327860653,-4.13E-05,-4.02E-05
250.8333333,0.32777805,-4.13E-05,-4.02E-05
250.8666667,0.327695461,-4.13E-05,-4.02E-05
250.9,0.327612884,-4.13E-05,-4.02E-05
250.9333333,0.327530321,-4.13E-05,-4.01E-05
250.9666667,0.32744777,-4.13E-05,-4.01E-05
251,0.327365233,-4.13E-05,-4.01E-05
251.0333333,0.327282709,-4.13E-05,-4.01E-05
251.0666667,0.327200198,-4.13E-05,-4.01E-05
251.1,0.327117701,-4.12E-05,-4.01E-05
251.1333333,0.327035216,-4.12E-05,-4.01E-05
251.1666667,0.326952745,-4.12E-05,-4.01E-05
251.2,0.326870286,-4.12E-05,-4.01E-05
251.2333333,0.326787841,-4.12E-05,-4.01E-05
251.2666667,0.326705409,-4.12E-05,-4.01E-05
251.3,0.32662299,-4.12E-05,-4.01E-05
251.3333333,0.326540585,-4.12E-05,-4.01E-05
251.3666667,0.326458192,-4.12E-05,-4.01E-05
251.4,0.326375813,-4.12E-05,-4.01E-05
251.4333333,0.326293446,-4.12E-05,-4.00E-05
251.4666667,0.326211093,-4.12E-05,-4.00E-05
251.5,0.326128753,-4.12E-05,-4.00E-05
251.5333333,0.326046426,-4.12E-05,-4.00E-05
251.5666667,0.325964112,-4.12E-05,-4.00E-05
251.6,0.325881812,-4.12E-05,-4.00E-05
251.6333333,0.325799524,-4.11E-05,-4.00E-05
251.6666667,0.32571725,-4.11E-05,-4.00E-05
251.7,0.325634989,-4.11E-05,-4.00E-05
251.7333333,0.325552741,-4.11E-05,-4.00E-05
251.7666667,0.325470506,-4.11E-05,-4.00E-05
251.8,0.325388285,-4.11E-05,-4.00E-05
251.8333333,0.325306076,-4.11E-05,-4.00E-05
251.8666667,0.325223881,-4.11E-05,-4.00E-05
251.9,0.325141698,-4.11E-05,-4.00E-05
251.9333333,0.325059529,-4.11E-05,-3.99E-05
251.9666667,0.324977374,-4.11E-05,-3.99E-05
252,0.324895231,-4.11E-05,-3.99E-05
252.0333333,0.324813101,-4.11E-05,-3.99E-05
252.0666667,0.324730985,-4.11E-05,-3.99E-05
252.1,0.324648882,-4.11E-05,-3.99E-05
252.1333333,0.324566792,-4.10E-05,-3.99E-05
252.1666667,0.324484715,-4.10E-05,-3.99E-05
252.2,0.324402651,-4.10E-05,-3.99E-05
252.2333333,0.3243206,-4.10E-05,-3.99E-05
252.2666667,0.324238563,-4.10E-05,-3.99E-05
252.3,0.324156539,-4.10E-05,-3.99E-05
252.3333333,0.324074527,-4.10E-05,-3.99E-05
252.3666667,0.32399253,-4.10E-05,-3.99E-05
252.4,0.323910545,-4.10E-05,-3.99E-05
252.4333333,0.323828573,-4.10E-05,-3.98E-05
252.4666667,0.323746615,-4.10E-05,-3.98E-05
252.5,0.32366467,-4.10E-05,-3.98E-05
252.5333333,0.323582737,-4.10E-05,-3.98E-05
252.5666667,0.323500819,-4.10E-05,-3.98E-05
252.6,0.323418913,-4.10E-05,-3.98E-05
252.6333333,0.32333702,-4.09E-05,-3.98E-05
252.6666667,0.323255141,-4.09E-05,-3.98E-05
252.7,0.323173275,-4.09E-05,-3.98E-05
252.7333333,0.323091422,-4.09E-05,-3.98E-05
252.7666667,0.323009582,-4.09E-05,-3.98E-05
252.8,0.322927755,-4.09E-05,-3.98E-05
252.8333333,0.322845942,-4.09E-05,-3.98E-05
252.8666667,0.322764141,-4.09E-05,-3.98E-05
252.9,0.322682354,-4.09E-05,-3.98E-05
252.9333333,0.32260058,-4.09E-05,-3.98E-05
252.9666667,0.322518819,-4.09E-05,-3.97E-05
253,0.322437072,-4.09E-05,-3.97E-05
253.0333333,0.322355337,-4.09E-05,-3.97E-05
253.0666667,0.322273616,-4.09E-05,-3.97E-05
253.1,0.322191908,-4.09E-05,-3.97E-05
253.1333333,0.322110213,-4.08E-05,-3.97E-05
253.1666667,0.322028532,-4.08E-05,-3.97E-05
253.2,0.321946863,-4.08E-05,-3.97E-05
253.2333333,0.321865208,-4.08E-05,-3.97E-05
253.2666667,0.321783566,-4.08E-05,-3.97E-05
253.3,0.321701937,-4.08E-05,-3.97E-05
253.3333333,0.321620321,-4.08E-05,-3.97E-05
253.3666667,0.321538719,-4.08E-05,-3.97E-05
253.4,0.321457129,-4.08E-05,-3.97E-05
253.4333333,0.321375553,-4.08E-05,-3.97E-05
253.4666667,0.32129399,-4.08E-05,-3.96E-05
253.5,0.32121244,-4.08E-05,-3.96E-05
253.5333333,0.321130904,-4.08E-05,-3.96E-05
253.5666667,0.32104938,-4.08E-05,-3.96E-05
253.6,0.32096787,-4.08E-05,-3.96E-05
253.6333333,0.320886373,-4.07E-05,-3.96E-05
253.6666667,0.32080489,-4.07E-05,-3.96E-05
253.7,0.320723419,-4.07E-05,-3.96E-05
253.7333333,0.320641962,-4.07E-05,-3.96E-05
253.7666667,0.320560517,-4.07E-05,-3.96E-05
253.8,0.320479086,-4.07E-05,-3.96E-05
253.8333333,0.320397669,-4.07E-05,-3.96E-05
253.8666667,0.320316264,-4.07E-05,-3.96E-05
253.9,0.320234873,-4.07E-05,-3.96E-05
253.9333333,0.320153495,-4.07E-05,-3.96E-05
253.9666667,0.32007213,-4.07E-05,-3.95E-05
254,0.319990778,-4.07E-05,-3.95E-05
254.0333333,0.319909439,-4.07E-05,-3.95E-05
254.0666667,0.319828114,-4.07E-05,-3.95E-05
254.1,0.319746802,-4.07E-05,-3.95E-05
254.1333333,0.319665503,-4.06E-05,-3.95E-05
254.1666667,0.319584217,-4.06E-05,-3.95E-05
254.2,0.319502945,-4.06E-05,-3.95E-05
254.2333333,0.319421685,-4.06E-05,-3.95E-05
254.2666667,0.319340439,-4.06E-05,-3.95E-05
254.3,0.319259206,-4.06E-05,-3.95E-05
254.3333333,0.319177987,-4.06E-05,-3.95E-05
254.3666667,0.31909678,-4.06E-05,-3.95E-05
254.4,0.319015587,-4.06E-05,-3.95E-05
254.4333333,0.318934407,-4.06E-05,-3.95E-05
254.4666667,0.31885324,-4.06E-05,-3.94E-05
254.5,0.318772087,-4.06E-05,-3.94E-05
254.5333333,0.318690946,-4.06E-05,-3.94E-05
254.5666667,0.318609819,-4.06E-05,-3.94E-05
254.6,0.318528705,-4.06E-05,-3.94E-05
254.6333333,0.318447604,-4.06E-05,-3.94E-05
254.6666667,0.318366517,-4.05E-05,-3.94E-05
254.7,0.318285443,-4.05E-05,-3.94E-05
254.7333333,0.318204382,-4.05E-05,-3.94E-05
254.7666667,0.318123334,-4.05E-05,-3.94E-05
254.8,0.318042299,-4.05E-05,-3.94E-05
254.8333333,0.317961278,-4.05E-05,-3.94E-05
254.8666667,0.31788027,-4.05E-05,-3.94E-05
254.9,0.317799275,-4.05E-05,-3.94E-05
254.9333333,0.317718293,-4.05E-05,-3.94E-05
254.9666667,0.317637325,-4.05E-05,-3.93E-05
255,0.317556369,-4.05E-05,-3.93E-05
255.0333333,0.317475427,-4.05E-05,-3.93E-05
255.0666667,0.317394498,-4.05E-05,-3.93E-05
255.1,0.317313583,-4.05E-05,-3.93E-05
255.1333333,0.317232681,-4.05E-05,-3.93E-05
255.1666667,0.317151791,-4.04E-05,-3.93E-05
255.2,0.317070916,-4.04E-05,-3.93E-05
255.2333333,0.316990053,-4.04E-05,-3.93E-05
255.2666667,0.316909203,-4.04E-05,-3.93E-05
255.3,0.316828367,-4.04E-05,-3.93E-05
255.3333333,0.316747544,-4.04E-05,-3.93E-05
255.3666667,0.316666735,-4.04E-05,-3.93E-05
255.4,0.316585938,-4.04E-05,-3.93E-05
255.4333333,0.316505155,-4.04E-05,-3.93E-05
255.4666667,0.316424385,-4.04E-05,-3.93E-05
255.5,0.316343628,-4.04E-05,-3.92E-05
255.5333333,0.316262885,-4.04E-05,-3.92E-05
255.5666667,0.316182154,-4.04E-05,-3.92E-05
255.6,0.316101437,-4.04E-05,-3.92E-05
255.6333333,0.316020733,-4.04E-05,-3.92E-05
255.6666667,0.315940043,-4.03E-05,-3.92E-05
255.7,0.315859366,-4.03E-05,-3.92E-05
255.7333333,0.315778701,-4.03E-05,-3.92E-05
255.7666667,0.315698051,-4.03E-05,-3.92E-05
255.8,0.315617413,-4.03E-05,-3.92E-05
255.8333333,0.315536789,-4.03E-05,-3.92E-05
255.8666667,0.315456178,-4.03E-05,-3.92E-05
255.9,0.31537558,-4.03E-05,-3.92E-05
255.9333333,0.315294995,-4.03E-05,-3.92E-05
255.9666667,0.315214424,-4.03E-05,-3.92E-05
256,0.315133866,-4.03E-05,-3.91E-05
256.0333333,0.315053321,-4.03E-05,-3.91E-05
256.0666667,0.314972789,-4.03E-05,-3.91E-05
256.1,0.314892271,-4.03E-05,-3.91E-05
256.1333333,0.314811765,-4.03E-05,-3.91E-05
256.1666667,0.314731274,-4.02E-05,-3.91E-05
256.2,0.314650795,-4.02E-05,-3.91E-05
256.2333333,0.31457033,-4.02E-05,-3.91E-05
256.2666667,0.314489877,-4.02E-05,-3.91E-05
256.3,0.314409439,-4.02E-05,-3.91E-05
256.3333333,0.314329013,-4.02E-05,-3.91E-05
256.3666667,0.314248601,-4.02E-05,-3.91E-05
256.4,0.314168201,-4.02E-05,-3.91E-05
256.4333333,0.314087816,-4.02E-05,-3.91E-05
256.4666667,0.314007443,-4.02E-05,-3.91E-05
256.5,0.313927084,-4.02E-05,-3.90E-05
256.5333333,0.313846738,-4.02E-05,-3.90E-05
256.5666667,0.313766405,-4.02E-05,-3.90E-05
256.6,0.313686085,-4.02E-05,-3.90E-05
256.6333333,0.313605779,-4.02E-05,-3.90E-05
256.6666667,0.313525486,-4.01E-05,-3.90E-05
256.7,0.313445206,-4.01E-05,-3.90E-05
256.7333333,0.31336494,-4.01E-05,-3.90E-05
256.7666667,0.313284686,-4.01E-05,-3.90E-05
256.8,0.313204446,-4.01E-05,-3.90E-05
256.8333333,0.31312422,-4.01E-05,-3.90E-05
256.8666667,0.313044006,-4.01E-05,-3.90E-05
256.9,0.312963806,-4.01E-05,-3.90E-05
256.9333333,0.312883619,-4.01E-05,-3.90E-05
256.9666667,0.312803445,-4.01E-05,-3.90E-05
257,0.312723285,-4.01E-05,-3.89E-05
257.0333333,0.312643138,-4.01E-05,-3.89E-05
257.0666667,0.312563004,-4.01E-05,-3.89E-05
257.1,0.312482883,-4.01E-05,-3.89E-05
257.1333333,0.312402776,-4.01E-05,-3.89E-05
257.1666667,0.312322682,-4.00E-05,-3.89E-05
257.2,0.312242601,-4.00E-05,-3.89E-05
257.2333333,0.312162533,-4.00E-05,-3.89E-05
257.2666667,0.312082479,-4.00E-05,-3.89E-05
257.3,0.312002438,-4.00E-05,-3.89E-05
257.3333333,0.31192241,-4.00E-05,-3.89E-05
257.3666667,0.311842396,-4.00E-05,-3.89E-05
257.4,0.311762395,-4.00E-05,-3.89E-05
257.4333333,0.311682407,-4.00E-05,-3.89E-05
257.4666667,0.311602432,-4.00E-05,-3.89E-05
257.5,0.311522471,-4.00E-05,-3.88E-05
257.5333333,0.311442523,-4.00E-05,-3.88E-05
257.5666667,0.311362588,-4.00E-05,-3.88E-05
257.6,0.311282667,-4.00E-05,-3.88E-05
257.6333333,0.311202758,-4.00E-05,-3.88E-05
257.6666667,0.311122863,-3.99E-05,-3.88E-05
257.7,0.311042982,-3.99E-05,-3.88E-05
257.7333333,0.310963113,-3.99E-05,-3.88E-05
257.7666667,0.310883258,-3.99E-05,-3.88E-05
257.8,0.310803416,-3.99E-05,-3.88E-05
257.8333333,0.310723588,-3.99E-05,-3.88E-05
257.8666667,0.310643772,-3.99E-05,-3.88E-05
257.9,0.31056397,-3.99E-05,-3.88E-05
257.9333333,0.310484182,-3.99E-05,-3.88E-05
257.9666667,0.310404406,-3.99E-05,-3.88E-05
258,0.310324644,-3.99E-05,-3.88E-05
258.0333333,0.310244895,-3.99E-05,-3.87E-05
258.0666667,0.31016516,-3.99E-05,-3.87E-05
258.1,0.310085437,-3.99E-05,-3.87E-05
258.1333333,0.310005728,-3.99E-05,-3.87E-05
258.1666667,0.309926033,-3.98E-05,-3.87E-05
258.2,0.30984635,-3.98E-05,-3.87E-05
258.2333333,0.309766681,-3.98E-05,-3.87E-05
258.2666667,0.309687025,-3.98E-05,-3.87E-05
258.3,0.309607383,-3.98E-05,-3.87E-05
258.3333333,0.309527753,-3.98E-05,-3.87E-05
258.3666667,0.309448137,-3.98E-05,-3.87E-05
258.4,0.309368535,-3.98E-05,-3.87E-05
258.4333333,0.309288945,-3.98E-05,-3.87E-05
258.4666667,0.309209369,-3.98E-05,-3.87E-05
258.5,0.309129806,-3.98E-05,-3.87E-05
258.5333333,0.309050257,-3.98E-05,-3.86E-05
258.5666667,0.308970721,-3.98E-05,-3.86E-05
258.6,0.308891198,-3.98E-05,-3.86E-05
258.6333333,0.308811688,-3.98E-05,-3.86E-05
258.6666667,0.308732192,-3.97E-05,-3.86E-05
258.7,0.308652709,-3.97E-05,-3.86E-05
258.7333333,0.308573239,-3.97E-05,-3.86E-05
258.7666667,0.308493782,-3.97E-05,-3.86E-05
258.8,0.308414339,-3.97E-05,-3.86E-05
258.8333333,0.308334909,-3.97E-05,-3.86E-05
258.8666667,0.308255493,-3.97E-05,-3.86E-05
258.9,0.30817609,-3.97E-05,-3.86E-05
258.9333333,0.3080967,-3.97E-05,-3.86E-05
258.9666667,0.308017323,-3.97E-05,-3.86E-05
259,0.30793796,-3.97E-05,-3.86E-05
259.0333333,0.307858609,-3.97E-05,-3.85E-05
259.0666667,0.307779273,-3.97E-05,-3.85E-05
259.1,0.307699949,-3.97E-05,-3.85E-05
259.1333333,0.307620639,-3.97E-05,-3.85E-05
259.1666667,0.307541342,-3.96E-05,-3.85E-05
259.2,0.307462059,-3.96E-05,-3.85E-05
259.2333333,0.307382788,-3.96E-05,-3.85E-05
259.2666667,0.307303532,-3.96E-05,-3.85E-05
259.3,0.307224288,-3.96E-05,-3.85E-05
259.3333333,0.307145058,-3.96E-05,-3.85E-05
259.3666667,0.307065841,-3.96E-05,-3.85E-05
259.4,0.306986637,-3.96E-05,-3.85E-05
259.4333333,0.306907446,-3.96E-05,-3.85E-05
259.4666667,0.306828269,-3.96E-05,-3.85E-05
259.5,0.306749106,-3.96E-05,-3.85E-05
259.5333333,0.306669955,-3.96E-05,-3.84E-05
259.5666667,0.306590818,-3.96E-05,-3.84E-05
259.6,0.306511694,-3.96E-05,-3.84E-05
259.6333333,0.306432583,-3.96E-05,-3.84E-05
259.6666667,0.306353486,-3.95E-05,-3.84E-05
259.7,0.306274402,-3.95E-05,-3.84E-05
259.7333333,0.306195332,-3.95E-05,-3.84E-05
259.7666667,0.306116274,-3.95E-05,-3.84E-05
259.8,0.30603723,-3.95E-05,-3.84E-05
259.8333333,0.3059582,-3.95E-05,-3.84E-05
259.8666667,0.305879182,-3.95E-05,-3.84E-05
259.9,0.305800178,-3.95E-05,-3.84E-05
259.9333333,0.305721188,-3.95E-05,-3.84E-05
259.9666667,0.30564221,-3.95E-05,-3.84E-05
260,0.305563246,-3.95E-05,-3.84E-05
260.0333333,0.305484295,-3.95E-05,-3.83E-05
260.0666667,0.305405358,-3.95E-05,-3.83E-05
260.1,0.305326434,-3.95E-05,-3.83E-05
260.1333333,0.305247523,-3.95E-05,-3.83E-05
260.1666667,0.305168625,-3.94E-05,-3.83E-05
260.2,0.305089741,-3.94E-05,-3.83E-05
260.2333333,0.30501087,-3.94E-05,-3.83E-05
260.2666667,0.304932013,-3.94E-05,-3.83E-05
260.3,0.304853168,-3.94E-05,-3.83E-05
260.3333333,0.304774338,-3.94E-05,-3.83E-05
260.3666667,0.30469552,-3.94E-05,-3.83E-05
260.4,0.304616716,-3.94E-05,-3.83E-05
260.4333333,0.304537925,-3.94E-05,-3.83E-05
260.4666667,0.304459147,-3.94E-05,-3.83E-05
260.5,0.304380383,-3.94E-05,-3.83E-05
260.5333333,0.304301632,-3.94E-05,-3.82E-05
260.5666667,0.304222894,-3.94E-05,-3.82E-05
260.6,0.30414417,-3.94E-05,-3.82E-05
260.6333333,0.304065459,-3.94E-05,-3.82E-05
260.6666667,0.303986761,-3.93E-05,-3.82E-05
260.7,0.303908077,-3.93E-05,-3.82E-05
260.7333333,0.303829406,-3.93E-05,-3.82E-05
260.7666667,0.303750748,-3.93E-05,-3.82E-05
260.8,0.303672104,-3.93E-05,-3.82E-05
260.8333333,0.303593473,-3.93E-05,-3.82E-05
260.8666667,0.303514855,-3.93E-05,-3.82E-05
260.9,0.303436251,-3.93E-05,-3.82E-05
260.9333333,0.30335766,-3.93E-05,-3.82E-05
260.9666667,0.303279082,-3.93E-05,-3.82E-05
261,0.303200517,-3.93E-05,-3.82E-05
261.0333333,0.303121966,-3.93E-05,-3.81E-05
261.0666667,0.303043429,-3.93E-05,-3.81E-05
261.1,0.302964904,-3.93E-05,-3.81E-05
261.1333333,0.302886393,-3.93E-05,-3.81E-05
261.1666667,0.302807895,-3.92E-05,-3.81E-05
261.2,0.302729411,-3.92E-05,-3.81E-05
261.2333333,0.30265094,-3.92E-05,-3.81E-05
261.2666667,0.302572482,-3.92E-05,-3.81E-05
261.3,0.302494038,-3.92E-05,-3.81E-05
261.3333333,0.302415607,-3.92E-05,-3.81E-05
261.3666667,0.302337189,-3.92E-05,-3.81E-05
261.4,0.302258785,-3.92E-05,-3.81E-05
261.4333333,0.302180394,-3.92E-05,-3.81E-05
261.4666667,0.302102016,-3.92E-05,-3.81E-05
261.5,0.302023652,-3.92E-05,-3.81E-05
261.5333333,0.3019453,-3.92E-05,-3.80E-05
261.5666667,0.301866963,-3.92E-05,-3.80E-05
261.6,0.301788638,-3.92E-05,-3.80E-05
261.6333333,0.301710327,-3.92E-05,-3.80E-05
261.6666667,0.30163203,-3.91E-05,-3.80E-05
261.7,0.301553745,-3.91E-05,-3.80E-05
261.7333333,0.301475474,-3.91E-05,-3.80E-05
261.7666667,0.301397217,-3.91E-05,-3.80E-05
261.8,0.301318972,-3.91E-05,-3.80E-05
261.8333333,0.301240741,-3.91E-05,-3.80E-05
261.8666667,0.301162524,-3.91E-05,-3.80E-05
261.9,0.301084319,-3.91E-05,-3.80E-05
261.9333333,0.301006128,-3.91E-05,-3.80E-05
261.9666667,0.300927951,-3.91E-05,-3.80E-05
262,0.300849787,-3.91E-05,-3.80E-05
262.0333333,0.300771636,-3.91E-05,-3.80E-05
262.0666667,0.300693498,-3.91E-05,-3.79E-05
262.1,0.300615374,-3.91E-05,-3.79E-05
262.1333333,0.300537263,-3.91E-05,-3.79E-05
262.1666667,0.300459165,-3.90E-05,-3.79E-05
262.2,0.300381081,-3.90E-05,-3.79E-05
262.2333333,0.30030301,-3.90E-05,-3.79E-05
262.2666667,0.300224953,-3.90E-05,-3.79E-05
262.3,0.300146909,-3.90E-05,-3.79E-05
262.3333333,0.300068878,-3.90E-05,-3.79E-05
262.3666667,0.29999086,-3.90E-05,-3.79E-05
262.4,0.299912856,-3.90E-05,-3.79E-05
262.4333333,0.299834865,-3.90E-05,-3.79E-05
262.4666667,0.299756888,-3.90E-05,-3.79E-05
262.5,0.299678924,-3.90E-05,-3.79E-05
262.5333333,0.299600973,-3.90E-05,-3.79E-05
262.5666667,0.299523036,-3.90E-05,-3.78E-05
262.6,0.299445112,-3.90E-05,-3.78E-05
262.6333333,0.299367201,-3.90E-05,-3.78E-05
262.6666667,0.299289304,-3.89E-05,-3.78E-05
262.7,0.29921142,-3.89E-05,-3.78E-05
262.7333333,0.299133549,-3.89E-05,-3.78E-05
262.7666667,0.299055692,-3.89E-05,-3.78E-05
262.8,0.298977848,-3.89E-05,-3.78E-05
262.8333333,0.298900018,-3.89E-05,-3.78E-05
262.8666667,0.2988222,-3.89E-05,-3.78E-05
262.9,0.298744396,-3.89E-05,-3.78E-05
262.9333333,0.298666606,-3.89E-05,-3.78E-05
262.9666667,0.298588829,-3.89E-05,-3.78E-05
263,0.298511065,-3.89E-05,-3.78E-05
263.0333333,0.298433315,-3.89E-05,-3.78E-05
263.0666667,0.298355578,-3.89E-05,-3.77E-05
263.1,0.298277854,-3.89E-05,-3.77E-05
263.1333333,0.298200143,-3.89E-05,-3.77E-05
263.1666667,0.298122446,-3.88E-05,-3.77E-05
263.2,0.298044763,-3.88E-05,-3.77E-05
263.2333333,0.297967093,-3.88E-05,-3.77E-05
263.2666667,0.297889436,-3.88E-05,-3.77E-05
263.3,0.297811792,-3.88E-05,-3.77E-05
263.3333333,0.297734162,-3.88E-05,-3.77E-05
263.3666667,0.297656545,-3.88E-05,-3.77E-05
263.4,0.297578942,-3.88E-05,-3.77E-05
263.4333333,0.297501351,-3.88E-05,-3.77E-05
263.4666667,0.297423775,-3.88E-05,-3.77E-05
263.5,0.297346211,-3.88E-05,-3.77E-05
263.5333333,0.297268661,-3.88E-05,-3.77E-05
263.5666667,0.297191125,-3.88E-05,-3.76E-05
263.6,0.297113601,-3.88E-05,-3.76E-05
263.6333333,0.297036091,-3.88E-05,-3.76E-05
263.6666667,0.296958595,-3.87E-05,-3.76E-05
263.7,0.296881111,-3.87E-05,-3.76E-05
263.7333333,0.296803642,-3.87E-05,-3.76E-05
263.7666667,0.296726185,-3.87E-05,-3.76E-05
263.8,0.296648742,-3.87E-05,-3.76E-05
263.8333333,0.296571312,-3.87E-05,-3.76E-05
263.8666667,0.296493896,-3.87E-05,-3.76E-05
263.9,0.296416493,-3.87E-05,-3.76E-05
263.9333333,0.296339103,-3.87E-05,-3.76E-05
263.9666667,0.296261727,-3.87E-05,-3.76E-05
264,0.296184364,-3.87E-05,-3.76E-05
264.0333333,0.296107014,-3.87E-05,-3.76E-05
264.0666667,0.296029678,-3.87E-05,-3.75E-05
264.1,0.295952355,-3.87E-05,-3.75E-05
264.1333333,0.295875046,-3.87E-05,-3.75E-05
264.1666667,0.295797749,-3.86E-05,-3.75E-05
264.2,0.295720467,-3.86E-05,-3.75E-05
264.2333333,0.295643197,-3.86E-05,-3.75E-05
264.2666667,0.295565941,-3.86E-05,-3.75E-05
264.3,0.295488699,-3.86E-05,-3.75E-05
264.3333333,0.295411469,-3.86E-05,-3.75E-05
264.3666667,0.295334254,-3.86E-05,-3.75E-05
264.4,0.295257051,-3.86E-05,-3.75E-05
264.4333333,0.295179862,-3.86E-05,-3.75E-05
264.4666667,0.295102686,-3.86E-05,-3.75E-05
264.5,0.295025524,-3.86E-05,-3.75E-05
264.5333333,0.294948375,-3.86E-05,-3.75E-05
264.5666667,0.294871239,-3.86E-05,-3.74E-05
264.6,0.294794117,-3.86E-05,-3.74E-05
264.6333333,0.294717008,-3.86E-05,-3.74E-05
264.6666667,0.294639912,-3.85E-05,-3.74E-05
264.7,0.29456283,-3.85E-05,-3.74E-05
264.7333333,0.294485761,-3.85E-05,-3.74E-05
264.7666667,0.294408706,-3.85E-05,-3.74E-05
264.8,0.294331664,-3.85E-05,-3.74E-05
264.8333333,0.294254635,-3.85E-05,-3.74E-05
264.8666667,0.29417762,-3.85E-05,-3.74E-05
264.9,0.294100618,-3.85E-05,-3.74E-05
264.9333333,0.294023629,-3.85E-05,-3.74E-05
264.9666667,0.293946654,-3.85E-05,-3.74E-05
265,0.293869692,-3.85E-05,-3.74E-05
265.0333333,0.293792744,-3.85E-05,-3.74E-05
265.0666667,0.293715809,-3.85E-05,-3.73E-05
265.1,0.293638887,-3.85E-05,-3.73E-05
265.1333333,0.293561979,-3.85E-05,-3.73E-05
265.1666667,0.293485084,-3.84E-05,-3.73E-05
265.2,0.293408202,-3.84E-05,-3.73E-05
265.2333333,0.293331334,-3.84E-05,-3.73E-05
265.2666667,0.293254479,-3.84E-05,-3.73E-05
265.3,0.293177638,-3.84E-05,-3.73E-05
265.3333333,0.29310081,-3.84E-05,-3.73E-05
265.3666667,0.293023995,-3.84E-05,-3.73E-05
265.4,0.292947194,-3.84E-05,-3.73E-05
265.4333333,0.292870406,-3.84E-05,-3.73E-05
265.4666667,0.292793632,-3.84E-05,-3.73E-05
265.5,0.29271687,-3.84E-05,-3.73E-05
265.5333333,0.292640123,-3.84E-05,-3.73E-05
265.5666667,0.292563388,-3.84E-05,-3.72E-05
265.6,0.292486667,-3.84E-05,-3.72E-05
265.6333333,0.29240996,-3.84E-05,-3.72E-05
265.6666667,0.292333265,-3.83E-05,-3.72E-05
265.7,0.292256585,-3.83E-05,-3.72E-05
265.7333333,0.292179917,-3.83E-05,-3.72E-05
265.7666667,0.292103263,-3.83E-05,-3.72E-05
265.8,0.292026622,-3.83E-05,-3.72E-05
265.8333333,0.291949995,-3.83E-05,-3.72E-05
265.8666667,0.291873381,-3.83E-05,-3.72E-05
265.9,0.291796781,-3.83E-05,-3.72E-05
265.9333333,0.291720193,-3.83E-05,-3.72E-05
265.9666667,0.29164362,-3.83E-05,-3.72E-05
266,0.291567059,-3.83E-05,-3.72E-05
266.0333333,0.291490512,-3.83E-05,-3.72E-05
266.0666667,0.291413979,-3.83E-05,-3.71E-05
266.1,0.291337458,-3.83E-05,-3.71E-05
266.1333333,0.291260951,-3.83E-05,-3.71E-05
266.1666667,0.291184458,-3.82E-05,-3.71E-05
266.2,0.291107978,-3.82E-05,-3.71E-05
266.2333333,0.291031511,-3.82E-05,-3.71E-05
266.2666667,0.290955058,-3.82E-05,-3.71E-05
266.3,0.290878618,-3.82E-05,-3.71E-05
266.3333333,0.290802191,-3.82E-05,-3.71E-05
266.3666667,0.290725778,-3.82E-05,-3.71E-05
266.4,0.290649378,-3.82E-05,-3.71E-05
266.4333333,0.290572992,-3.82E-05,-3.71E-05
266.4666667,0.290496619,-3.82E-05,-3.71E-05
266.5,0.29042026,-3.82E-05,-3.71E-05
266.5333333,0.290343913,-3.82E-05,-3.71E-05
266.5666667,0.29026758,-3.82E-05,-3.70E-05
266.6,0.290191261,-3.82E-05,-3.70E-05
266.6333333,0.290114955,-3.82E-05,-3.70E-05
266.6666667,0.290038662,-3.81E-05,-3.70E-05
266.7,0.289962383,-3.81E-05,-3.70E-05
266.7333333,0.289886117,-3.81E-05,-3.70E-05
266.7666667,0.289809865,-3.81E-05,-3.70E-05
266.8,0.289733626,-3.81E-05,-3.70E-05
266.8333333,0.2896574,-3.81E-05,-3.70E-05
266.8666667,0.289581188,-3.81E-05,-3.70E-05
266.9,0.289504989,-3.81E-05,-3.70E-05
266.9333333,0.289428803,-3.81E-05,-3.70E-05
266.9666667,0.289352631,-3.81E-05,-3.70E-05
267,0.289276472,-3.81E-05,-3.70E-05
267.0333333,0.289200327,-3.81E-05,-3.70E-05
267.0666667,0.289124195,-3.81E-05,-3.69E-05
267.1,0.289048076,-3.81E-05,-3.69E-05
267.1333333,0.288971971,-3.81E-05,-3.69E-05
267.1666667,0.288895879,-3.80E-05,-3.69E-05
267.2,0.288819801,-3.80E-05,-3.69E-05
267.2333333,0.288743736,-3.80E-05,-3.69E-05
267.2666667,0.288667684,-3.80E-05,-3.69E-05
267.3,0.288591646,-3.80E-05,-3.69E-05
267.3333333,0.288515621,-3.80E-05,-3.69E-05
267.3666667,0.28843961,-3.80E-05,-3.69E-05
267.4,0.288363612,-3.80E-05,-3.69E-05
267.4333333,0.288287627,-3.80E-05,-3.69E-05
267.4666667,0.288211656,-3.80E-05,-3.69E-05
267.5,0.288135698,-3.80E-05,-3.69E-05
267.5333333,0.288059754,-3.80E-05,-3.69E-05
267.5666667,0.287983823,-3.80E-05,-3.68E-05
267.6,0.287907905,-3.80E-05,-3.68E-05
267.6333333,0.287832001,-3.80E-05,-3.68E-05
267.6666667,0.28775611,-3.79E-05,-3.68E-05
267.7,0.287680232,-3.79E-05,-3.68E-05
267.7333333,0.287604368,-3.79E-05,-3.68E-05
267.7666667,0.287528518,-3.79E-05,-3.68E-05
267.8,0.28745268,-3.79E-05,-3.68E-05
267.8333333,0.287376857,-3.79E-05,-3.68E-05
267.8666667,0.287301046,-3.79E-05,-3.68E-05
267.9,0.287225249,-3.79E-05,-3.68E-05
267.9333333,0.287149465,-3.79E-05,-3.68E-05
267.9666667,0.287073695,-3.79E-05,-3.68E-05
268,0.286997938,-3.79E-05,-3.68E-05
268.0333333,0.286922195,-3.79E-05,-3.68E-05
268.0666667,0.286846465,-3.79E-05,-3.67E-05
268.1,0.286770748,-3.79E-05,-3.67E-05
268.1333333,0.286695045,-3.79E-05,-3.67E-05
268.1666667,0.286619355,-3.78E-05,-3.67E-05
268.2,0.286543678,-3.78E-05,-3.67E-05
268.2333333,0.286468015,-3.78E-05,-3.67E-05
268.2666667,0.286392365,-3.78E-05,-3.67E-05
268.3,0.286316729,-3.78E-05,-3.67E-05
268.3333333,0.286241106,-3.78E-05,-3.67E-05
268.3666667,0.286165497,-3.78E-05,-3.67E-05
268.4,0.286089901,-3.78E-05,-3.67E-05
268.4333333,0.286014318,-3.78E-05,-3.67E-05
268.4666667,0.285938749,-3.78E-05,-3.67E-05
268.5,0.285863193,-3.78E-05,-3.67E-05
268.5333333,0.28578765,-3.78E-05,-3.67E-05
268.5666667,0.285712121,-3.78E-05,-3.67E-05
268.6,0.285636605,-3.78E-05,-3.66E-05
268.6333333,0.285561103,-3.78E-05,-3.66E-05
268.6666667,0.285485614,-3.77E-05,-3.66E-05
268.7,0.285410139,-3.77E-05,-3.66E-05
268.7333333,0.285334677,-3.77E-05,-3.66E-05
268.7666667,0.285259228,-3.77E-05,-3.66E-05
268.8,0.285183793,-3.77E-05,-3.66E-05
268.8333333,0.285108371,-3.77E-05,-3.66E-05
268.8666667,0.285032962,-3.77E-05,-3.66E-05
268.9,0.284957567,-3.77E-05,-3.66E-05
268.9333333,0.284882185,-3.77E-05,-3.66E-05
268.9666667,0.284806817,-3.77E-05,-3.66E-05
269,0.284731462,-3.77E-05,-3.66E-05
269.0333333,0.284656121,-3.77E-05,-3.66E-05
269.0666667,0.284580793,-3.77E-05,-3.66E-05
269.1,0.284505478,-3.77E-05,-3.65E-05
269.1333333,0.284430177,-3.77E-05,-3.65E-05
269.1666667,0.284354889,-3.76E-05,-3.65E-05
269.2,0.284279615,-3.76E-05,-3.65E-05
269.2333333,0.284204354,-3.76E-05,-3.65E-05
269.2666667,0.284129106,-3.76E-05,-3.65E-05
269.3,0.284053872,-3.76E-05,-3.65E-05
269.3333333,0.283978651,-3.76E-05,-3.65E-05
269.3666667,0.283903444,-3.76E-05,-3.65E-05
269.4,0.28382825,-3.76E-05,-3.65E-05
269.4333333,0.283753069,-3.76E-05,-3.65E-05
269.4666667,0.283677902,-3.76E-05,-3.65E-05
269.5,0.283602748,-3.76E-05,-3.65E-05
269.5333333,0.283527608,-3.76E-05,-3.65E-05
269.5666667,0.283452481,-3.76E-05,-3.65E-05
269.6,0.283377367,-3.76E-05,-3.64E-05
269.6333333,0.283302267,-3.76E-05,-3.64E-05
269.6666667,0.28322718,-3.75E-05,-3.64E-05
269.7,0.283152107,-3.75E-05,-3.64E-05
269.7333333,0.283077047,-3.75E-05,-3.64E-05
269.7666667,0.283002,-3.75E-05,-3.64E-05
269.8,0.282926967,-3.75E-05,-3.64E-05
269.8333333,0.282851947,-3.75E-05,-3.64E-05
269.8666667,0.282776941,-3.75E-05,-3.64E-05
269.9,0.282701948,-3.75E-05,-3.64E-05
269.9333333,0.282626969,-3.75E-05,-3.64E-05
269.9666667,0.282552002,-3.75E-05,-3.64E-05
270,0.28247705,-3.75E-05,-3.64E-05
270.0333333,0.28240211,-3.75E-05,-3.64E-05
270.0666667,0.282327185,-3.75E-05,-3.64E-05
270.1,0.282252272,-3.75E-05,-3.63E-05
270.1333333,0.282177373,-3.74E-05,-3.63E-05
270.1666667,0.282102487,-3.74E-05,-3.63E-05
270.2,0.282027615,-3.74E-05,-3.63E-05
270.2333333,0.281952756,-3.74E-05,-3.63E-05
270.2666667,0.281877911,-3.74E-05,-3.63E-05
270.3,0.281803079,-3.74E-05,-3.63E-05
270.3333333,0.28172826,-3.74E-05,-3.63E-05
270.3666667,0.281653455,-3.74E-05,-3.63E-05
270.4,0.281578663,-3.74E-05,-3.63E-05
270.4333333,0.281503885,-3.74E-05,-3.63E-05
270.4666667,0.28142912,-3.74E-05,-3.63E-05
270.5,0.281354368,-3.74E-05,-3.63E-05
270.5333333,0.28127963,-3.74E-05,-3.63E-05
270.5666667,0.281204905,-3.74E-05,-3.63E-05
270.6,0.281130194,-3.74E-05,-3.62E-05
270.6333333,0.281055496,-3.73E-05,-3.62E-05
270.6666667,0.280980812,-3.73E-05,-3.62E-05
270.7,0.28090614,-3.73E-05,-3.62E-05
270.7333333,0.280831483,-3.73E-05,-3.62E-05
270.7666667,0.280756838,-3.73E-05,-3.62E-05
270.8,0.280682208,-3.73E-05,-3.62E-05
270.8333333,0.28060759,-3.73E-05,-3.62E-05
270.8666667,0.280532986,-3.73E-05,-3.62E-05
270.9,0.280458395,-3.73E-05,-3.62E-05
270.9333333,0.280383818,-3.73E-05,-3.62E-05
270.9666667,0.280309254,-3.73E-05,-3.62E-05
271,0.280234704,-3.73E-05,-3.62E-05
271.0333333,0.280160167,-3.73E-05,-3.62E-05
271.0666667,0.280085643,-3.73E-05,-3.62E-05
271.1,0.280011133,-3.73E-05,-3.61E-05
271.1333333,0.279936636,-3.72E-05,-3.61E-05
271.1666667,0.279862153,-3.72E-05,-3.61E-05
271.2,0.279787683,-3.72E-05,-3.61E-05
271.2333333,0.279713226,-3.72E-05,-3.61E-05
271.2666667,0.279638783,-3.72E-05,-3.61E-05
271.3,0.279564354,-3.72E-05,-3.61E-05
271.3333333,0.279489937,-3.72E-05,-3.61E-05
271.3666667,0.279415534,-3.72E-05,-3.61E-05
271.4,0.279341145,-3.72E-05,-3.61E-05
271.4333333,0.279266769,-3.72E-05,-3.61E-05
271.4666667,0.279192406,-3.72E-05,-3.61E-05
271.5,0.279118057,-3.72E-05,-3.61E-05
271.5333333,0.279043721,-3.72E-05,-3.61E-05
271.5666667,0.278969399,-3.72E-05,-3.61E-05
271.6,0.27889509,-3.72E-05,-3.60E-05
271.6333333,0.278820794,-3.71E-05,-3.60E-05
271.6666667,0.278746512,-3.71E-05,-3.60E-05
271.7,0.278672243,-3.71E-05,-3.60E-05
271.7333333,0.278597988,-3.71E-05,-3.60E-05
271.7666667,0.278523746,-3.71E-05,-3.60E-05
271.8,0.278449517,-3.71E-05,-3.60E-05
271.8333333,0.278375302,-3.71E-05,-3.60E-05
271.8666667,0.2783011,-3.71E-05,-3.60E-05
271.9,0.278226912,-3.71E-05,-3.60E-05
271.9333333,0.278152737,-3.71E-05,-3.60E-05
271.9666667,0.278078576,-3.71E-05,-3.60E-05
272,0.278004428,-3.71E-05,-3.60E-05
272.0333333,0.277930293,-3.71E-05,-3.60E-05
272.0666667,0.277856172,-3.71E-05,-3.60E-05
272.1,0.277782064,-3.71E-05,-3.59E-05
272.1333333,0.277707969,-3.70E-05,-3.59E-05
272.1666667,0.277633888,-3.70E-05,-3.59E-05
272.2,0.277559821,-3.70E-05,-3.59E-05
272.2333333,0.277485767,-3.70E-05,-3.59E-05
272.2666667,0.277411726,-3.70E-05,-3.59E-05
272.3,0.277337699,-3.70E-05,-3.59E-05
272.3333333,0.277263685,-3.70E-05,-3.59E-05
272.3666667,0.277189684,-3.70E-05,-3.59E-05
272.4,0.277115697,-3.70E-05,-3.59E-05
272.4333333,0.277041723,-3.70E-05,-3.59E-05
272.4666667,0.276967763,-3.70E-05,-3.59E-05
272.5,0.276893816,-3.70E-05,-3.59E-05
272.5333333,0.276819883,-3.70E-05,-3.59E-05
272.5666667,0.276745963,-3.70E-05,-3.59E-05
272.6,0.276672056,-3.70E-05,-3.58E-05
272.6333333,0.276598163,-3.69E-05,-3.58E-05
272.6666667,0.276524283,-3.69E-05,-3.58E-05
272.7,0.276450417,-3.69E-05,-3.58E-05
272.7333333,0.276376564,-3.69E-05,-3.58E-05
272.7666667,0.276302724,-3.69E-05,-3.58E-05
272.8,0.276228898,-3.69E-05,-3.58E-05
272.8333333,0.276155085,-3.69E-05,-3.58E-05
272.8666667,0.276081286,-3.69E-05,-3.58E-05
272.9,0.2760075,-3.69E-05,-3.58E-05
272.9333333,0.275933727,-3.69E-05,-3.58E-05
272.9666667,0.275859968,-3.69E-05,-3.58E-05
273,0.275786223,-3.69E-05,-3.58E-05
273.0333333,0.27571249,-3.69E-05,-3.58E-05
273.0666667,0.275638771,-3.69E-05,-3.58E-05
273.1,0.275565066,-3.69E-05,-3.57E-05
273.1333333,0.275491374,-3.68E-05,-3.57E-05
273.1666667,0.275417695,-3.68E-05,-3.57E-05
273.2,0.27534403,-3.68E-05,-3.57E-05
273.2333333,0.275270378,-3.68E-05,-3.57E-05
273.2666667,0.27519674,-3.68E-05,-3.57E-05
273.3,0.275123115,-3.68E-05,-3.57E-05
273.3333333,0.275049504,-3.68E-05,-3.57E-05
273.3666667,0.274975905,-3.68E-05,-3.57E-05
273.4,0.274902321,-3.68E-05,-3.57E-05
273.4333333,0.274828749,-3.68E-05,-3.57E-05
273.4666667,0.274755192,-3.68E-05,-3.57E-05
273.5,0.274681647,-3.68E-05,-3.57E-05
273.5333333,0.274608116,-3.68E-05,-3.57E-05
273.5666667,0.274534598,-3.68E-05,-3.57E-05
273.6,0.274461094,-3.68E-05,-3.56E-05
273.6333333,0.274387603,-3.67E-05,-3.56E-05
273.6666667,0.274314126,-3.67E-05,-3.56E-05
273.7,0.274240662,-3.67E-05,-3.56E-05
273.7333333,0.274167211,-3.67E-05,-3.56E-05
273.7666667,0.274093774,-3.67E-05,-3.56E-05
273.8,0.274020351,-3.67E-05,-3.56E-05
273.8333333,0.27394694,-3.67E-05,-3.56E-05
273.8666667,0.273873543,-3.67E-05,-3.56E-05
273.9,0.27380016,-3.67E-05,-3.56E-05
273.9333333,0.27372679,-3.67E-05,-3.56E-05
273.9666667,0.273653433,-3.67E-05,-3.56E-05
274,0.27358009,-3.67E-05,-3.56E-05
274.0333333,0.27350676,-3.67E-05,-3.56E-05
274.0666667,0.273433444,-3.67E-05,-3.56E-05
274.1,0.273360141,-3.67E-05,-3.55E-05
274.1333333,0.273286851,-3.66E-05,-3.55E-05
274.1666667,0.273213575,-3.66E-05,-3.55E-05
274.2,0.273140312,-3.66E-05,-3.55E-05
274.2333333,0.273067063,-3.66E-05,-3.55E-05
274.2666667,0.272993827,-3.66E-05,-3.55E-05
274.3,0.272920604,-3.66E-05,-3.55E-05
274.3333333,0.272847395,-3.66E-05,-3.55E-05
274.3666667,0.272774199,-3.66E-05,-3.55E-05
274.4,0.272701017,-3.66E-05,-3.55E-05
274.4333333,0.272627848,-3.66E-05,-3.55E-05
274.4666667,0.272554693,-3.66E-05,-3.55E-05
274.5,0.272481551,-3.66E-05,-3.55E-05
274.5333333,0.272408422,-3.66E-05,-3.55E-05
274.5666667,0.272335307,-3.66E-05,-3.55E-05
274.6,0.272262205,-3.66E-05,-3.54E-05
274.6333333,0.272189116,-3.65E-05,-3.54E-05
274.6666667,0.272116041,-3.65E-05,-3.54E-05
274.7,0.27204298,-3.65E-05,-3.54E-05
274.7333333,0.271969932,-3.65E-05,-3.54E-05
274.7666667,0.271896897,-3.65E-05,-3.54E-05
274.8,0.271823876,-3.65E-05,-3.54E-05
274.8333333,0.271750868,-3.65E-05,-3.54E-05
274.8666667,0.271677873,-3.65E-05,-3.54E-05
274.9,0.271604892,-3.65E-05,-3.54E-05
274.9333333,0.271531924,-3.65E-05,-3.54E-05
274.9666667,0.27145897,-3.65E-05,-3.54E-05
275,0.271386029,-3.65E-05,-3.54E-05
275.0333333,0.271313102,-3.65E-05,-3.54E-05
275.0666667,0.271240188,-3.65E-05,-3.54E-05
275.1,0.271167287,-3.65E-05,-3.53E-05
275.1333333,0.2710944,-3.64E-05,-3.53E-05
275.1666667,0.271021526,-3.64E-05,-3.53E-05
275.2,0.270948666,-3.64E-05,-3.53E-05
275.2333333,0.270875819,-3.64E-05,-3.53E-05
275.2666667,0.270802985,-3.64E-05,-3.53E-05
275.3,0.270730165,-3.64E-05,-3.53E-05
275.3333333,0.270657358,-3.64E-05,-3.53E-05
275.3666667,0.270584565,-3.64E-05,-3.53E-05
275.4,0.270511785,-3.64E-05,-3.53E-05
275.4333333,0.270439018,-3.64E-05,-3.53E-05
275.4666667,0.270366265,-3.64E-05,-3.53E-05
275.5,0.270293526,-3.64E-05,-3.53E-05
275.5333333,0.270220799,-3.64E-05,-3.53E-05
275.5666667,0.270148087,-3.64E-05,-3.53E-05
275.6,0.270075387,-3.63E-05,-3.53E-05
275.6333333,0.270002701,-3.63E-05,-3.52E-05
275.6666667,0.269930028,-3.63E-05,-3.52E-05
275.7,0.269857369,-3.63E-05,-3.52E-05
275.7333333,0.269784723,-3.63E-05,-3.52E-05
275.7666667,0.269712091,-3.63E-05,-3.52E-05
275.8,0.269639472,-3.63E-05,-3.52E-05
275.8333333,0.269566866,-3.63E-05,-3.52E-05
275.8666667,0.269494274,-3.63E-05,-3.52E-05
275.9,0.269421695,-3.63E-05,-3.52E-05
275.9333333,0.26934913,-3.63E-05,-3.52E-05
275.9666667,0.269276578,-3.63E-05,-3.52E-05
276,0.26920404,-3.63E-05,-3.52E-05
276.0333333,0.269131515,-3.63E-05,-3.52E-05
276.0666667,0.269059003,-3.63E-05,-3.52E-05
276.1,0.268986505,-3.62E-05,-3.52E-05
276.1333333,0.26891402,-3.62E-05,-3.51E-05
276.1666667,0.268841548,-3.62E-05,-3.51E-05
276.2,0.26876909,-3.62E-05,-3.51E-05
276.2333333,0.268696646,-3.62E-05,-3.51E-05
276.2666667,0.268624214,-3.62E-05,-3.51E-05
276.3,0.268551796,-3.62E-05,-3.51E-05
276.3333333,0.268479392,-3.62E-05,-3.51E-05
276.3666667,0.268407001,-3.62E-05,-3.51E-05
276.4,0.268334623,-3.62E-05,-3.51E-05
276.4333333,0.268262259,-3.62E-05,-3.51E-05
276.4666667,0.268189908,-3.62E-05,-3.51E-05
276.5,0.268117571,-3.62E-05,-3.51E-05
276.5333333,0.268045247,-3.62E-05,-3.51E-05
276.5666667,0.267972937,-3.62E-05,-3.51E-05
276.6,0.267900639,-3.61E-05,-3.51E-05
276.6333333,0.267828356,-3.61E-05,-3.50E-05
276.6666667,0.267756085,-3.61E-05,-3.50E-05
276.7,0.267683828,-3.61E-05,-3.50E-05
276.7333333,0.267611585,-3.61E-05,-3.50E-05
276.7666667,0.267539355,-3.61E-05,-3.50E-05
276.8,0.267467138,-3.61E-05,-3.50E-05
276.8333333,0.267394935,-3.61E-05,-3.50E-05
276.8666667,0.267322745,-3.61E-05,-3.50E-05
276.9,0.267250568,-3.61E-05,-3.50E-05
276.9333333,0.267178405,-3.61E-05,-3.50E-05
276.9666667,0.267106256,-3.61E-05,-3.50E-05
277,0.267034119,-3.61E-05,-3.50E-05
277.0333333,0.266961997,-3.61E-05,-3.50E-05
277.0666667,0.266889887,-3.61E-05,-3.50E-05
277.1,0.266817791,-3.60E-05,-3.50E-05
277.1333333,0.266745709,-3.60E-05,-3.49E-05
277.1666667,0.266673639,-3.60E-05,-3.49E-05
277.2,0.266601584,-3.60E-05,-3.49E-05
277.2333333,0.266529541,-3.60E-05,-3.49E-05
277.2666667,0.266457512,-3.60E-05,-3.49E-05
277.3,0.266385497,-3.60E-05,-3.49E-05
277.3333333,0.266313494,-3.60E-05,-3.49E-05
277.3666667,0.266241506,-3.60E-05,-3.49E-05
277.4,0.26616953,-3.60E-05,-3.49E-05
277.4333333,0.266097568,-3.60E-05,-3.49E-05
277.4666667,0.26602562,-3.60E-05,-3.49E-05
277.5,0.265953685,-3.60E-05,-3.49E-05
277.5333333,0.265881763,-3.60E-05,-3.49E-05
277.5666667,0.265809854,-3.60E-05,-3.49E-05
277.6,0.265737959,-3.59E-05,-3.49E-05
277.6333333,0.265666078,-3.59E-05,-3.48E-05
277.6666667,0.26559421,-3.59E-05,-3.48E-05
277.7,0.265522355,-3.59E-05,-3.48E-05
277.7333333,0.265450514,-3.59E-05,-3.48E-05
277.7666667,0.265378686,-3.59E-05,-3.48E-05
277.8,0.265306871,-3.59E-05,-3.48E-05
277.8333333,0.26523507,-3.59E-05,-3.48E-05
277.8666667,0.265163283,-3.59E-05,-3.48E-05
277.9,0.265091508,-3.59E-05,-3.48E-05
277.9333333,0.265019747,-3.59E-05,-3.48E-05
277.9666667,0.264948,-3.59E-05,-3.48E-05
278,0.264876266,-3.59E-05,-3.48E-05
278.0333333,0.264804545,-3.59E-05,-3.48E-05
278.0666667,0.264732838,-3.59E-05,-3.48E-05
278.1,0.264661144,-3.58E-05,-3.48E-05
278.1333333,0.264589463,-3.58E-05,-3.47E-05
278.1666667,0.264517796,-3.58E-05,-3.47E-05
278.2,0.264446143,-3.58E-05,-3.47E-05
278.2333333,0.264374502,-3.58E-05,-3.47E-05
278.2666667,0.264302876,-3.58E-05,-3.47E-05
278.3,0.264231262,-3.58E-05,-3.47E-05
278.3333333,0.264159662,-3.58E-05,-3.47E-05
278.3666667,0.264088075,-3.58E-05,-3.47E-05
278.4,0.264016502,-3.58E-05,-3.47E-05
278.4333333,0.263944942,-3.58E-05,-3.47E-05
278.4666667,0.263873396,-3.58E-05,-3.47E-05
278.5,0.263801863,-3.58E-05,-3.47E-05
278.5333333,0.263730343,-3.58E-05,-3.47E-05
278.5666667,0.263658837,-3.58E-05,-3.47E-05
278.6,0.263587344,-3.57E-05,-3.47E-05
278.6333333,0.263515864,-3.57E-05,-3.46E-05
278.6666667,0.263444398,-3.57E-05,-3.46E-05
278.7,0.263372946,-3.57E-05,-3.46E-05
278.7333333,0.263301507,-3.57E-05,-3.46E-05
278.7666667,0.263230081,-3.57E-05,-3.46E-05
278.8,0.263158668,-3.57E-05,-3.46E-05
278.8333333,0.263087269,-3.57E-05,-3.46E-05
278.8666667,0.263015883,-3.57E-05,-3.46E-05
278.9,0.262944511,-3.57E-05,-3.46E-05
278.9333333,0.262873152,-3.57E-05,-3.46E-05
278.9666667,0.262801807,-3.57E-05,-3.46E-05
279,0.262730475,-3.57E-05,-3.46E-05
279.0333333,0.262659156,-3.57E-05,-3.46E-05
279.0666667,0.262587851,-3.57E-05,-3.46E-05
279.1,0.262516559,-3.56E-05,-3.46E-05
279.1333333,0.262445281,-3.56E-05,-3.45E-05
279.1666667,0.262374015,-3.56E-05,-3.45E-05
279.2,0.262302764,-3.56E-05,-3.45E-05
279.2333333,0.262231526,-3.56E-05,-3.45E-05
279.2666667,0.262160301,-3.56E-05,-3.45E-05
279.3,0.262089089,-3.56E-05,-3.45E-05
279.3333333,0.262017891,-3.56E-05,-3.45E-05
279.3666667,0.261946706,-3.56E-05,-3.45E-05
279.4,0.261875535,-3.56E-05,-3.45E-05
279.4333333,0.261804377,-3.56E-05,-3.45E-05
279.4666667,0.261733233,-3.56E-05,-3.45E-05
279.5,0.261662102,-3.56E-05,-3.45E-05
279.5333333,0.261590984,-3.56E-05,-3.45E-05
279.5666667,0.261519879,-3.56E-05,-3.45E-05
279.6,0.261448789,-3.55E-05,-3.45E-05
279.6333333,0.261377711,-3.55E-05,-3.44E-05
279.6666667,0.261306647,-3.55E-05,-3.44E-05
279.7,0.261235596,-3.55E-05,-3.44E-05
279.7333333,0.261164559,-3.55E-05,-3.44E-05
279.7666667,0.261093535,-3.55E-05,-3.44E-05
279.8,0.261022524,-3.55E-05,-3.44E-05
279.8333333,0.260951527,-3.55E-05,-3.44E-05
279.8666667,0.260880543,-3.55E-05,-3.44E-05
279.9,0.260809573,-3.55E-05,-3.44E-05
279.9333333,0.260738616,-3.55E-05,-3.44E-05
279.9666667,0.260667672,-3.55E-05,-3.44E-05
280,0.260596742,-3.55E-05,-3.44E-05
280.0333333,0.260525825,-3.55E-05,-3.44E-05
280.0666667,0.260454922,-3.55E-05,-3.44E-05
280.1,0.260384032,-3.54E-05,-3.44E-05
280.1333333,0.260313155,-3.54E-05,-3.44E-05
280.1666667,0.260242292,-3.54E-05,-3.43E-05
280.2,0.260171442,-3.54E-05,-3.43E-05
280.2333333,0.260100606,-3.54E-05,-3.43E-05
280.2666667,0.260029783,-3.54E-05,-3.43E-05
280.3,0.259958973,-3.54E-05,-3.43E-05
280.3333333,0.259888177,-3.54E-05,-3.43E-05
280.3666667,0.259817394,-3.54E-05,-3.43E-05
280.4,0.259746624,-3.54E-05,-3.43E-05
280.4333333,0.259675868,-3.54E-05,-3.43E-05
280.4666667,0.259605125,-3.54E-05,-3.43E-05
280.5,0.259534396,-3.54E-05,-3.43E-05
280.5333333,0.25946368,-3.54E-05,-3.43E-05
280.5666667,0.259392977,-3.54E-05,-3.43E-05
280.6,0.259322288,-3.53E-05,-3.43E-05
280.6333333,0.259251612,-3.53E-05,-3.43E-05
280.6666667,0.25918095,-3.53E-05,-3.42E-05
280.7,0.259110301,-3.53E-05,-3.42E-05
280.7333333,0.259039665,-3.53E-05,-3.42E-05
280.7666667,0.258969043,-3.53E-05,-3.42E-05
280.8,0.258898434,-3.53E-05,-3.42E-05
280.8333333,0.258827839,-3.53E-05,-3.42E-05
280.8666667,0.258757257,-3.53E-05,-3.42E-05
280.9,0.258686688,-3.53E-05,-3.42E-05
280.9333333,0.258616133,-3.53E-05,-3.42E-05
280.9666667,0.258545591,-3.53E-05,-3.42E-05
281,0.258475062,-3.53E-05,-3.42E-05
281.0333333,0.258404547,-3.53E-05,-3.42E-05
281.0666667,0.258334045,-3.53E-05,-3.42E-05
281.1,0.258263557,-3.52E-05,-3.42E-05
281.1333333,0.258193082,-3.52E-05,-3.42E-05
281.1666667,0.25812262,-3.52E-05,-3.41E-05
281.2,0.258052172,-3.52E-05,-3.41E-05
281.2333333,0.257981737,-3.52E-05,-3.41E-05
281.2666667,0.257911316,-3.52E-05,-3.41E-05
281.3,0.257840908,-3.52E-05,-3.41E-05
281.3333333,0.257770513,-3.52E-05,-3.41E-05
281.3666667,0.257700132,-3.52E-05,-3.41E-05
281.4,0.257629764,-3.52E-05,-3.41E-05
281.4333333,0.257559409,-3.52E-05,-3.41E-05
281.4666667,0.257489068,-3.52E-05,-3.41E-05
281.5,0.25741874,-3.52E-05,-3.41E-05
281.5333333,0.257348426,-3.52E-05,-3.41E-05
281.5666667,0.257278125,-3.52E-05,-3.41E-05
281.6,0.257207837,-3.51E-05,-3.41E-05
281.6333333,0.257137563,-3.51E-05,-3.41E-05
281.6666667,0.257067302,-3.51E-05,-3.40E-05
281.7,0.256997055,-3.51E-05,-3.40E-05
281.7333333,0.25692682,-3.51E-05,-3.40E-05
281.7666667,0.2568566,-3.51E-05,-3.40E-05
281.8,0.256786392,-3.51E-05,-3.40E-05
281.8333333,0.256716198,-3.51E-05,-3.40E-05
281.8666667,0.256646018,-3.51E-05,-3.40E-05
281.9,0.25657585,-3.51E-05,-3.40E-05
281.9333333,0.256505697,-3.51E-05,-3.40E-05
281.9666667,0.256435556,-3.51E-05,-3.40E-05
282,0.256365429,-3.51E-05,-3.40E-05
282.0333333,0.256295315,-3.51E-05,-3.40E-05
282.0666667,0.256225215,-3.51E-05,-3.40E-05
282.1,0.256155128,-3.50E-05,-3.40E-05
282.1333333,0.256085054,-3.50E-05,-3.40E-05
282.1666667,0.256014994,-3.50E-05,-3.39E-05
282.2,0.255944947,-3.50E-05,-3.39E-05
282.2333333,0.255874914,-3.50E-05,-3.39E-05
282.2666667,0.255804894,-3.50E-05,-3.39E-05
282.3,0.255734887,-3.50E-05,-3.39E-05
282.3333333,0.255664894,-3.50E-05,-3.39E-05
282.3666667,0.255594914,-3.50E-05,-3.39E-05
282.4,0.255524947,-3.50E-05,-3.39E-05
282.4333333,0.255454994,-3.50E-05,-3.39E-05
282.4666667,0.255385054,-3.50E-05,-3.39E-05
282.5,0.255315128,-3.50E-05,-3.39E-05
282.5333333,0.255245215,-3.50E-05,-3.39E-05
282.5666667,0.255175315,-3.49E-05,-3.39E-05
282.6,0.255105428,-3.49E-05,-3.39E-05
282.6333333,0.255035555,-3.49E-05,-3.39E-05
282.6666667,0.254965696,-3.49E-05,-3.38E-05
282.7,0.25489585,-3.49E-05,-3.38E-05
282.7333333,0.254826017,-3.49E-05,-3.38E-05
282.7666667,0.254756197,-3.49E-05,-3.38E-05
282.8,0.254686391,-3.49E-05,-3.38E-05
282.8333333,0.254616598,-3.49E-05,-3.38E-05
282.8666667,0.254546819,-3.49E-05,-3.38E-05
282.9,0.254477053,-3.49E-05,-3.38E-05
282.9333333,0.2544073,-3.49E-05,-3.38E-05
282.9666667,0.254337561,-3.49E-05,-3.38E-05
283,0.254267835,-3.49E-05,-3.38E-05
283.0333333,0.254198123,-3.49E-05,-3.38E-05
283.0666667,0.254128423,-3.48E-05,-3.38E-05
283.1,0.254058738,-3.48E-05,-3.38E-05
283.1333333,0.253989065,-3.48E-05,-3.38E-05
283.1666667,0.253919406,-3.48E-05,-3.37E-05
283.2,0.25384976,-3.48E-05,-3.37E-05
283.2333333,0.253780128,-3.48E-05,-3.37E-05
283.2666667,0.253710509,-3.48E-05,-3.37E-05
283.3,0.253640904,-3.48E-05,-3.37E-05
283.3333333,0.253571311,-3.48E-05,-3.37E-05
283.3666667,0.253501732,-3.48E-05,-3.37E-05
283.4,0.253432167,-3.48E-05,-3.37E-05
283.4333333,0.253362615,-3.48E-05,-3.37E-05
283.4666667,0.253293076,-3.48E-05,-3.37E-05
283.5,0.253223551,-3.48E-05,-3.37E-05
283.5333333,0.253154038,-3.48E-05,-3.37E-05
283.5666667,0.25308454,-3.47E-05,-3.37E-05
283.6,0.253015054,-3.47E-05,-3.37E-05
283.6333333,0.252945583,-3.47E-05,-3.37E-05
283.6666667,0.252876124,-3.47E-05,-3.37E-05
283.7,0.252806679,-3.47E-05,-3.36E-05
283.7333333,0.252737247,-3.47E-05,-3.36E-05
283.7666667,0.252667828,-3.47E-05,-3.36E-05
283.8,0.252598423,-3.47E-05,-3.36E-05
283.8333333,0.252529031,-3.47E-05,-3.36E-05
283.8666667,0.252459653,-3.47E-05,-3.36E-05
283.9,0.252390288,-3.47E-05,-3.36E-05
283.9333333,0.252320936,-3.47E-05,-3.36E-05
283.9666667,0.252251598,-3.47E-05,-3.36E-05
284,0.252182273,-3.47E-05,-3.36E-05
284.0333333,0.252112961,-3.47E-05,-3.36E-05
284.0666667,0.252043663,-3.46E-05,-3.36E-05
284.1,0.251974378,-3.46E-05,-3.36E-05
284.1333333,0.251905106,-3.46E-05,-3.36E-05
284.1666667,0.251835848,-3.46E-05,-3.36E-05
284.2,0.251766603,-3.46E-05,-3.35E-05
284.2333333,0.251697372,-3.46E-05,-3.35E-05
284.2666667,0.251628154,-3.46E-05,-3.35E-05
284.3,0.251558949,-3.46E-05,-3.35E-05
284.3333333,0.251489757,-3.46E-05,-3.35E-05
284.3666667,0.251420579,-3.46E-05,-3.35E-05
284.4,0.251351415,-3.46E-05,-3.35E-05
284.4333333,0.251282263,-3.46E-05,-3.35E-05
284.4666667,0.251213125,-3.46E-05,-3.35E-05
284.5,0.251144001,-3.46E-05,-3.35E-05
284.5333333,0.251074889,-3.46E-05,-3.35E-05
284.5666667,0.251005791,-3.45E-05,-3.35E-05
284.6,0.250936707,-3.45E-05,-3.35E-05
284.6333333,0.250867636,-3.45E-05,-3.35E-05
284.6666667,0.250798578,-3.45E-05,-3.35E-05
284.7,0.250729533,-3.45E-05,-3.34E-05
284.7333333,0.250660502,-3.45E-05,-3.34E-05
284.7666667,0.250591484,-3.45E-05,-3.34E-05
284.8,0.25052248,-3.45E-05,-3.34E-05
284.8333333,0.250453489,-3.45E-05,-3.34E-05
284.8666667,0.250384511,-3.45E-05,-3.34E-05
284.9,0.250315546,-3.45E-05,-3.34E-05
284.9333333,0.250246595,-3.45E-05,-3.34E-05
284.9666667,0.250177657,-3.45E-05,-3.34E-05
285,0.250108733,-3.45E-05,-3.34E-05
285.0333333,0.250039822,-3.45E-05,-3.34E-05
285.0666667,0.249970924,-3.44E-05,-3.34E-05
285.1,0.24990204,-3.44E-05,-3.34E-05
285.1333333,0.249833169,-3.44E-05,-3.34E-05
285.1666667,0.249764311,-3.44E-05,-3.34E-05
285.2,0.249695467,-3.44E-05,-3.33E-05
285.2333333,0.249626636,-3.44E-05,-3.33E-05
285.2666667,0.249557818,-3.44E-05,-3.33E-05
285.3,0.249489014,-3.44E-05,-3.33E-05
285.3333333,0.249420223,-3.44E-05,-3.33E-05
285.3666667,0.249351446,-3.44E-05,-3.33E-05
285.4,0.249282681,-3.44E-05,-3.33E-05
285.4333333,0.249213931,-3.44E-05,-3.33E-05
285.4666667,0.249145193,-3.44E-05,-3.33E-05
285.5,0.249076469,-3.44E-05,-3.33E-05
285.5333333,0.249007758,-3.44E-05,-3.33E-05
285.5666667,0.24893906,-3.43E-05,-3.33E-05
285.6,0.248870376,-3.43E-05,-3.33E-05
285.6333333,0.248801705,-3.43E-05,-3.33E-05
285.6666667,0.248733048,-3.43E-05,-3.33E-05
285.7,0.248664404,-3.43E-05,-3.32E-05
285.7333333,0.248595773,-3.43E-05,-3.32E-05
285.7666667,0.248527155,-3.43E-05,-3.32E-05
285.8,0.248458551,-3.43E-05,-3.32E-05
285.8333333,0.24838996,-3.43E-05,-3.32E-05
285.8666667,0.248321383,-3.43E-05,-3.32E-05
285.9,0.248252819,-3.43E-05,-3.32E-05
285.9333333,0.248184268,-3.43E-05,-3.32E-05
285.9666667,0.248115731,-3.43E-05,-3.32E-05
286,0.248047206,-3.43E-05,-3.32E-05
286.0333333,0.247978696,-3.43E-05,-3.32E-05
286.0666667,0.247910198,-3.42E-05,-3.32E-05
286.1,0.247841714,-3.42E-05,-3.32E-05
286.1333333,0.247773243,-3.42E-05,-3.32E-05
286.1666667,0.247704786,-3.42E-05,-3.32E-05
286.2,0.247636342,-3.42E-05,-3.32E-05
286.2333333,0.247567911,-3.42E-05,-3.31E-05
286.2666667,0.247499494,-3.42E-05,-3.31E-05
286.3,0.24743109,-3.42E-05,-3.31E-05
286.3333333,0.247362699,-3.42E-05,-3.31E-05
286.3666667,0.247294321,-3.42E-05,-3.31E-05
286.4,0.247225957,-3.42E-05,-3.31E-05
286.4333333,0.247157606,-3.42E-05,-3.31E-05
286.4666667,0.247089269,-3.42E-05,-3.31E-05
286.5,0.247020945,-3.42E-05,-3.31E-05
286.5333333,0.246952634,-3.42E-05,-3.31E-05
286.5666667,0.246884337,-3.41E-05,-3.31E-05
286.6,0.246816053,-3.41E-05,-3.31E-05
286.6333333,0.246747782,-3.41E-05,-3.31E-05
286.6666667,0.246679524,-3.41E-05,-3.31E-05
286.7,0.24661128,-3.41E-05,-3.31E-05
286.7333333,0.246543049,-3.41E-05,-3.30E-05
286.7666667,0.246474832,-3.41E-05,-3.30E-05
286.8,0.246406628,-3.41E-05,-3.30E-05
286.8333333,0.246338437,-3.41E-05,-3.30E-05
286.8666667,0.246270259,-3.41E-05,-3.30E-05
286.9,0.246202095,-3.41E-05,-3.30E-05
286.9333333,0.246133944,-3.41E-05,-3.30E-05
286.9666667,0.246065807,-3.41E-05,-3.30E-05
287,0.245997683,-3.41E-05,-3.30E-05
287.0333333,0.245929572,-3.41E-05,-3.30E-05
287.0666667,0.245861474,-3.40E-05,-3.30E-05
287.1,0.24579339,-3.40E-05,-3.30E-05
287.1333333,0.245725319,-3.40E-05,-3.30E-05
287.1666667,0.245657261,-3.40E-05,-3.30E-05
287.2,0.245589217,-3.40E-05,-3.30E-05
287.2333333,0.245521186,-3.40E-05,-3.29E-05
287.2666667,0.245453169,-3.40E-05,-3.29E-05
287.3,0.245385164,-3.40E-05,-3.29E-05
287.3333333,0.245317173,-3.40E-05,-3.29E-05
287.3666667,0.245249196,-3.40E-05,-3.29E-05
287.4,0.245181231,-3.40E-05,-3.29E-05
287.4333333,0.24511328,-3.40E-05,-3.29E-05
287.4666667,0.245045343,-3.40E-05,-3.29E-05
287.5,0.244977418,-3.40E-05,-3.29E-05
287.5333333,0.244909507,-3.40E-05,-3.29E-05
287.5666667,0.244841609,-3.39E-05,-3.29E-05
287.6,0.244773725,-3.39E-05,-3.29E-05
287.6333333,0.244705854,-3.39E-05,-3.29E-05
287.6666667,0.244637996,-3.39E-05,-3.29E-05
287.7,0.244570152,-3.39E-05,-3.29E-05
287.7333333,0.24450232,-3.39E-05,-3.28E-05
287.7666667,0.244434502,-3.39E-05,-3.28E-05
287.8,0.244366698,-3.39E-05,-3.28E-05
287.8333333,0.244298907,-3.39E-05,-3.28E-05
287.8666667,0.244231129,-3.39E-05,-3.28E-05
287.9,0.244163364,-3.39E-05,-3.28E-05
287.9333333,0.244095613,-3.39E-05,-3.28E-05
287.9666667,0.244027875,-3.39E-05,-3.28E-05
288,0.24396015,-3.39E-05,-3.28E-05
288.0333333,0.243892439,-3.39E-05,-3.28E-05
288.0666667,0.243824741,-3.38E-05,-3.28E-05
288.1,0.243757056,-3.38E-05,-3.28E-05
288.1333333,0.243689385,-3.38E-05,-3.28E-05
288.1666667,0.243621726,-3.38E-05,-3.28E-05
288.2,0.243554082,-3.38E-05,-3.28E-05
288.2333333,0.24348645,-3.38E-05,-3.28E-05
288.2666667,0.243418832,-3.38E-05,-3.27E-05
288.3,0.243351227,-3.38E-05,-3.27E-05
288.3333333,0.243283635,-3.38E-05,-3.27E-05
288.3666667,0.243216057,-3.38E-05,-3.27E-05
288.4,0.243148492,-3.38E-05,-3.27E-05
288.4333333,0.243080941,-3.38E-05,-3.27E-05
288.4666667,0.243013402,-3.38E-05,-3.27E-05
288.5,0.242945877,-3.38E-05,-3.27E-05
288.5333333,0.242878365,-3.38E-05,-3.27E-05
288.5666667,0.242810867,-3.37E-05,-3.27E-05
288.6,0.242743382,-3.37E-05,-3.27E-05
288.6333333,0.24267591,-3.37E-05,-3.27E-05
288.6666667,0.242608451,-3.37E-05,-3.27E-05
288.7,0.242541006,-3.37E-05,-3.27E-05
288.7333333,0.242473574,-3.37E-05,-3.27E-05
288.7666667,0.242406155,-3.37E-05,-3.26E-05
288.8,0.24233875,-3.37E-05,-3.26E-05
288.8333333,0.242271358,-3.37E-05,-3.26E-05
288.8666667,0.242203979,-3.37E-05,-3.26E-05
288.9,0.242136614,-3.37E-05,-3.26E-05
288.9333333,0.242069262,-3.37E-05,-3.26E-05
288.9666667,0.242001923,-3.37E-05,-3.26E-05
289,0.241934597,-3.37E-05,-3.26E-05
289.0333333,0.241867285,-3.37E-05,-3.26E-05
289.0666667,0.241799986,-3.36E-05,-3.26E-05
289.1,0.2417327,-3.36E-05,-3.26E-05
289.1333333,0.241665428,-3.36E-05,-3.26E-05
289.1666667,0.241598169,-3.36E-05,-3.26E-05
289.2,0.241530923,-3.36E-05,-3.26E-05
289.2333333,0.241463691,-3.36E-05,-3.26E-05
289.2666667,0.241396471,-3.36E-05,-3.25E-05
289.3,0.241329266,-3.36E-05,-3.25E-05
289.3333333,0.241262073,-3.36E-05,-3.25E-05
289.3666667,0.241194894,-3.36E-05,-3.25E-05
289.4,0.241127728,-3.36E-05,-3.25E-05
289.4333333,0.241060575,-3.36E-05,-3.25E-05
289.4666667,0.240993435,-3.36E-05,-3.25E-05
289.5,0.240926309,-3.36E-05,-3.25E-05
289.5333333,0.240859196,-3.36E-05,-3.25E-05
289.5666667,0.240792097,-3.35E-05,-3.25E-05
289.6,0.24072501,-3.35E-05,-3.25E-05
289.6333333,0.240657937,-3.35E-05,-3.25E-05
289.6666667,0.240590878,-3.35E-05,-3.25E-05
289.7,0.240523831,-3.35E-05,-3.25E-05
289.7333333,0.240456798,-3.35E-05,-3.25E-05
289.7666667,0.240389778,-3.35E-05,-3.24E-05
289.8,0.240322772,-3.35E-05,-3.24E-05
289.8333333,0.240255778,-3.35E-05,-3.24E-05
289.8666667,0.240188798,-3.35E-05,-3.24E-05
289.9,0.240121832,-3.35E-05,-3.24E-05
289.9333333,0.240054878,-3.35E-05,-3.24E-05
289.9666667,0.239987938,-3.35E-05,-3.24E-05
290,0.239921011,-3.35E-05,-3.24E-05
290.0333333,0.239854098,-3.35E-05,-3.24E-05
290.0666667,0.239787197,-3.35E-05,-3.24E-05
290.1,0.23972031,-3.34E-05,-3.24E-05
290.1333333,0.239653436,-3.34E-05,-3.24E-05
290.1666667,0.239586576,-3.34E-05,-3.24E-05
290.2,0.239519729,-3.34E-05,-3.24E-05
290.2333333,0.239452895,-3.34E-05,-3.24E-05
290.2666667,0.239386074,-3.34E-05,-3.24E-05
290.3,0.239319267,-3.34E-05,-3.23E-05
290.3333333,0.239252473,-3.34E-05,-3.23E-05
290.3666667,0.239185692,-3.34E-05,-3.23E-05
290.4,0.239118924,-3.34E-05,-3.23E-05
290.4333333,0.23905217,-3.34E-05,-3.23E-05
290.4666667,0.238985429,-3.34E-05,-3.23E-05
290.5,0.238918701,-3.34E-05,-3.23E-05
290.5333333,0.238851987,-3.34E-05,-3.23E-05
290.5666667,0.238785286,-3.34E-05,-3.23E-05
290.6,0.238718598,-3.33E-05,-3.23E-05
290.6333333,0.238651923,-3.33E-05,-3.23E-05
290.6666667,0.238585262,-3.33E-05,-3.23E-05
290.7,0.238518614,-3.33E-05,-3.23E-05
290.7333333,0.238451979,-3.33E-05,-3.23E-05
290.7666667,0.238385357,-3.33E-05,-3.23E-05
290.8,0.238318749,-3.33E-05,-3.22E-05
290.8333333,0.238252154,-3.33E-05,-3.22E-05
290.8666667,0.238185572,-3.33E-05,-3.22E-05
290.9,0.238119004,-3.33E-05,-3.22E-05
290.9333333,0.238052449,-3.33E-05,-3.22E-05
290.9666667,0.237985907,-3.33E-05,-3.22E-05
291,0.237919378,-3.33E-05,-3.22E-05
291.0333333,0.237852863,-3.33E-05,-3.22E-05
291.0666667,0.237786361,-3.33E-05,-3.22E-05
291.1,0.237719872,-3.32E-05,-3.22E-05
291.1333333,0.237653396,-3.32E-05,-3.22E-05
291.1666667,0.237586934,-3.32E-05,-3.22E-05
291.2,0.237520485,-3.32E-05,-3.22E-05
291.2333333,0.237454049,-3.32E-05,-3.22E-05
291.2666667,0.237387626,-3.32E-05,-3.22E-05
291.3,0.237321217,-3.32E-05,-3.21E-05
291.3333333,0.237254821,-3.32E-05,-3.21E-05
291.3666667,0.237188438,-3.32E-05,-3.21E-05
291.4,0.237122069,-3.32E-05,-3.21E-05
291.4333333,0.237055712,-3.32E-05,-3.21E-05
291.4666667,0.236989369,-3.32E-05,-3.21E-05
291.5,0.23692304,-3.32E-05,-3.21E-05
291.5333333,0.236856723,-3.32E-05,-3.21E-05
291.5666667,0.23679042,-3.32E-05,-3.21E-05
291.6,0.23672413,-3.31E-05,-3.21E-05
291.6333333,0.236657853,-3.31E-05,-3.21E-05
291.6666667,0.23659159,-3.31E-05,-3.21E-05
291.7,0.23652534,-3.31E-05,-3.21E-05
291.7333333,0.236459103,-3.31E-05,-3.21E-05
291.7666667,0.236392879,-3.31E-05,-3.21E-05
291.8,0.236326669,-3.31E-05,-3.21E-05
291.8333333,0.236260471,-3.31E-05,-3.20E-05
291.8666667,0.236194287,-3.31E-05,-3.20E-05
291.9,0.236128117,-3.31E-05,-3.20E-05
291.9333333,0.236061959,-3.31E-05,-3.20E-05
291.9666667,0.235995815,-3.31E-05,-3.20E-05
292,0.235929684,-3.31E-05,-3.20E-05
292.0333333,0.235863566,-3.31E-05,-3.20E-05
292.0666667,0.235797462,-3.31E-05,-3.20E-05
292.1,0.235731371,-3.30E-05,-3.20E-05
292.1333333,0.235665293,-3.30E-05,-3.20E-05
292.1666667,0.235599228,-3.30E-05,-3.20E-05
292.2,0.235533177,-3.30E-05,-3.20E-05
292.2333333,0.235467139,-3.30E-05,-3.20E-05
292.2666667,0.235401114,-3.30E-05,-3.20E-05
292.3,0.235335102,-3.30E-05,-3.20E-05
292.3333333,0.235269103,-3.30E-05,-3.19E-05
292.3666667,0.235203118,-3.30E-05,-3.19E-05
292.4,0.235137146,-3.30E-05,-3.19E-05
292.4333333,0.235071187,-3.30E-05,-3.19E-05
292.4666667,0.235005242,-3.30E-05,-3.19E-05
292.5,0.23493931,-3.30E-05,-3.19E-05
292.5333333,0.234873391,-3.30E-05,-3.19E-05
292.5666667,0.234807485,-3.30E-05,-3.19E-05
292.6,0.234741592,-3.29E-05,-3.19E-05
292.6333333,0.234675713,-3.29E-05,-3.19E-05
292.6666667,0.234609847,-3.29E-05,-3.19E-05
292.7,0.234543994,-3.29E-05,-3.19E-05
292.7333333,0.234478154,-3.29E-05,-3.19E-05
292.7666667,0.234412328,-3.29E-05,-3.19E-05
292.8,0.234346515,-3.29E-05,-3.19E-05
292.8333333,0.234280715,-3.29E-05,-3.18E-05
292.8666667,0.234214928,-3.29E-05,-3.18E-05
292.9,0.234149155,-3.29E-05,-3.18E-05
292.9333333,0.234083395,-3.29E-05,-3.18E-05
292.9666667,0.234017648,-3.29E-05,-3.18E-05
293,0.233951914,-3.29E-05,-3.18E-05
293.0333333,0.233886194,-3.29E-05,-3.18E-05
293.0666667,0.233820486,-3.29E-05,-3.18E-05
293.1,0.233754792,-3.28E-05,-3.18E-05
293.1333333,0.233689111,-3.28E-05,-3.18E-05
293.1666667,0.233623444,-3.28E-05,-3.18E-05
293.2,0.23355779,-3.28E-05,-3.18E-05
293.2333333,0.233492148,-3.28E-05,-3.18E-05
293.2666667,0.233426521,-3.28E-05,-3.18E-05
293.3,0.233360906,-3.28E-05,-3.18E-05
293.3333333,0.233295304,-3.28E-05,-3.18E-05
293.3666667,0.233229716,-3.28E-05,-3.17E-05
293.4,0.233164141,-3.28E-05,-3.17E-05
293.4333333,0.233098579,-3.28E-05,-3.17E-05
293.4666667,0.233033031,-3.28E-05,-3.17E-05
293.5,0.232967496,-3.28E-05,-3.17E-05
293.5333333,0.232901973,-3.28E-05,-3.17E-05
293.5666667,0.232836465,-3.28E-05,-3.17E-05
293.6,0.232770969,-3.27E-05,-3.17E-05
293.6333333,0.232705486,-3.27E-05,-3.17E-05
293.6666667,0.232640017,-3.27E-05,-3.17E-05
293.7,0.232574561,-3.27E-05,-3.17E-05
293.7333333,0.232509118,-3.27E-05,-3.17E-05
293.7666667,0.232443689,-3.27E-05,-3.17E-05
293.8,0.232378273,-3.27E-05,-3.17E-05
293.8333333,0.232312869,-3.27E-05,-3.17E-05
293.8666667,0.23224748,-3.27E-05,-3.16E-05
293.9,0.232182103,-3.27E-05,-3.16E-05
293.9333333,0.232116739,-3.27E-05,-3.16E-05
293.9666667,0.232051389,-3.27E-05,-3.16E-05
294,0.231986052,-3.27E-05,-3.16E-05
294.0333333,0.231920728,-3.27E-05,-3.16E-05
294.0666667,0.231855418,-3.27E-05,-3.16E-05
294.1,0.23179012,-3.26E-05,-3.16E-05
294.1333333,0.231724836,-3.26E-05,-3.16E-05
294.1666667,0.231659565,-3.26E-05,-3.16E-05
294.2,0.231594307,-3.26E-05,-3.16E-05
294.2333333,0.231529063,-3.26E-05,-3.16E-05
294.2666667,0.231463831,-3.26E-05,-3.16E-05
294.3,0.231398613,-3.26E-05,-3.16E-05
294.3333333,0.231333408,-3.26E-05,-3.16E-05
294.3666667,0.231268216,-3.26E-05,-3.15E-05
294.4,0.231203038,-3.26E-05,-3.15E-05
294.4333333,0.231137873,-3.26E-05,-3.15E-05
294.4666667,0.23107272,-3.26E-05,-3.15E-05
294.5,0.231007581,-3.26E-05,-3.15E-05
294.5333333,0.230942456,-3.26E-05,-3.15E-05
294.5666667,0.230877343,-3.26E-05,-3.15E-05
294.6,0.230812244,-3.25E-05,-3.15E-05
294.6333333,0.230747158,-3.25E-05,-3.15E-05
294.6666667,0.230682085,-3.25E-05,-3.15E-05
294.7,0.230617025,-3.25E-05,-3.15E-05
294.7333333,0.230551979,-3.25E-05,-3.15E-05
294.7666667,0.230486945,-3.25E-05,-3.15E-05
294.8,0.230421925,-3.25E-05,-3.15E-05
294.8333333,0.230356918,-3.25E-05,-3.15E-05
294.8666667,0.230291925,-3.25E-05,-3.15E-05
294.9,0.230226944,-3.25E-05,-3.14E-05
294.9333333,0.230161977,-3.25E-05,-3.14E-05
294.9666667,0.230097023,-3.25E-05,-3.14E-05
295,0.230032082,-3.25E-05,-3.14E-05
295.0333333,0.229967154,-3.25E-05,-3.14E-05
295.0666667,0.229902239,-3.25E-05,-3.14E-05
295.1,0.229837338,-3.25E-05,-3.14E-05
295.1333333,0.22977245,-3.24E-05,-3.14E-05
295.1666667,0.229707575,-3.24E-05,-3.14E-05
295.2,0.229642713,-3.24E-05,-3.14E-05
295.2333333,0.229577865,-3.24E-05,-3.14E-05
295.2666667,0.229513029,-3.24E-05,-3.14E-05
295.3,0.229448207,-3.24E-05,-3.14E-05
295.3333333,0.229383398,-3.24E-05,-3.14E-05
295.3666667,0.229318602,-3.24E-05,-3.14E-05
295.4,0.229253819,-3.24E-05,-3.13E-05
295.4333333,0.22918905,-3.24E-05,-3.13E-05
295.4666667,0.229124294,-3.24E-05,-3.13E-05
295.5,0.229059551,-3.24E-05,-3.13E-05
295.5333333,0.228994821,-3.24E-05,-3.13E-05
295.5666667,0.228930104,-3.24E-05,-3.13E-05
295.6,0.2288654,-3.24E-05,-3.13E-05
295.6333333,0.22880071,-3.23E-05,-3.13E-05
295.6666667,0.228736033,-3.23E-05,-3.13E-05
295.7,0.228671369,-3.23E-05,-3.13E-05
295.7333333,0.228606718,-3.23E-05,-3.13E-05
295.7666667,0.22854208,-3.23E-05,-3.13E-05
295.8,0.228477456,-3.23E-05,-3.13E-05
295.8333333,0.228412845,-3.23E-05,-3.13E-05
295.8666667,0.228348246,-3.23E-05,-3.13E-05
295.9,0.228283662,-3.23E-05,-3.13E-05
295.9333333,0.22821909,-3.23E-05,-3.12E-05
295.9666667,0.228154531,-3.23E-05,-3.12E-05
296,0.228089986,-3.23E-05,-3.12E-05
296.0333333,0.228025454,-3.23E-05,-3.12E-05
296.0666667,0.227960934,-3.23E-05,-3.12E-05
296.1,0.227896429,-3.23E-05,-3.12E-05
296.1333333,0.227831936,-3.22E-05,-3.12E-05
296.1666667,0.227767456,-3.22E-05,-3.12E-05
296.2,0.22770299,-3.22E-05,-3.12E-05
296.2333333,0.227638537,-3.22E-05,-3.12E-05
296.2666667,0.227574097,-3.22E-05,-3.12E-05
296.3,0.22750967,-3.22E-05,-3.12E-05
296.3333333,0.227445256,-3.22E-05,-3.12E-05
296.3666667,0.227380856,-3.22E-05,-3.12E-05
296.4,0.227316468,-3.22E-05,-3.12E-05
296.4333333,0.227252094,-3.22E-05,-3.11E-05
296.4666667,0.227187733,-3.22E-05,-3.11E-05
296.5,0.227123385,-3.22E-05,-3.11E-05
296.5333333,0.22705905,-3.22E-05,-3.11E-05
296.5666667,0.226994729,-3.22E-05,-3.11E-05
296.6,0.22693042,-3.22E-05,-3.11E-05
296.6333333,0.226866125,-3.21E-05,-3.11E-05
296.6666667,0.226801843,-3.21E-05,-3.11E-05
296.7,0.226737574,-3.21E-05,-3.11E-05
296.7333333,0.226673319,-3.21E-05,-3.11E-05
296.7666667,0.226609076,-3.21E-05,-3.11E-05
296.8,0.226544847,-3.21E-05,-3.11E-05
296.8333333,0.22648063,-3.21E-05,-3.11E-05
296.8666667,0.226416427,-3.21E-05,-3.11E-05
296.9,0.226352237,-3.21E-05,-3.11E-05
296.9333333,0.22628806,-3.21E-05,-3.10E-05
296.9666667,0.226223897,-3.21E-05,-3.10E-05
297,0.226159746,-3.21E-05,-3.10E-05
297.0333333,0.226095609,-3.21E-05,-3.10E-05
297.0666667,0.226031485,-3.21E-05,-3.10E-05
297.1,0.225967374,-3.21E-05,-3.10E-05
297.1333333,0.225903276,-3.20E-05,-3.10E-05
297.1666667,0.225839191,-3.20E-05,-3.10E-05
297.2,0.22577512,-3.20E-05,-3.10E-05
297.2333333,0.225711061,-3.20E-05,-3.10E-05
297.2666667,0.225647016,-3.20E-05,-3.10E-05
297.3,0.225582984,-3.20E-05,-3.10E-05
297.3333333,0.225518965,-3.20E-05,-3.10E-05
297.3666667,0.225454959,-3.20E-05,-3.10E-05
297.4,0.225390966,-3.20E-05,-3.10E-05
297.4333333,0.225326987,-3.20E-05,-3.10E-05
297.4666667,0.22526302,-3.20E-05,-3.09E-05
297.5,0.225199067,-3.20E-05,-3.09E-05
297.5333333,0.225135127,-3.20E-05,-3.09E-05
297.5666667,0.2250712,-3.20E-05,-3.09E-05
297.6,0.225007286,-3.20E-05,-3.09E-05
297.6333333,0.224943385,-3.20E-05,-3.09E-05
297.6666667,0.224879498,-3.19E-05,-3.09E-05
297.7,0.224815623,-3.19E-05,-3.09E-05
297.7333333,0.224751762,-3.19E-05,-3.09E-05
297.7666667,0.224687914,-3.19E-05,-3.09E-05
297.8,0.224624079,-3.19E-05,-3.09E-05
297.8333333,0.224560257,-3.19E-05,-3.09E-05
297.8666667,0.224496448,-3.19E-05,-3.09E-05
297.9,0.224432653,-3.19E-05,-3.09E-05
297.9333333,0.22436887,-3.19E-05,-3.09E-05
297.9666667,0.224305101,-3.19E-05,-3.08E-05
298,0.224241345,-3.19E-05,-3.08E-05
298.0333333,0.224177602,-3.19E-05,-3.08E-05
298.0666667,0.224113872,-3.19E-05,-3.08E-05
298.1,0.224050155,-3.19E-05,-3.08E-05
298.1333333,0.223986451,-3.19E-05,-3.08E-05
298.1666667,0.223922761,-3.18E-05,-3.08E-05
298.2,0.223859083,-3.18E-05,-3.08E-05
298.2333333,0.223795419,-3.18E-05,-3.08E-05
298.2666667,0.223731768,-3.18E-05,-3.08E-05
298.3,0.22366813,-3.18E-05,-3.08E-05
298.3333333,0.223604505,-3.18E-05,-3.08E-05
298.3666667,0.223540893,-3.18E-05,-3.08E-05
298.4,0.223477294,-3.18E-05,-3.08E-05
298.4333333,0.223413709,-3.18E-05,-3.08E-05
298.4666667,0.223350136,-3.18E-05,-3.08E-05
298.5,0.223286577,-3.18E-05,-3.07E-05
298.5333333,0.223223031,-3.18E-05,-3.07E-05
298.5666667,0.223159498,-3.18E-05,-3.07E-05
298.6,0.223095978,-3.18E-05,-3.07E-05
298.6333333,0.223032471,-3.18E-05,-3.07E-05
298.6666667,0.222968977,-3.17E-05,-3.07E-05
298.7,0.222905497,-3.17E-05,-3.07E-05
298.7333333,0.222842029,-3.17E-05,-3.07E-05
298.7666667,0.222778575,-3.17E-05,-3.07E-05
298.8,0.222715134,-3.17E-05,-3.07E-05
298.8333333,0.222651706,-3.17E-05,-3.07E-05
298.8666667,0.222588291,-3.17E-05,-3.07E-05
298.9,0.222524889,-3.17E-05,-3.07E-05
298.9333333,0.2224615,-3.17E-05,-3.07E-05
298.9666667,0.222398124,-3.17E-05,-3.07E-05
299,0.222334762,-3.17E-05,-3.06E-05
299.0333333,0.222271412,-3.17E-05,-3.06E-05
299.0666667,0.222208076,-3.17E-05,-3.06E-05
299.1,0.222144753,-3.17E-05,-3.06E-05
299.1333333,0.222081443,-3.17E-05,-3.06E-05
299.1666667,0.222018146,-3.16E-05,-3.06E-05
299.2,0.221954862,-3.16E-05,-3.06E-05
299.2333333,0.221891591,-3.16E-05,-3.06E-05
299.2666667,0.221828333,-3.16E-05,-3.06E-05
299.3,0.221765089,-3.16E-05,-3.06E-05
299.3333333,0.221701857,-3.16E-05,-3.06E-05
299.3666667,0.221638639,-3.16E-05,-3.06E-05
299.4,0.221575433,-3.16E-05,-3.06E-05
299.4333333,0.221512241,-3.16E-05,-3.06E-05
299.4666667,0.221449062,-3.16E-05,-3.06E-05
299.5,0.221385896,-3.16E-05,-3.06E-05
299.5333333,0.221322743,-3.16E-05,-3.05E-05
299.5666667,0.221259603,-3.16E-05,-3.05E-05
299.6,0.221196477,-3.16E-05,-3.05E-05
299.6333333,0.221133363,-3.16E-05,-3.05E-05
299.6666667,0.221070263,-3.16E-05,-3.05E-05
299.7,0.221007175,-3.15E-05,-3.05E-05
299.7333333,0.220944101,-3.15E-05,-3.05E-05
299.7666667,0.22088104,-3.15E-05,-3.05E-05
299.8,0.220817991,-3.15E-05,-3.05E-05
299.8333333,0.220754956,-3.15E-05,-3.05E-05
299.8666667,0.220691934,-3.15E-05,-3.05E-05
299.9,0.220628925,-3.15E-05,-3.05E-05
299.9333333,0.22056593,-3.15E-05,-3.05E-05
299.9666667,0.220502947,-3.15E-05,-3.05E-05
300,0.220439977,-3.15E-05,-3.05E-05
300.0333333,0.220377021,-3.15E-05,-3.05E-05
300.0666667,0.220314077,-3.15E-05,-3.04E-05
300.1,0.220251147,-3.15E-05,-3.04E-05
300.1333333,0.22018823,-3.15E-05,-3.04E-05
300.1666667,0.220125326,-3.15E-05,-3.04E-05
300.2,0.220062435,-3.14E-05,-3.04E-05
300.2333333,0.219999557,-3.14E-05,-3.04E-05
300.2666667,0.219936692,-3.14E-05,-3.04E-05
300.3,0.21987384,-3.14E-05,-3.04E-05
300.3333333,0.219811001,-3.14E-05,-3.04E-05
300.3666667,0.219748175,-3.14E-05,-3.04E-05
300.4,0.219685363,-3.14E-05,-3.04E-05
300.4333333,0.219622563,-3.14E-05,-3.04E-05
300.4666667,0.219559777,-3.14E-05,-3.04E-05
300.5,0.219497003,-3.14E-05,-3.04E-05
300.5333333,0.219434243,-3.14E-05,-3.04E-05
300.5666667,0.219371496,-3.14E-05,-3.03E-05
300.6,0.219308762,-3.14E-05,-3.03E-05
300.6333333,0.21924604,-3.14E-05,-3.03E-05
300.6666667,0.219183332,-3.14E-05,-3.03E-05
300.7,0.219120637,-3.13E-05,-3.03E-05
300.7333333,0.219057956,-3.13E-05,-3.03E-05
300.7666667,0.218995287,-3.13E-05,-3.03E-05
300.8,0.218932631,-3.13E-05,-3.03E-05
300.8333333,0.218869988,-3.13E-05,-3.03E-05
300.8666667,0.218807359,-3.13E-05,-3.03E-05
300.9,0.218744742,-3.13E-05,-3.03E-05
300.9333333,0.218682139,-3.13E-05,-3.03E-05
300.9666667,0.218619548,-3.13E-05,-3.03E-05
301,0.218556971,-3.13E-05,-3.03E-05
301.0333333,0.218494407,-3.13E-05,-3.03E-05
301.0666667,0.218431855,-3.13E-05,-3.03E-05
301.1,0.218369317,-3.13E-05,-3.02E-05
301.1333333,0.218306792,-3.13E-05,-3.02E-05
301.1666667,0.21824428,-3.13E-05,-3.02E-05
301.2,0.218181781,-3.12E-05,-3.02E-05
301.2333333,0.218119295,-3.12E-05,-3.02E-05
301.2666667,0.218056822,-3.12E-05,-3.02E-05
301.3,0.217994363,-3.12E-05,-3.02E-05
301.3333333,0.217931916,-3.12E-05,-3.02E-05
301.3666667,0.217869482,-3.12E-05,-3.02E-05
301.4,0.217807061,-3.12E-05,-3.02E-05
301.4333333,0.217744654,-3.12E-05,-3.02E-05
301.4666667,0.217682259,-3.12E-05,-3.02E-05
301.5,0.217619878,-3.12E-05,-3.02E-05
301.5333333,0.217557509,-3.12E-05,-3.02E-05
301.5666667,0.217495154,-3.12E-05,-3.02E-05
301.6,0.217432812,-3.12E-05,-3.01E-05
301.6333333,0.217370482,-3.12E-05,-3.01E-05
301.6666667,0.217308166,-3.12E-05,-3.01E-05
301.7,0.217245863,-3.12E-05,-3.01E-05
301.7333333,0.217183573,-3.11E-05,-3.01E-05
301.7666667,0.217121296,-3.11E-05,-3.01E-05
301.8,0.217059032,-3.11E-05,-3.01E-05
301.8333333,0.216996781,-3.11E-05,-3.01E-05
301.8666667,0.216934543,-3.11E-05,-3.01E-05
301.9,0.216872318,-3.11E-05,-3.01E-05
301.9333333,0.216810106,-3.11E-05,-3.01E-05
301.9666667,0.216747907,-3.11E-05,-3.01E-05
302,0.216685721,-3.11E-05,-3.01E-05
302.0333333,0.216623548,-3.11E-05,-3.01E-05
302.0666667,0.216561389,-3.11E-05,-3.01E-05
302.1,0.216499242,-3.11E-05,-3.01E-05
302.1333333,0.216437108,-3.11E-05,-3.00E-05
302.1666667,0.216374988,-3.11E-05,-3.00E-05
302.2,0.21631288,-3.11E-05,-3.00E-05
302.2333333,0.216250786,-3.10E-05,-3.00E-05
302.2666667,0.216188704,-3.10E-05,-3.00E-05
302.3,0.216126636,-3.10E-05,-3.00E-05
302.3333333,0.21606458,-3.10E-05,-3.00E-05
302.3666667,0.216002538,-3.10E-05,-3.00E-05
302.4,0.215940508,-3.10E-05,-3.00E-05
302.4333333,0.215878492,-3.10E-05,-3.00E-05
302.4666667,0.215816488,-3.10E-05,-3.00E-05
302.5,0.215754498,-3.10E-05,-3.00E-05
302.5333333,0.215692521,-3.10E-05,-3.00E-05
302.5666667,0.215630557,-3.10E-05,-3.00E-05
302.6,0.215568605,-3.10E-05,-3.00E-05
302.6333333,0.215506667,-3.10E-05,-3.00E-05
302.6666667,0.215444742,-3.10E-05,-2.99E-05
302.7,0.21538283,-3.10E-05,-2.99E-05
302.7333333,0.215320931,-3.09E-05,-2.99E-05
302.7666667,0.215259044,-3.09E-05,-2.99E-05
302.8,0.215197171,-3.09E-05,-2.99E-05
302.8333333,0.215135311,-3.09E-05,-2.99E-05
302.8666667,0.215073464,-3.09E-05,-2.99E-05
302.9,0.21501163,-3.09E-05,-2.99E-05
302.9333333,0.214949809,-3.09E-05,-2.99E-05
302.9666667,0.214888001,-3.09E-05,-2.99E-05
303,0.214826206,-3.09E-05,-2.99E-05
303.0333333,0.214764424,-3.09E-05,-2.99E-05
303.0666667,0.214702655,-3.09E-05,-2.99E-05
303.1,0.214640899,-3.09E-05,-2.99E-05
303.1333333,0.214579156,-3.09E-05,-2.99E-05
303.1666667,0.214517426,-3.09E-05,-2.98E-05
303.2,0.214455709,-3.09E-05,-2.98E-05
303.2333333,0.214394005,-3.09E-05,-2.98E-05
303.2666667,0.214332314,-3.08E-05,-2.98E-05
303.3,0.214270636,-3.08E-05,-2.98E-05
303.3333333,0.214208972,-3.08E-05,-2.98E-05
303.3666667,0.21414732,-3.08E-05,-2.98E-05
303.4,0.214085681,-3.08E-05,-2.98E-05
303.4333333,0.214024055,-3.08E-05,-2.98E-05
303.4666667,0.213962442,-3.08E-05,-2.98E-05
303.5,0.213900842,-3.08E-05,-2.98E-05
303.5333333,0.213839255,-3.08E-05,-2.98E-05
303.5666667,0.213777681,-3.08E-05,-2.98E-05
303.6,0.21371612,-3.08E-05,-2.98E-05
303.6333333,0.213654572,-3.08E-05,-2.98E-05
303.6666667,0.213593037,-3.08E-05,-2.98E-05
303.7,0.213531516,-3.08E-05,-2.97E-05
303.7333333,0.213470007,-3.08E-05,-2.97E-05
303.7666667,0.213408511,-3.07E-05,-2.97E-05
303.8,0.213347028,-3.07E-05,-2.97E-05
303.8333333,0.213285558,-3.07E-05,-2.97E-05
303.8666667,0.213224101,-3.07E-05,-2.97E-05
303.9,0.213162657,-3.07E-05,-2.97E-05
303.9333333,0.213101226,-3.07E-05,-2.97E-05
303.9666667,0.213039808,-3.07E-05,-2.97E-05
304,0.212978403,-3.07E-05,-2.97E-05
304.0333333,0.212917011,-3.07E-05,-2.97E-05
304.0666667,0.212855632,-3.07E-05,-2.97E-05
304.1,0.212794266,-3.07E-05,-2.97E-05
304.1333333,0.212732913,-3.07E-05,-2.97E-05
304.1666667,0.212671573,-3.07E-05,-2.97E-05
304.2,0.212610246,-3.07E-05,-2.97E-05
304.2333333,0.212548932,-3.07E-05,-2.96E-05
304.2666667,0.212487631,-3.07E-05,-2.96E-05
304.3,0.212426342,-3.06E-05,-2.96E-05
304.3333333,0.212365067,-3.06E-05,-2.96E-05
304.3666667,0.212303805,-3.06E-05,-2.96E-05
304.4,0.212242556,-3.06E-05,-2.96E-05
304.4333333,0.21218132,-3.06E-05,-2.96E-05
304.4666667,0.212120097,-3.06E-05,-2.96E-05
304.5,0.212058886,-3.06E-05,-2.96E-05
304.5333333,0.211997689,-3.06E-05,-2.96E-05
304.5666667,0.211936505,-3.06E-05,-2.96E-05
304.6,0.211875333,-3.06E-05,-2.96E-05
304.6333333,0.211814175,-3.06E-05,-2.96E-05
304.6666667,0.21175303,-3.06E-05,-2.96E-05
304.7,0.211691897,-3.06E-05,-2.96E-05
304.7333333,0.211630778,-3.06E-05,-2.95E-05
304.7666667,0.211569671,-3.06E-05,-2.95E-05
304.8,0.211508578,-3.05E-05,-2.95E-05
304.8333333,0.211447497,-3.05E-05,-2.95E-05
304.8666667,0.21138643,-3.05E-05,-2.95E-05
304.9,0.211325375,-3.05E-05,-2.95E-05
304.9333333,0.211264333,-3.05E-05,-2.95E-05
304.9666667,0.211203305,-3.05E-05,-2.95E-05
305,0.211142289,-3.05E-05,-2.95E-05
305.0333333,0.211081286,-3.05E-05,-2.95E-05
305.0666667,0.211020296,-3.05E-05,-2.95E-05
305.1,0.210959319,-3.05E-05,-2.95E-05
305.1333333,0.210898355,-3.05E-05,-2.95E-05
305.1666667,0.210837405,-3.05E-05,-2.95E-05
305.2,0.210776467,-3.05E-05,-2.95E-05
305.2333333,0.210715542,-3.05E-05,-2.95E-05
305.2666667,0.210654629,-3.05E-05,-2.94E-05
305.3,0.21059373,-3.04E-05,-2.94E-05
305.3333333,0.210532844,-3.04E-05,-2.94E-05
305.3666667,0.210471971,-3.04E-05,-2.94E-05
305.4,0.210411111,-3.04E-05,-2.94E-05
305.4333333,0.210350263,-3.04E-05,-2.94E-05
305.4666667,0.210289429,-3.04E-05,-2.94E-05
305.5,0.210228608,-3.04E-05,-2.94E-05
305.5333333,0.210167799,-3.04E-05,-2.94E-05
305.5666667,0.210107004,-3.04E-05,-2.94E-05
305.6,0.210046221,-3.04E-05,-2.94E-05
305.6333333,0.209985451,-3.04E-05,-2.94E-05
305.6666667,0.209924695,-3.04E-05,-2.94E-05
305.7,0.209863951,-3.04E-05,-2.94E-05
305.7333333,0.20980322,-3.04E-05,-2.94E-05
305.7666667,0.209742502,-3.04E-05,-2.94E-05
305.8,0.209681797,-3.04E-05,-2.93E-05
305.8333333,0.209621105,-3.03E-05,-2.93E-05
305.8666667,0.209560426,-3.03E-05,-2.93E-05
305.9,0.20949976,-3.03E-05,-2.93E-05
305.9333333,0.209439107,-3.03E-05,-2.93E-05
305.9666667,0.209378467,-3.03E-05,-2.93E-05
306,0.20931784,-3.03E-05,-2.93E-05
306.0333333,0.209257225,-3.03E-05,-2.93E-05
306.0666667,0.209196624,-3.03E-05,-2.93E-05
306.1,0.209136035,-3.03E-05,-2.93E-05
306.1333333,0.20907546,-3.03E-05,-2.93E-05
306.1666667,0.209014897,-3.03E-05,-2.93E-05
306.2,0.208954347,-3.03E-05,-2.93E-05
306.2333333,0.208893811,-3.03E-05,-2.93E-05
306.2666667,0.208833287,-3.03E-05,-2.93E-05
306.3,0.208772776,-3.03E-05,-2.92E-05
306.3333333,0.208712278,-3.02E-05,-2.92E-05
306.3666667,0.208651793,-3.02E-05,-2.92E-05
306.4,0.208591321,-3.02E-05,-2.92E-05
306.4333333,0.208530861,-3.02E-05,-2.92E-05
306.4666667,0.208470415,-3.02E-05,-2.92E-05
306.5,0.208409982,-3.02E-05,-2.92E-05
306.5333333,0.208349561,-3.02E-05,-2.92E-05
306.5666667,0.208289154,-3.02E-05,-2.92E-05
306.6,0.208228759,-3.02E-05,-2.92E-05
306.6333333,0.208168377,-3.02E-05,-2.92E-05
306.6666667,0.208108009,-3.02E-05,-2.92E-05
306.7,0.208047653,-3.02E-05,-2.92E-05
306.7333333,0.20798731,-3.02E-05,-2.92E-05
306.7666667,0.20792698,-3.02E-05,-2.92E-05
306.8,0.207866663,-3.02E-05,-2.92E-05
306.8333333,0.207806358,-3.02E-05,-2.91E-05
306.8666667,0.207746067,-3.01E-05,-2.91E-05
306.9,0.207685789,-3.01E-05,-2.91E-05
306.9333333,0.207625523,-3.01E-05,-2.91E-05
306.9666667,0.207565271,-3.01E-05,-2.91E-05
307,0.207505031,-3.01E-05,-2.91E-05
307.0333333,0.207444804,-3.01E-05,-2.91E-05
307.0666667,0.20738459,-3.01E-05,-2.91E-05
307.1,0.207324389,-3.01E-05,-2.91E-05
307.1333333,0.207264201,-3.01E-05,-2.91E-05
307.1666667,0.207204026,-3.01E-05,-2.91E-05
307.2,0.207143864,-3.01E-05,-2.91E-05
307.2333333,0.207083715,-3.01E-05,-2.91E-05
307.2666667,0.207023578,-3.01E-05,-2.91E-05
307.3,0.206963455,-3.01E-05,-2.91E-05
307.3333333,0.206903344,-3.01E-05,-2.91E-05
307.3666667,0.206843246,-3.00E-05,-2.90E-05
307.4,0.206783161,-3.00E-05,-2.90E-05
307.4333333,0.206723089,-3.00E-05,-2.90E-05
307.4666667,0.20666303,-3.00E-05,-2.90E-05
307.5,0.206602984,-3.00E-05,-2.90E-05
307.5333333,0.206542951,-3.00E-05,-2.90E-05
307.5666667,0.20648293,-3.00E-05,-2.90E-05
307.6,0.206422923,-3.00E-05,-2.90E-05
307.6333333,0.206362928,-3.00E-05,-2.90E-05
307.6666667,0.206302946,-3.00E-05,-2.90E-05
307.7,0.206242978,-3.00E-05,-2.90E-05
307.7333333,0.206183022,-3.00E-05,-2.90E-05
307.7666667,0.206123079,-3.00E-05,-2.90E-05
307.8,0.206063148,-3.00E-05,-2.90E-05
307.8333333,0.206003231,-3.00E-05,-2.90E-05
307.8666667,0.205943327,-3.00E-05,-2.90E-05
307.9,0.205883435,-2.99E-05,-2.89E-05
307.9333333,0.205823556,-2.99E-05,-2.89E-05
307.9666667,0.205763691,-2.99E-05,-2.89E-05
308,0.205703838,-2.99E-05,-2.89E-05
308.0333333,0.205643998,-2.99E-05,-2.89E-05
308.0666667,0.205584171,-2.99E-05,-2.89E-05
308.1,0.205524356,-2.99E-05,-2.89E-05
308.1333333,0.205464555,-2.99E-05,-2.89E-05
308.1666667,0.205404766,-2.99E-05,-2.89E-05
308.2,0.205344991,-2.99E-05,-2.89E-05
308.2333333,0.205285228,-2.99E-05,-2.89E-05
308.2666667,0.205225478,-2.99E-05,-2.89E-05
308.3,0.205165741,-2.99E-05,-2.89E-05
308.3333333,0.205106017,-2.99E-05,-2.89E-05
308.3666667,0.205046305,-2.99E-05,-2.89E-05
308.4,0.204986607,-2.98E-05,-2.89E-05
308.4333333,0.204926921,-2.98E-05,-2.88E-05
308.4666667,0.204867249,-2.98E-05,-2.88E-05
308.5,0.204807589,-2.98E-05,-2.88E-05
308.5333333,0.204747942,-2.98E-05,-2.88E-05
308.5666667,0.204688308,-2.98E-05,-2.88E-05
308.6,0.204628687,-2.98E-05,-2.88E-05
308.6333333,0.204569078,-2.98E-05,-2.88E-05
308.6666667,0.204509483,-2.98E-05,-2.88E-05
308.7,0.2044499,-2.98E-05,-2.88E-05
308.7333333,0.20439033,-2.98E-05,-2.88E-05
308.7666667,0.204330773,-2.98E-05,-2.88E-05
308.8,0.204271229,-2.98E-05,-2.88E-05
308.8333333,0.204211698,-2.98E-05,-2.88E-05
308.8666667,0.204152179,-2.98E-05,-2.88E-05
308.9,0.204092674,-2.98E-05,-2.88E-05
308.9333333,0.204033181,-2.97E-05,-2.88E-05
308.9666667,0.203973701,-2.97E-05,-2.87E-05
309,0.203914234,-2.97E-05,-2.87E-05
309.0333333,0.20385478,-2.97E-05,-2.87E-05
309.0666667,0.203795339,-2.97E-05,-2.87E-05
309.1,0.20373591,-2.97E-05,-2.87E-05
309.1333333,0.203676495,-2.97E-05,-2.87E-05
309.1666667,0.203617092,-2.97E-05,-2.87E-05
309.2,0.203557702,-2.97E-05,-2.87E-05
309.2333333,0.203498325,-2.97E-05,-2.87E-05
309.2666667,0.203438961,-2.97E-05,-2.87E-05
309.3,0.203379609,-2.97E-05,-2.87E-05
309.3333333,0.203320271,-2.97E-05,-2.87E-05
309.3666667,0.203260945,-2.97E-05,-2.87E-05
309.4,0.203201632,-2.97E-05,-2.87E-05
309.4333333,0.203142332,-2.97E-05,-2.87E-05
309.4666667,0.203083045,-2.96E-05,-2.86E-05
309.5,0.203023771,-2.96E-05,-2.86E-05
309.5333333,0.202964509,-2.96E-05,-2.86E-05
309.5666667,0.20290526,-2.96E-05,-2.86E-05
309.6,0.202846024,-2.96E-05,-2.86E-05
309.6333333,0.202786801,-2.96E-05,-2.86E-05
309.6666667,0.202727591,-2.96E-05,-2.86E-05
309.7,0.202668394,-2.96E-05,-2.86E-05
309.7333333,0.202609209,-2.96E-05,-2.86E-05
309.7666667,0.202550038,-2.96E-05,-2.86E-05
309.8,0.202490879,-2.96E-05,-2.86E-05
309.8333333,0.202431733,-2.96E-05,-2.86E-05
309.8666667,0.202372599,-2.96E-05,-2.86E-05
309.9,0.202313479,-2.96E-05,-2.86E-05
309.9333333,0.202254371,-2.96E-05,-2.86E-05
309.9666667,0.202195276,-2.95E-05,-2.86E-05
310,0.202136194,-2.95E-05,-2.85E-05
310.0333333,0.202077125,-2.95E-05,-2.85E-05
310.0666667,0.202018069,-2.95E-05,-2.85E-05
310.1,0.201959025,-2.95E-05,-2.85E-05
310.1333333,0.201899995,-2.95E-05,-2.85E-05
310.1666667,0.201840977,-2.95E-05,-2.85E-05
310.2,0.201781972,-2.95E-05,-2.85E-05
310.2333333,0.20172298,-2.95E-05,-2.85E-05
310.2666667,0.201664,-2.95E-05,-2.85E-05
310.3,0.201605033,-2.95E-05,-2.85E-05
310.3333333,0.20154608,-2.95E-05,-2.85E-05
310.3666667,0.201487139,-2.95E-05,-2.85E-05
310.4,0.20142821,-2.95E-05,-2.85E-05
310.4333333,0.201369295,-2.95E-05,-2.85E-05
310.4666667,0.201310392,-2.95E-05,-2.85E-05
310.5,0.201251503,-2.94E-05,-2.85E-05
310.5333333,0.201192626,-2.94E-05,-2.84E-05
310.5666667,0.201133761,-2.94E-05,-2.84E-05
310.6,0.20107491,-2.94E-05,-2.84E-05
310.6333333,0.201016071,-2.94E-05,-2.84E-05
310.6666667,0.200957246,-2.94E-05,-2.84E-05
310.7,0.200898433,-2.94E-05,-2.84E-05
310.7333333,0.200839632,-2.94E-05,-2.84E-05
310.7666667,0.200780845,-2.94E-05,-2.84E-05
310.8,0.20072207,-2.94E-05,-2.84E-05
310.8333333,0.200663309,-2.94E-05,-2.84E-05
310.8666667,0.20060456,-2.94E-05,-2.84E-05
310.9,0.200545823,-2.94E-05,-2.84E-05
310.9333333,0.2004871,-2.94E-05,-2.84E-05
310.9666667,0.200428389,-2.94E-05,-2.84E-05
311,0.200369691,-2.93E-05,-2.84E-05
311.0333333,0.200311006,-2.93E-05,-2.84E-05
311.0666667,0.200252334,-2.93E-05,-2.83E-05
311.1,0.200193675,-2.93E-05,-2.83E-05
311.1333333,0.200135028,-2.93E-05,-2.83E-05
311.1666667,0.200076394,-2.93E-05,-2.83E-05
311.2,0.200017773,-2.93E-05,-2.83E-05
311.2333333,0.199959164,-2.93E-05,-2.83E-05
311.2666667,0.199900569,-2.93E-05,-2.83E-05
311.3,0.199841986,-2.93E-05,-2.83E-05
311.3333333,0.199783416,-2.93E-05,-2.83E-05
311.3666667,0.199724859,-2.93E-05,-2.83E-05
311.4,0.199666314,-2.93E-05,-2.83E-05
311.4333333,0.199607783,-2.93E-05,-2.83E-05
311.4666667,0.199549264,-2.93E-05,-2.83E-05
311.5,0.199490758,-2.93E-05,-2.83E-05
311.5333333,0.199432264,-2.92E-05,-2.83E-05
311.5666667,0.199373784,-2.92E-05,-2.83E-05
311.6,0.199315316,-2.92E-05,-2.82E-05
311.6333333,0.199256861,-2.92E-05,-2.82E-05
311.6666667,0.199198418,-2.92E-05,-2.82E-05
311.7,0.199139989,-2.92E-05,-2.82E-05
311.7333333,0.199081572,-2.92E-05,-2.82E-05
311.7666667,0.199023168,-2.92E-05,-2.82E-05
311.8,0.198964777,-2.92E-05,-2.82E-05
311.8333333,0.198906398,-2.92E-05,-2.82E-05
311.8666667,0.198848033,-2.92E-05,-2.82E-05
311.9,0.19878968,-2.92E-05,-2.82E-05
311.9333333,0.19873134,-2.92E-05,-2.82E-05
311.9666667,0.198673012,-2.92E-05,-2.82E-05
312,0.198614698,-2.92E-05,-2.82E-05
312.0333333,0.198556396,-2.92E-05,-2.82E-05
312.0666667,0.198498107,-2.91E-05,-2.82E-05
312.1,0.19843983,-2.91E-05,-2.82E-05
312.1333333,0.198381567,-2.91E-05,-2.81E-05
312.1666667,0.198323316,-2.91E-05,-2.81E-05
312.2,0.198265078,-2.91E-05,-2.81E-05
312.2333333,0.198206852,-2.91E-05,-2.81E-05
312.2666667,0.19814864,-2.91E-05,-2.81E-05
312.3,0.19809044,-2.91E-05,-2.81E-05
312.3333333,0.198032253,-2.91E-05,-2.81E-05
312.3666667,0.197974078,-2.91E-05,-2.81E-05
312.4,0.197915916,-2.91E-05,-2.81E-05
312.4333333,0.197857768,-2.91E-05,-2.81E-05
312.4666667,0.197799631,-2.91E-05,-2.81E-05
312.5,0.197741508,-2.91E-05,-2.81E-05
312.5333333,0.197683397,-2.91E-05,-2.81E-05
312.5666667,0.197625299,-2.90E-05,-2.81E-05
312.6,0.197567214,-2.90E-05,-2.81E-05
312.6333333,0.197509142,-2.90E-05,-2.81E-05
312.6666667,0.197451082,-2.90E-05,-2.80E-05
312.7,0.197393035,-2.90E-05,-2.80E-05
312.7333333,0.197335001,-2.90E-05,-2.80E-05
312.7666667,0.197276979,-2.90E-05,-2.80E-05
312.8,0.197218971,-2.90E-05,-2.80E-05
312.8333333,0.197160975,-2.90E-05,-2.80E-05
312.8666667,0.197102991,-2.90E-05,-2.80E-05
312.9,0.197045021,-2.90E-05,-2.80E-05
312.9333333,0.196987063,-2.90E-05,-2.80E-05
312.9666667,0.196929118,-2.90E-05,-2.80E-05
313,0.196871185,-2.90E-05,-2.80E-05
313.0333333,0.196813266,-2.90E-05,-2.80E-05
313.0666667,0.196755359,-2.90E-05,-2.80E-05
313.1,0.196697464,-2.89E-05,-2.80E-05
313.1333333,0.196639583,-2.89E-05,-2.80E-05
313.1666667,0.196581714,-2.89E-05,-2.80E-05
313.2,0.196523858,-2.89E-05,-2.79E-05
313.2333333,0.196466015,-2.89E-05,-2.79E-05
313.2666667,0.196408184,-2.89E-05,-2.79E-05
313.3,0.196350366,-2.89E-05,-2.79E-05
313.3333333,0.196292561,-2.89E-05,-2.79E-05
313.3666667,0.196234769,-2.89E-05,-2.79E-05
313.4,0.196176989,-2.89E-05,-2.79E-05
313.4333333,0.196119222,-2.89E-05,-2.79E-05
313.4666667,0.196061467,-2.89E-05,-2.79E-05
313.5,0.196003726,-2.89E-05,-2.79E-05
313.5333333,0.195945997,-2.89E-05,-2.79E-05
313.5666667,0.195888281,-2.89E-05,-2.79E-05
313.6,0.195830577,-2.89E-05,-2.79E-05
313.6333333,0.195772886,-2.88E-05,-2.79E-05
313.6666667,0.195715208,-2.88E-05,-2.79E-05
313.7,0.195657543,-2.88E-05,-2.79E-05
313.7333333,0.19559989,-2.88E-05,-2.78E-05
313.7666667,0.19554225,-2.88E-05,-2.78E-05
313.8,0.195484623,-2.88E-05,-2.78E-05
313.8333333,0.195427008,-2.88E-05,-2.78E-05
313.8666667,0.195369406,-2.88E-05,-2.78E-05
313.9,0.195311817,-2.88E-05,-2.78E-05
313.9333333,0.195254241,-2.88E-05,-2.78E-05
313.9666667,0.195196677,-2.88E-05,-2.78E-05
314,0.195139126,-2.88E-05,-2.78E-05
314.0333333,0.195081587,-2.88E-05,-2.78E-05
314.0666667,0.195024062,-2.88E-05,-2.78E-05
314.1,0.194966549,-2.88E-05,-2.78E-05
314.1333333,0.194909048,-2.88E-05,-2.78E-05
314.1666667,0.194851561,-2.87E-05,-2.78E-05
314.2,0.194794086,-2.87E-05,-2.78E-05
314.2333333,0.194736624,-2.87E-05,-2.78E-05
314.2666667,0.194679174,-2.87E-05,-2.77E-05
314.3,0.194621737,-2.87E-05,-2.77E-05
314.3333333,0.194564313,-2.87E-05,-2.77E-05
314.3666667,0.194506901,-2.87E-05,-2.77E-05
314.4,0.194449502,-2.87E-05,-2.77E-05
314.4333333,0.194392116,-2.87E-05,-2.77E-05
314.4666667,0.194334743,-2.87E-05,-2.77E-05
314.5,0.194277382,-2.87E-05,-2.77E-05
314.5333333,0.194220034,-2.87E-05,-2.77E-05
314.5666667,0.194162698,-2.87E-05,-2.77E-05
314.6,0.194105376,-2.87E-05,-2.77E-05
314.6333333,0.194048065,-2.87E-05,-2.77E-05
314.6666667,0.193990768,-2.86E-05,-2.77E-05
314.7,0.193933483,-2.86E-05,-2.77E-05
314.7333333,0.193876211,-2.86E-05,-2.77E-05
314.7666667,0.193818952,-2.86E-05,-2.77E-05
314.8,0.193761705,-2.86E-05,-2.76E-05
314.8333333,0.193704471,-2.86E-05,-2.76E-05
314.8666667,0.193647249,-2.86E-05,-2.76E-05
314.9,0.193590041,-2.86E-05,-2.76E-05
314.9333333,0.193532845,-2.86E-05,-2.76E-05
314.9666667,0.193475661,-2.86E-05,-2.76E-05
315,0.19341849,-2.86E-05,-2.76E-05
315.0333333,0.193361332,-2.86E-05,-2.76E-05
315.0666667,0.193304187,-2.86E-05,-2.76E-05
315.1,0.193247054,-2.86E-05,-2.76E-05
315.1333333,0.193189934,-2.86E-05,-2.76E-05
315.1666667,0.193132826,-2.86E-05,-2.76E-05
315.2,0.193075732,-2.85E-05,-2.76E-05
315.2333333,0.193018649,-2.85E-05,-2.76E-05
315.2666667,0.19296158,-2.85E-05,-2.76E-05
315.3,0.192904523,-2.85E-05,-2.76E-05
315.3333333,0.192847479,-2.85E-05,-2.76E-05
315.3666667,0.192790447,-2.85E-05,-2.75E-05
315.4,0.192733428,-2.85E-05,-2.75E-05
315.4333333,0.192676422,-2.85E-05,-2.75E-05
315.4666667,0.192619428,-2.85E-05,-2.75E-05
315.5,0.192562447,-2.85E-05,-2.75E-05
315.5333333,0.192505479,-2.85E-05,-2.75E-05
315.5666667,0.192448523,-2.85E-05,-2.75E-05
315.6,0.19239158,-2.85E-05,-2.75E-05
315.6333333,0.19233465,-2.85E-05,-2.75E-05
315.6666667,0.192277732,-2.85E-05,-2.75E-05
315.7,0.192220827,-2.85E-05,-2.75E-05
315.7333333,0.192163934,-2.84E-05,-2.75E-05
315.7666667,0.192107055,-2.84E-05,-2.75E-05
315.8,0.192050187,-2.84E-05,-2.75E-05
315.8333333,0.191993333,-2.84E-05,-2.75E-05
315.8666667,0.191936491,-2.84E-05,-2.75E-05
315.9,0.191879661,-2.84E-05,-2.74E-05
315.9333333,0.191822845,-2.84E-05,-2.74E-05
315.9666667,0.191766041,-2.84E-05,-2.74E-05
316,0.191709249,-2.84E-05,-2.74E-05
316.0333333,0.19165247,-2.84E-05,-2.74E-05
316.0666667,0.191595704,-2.84E-05,-2.74E-05
316.1,0.191538951,-2.84E-05,-2.74E-05
316.1333333,0.19148221,-2.84E-05,-2.74E-05
316.1666667,0.191425481,-2.84E-05,-2.74E-05
316.2,0.191368766,-2.84E-05,-2.74E-05
316.2333333,0.191312063,-2.84E-05,-2.74E-05
316.2666667,0.191255372,-2.83E-05,-2.74E-05
316.3,0.191198694,-2.83E-05,-2.74E-05
316.3333333,0.191142029,-2.83E-05,-2.74E-05
316.3666667,0.191085376,-2.83E-05,-2.74E-05
316.4,0.191028736,-2.83E-05,-2.74E-05
316.4333333,0.190972109,-2.83E-05,-2.73E-05
316.4666667,0.190915494,-2.83E-05,-2.73E-05
316.5,0.190858892,-2.83E-05,-2.73E-05
316.5333333,0.190802303,-2.83E-05,-2.73E-05
316.5666667,0.190745726,-2.83E-05,-2.73E-05
316.6,0.190689161,-2.83E-05,-2.73E-05
316.6333333,0.19063261,-2.83E-05,-2.73E-05
316.6666667,0.190576071,-2.83E-05,-2.73E-05
316.7,0.190519544,-2.83E-05,-2.73E-05
316.7333333,0.19046303,-2.83E-05,-2.73E-05
316.7666667,0.190406529,-2.83E-05,-2.73E-05
316.8,0.19035004,-2.82E-05,-2.73E-05
316.8333333,0.190293564,-2.82E-05,-2.73E-05
316.8666667,0.1902371,-2.82E-05,-2.73E-05
316.9,0.19018065,-2.82E-05,-2.73E-05
316.9333333,0.190124211,-2.82E-05,-2.73E-05
316.9666667,0.190067785,-2.82E-05,-2.72E-05
317,0.190011372,-2.82E-05,-2.72E-05
317.0333333,0.189954972,-2.82E-05,-2.72E-05
317.0666667,0.189898584,-2.82E-05,-2.72E-05
317.1,0.189842209,-2.82E-05,-2.72E-05
317.1333333,0.189785846,-2.82E-05,-2.72E-05
317.1666667,0.189729496,-2.82E-05,-2.72E-05
317.2,0.189673158,-2.82E-05,-2.72E-05
317.2333333,0.189616833,-2.82E-05,-2.72E-05
317.2666667,0.189560521,-2.82E-05,-2.72E-05
317.3,0.189504221,-2.81E-05,-2.72E-05
317.3333333,0.189447934,-2.81E-05,-2.72E-05
317.3666667,0.189391659,-2.81E-05,-2.72E-05
317.4,0.189335397,-2.81E-05,-2.72E-05
317.4333333,0.189279147,-2.81E-05,-2.72E-05
317.4666667,0.18922291,-2.81E-05,-2.72E-05
317.5,0.189166686,-2.81E-05,-2.71E-05
317.5333333,0.189110474,-2.81E-05,-2.71E-05
317.5666667,0.189054275,-2.81E-05,-2.71E-05
317.6,0.188998088,-2.81E-05,-2.71E-05
317.6333333,0.188941914,-2.81E-05,-2.71E-05
317.6666667,0.188885753,-2.81E-05,-2.71E-05
317.7,0.188829604,-2.81E-05,-2.71E-05
317.7333333,0.188773468,-2.81E-05,-2.71E-05
317.7666667,0.188717344,-2.81E-05,-2.71E-05
317.8,0.188661233,-2.81E-05,-2.71E-05
317.8333333,0.188605134,-2.80E-05,-2.71E-05
317.8666667,0.188549048,-2.80E-05,-2.71E-05
317.9,0.188492974,-2.80E-05,-2.71E-05
317.9333333,0.188436913,-2.80E-05,-2.71E-05
317.9666667,0.188380865,-2.80E-05,-2.71E-05
318,0.188324829,-2.80E-05,-2.71E-05
318.0333333,0.188268806,-2.80E-05,-2.71E-05
318.0666667,0.188212795,-2.80E-05,-2.70E-05
318.1,0.188156797,-2.80E-05,-2.70E-05
318.1333333,0.188100811,-2.80E-05,-2.70E-05
318.1666667,0.188044838,-2.80E-05,-2.70E-05
318.2,0.187988878,-2.80E-05,-2.70E-05
318.2333333,0.18793293,-2.80E-05,-2.70E-05
318.2666667,0.187876994,-2.80E-05,-2.70E-05
318.3,0.187821072,-2.80E-05,-2.70E-05
318.3333333,0.187765161,-2.80E-05,-2.70E-05
318.3666667,0.187709264,-2.79E-05,-2.70E-05
318.4,0.187653378,-2.79E-05,-2.70E-05
318.4333333,0.187597506,-2.79E-05,-2.70E-05
318.4666667,0.187541646,-2.79E-05,-2.70E-05
318.5,0.187485798,-2.79E-05,-2.70E-05
318.5333333,0.187429963,-2.79E-05,-2.70E-05
318.5666667,0.18737414,-2.79E-05,-2.70E-05
318.6,0.18731833,-2.79E-05,-2.69E-05
318.6333333,0.187262533,-2.79E-05,-2.69E-05
318.6666667,0.187206748,-2.79E-05,-2.69E-05
318.7,0.187150976,-2.79E-05,-2.69E-05
318.7333333,0.187095216,-2.79E-05,-2.69E-05
318.7666667,0.187039469,-2.79E-05,-2.69E-05
318.8,0.186983734,-2.79E-05,-2.69E-05
318.8333333,0.186928012,-2.79E-05,-2.69E-05
318.8666667,0.186872302,-2.79E-05,-2.69E-05
318.9,0.186816605,-2.78E-05,-2.69E-05
318.9333333,0.18676092,-2.78E-05,-2.69E-05
318.9666667,0.186705248,-2.78E-05,-2.69E-05
319,0.186649589,-2.78E-05,-2.69E-05
319.0333333,0.186593941,-2.78E-05,-2.69E-05
319.0666667,0.186538307,-2.78E-05,-2.69E-05
319.1,0.186482685,-2.78E-05,-2.69E-05
319.1333333,0.186427075,-2.78E-05,-2.68E-05
319.1666667,0.186371478,-2.78E-05,-2.68E-05
319.2,0.186315894,-2.78E-05,-2.68E-05
319.2333333,0.186260322,-2.78E-05,-2.68E-05
319.2666667,0.186204763,-2.78E-05,-2.68E-05
319.3,0.186149216,-2.78E-05,-2.68E-05
319.3333333,0.186093681,-2.78E-05,-2.68E-05
319.3666667,0.186038159,-2.78E-05,-2.68E-05
319.4,0.18598265,-2.78E-05,-2.68E-05
319.4333333,0.185927153,-2.77E-05,-2.68E-05
319.4666667,0.185871669,-2.77E-05,-2.68E-05
319.5,0.185816197,-2.77E-05,-2.68E-05
319.5333333,0.185760738,-2.77E-05,-2.68E-05
319.5666667,0.185705291,-2.77E-05,-2.68E-05
319.6,0.185649856,-2.77E-05,-2.68E-05
319.6333333,0.185594434,-2.77E-05,-2.68E-05
319.6666667,0.185539025,-2.77E-05,-2.68E-05
319.7,0.185483628,-2.77E-05,-2.67E-05
319.7333333,0.185428244,-2.77E-05,-2.67E-05
319.7666667,0.185372872,-2.77E-05,-2.67E-05
319.8,0.185317513,-2.77E-05,-2.67E-05
319.8333333,0.185262166,-2.77E-05,-2.67E-05
319.8666667,0.185206831,-2.77E-05,-2.67E-05
319.9,0.18515151,-2.77E-05,-2.67E-05
319.9333333,0.1850962,-2.77E-05,-2.67E-05
319.9666667,0.185040903,-2.76E-05,-2.67E-05
320,0.184985619,-2.76E-05,-2.67E-05
320.0333333,0.184930347,-2.76E-05,-2.67E-05
320.0666667,0.184875088,-2.76E-05,-2.67E-05
320.1,0.184819841,-2.76E-05,-2.67E-05
320.1333333,0.184764606,-2.76E-05,-2.67E-05
320.1666667,0.184709384,-2.76E-05,-2.67E-05
320.2,0.184654175,-2.76E-05,-2.67E-05
320.2333333,0.184598978,-2.76E-05,-2.66E-05
320.2666667,0.184543793,-2.76E-05,-2.66E-05
320.3,0.184488621,-2.76E-05,-2.66E-05
320.3333333,0.184433462,-2.76E-05,-2.66E-05
320.3666667,0.184378314,-2.76E-05,-2.66E-05
320.4,0.18432318,-2.76E-05,-2.66E-05
320.4333333,0.184268058,-2.76E-05,-2.66E-05
320.4666667,0.184212948,-2.76E-05,-2.66E-05
320.5,0.184157851,-2.75E-05,-2.66E-05
320.5333333,0.184102766,-2.75E-05,-2.66E-05
320.5666667,0.184047694,-2.75E-05,-2.66E-05
320.6,0.183992634,-2.75E-05,-2.66E-05
320.6333333,0.183937587,-2.75E-05,-2.66E-05
320.6666667,0.183882552,-2.75E-05,-2.66E-05
320.7,0.183827529,-2.75E-05,-2.66E-05
320.7333333,0.183772519,-2.75E-05,-2.66E-05
320.7666667,0.183717522,-2.75E-05,-2.65E-05
320.8,0.183662537,-2.75E-05,-2.65E-05
320.8333333,0.183607564,-2.75E-05,-2.65E-05
320.8666667,0.183552604,-2.75E-05,-2.65E-05
320.9,0.183497657,-2.75E-05,-2.65E-05
320.9333333,0.183442721,-2.75E-05,-2.65E-05
320.9666667,0.183387799,-2.75E-05,-2.65E-05
321,0.183332888,-2.75E-05,-2.65E-05
321.0333333,0.18327799,-2.74E-05,-2.65E-05
321.0666667,0.183223105,-2.74E-05,-2.65E-05
321.1,0.183168232,-2.74E-05,-2.65E-05
321.1333333,0.183113372,-2.74E-05,-2.65E-05
321.1666667,0.183058524,-2.74E-05,-2.65E-05
321.2,0.183003688,-2.74E-05,-2.65E-05
321.2333333,0.182948865,-2.74E-05,-2.65E-05
321.2666667,0.182894054,-2.74E-05,-2.65E-05
321.3,0.182839256,-2.74E-05,-2.65E-05
321.3333333,0.18278447,-2.74E-05,-2.64E-05
321.3666667,0.182729697,-2.74E-05,-2.64E-05
321.4,0.182674936,-2.74E-05,-2.64E-05
321.4333333,0.182620187,-2.74E-05,-2.64E-05
321.4666667,0.182565451,-2.74E-05,-2.64E-05
321.5,0.182510727,-2.74E-05,-2.64E-05
321.5333333,0.182456016,-2.74E-05,-2.64E-05
321.5666667,0.182401317,-2.73E-05,-2.64E-05
321.6,0.182346631,-2.73E-05,-2.64E-05
321.6333333,0.182291957,-2.73E-05,-2.64E-05
321.6666667,0.182237296,-2.73E-05,-2.64E-05
321.7,0.182182647,-2.73E-05,-2.64E-05
321.7333333,0.18212801,-2.73E-05,-2.64E-05
321.7666667,0.182073386,-2.73E-05,-2.64E-05
321.8,0.182018774,-2.73E-05,-2.64E-05
321.8333333,0.181964175,-2.73E-05,-2.64E-05
321.8666667,0.181909588,-2.73E-05,-2.63E-05
321.9,0.181855013,-2.73E-05,-2.63E-05
321.9333333,0.181800451,-2.73E-05,-2.63E-05
321.9666667,0.181745901,-2.73E-05,-2.63E-05
322,0.181691364,-2.73E-05,-2.63E-05
322.0333333,0.181636839,-2.73E-05,-2.63E-05
322.0666667,0.181582327,-2.73E-05,-2.63E-05
322.1,0.181527827,-2.73E-05,-2.63E-05
322.1333333,0.181473339,-2.72E-05,-2.63E-05
322.1666667,0.181418864,-2.72E-05,-2.63E-05
322.2,0.181364401,-2.72E-05,-2.63E-05
322.2333333,0.181309951,-2.72E-05,-2.63E-05
322.2666667,0.181255513,-2.72E-05,-2.63E-05
322.3,0.181201087,-2.72E-05,-2.63E-05
322.3333333,0.181146674,-2.72E-05,-2.63E-05
322.3666667,0.181092273,-2.72E-05,-2.63E-05
322.4,0.181037885,-2.72E-05,-2.63E-05
322.4333333,0.180983509,-2.72E-05,-2.62E-05
322.4666667,0.180929145,-2.72E-05,-2.62E-05
322.5,0.180874794,-2.72E-05,-2.62E-05
322.5333333,0.180820455,-2.72E-05,-2.62E-05
322.5666667,0.180766129,-2.72E-05,-2.62E-05
322.6,0.180711815,-2.72E-05,-2.62E-05
322.6333333,0.180657513,-2.72E-05,-2.62E-05
322.6666667,0.180603224,-2.71E-05,-2.62E-05
322.7,0.180548947,-2.71E-05,-2.62E-05
322.7333333,0.180494683,-2.71E-05,-2.62E-05
322.7666667,0.180440431,-2.71E-05,-2.62E-05
322.8,0.180386191,-2.71E-05,-2.62E-05
322.8333333,0.180331964,-2.71E-05,-2.62E-05
322.8666667,0.180277749,-2.71E-05,-2.62E-05
322.9,0.180223546,-2.71E-05,-2.62E-05
322.9333333,0.180169356,-2.71E-05,-2.62E-05
322.9666667,0.180115178,-2.71E-05,-2.61E-05
323,0.180061013,-2.71E-05,-2.61E-05
323.0333333,0.18000686,-2.71E-05,-2.61E-05
323.0666667,0.179952719,-2.71E-05,-2.61E-05
323.1,0.179898591,-2.71E-05,-2.61E-05
323.1333333,0.179844475,-2.71E-05,-2.61E-05
323.1666667,0.179790372,-2.71E-05,-2.61E-05
323.2,0.179736281,-2.70E-05,-2.61E-05
323.2333333,0.179682202,-2.70E-05,-2.61E-05
323.2666667,0.179628136,-2.70E-05,-2.61E-05
323.3,0.179574082,-2.70E-05,-2.61E-05
323.3333333,0.17952004,-2.70E-05,-2.61E-05
323.3666667,0.179466011,-2.70E-05,-2.61E-05
323.4,0.179411994,-2.70E-05,-2.61E-05
323.4333333,0.179357989,-2.70E-05,-2.61E-05
323.4666667,0.179303997,-2.70E-05,-2.61E-05
323.5,0.179250017,-2.70E-05,-2.61E-05
323.5333333,0.17919605,-2.70E-05,-2.60E-05
323.5666667,0.179142095,-2.70E-05,-2.60E-05
323.6,0.179088152,-2.70E-05,-2.60E-05
323.6333333,0.179034221,-2.70E-05,-2.60E-05
323.6666667,0.178980303,-2.70E-05,-2.60E-05
323.7,0.178926398,-2.70E-05,-2.60E-05
323.7333333,0.178872504,-2.69E-05,-2.60E-05
323.7666667,0.178818623,-2.69E-05,-2.60E-05
323.8,0.178764755,-2.69E-05,-2.60E-05
323.8333333,0.178710898,-2.69E-05,-2.60E-05
323.8666667,0.178657054,-2.69E-05,-2.60E-05
323.9,0.178603223,-2.69E-05,-2.60E-05
323.9333333,0.178549404,-2.69E-05,-2.60E-05
323.9666667,0.178495597,-2.69E-05,-2.60E-05
324,0.178441802,-2.69E-05,-2.60E-05
324.0333333,0.17838802,-2.69E-05,-2.60E-05
324.0666667,0.17833425,-2.69E-05,-2.59E-05
324.1,0.178280492,-2.69E-05,-2.59E-05
324.1333333,0.178226747,-2.69E-05,-2.59E-05
324.1666667,0.178173014,-2.69E-05,-2.59E-05
324.2,0.178119294,-2.69E-05,-2.59E-05
324.2333333,0.178065585,-2.69E-05,-2.59E-05
324.2666667,0.178011889,-2.68E-05,-2.59E-05
324.3,0.177958206,-2.68E-05,-2.59E-05
324.3333333,0.177904535,-2.68E-05,-2.59E-05
324.3666667,0.177850876,-2.68E-05,-2.59E-05
324.4,0.177797229,-2.68E-05,-2.59E-05
324.4333333,0.177743595,-2.68E-05,-2.59E-05
324.4666667,0.177689973,-2.68E-05,-2.59E-05
324.5,0.177636363,-2.68E-05,-2.59E-05
324.5333333,0.177582766,-2.68E-05,-2.59E-05
324.5666667,0.177529181,-2.68E-05,-2.59E-05
324.6,0.177475608,-2.68E-05,-2.59E-05
324.6333333,0.177422048,-2.68E-05,-2.58E-05
324.6666667,0.1773685,-2.68E-05,-2.58E-05
324.7,0.177314964,-2.68E-05,-2.58E-05
324.7333333,0.177261441,-2.68E-05,-2.58E-05
324.7666667,0.17720793,-2.68E-05,-2.58E-05
324.8,0.177154431,-2.67E-05,-2.58E-05
324.8333333,0.177100945,-2.67E-05,-2.58E-05
324.8666667,0.177047471,-2.67E-05,-2.58E-05
324.9,0.176994009,-2.67E-05,-2.58E-05
324.9333333,0.176940559,-2.67E-05,-2.58E-05
324.9666667,0.176887122,-2.67E-05,-2.58E-05
325,0.176833697,-2.67E-05,-2.58E-05
325.0333333,0.176780284,-2.67E-05,-2.58E-05
325.0666667,0.176726884,-2.67E-05,-2.58E-05
325.1,0.176673496,-2.67E-05,-2.58E-05
325.1333333,0.17662012,-2.67E-05,-2.58E-05
325.1666667,0.176566757,-2.67E-05,-2.57E-05
325.2,0.176513406,-2.67E-05,-2.57E-05
325.2333333,0.176460067,-2.67E-05,-2.57E-05
325.2666667,0.17640674,-2.67E-05,-2.57E-05
325.3,0.176353426,-2.67E-05,-2.57E-05
325.3333333,0.176300124,-2.67E-05,-2.57E-05
325.3666667,0.176246834,-2.66E-05,-2.57E-05
325.4,0.176193557,-2.66E-05,-2.57E-05
325.4333333,0.176140292,-2.66E-05,-2.57E-05
325.4666667,0.176087039,-2.66E-05,-2.57E-05
325.5,0.176033798,-2.66E-05,-2.57E-05
325.5333333,0.17598057,-2.66E-05,-2.57E-05
325.5666667,0.175927354,-2.66E-05,-2.57E-05
325.6,0.17587415,-2.66E-05,-2.57E-05
325.6333333,0.175820959,-2.66E-05,-2.57E-05
325.6666667,0.17576778,-2.66E-05,-2.57E-05
325.7,0.175714613,-2.66E-05,-2.57E-05
325.7333333,0.175661458,-2.66E-05,-2.56E-05
325.7666667,0.175608316,-2.66E-05,-2.56E-05
325.8,0.175555186,-2.66E-05,-2.56E-05
325.8333333,0.175502068,-2.66E-05,-2.56E-05
325.8666667,0.175448963,-2.66E-05,-2.56E-05
325.9,0.17539587,-2.65E-05,-2.56E-05
325.9333333,0.175342789,-2.65E-05,-2.56E-05
325.9666667,0.17528972,-2.65E-05,-2.56E-05
326,0.175236663,-2.65E-05,-2.56E-05
326.0333333,0.175183619,-2.65E-05,-2.56E-05
326.0666667,0.175130587,-2.65E-05,-2.56E-05
326.1,0.175077568,-2.65E-05,-2.56E-05
326.1333333,0.17502456,-2.65E-05,-2.56E-05
326.1666667,0.174971565,-2.65E-05,-2.56E-05
326.2,0.174918582,-2.65E-05,-2.56E-05
326.2333333,0.174865612,-2.65E-05,-2.56E-05
326.2666667,0.174812653,-2.65E-05,-2.56E-05
326.3,0.174759707,-2.65E-05,-2.55E-05
326.3333333,0.174706773,-2.65E-05,-2.55E-05
326.3666667,0.174653852,-2.65E-05,-2.55E-05
326.4,0.174600942,-2.65E-05,-2.55E-05
326.4333333,0.174548045,-2.64E-05,-2.55E-05
326.4666667,0.17449516,-2.64E-05,-2.55E-05
326.5,0.174442288,-2.64E-05,-2.55E-05
326.5333333,0.174389427,-2.64E-05,-2.55E-05
326.5666667,0.174336579,-2.64E-05,-2.55E-05
326.6,0.174283743,-2.64E-05,-2.55E-05
326.6333333,0.17423092,-2.64E-05,-2.55E-05
326.6666667,0.174178108,-2.64E-05,-2.55E-05
326.7,0.174125309,-2.64E-05,-2.55E-05
326.7333333,0.174072522,-2.64E-05,-2.55E-05
326.7666667,0.174019747,-2.64E-05,-2.55E-05
326.8,0.173966985,-2.64E-05,-2.55E-05
326.8333333,0.173914235,-2.64E-05,-2.54E-05
326.8666667,0.173861497,-2.64E-05,-2.54E-05
326.9,0.173808771,-2.64E-05,-2.54E-05
326.9333333,0.173756057,-2.64E-05,-2.54E-05
326.9666667,0.173703356,-2.64E-05,-2.54E-05
327,0.173650667,-2.63E-05,-2.54E-05
327.0333333,0.17359799,-2.63E-05,-2.54E-05
327.0666667,0.173545325,-2.63E-05,-2.54E-05
327.1,0.173492673,-2.63E-05,-2.54E-05
327.1333333,0.173440033,-2.63E-05,-2.54E-05
327.1666667,0.173387405,-2.63E-05,-2.54E-05
327.2,0.173334789,-2.63E-05,-2.54E-05
327.2333333,0.173282185,-2.63E-05,-2.54E-05
327.2666667,0.173229594,-2.63E-05,-2.54E-05
327.3,0.173177015,-2.63E-05,-2.54E-05
327.3333333,0.173124448,-2.63E-05,-2.54E-05
327.3666667,0.173071893,-2.63E-05,-2.54E-05
327.4,0.173019351,-2.63E-05,-2.53E-05
327.4333333,0.17296682,-2.63E-05,-2.53E-05
327.4666667,0.172914302,-2.63E-05,-2.53E-05
327.5,0.172861796,-2.63E-05,-2.53E-05
327.5333333,0.172809303,-2.62E-05,-2.53E-05
327.5666667,0.172756821,-2.62E-05,-2.53E-05
327.6,0.172704352,-2.62E-05,-2.53E-05
327.6333333,0.172651895,-2.62E-05,-2.53E-05
327.6666667,0.17259945,-2.62E-05,-2.53E-05
327.7,0.172547017,-2.62E-05,-2.53E-05
327.7333333,0.172494597,-2.62E-05,-2.53E-05
327.7666667,0.172442188,-2.62E-05,-2.53E-05
327.8,0.172389792,-2.62E-05,-2.53E-05
327.8333333,0.172337408,-2.62E-05,-2.53E-05
327.8666667,0.172285037,-2.62E-05,-2.53E-05
327.9,0.172232677,-2.62E-05,-2.53E-05
327.9333333,0.17218033,-2.62E-05,-2.53E-05
327.9666667,0.172127995,-2.62E-05,-2.52E-05
328,0.172075672,-2.62E-05,-2.52E-05
328.0333333,0.172023361,-2.62E-05,-2.52E-05
328.0666667,0.171971062,-2.61E-05,-2.52E-05
328.1,0.171918776,-2.61E-05,-2.52E-05
328.1333333,0.171866502,-2.61E-05,-2.52E-05
328.1666667,0.17181424,-2.61E-05,-2.52E-05
328.2,0.17176199,-2.61E-05,-2.52E-05
328.2333333,0.171709752,-2.61E-05,-2.52E-05
328.2666667,0.171657526,-2.61E-05,-2.52E-05
328.3,0.171605313,-2.61E-05,-2.52E-05
328.3333333,0.171553112,-2.61E-05,-2.52E-05
328.3666667,0.171500923,-2.61E-05,-2.52E-05
328.4,0.171448746,-2.61E-05,-2.52E-05
328.4333333,0.171396581,-2.61E-05,-2.52E-05
328.4666667,0.171344429,-2.61E-05,-2.52E-05
328.5,0.171292289,-2.61E-05,-2.52E-05
328.5333333,0.17124016,-2.61E-05,-2.51E-05
328.5666667,0.171188044,-2.61E-05,-2.51E-05
328.6,0.171135941,-2.61E-05,-2.51E-05
328.6333333,0.171083849,-2.60E-05,-2.51E-05
328.6666667,0.171031769,-2.60E-05,-2.51E-05
328.7,0.170979702,-2.60E-05,-2.51E-05
328.7333333,0.170927647,-2.60E-05,-2.51E-05
328.7666667,0.170875604,-2.60E-05,-2.51E-05
328.8,0.170823573,-2.60E-05,-2.51E-05
328.8333333,0.170771554,-2.60E-05,-2.51E-05
328.8666667,0.170719547,-2.60E-05,-2.51E-05
328.9,0.170667553,-2.60E-05,-2.51E-05
328.9333333,0.170615571,-2.60E-05,-2.51E-05
328.9666667,0.1705636,-2.60E-05,-2.51E-05
329,0.170511642,-2.60E-05,-2.51E-05
329.0333333,0.170459697,-2.60E-05,-2.51E-05
329.0666667,0.170407763,-2.60E-05,-2.51E-05
329.1,0.170355841,-2.60E-05,-2.50E-05
329.1333333,0.170303932,-2.60E-05,-2.50E-05
329.1666667,0.170252035,-2.59E-05,-2.50E-05
329.2,0.170200149,-2.59E-05,-2.50E-05
329.2333333,0.170148276,-2.59E-05,-2.50E-05
329.2666667,0.170096415,-2.59E-05,-2.50E-05
329.3,0.170044567,-2.59E-05,-2.50E-05
329.3333333,0.16999273,-2.59E-05,-2.50E-05
329.3666667,0.169940906,-2.59E-05,-2.50E-05
329.4,0.169889093,-2.59E-05,-2.50E-05
329.4333333,0.169837293,-2.59E-05,-2.50E-05
329.4666667,0.169785505,-2.59E-05,-2.50E-05
329.5,0.169733729,-2.59E-05,-2.50E-05
329.5333333,0.169681965,-2.59E-05,-2.50E-05
329.5666667,0.169630213,-2.59E-05,-2.50E-05
329.6,0.169578474,-2.59E-05,-2.50E-05
329.6333333,0.169526746,-2.59E-05,-2.50E-05
329.6666667,0.169475031,-2.59E-05,-2.49E-05
329.7,0.169423327,-2.59E-05,-2.49E-05
329.7333333,0.169371636,-2.58E-05,-2.49E-05
329.7666667,0.169319957,-2.58E-05,-2.49E-05
329.8,0.16926829,-2.58E-05,-2.49E-05
329.8333333,0.169216636,-2.58E-05,-2.49E-05
329.8666667,0.169164993,-2.58E-05,-2.49E-05
329.9,0.169113362,-2.58E-05,-2.49E-05
329.9333333,0.169061744,-2.58E-05,-2.49E-05
329.9666667,0.169010137,-2.58E-05,-2.49E-05
330,0.168958543,-2.58E-05,-2.49E-05
330.0333333,0.168906961,-2.58E-05,-2.49E-05
330.0666667,0.168855391,-2.58E-05,-2.49E-05
330.1,0.168803833,-2.58E-05,-2.49E-05
330.1333333,0.168752287,-2.58E-05,-2.49E-05
330.1666667,0.168700753,-2.58E-05,-2.49E-05
330.2,0.168649232,-2.58E-05,-2.48E-05
330.2333333,0.168597722,-2.58E-05,-2.48E-05
330.2666667,0.168546225,-2.57E-05,-2.48E-05
330.3,0.168494739,-2.57E-05,-2.48E-05
330.3333333,0.168443266,-2.57E-05,-2.48E-05
330.3666667,0.168391805,-2.57E-05,-2.48E-05
330.4,0.168340356,-2.57E-05,-2.48E-05
330.4333333,0.168288919,-2.57E-05,-2.48E-05
330.4666667,0.168237494,-2.57E-05,-2.48E-05
330.5,0.168186081,-2.57E-05,-2.48E-05
330.5333333,0.16813468,-2.57E-05,-2.48E-05
330.5666667,0.168083291,-2.57E-05,-2.48E-05
330.6,0.168031915,-2.57E-05,-2.48E-05
330.6333333,0.16798055,-2.57E-05,-2.48E-05
330.6666667,0.167929198,-2.57E-05,-2.48E-05
330.7,0.167877857,-2.57E-05,-2.48E-05
330.7333333,0.167826529,-2.57E-05,-2.48E-05
330.7666667,0.167775213,-2.57E-05,-2.47E-05
330.8,0.167723909,-2.57E-05,-2.47E-05
330.8333333,0.167672617,-2.56E-05,-2.47E-05
330.8666667,0.167621337,-2.56E-05,-2.47E-05
330.9,0.167570069,-2.56E-05,-2.47E-05
330.9333333,0.167518813,-2.56E-05,-2.47E-05
330.9666667,0.167467569,-2.56E-05,-2.47E-05
331,0.167416337,-2.56E-05,-2.47E-05
331.0333333,0.167365117,-2.56E-05,-2.47E-05
331.0666667,0.16731391,-2.56E-05,-2.47E-05
331.1,0.167262714,-2.56E-05,-2.47E-05
331.1333333,0.167211531,-2.56E-05,-2.47E-05
331.1666667,0.167160359,-2.56E-05,-2.47E-05
331.2,0.1671092,-2.56E-05,-2.47E-05
331.2333333,0.167058053,-2.56E-05,-2.47E-05
331.2666667,0.167006917,-2.56E-05,-2.47E-05
331.3,0.166955794,-2.56E-05,-2.47E-05
331.3333333,0.166904683,-2.56E-05,-2.46E-05
331.3666667,0.166853584,-2.55E-05,-2.46E-05
331.4,0.166802497,-2.55E-05,-2.46E-05
331.4333333,0.166751422,-2.55E-05,-2.46E-05
331.4666667,0.166700359,-2.55E-05,-2.46E-05
331.5,0.166649308,-2.55E-05,-2.46E-05
331.5333333,0.166598269,-2.55E-05,-2.46E-05
331.5666667,0.166547242,-2.55E-05,-2.46E-05
331.6,0.166496227,-2.55E-05,-2.46E-05
331.6333333,0.166445224,-2.55E-05,-2.46E-05
331.6666667,0.166394234,-2.55E-05,-2.46E-05
331.7,0.166343255,-2.55E-05,-2.46E-05
331.7333333,0.166292288,-2.55E-05,-2.46E-05
331.7666667,0.166241333,-2.55E-05,-2.46E-05
331.8,0.166190391,-2.55E-05,-2.46E-05
331.8333333,0.16613946,-2.55E-05,-2.46E-05
331.8666667,0.166088542,-2.55E-05,-2.46E-05
331.9,0.166037635,-2.55E-05,-2.45E-05
331.9333333,0.165986741,-2.54E-05,-2.45E-05
331.9666667,0.165935858,-2.54E-05,-2.45E-05
332,0.165884988,-2.54E-05,-2.45E-05
332.0333333,0.165834129,-2.54E-05,-2.45E-05
332.0666667,0.165783283,-2.54E-05,-2.45E-05
332.1,0.165732448,-2.54E-05,-2.45E-05
332.1333333,0.165681626,-2.54E-05,-2.45E-05
332.1666667,0.165630816,-2.54E-05,-2.45E-05
332.2,0.165580017,-2.54E-05,-2.45E-05
332.2333333,0.165529231,-2.54E-05,-2.45E-05
332.2666667,0.165478457,-2.54E-05,-2.45E-05
332.3,0.165427694,-2.54E-05,-2.45E-05
332.3333333,0.165376944,-2.54E-05,-2.45E-05
332.3666667,0.165326206,-2.54E-05,-2.45E-05
332.4,0.165275479,-2.54E-05,-2.45E-05
332.4333333,0.165224765,-2.54E-05,-2.45E-05
332.4666667,0.165174063,-2.54E-05,-2.44E-05
332.5,0.165123373,-2.53E-05,-2.44E-05
332.5333333,0.165072694,-2.53E-05,-2.44E-05
332.5666667,0.165022028,-2.53E-05,-2.44E-05
332.6,0.164971374,-2.53E-05,-2.44E-05
332.6333333,0.164920731,-2.53E-05,-2.44E-05
332.6666667,0.164870101,-2.53E-05,-2.44E-05
332.7,0.164819483,-2.53E-05,-2.44E-05
332.7333333,0.164768877,-2.53E-05,-2.44E-05
332.7666667,0.164718282,-2.53E-05,-2.44E-05
332.8,0.1646677,-2.53E-05,-2.44E-05
332.8333333,0.16461713,-2.53E-05,-2.44E-05
332.8666667,0.164566571,-2.53E-05,-2.44E-05
332.9,0.164516025,-2.53E-05,-2.44E-05
332.9333333,0.16446549,-2.53E-05,-2.44E-05
332.9666667,0.164414968,-2.53E-05,-2.44E-05
333,0.164364458,-2.53E-05,-2.44E-05
333.0333333,0.164313959,-2.52E-05,-2.43E-05
333.0666667,0.164263473,-2.52E-05,-2.43E-05
333.1,0.164212998,-2.52E-05,-2.43E-05
333.1333333,0.164162536,-2.52E-05,-2.43E-05
333.1666667,0.164112085,-2.52E-05,-2.43E-05
333.2,0.164061647,-2.52E-05,-2.43E-05
333.2333333,0.16401122,-2.52E-05,-2.43E-05
333.2666667,0.163960805,-2.52E-05,-2.43E-05
333.3,0.163910403,-2.52E-05,-2.43E-05
333.3333333,0.163860012,-2.52E-05,-2.43E-05
333.3666667,0.163809633,-2.52E-05,-2.43E-05
333.4,0.163759267,-2.52E-05,-2.43E-05
333.4333333,0.163708912,-2.52E-05,-2.43E-05
333.4666667,0.163658569,-2.52E-05,-2.43E-05
333.5,0.163608238,-2.52E-05,-2.43E-05
333.5333333,0.163557919,-2.52E-05,-2.43E-05
333.5666667,0.163507612,-2.52E-05,-2.43E-05
333.6,0.163457317,-2.51E-05,-2.43E-05
333.6333333,0.163407034,-2.51E-05,-2.42E-05
333.6666667,0.163356763,-2.51E-05,-2.42E-05
333.7,0.163306504,-2.51E-05,-2.42E-05
333.7333333,0.163256257,-2.51E-05,-2.42E-05
333.7666667,0.163206021,-2.51E-05,-2.42E-05
333.8,0.163155798,-2.51E-05,-2.42E-05
333.8333333,0.163105587,-2.51E-05,-2.42E-05
333.8666667,0.163055387,-2.51E-05,-2.42E-05
333.9,0.1630052,-2.51E-05,-2.42E-05
333.9333333,0.162955024,-2.51E-05,-2.42E-05
333.9666667,0.162904861,-2.51E-05,-2.42E-05
334,0.162854709,-2.51E-05,-2.42E-05
334.0333333,0.16280457,-2.51E-05,-2.42E-05
334.0666667,0.162754442,-2.51E-05,-2.42E-05
334.1,0.162704326,-2.51E-05,-2.42E-05
334.1333333,0.162654222,-2.51E-05,-2.42E-05
334.1666667,0.16260413,-2.50E-05,-2.42E-05
334.2,0.16255405,-2.50E-05,-2.41E-05
334.2333333,0.162503982,-2.50E-05,-2.41E-05
334.2666667,0.162453926,-2.50E-05,-2.41E-05
334.3,0.162403881,-2.50E-05,-2.41E-05
334.3333333,0.162353849,-2.50E-05,-2.41E-05
334.3666667,0.162303829,-2.50E-05,-2.41E-05
334.4,0.16225382,-2.50E-05,-2.41E-05
334.4333333,0.162203824,-2.50E-05,-2.41E-05
334.4666667,0.162153839,-2.50E-05,-2.41E-05
334.5,0.162103866,-2.50E-05,-2.41E-05
334.5333333,0.162053905,-2.50E-05,-2.41E-05
334.5666667,0.162003957,-2.50E-05,-2.41E-05
334.6,0.16195402,-2.50E-05,-2.41E-05
334.6333333,0.161904095,-2.50E-05,-2.41E-05
334.6666667,0.161854181,-2.50E-05,-2.41E-05
334.7,0.16180428,-2.50E-05,-2.41E-05
334.7333333,0.161754391,-2.49E-05,-2.41E-05
334.7666667,0.161704513,-2.49E-05,-2.40E-05
334.8,0.161654648,-2.49E-05,-2.40E-05
334.8333333,0.161604794,-2.49E-05,-2.40E-05
334.8666667,0.161554952,-2.49E-05,-2.40E-05
334.9,0.161505123,-2.49E-05,-2.40E-05
334.9333333,0.161455305,-2.49E-05,-2.40E-05
334.9666667,0.161405499,-2.49E-05,-2.40E-05
335,0.161355705,-2.49E-05,-2.40E-05
335.0333333,0.161305922,-2.49E-05,-2.40E-05
335.0666667,0.161256152,-2.49E-05,-2.40E-05
335.1,0.161206393,-2.49E-05,-2.40E-05
335.1333333,0.161156647,-2.49E-05,-2.40E-05
335.1666667,0.161106912,-2.49E-05,-2.40E-05
335.2,0.161057189,-2.49E-05,-2.40E-05
335.2333333,0.161007479,-2.49E-05,-2.40E-05
335.2666667,0.16095778,-2.48E-05,-2.40E-05
335.3,0.160908092,-2.48E-05,-2.40E-05
335.3333333,0.160858417,-2.48E-05,-2.39E-05
335.3666667,0.160808754,-2.48E-05,-2.39E-05
335.4,0.160759102,-2.48E-05,-2.39E-05
335.4333333,0.160709463,-2.48E-05,-2.39E-05
335.4666667,0.160659835,-2.48E-05,-2.39E-05
335.5,0.160610219,-2.48E-05,-2.39E-05
335.5333333,0.160560615,-2.48E-05,-2.39E-05
335.5666667,0.160511023,-2.48E-05,-2.39E-05
335.6,0.160461443,-2.48E-05,-2.39E-05
335.6333333,0.160411874,-2.48E-05,-2.39E-05
335.6666667,0.160362318,-2.48E-05,-2.39E-05
335.7,0.160312773,-2.48E-05,-2.39E-05
335.7333333,0.16026324,-2.48E-05,-2.39E-05
335.7666667,0.16021372,-2.48E-05,-2.39E-05
335.8,0.16016421,-2.48E-05,-2.39E-05
335.8333333,0.160114713,-2.47E-05,-2.39E-05
335.8666667,0.160065228,-2.47E-05,-2.39E-05
335.9,0.160015754,-2.47E-05,-2.38E-05
335.9333333,0.159966293,-2.47E-05,-2.38E-05
335.9666667,0.159916843,-2.47E-05,-2.38E-05
336,0.159867405,-2.47E-05,-2.38E-05
336.0333333,0.159817979,-2.47E-05,-2.38E-05
336.0666667,0.159768565,-2.47E-05,-2.38E-05
336.1,0.159719163,-2.47E-05,-2.38E-05
336.1333333,0.159669772,-2.47E-05,-2.38E-05
336.1666667,0.159620393,-2.47E-05,-2.38E-05
336.2,0.159571027,-2.47E-05,-2.38E-05
336.2333333,0.159521672,-2.47E-05,-2.38E-05
336.2666667,0.159472328,-2.47E-05,-2.38E-05
336.3,0.159422997,-2.47E-05,-2.38E-05
336.3333333,0.159373678,-2.47E-05,-2.38E-05
336.3666667,0.15932437,-2.47E-05,-2.38E-05
336.4,0.159275074,-2.46E-05,-2.38E-05
336.4333333,0.15922579,-2.46E-05,-2.38E-05
336.4666667,0.159176518,-2.46E-05,-2.38E-05
336.5,0.159127258,-2.46E-05,-2.37E-05
336.5333333,0.15907801,-2.46E-05,-2.37E-05
336.5666667,0.159028773,-2.46E-05,-2.37E-05
336.6,0.158979548,-2.46E-05,-2.37E-05
336.6333333,0.158930335,-2.46E-05,-2.37E-05
336.6666667,0.158881134,-2.46E-05,-2.37E-05
336.7,0.158831945,-2.46E-05,-2.37E-05
336.7333333,0.158782767,-2.46E-05,-2.37E-05
336.7666667,0.158733601,-2.46E-05,-2.37E-05
336.8,0.158684448,-2.46E-05,-2.37E-05
336.8333333,0.158635306,-2.46E-05,-2.37E-05
336.8666667,0.158586175,-2.46E-05,-2.37E-05
336.9,0.158537057,-2.46E-05,-2.37E-05
336.9333333,0.15848795,-2.46E-05,-2.37E-05
336.9666667,0.158438856,-2.45E-05,-2.37E-05
337,0.158389773,-2.45E-05,-2.37E-05
337.0333333,0.158340701,-2.45E-05,-2.37E-05
337.0666667,0.158291642,-2.45E-05,-2.36E-05
337.1,0.158242594,-2.45E-05,-2.36E-05
337.1333333,0.158193559,-2.45E-05,-2.36E-05
337.1666667,0.158144535,-2.45E-05,-2.36E-05
337.2,0.158095523,-2.45E-05,-2.36E-05
337.2333333,0.158046522,-2.45E-05,-2.36E-05
337.2666667,0.157997534,-2.45E-05,-2.36E-05
337.3,0.157948557,-2.45E-05,-2.36E-05
337.3333333,0.157899592,-2.45E-05,-2.36E-05
337.3666667,0.157850639,-2.45E-05,-2.36E-05
337.4,0.157801697,-2.45E-05,-2.36E-05
337.4333333,0.157752768,-2.45E-05,-2.36E-05
337.4666667,0.15770385,-2.45E-05,-2.36E-05
337.5,0.157654944,-2.45E-05,-2.36E-05
337.5333333,0.15760605,-2.44E-05,-2.36E-05
337.5666667,0.157557167,-2.44E-05,-2.36E-05
337.6,0.157508297,-2.44E-05,-2.36E-05
337.6333333,0.157459438,-2.44E-05,-2.35E-05
337.6666667,0.157410591,-2.44E-05,-2.35E-05
337.7,0.157361755,-2.44E-05,-2.35E-05
337.7333333,0.157312932,-2.44E-05,-2.35E-05
337.7666667,0.15726412,-2.44E-05,-2.35E-05
337.8,0.15721532,-2.44E-05,-2.35E-05
337.8333333,0.157166532,-2.44E-05,-2.35E-05
337.8666667,0.157117756,-2.44E-05,-2.35E-05
337.9,0.157068991,-2.44E-05,-2.35E-05
337.9333333,0.157020238,-2.44E-05,-2.35E-05
337.9666667,0.156971497,-2.44E-05,-2.35E-05
338,0.156922768,-2.44E-05,-2.35E-05
338.0333333,0.15687405,-2.44E-05,-2.35E-05
338.0666667,0.156825344,-2.44E-05,-2.35E-05
338.1,0.15677665,-2.43E-05,-2.35E-05
338.1333333,0.156727968,-2.43E-05,-2.35E-05
338.1666667,0.156679297,-2.43E-05,-2.35E-05
338.2,0.156630638,-2.43E-05,-2.35E-05
338.2333333,0.156581991,-2.43E-05,-2.34E-05
338.2666667,0.156533356,-2.43E-05,-2.34E-05
338.3,0.156484733,-2.43E-05,-2.34E-05
338.3333333,0.156436121,-2.43E-05,-2.34E-05
338.3666667,0.156387521,-2.43E-05,-2.34E-05
338.4,0.156338932,-2.43E-05,-2.34E-05
338.4333333,0.156290356,-2.43E-05,-2.34E-05
338.4666667,0.156241791,-2.43E-05,-2.34E-05
338.5,0.156193238,-2.43E-05,-2.34E-05
338.5333333,0.156144697,-2.43E-05,-2.34E-05
338.5666667,0.156096167,-2.43E-05,-2.34E-05
338.6,0.156047649,-2.43E-05,-2.34E-05
338.6333333,0.155999143,-2.43E-05,-2.34E-05
338.6666667,0.155950649,-2.42E-05,-2.34E-05
338.7,0.155902166,-2.42E-05,-2.34E-05
338.7333333,0.155853696,-2.42E-05,-2.34E-05
338.7666667,0.155805236,-2.42E-05,-2.34E-05
338.8,0.155756789,-2.42E-05,-2.33E-05
338.8333333,0.155708353,-2.42E-05,-2.33E-05
338.8666667,0.155659929,-2.42E-05,-2.33E-05
338.9,0.155611517,-2.42E-05,-2.33E-05
338.9333333,0.155563117,-2.42E-05,-2.33E-05
338.9666667,0.155514728,-2.42E-05,-2.33E-05
339,0.155466351,-2.42E-05,-2.33E-05
339.0333333,0.155417985,-2.42E-05,-2.33E-05
339.0666667,0.155369632,-2.42E-05,-2.33E-05
339.1,0.15532129,-2.42E-05,-2.33E-05
339.1333333,0.15527296,-2.42E-05,-2.33E-05
339.1666667,0.155224641,-2.42E-05,-2.33E-05
339.2,0.155176335,-2.42E-05,-2.33E-05
339.2333333,0.15512804,-2.41E-05,-2.33E-05
339.2666667,0.155079756,-2.41E-05,-2.33E-05
339.3,0.155031485,-2.41E-05,-2.33E-05
339.3333333,0.154983225,-2.41E-05,-2.33E-05
339.3666667,0.154934976,-2.41E-05,-2.33E-05
339.4,0.15488674,-2.41E-05,-2.32E-05
339.4333333,0.154838515,-2.41E-05,-2.32E-05
339.4666667,0.154790302,-2.41E-05,-2.32E-05
339.5,0.154742101,-2.41E-05,-2.32E-05
339.5333333,0.154693911,-2.41E-05,-2.32E-05
339.5666667,0.154645733,-2.41E-05,-2.32E-05
339.6,0.154597567,-2.41E-05,-2.32E-05
339.6333333,0.154549412,-2.41E-05,-2.32E-05
339.6666667,0.154501269,-2.41E-05,-2.32E-05
339.7,0.154453138,-2.41E-05,-2.32E-05
339.7333333,0.154405018,-2.41E-05,-2.32E-05
339.7666667,0.15435691,-2.41E-05,-2.32E-05
339.8,0.154308814,-2.40E-05,-2.32E-05
339.8333333,0.15426073,-2.40E-05,-2.32E-05
339.8666667,0.154212657,-2.40E-05,-2.32E-05
339.9,0.154164596,-2.40E-05,-2.32E-05
339.9333333,0.154116546,-2.40E-05,-2.32E-05
339.9666667,0.154068509,-2.40E-05,-2.31E-05
340,0.154020483,-2.40E-05,-2.31E-05
340.0333333,0.153972468,-2.40E-05,-2.31E-05
340.0666667,0.153924465,-2.40E-05,-2.31E-05
340.1,0.153876474,-2.40E-05,-2.31E-05
340.1333333,0.153828495,-2.40E-05,-2.31E-05
340.1666667,0.153780527,-2.40E-05,-2.31E-05
340.2,0.153732571,-2.40E-05,-2.31E-05
340.2333333,0.153684627,-2.40E-05,-2.31E-05
340.2666667,0.153636694,-2.40E-05,-2.31E-05
340.3,0.153588773,-2.40E-05,-2.31E-05
340.3333333,0.153540864,-2.40E-05,-2.31E-05
340.3666667,0.153492966,-2.39E-05,-2.31E-05
340.4,0.15344508,-2.39E-05,-2.31E-05
340.4333333,0.153397206,-2.39E-05,-2.31E-05
340.4666667,0.153349343,-2.39E-05,-2.31E-05
340.5,0.153301492,-2.39E-05,-2.31E-05
340.5333333,0.153253652,-2.39E-05,-2.31E-05
340.5666667,0.153205825,-2.39E-05,-2.30E-05
340.6,0.153158008,-2.39E-05,-2.30E-05
340.6333333,0.153110204,-2.39E-05,-2.30E-05
340.6666667,0.153062411,-2.39E-05,-2.30E-05
340.7,0.15301463,-2.39E-05,-2.30E-05
340.7333333,0.15296686,-2.39E-05,-2.30E-05
340.7666667,0.152919102,-2.39E-05,-2.30E-05
340.8,0.152871356,-2.39E-05,-2.30E-05
340.8333333,0.152823622,-2.39E-05,-2.30E-05
340.8666667,0.152775899,-2.39E-05,-2.30E-05
340.9,0.152728187,-2.39E-05,-2.30E-05
340.9333333,0.152680487,-2.38E-05,-2.30E-05
340.9666667,0.152632799,-2.38E-05,-2.30E-05
341,0.152585123,-2.38E-05,-2.30E-05
341.0333333,0.152537458,-2.38E-05,-2.30E-05
341.0666667,0.152489805,-2.38E-05,-2.30E-05
341.1,0.152442163,-2.38E-05,-2.30E-05
341.1333333,0.152394533,-2.38E-05,-2.30E-05
341.1666667,0.152346915,-2.38E-05,-2.29E-05
341.2,0.152299308,-2.38E-05,-2.29E-05
341.2333333,0.152251713,-2.38E-05,-2.29E-05
341.2666667,0.15220413,-2.38E-05,-2.29E-05
341.3,0.152156558,-2.38E-05,-2.29E-05
341.3333333,0.152108998,-2.38E-05,-2.29E-05
341.3666667,0.152061449,-2.38E-05,-2.29E-05
341.4,0.152013912,-2.38E-05,-2.29E-05
341.4333333,0.151966387,-2.38E-05,-2.29E-05
341.4666667,0.151918873,-2.38E-05,-2.29E-05
341.5,0.151871371,-2.38E-05,-2.29E-05
341.5333333,0.151823881,-2.37E-05,-2.29E-05
341.5666667,0.151776402,-2.37E-05,-2.29E-05
341.6,0.151728934,-2.37E-05,-2.29E-05
341.6333333,0.151681479,-2.37E-05,-2.29E-05
341.6666667,0.151634035,-2.37E-05,-2.29E-05
341.7,0.151586602,-2.37E-05,-2.29E-05
341.7333333,0.151539181,-2.37E-05,-2.28E-05
341.7666667,0.151491772,-2.37E-05,-2.28E-05
341.8,0.151444374,-2.37E-05,-2.28E-05
341.8333333,0.151396988,-2.37E-05,-2.28E-05
341.8666667,0.151349614,-2.37E-05,-2.28E-05
341.9,0.151302251,-2.37E-05,-2.28E-05
341.9333333,0.151254899,-2.37E-05,-2.28E-05
341.9666667,0.15120756,-2.37E-05,-2.28E-05
342,0.151160231,-2.37E-05,-2.28E-05
342.0333333,0.151112915,-2.37E-05,-2.28E-05
342.0666667,0.15106561,-2.37E-05,-2.28E-05
342.1,0.151018316,-2.36E-05,-2.28E-05
342.1333333,0.150971035,-2.36E-05,-2.28E-05
342.1666667,0.150923764,-2.36E-05,-2.28E-05
342.2,0.150876506,-2.36E-05,-2.28E-05
342.2333333,0.150829259,-2.36E-05,-2.28E-05
342.2666667,0.150782023,-2.36E-05,-2.28E-05
342.3,0.150734799,-2.36E-05,-2.28E-05
342.3333333,0.150687587,-2.36E-05,-2.27E-05
342.3666667,0.150640386,-2.36E-05,-2.27E-05
342.4,0.150593197,-2.36E-05,-2.27E-05
342.4333333,0.150546019,-2.36E-05,-2.27E-05
342.4666667,0.150498853,-2.36E-05,-2.27E-05
342.5,0.150451699,-2.36E-05,-2.27E-05
342.5333333,0.150404556,-2.36E-05,-2.27E-05
342.5666667,0.150357424,-2.36E-05,-2.27E-05
342.6,0.150310304,-2.36E-05,-2.27E-05
342.6333333,0.150263196,-2.36E-05,-2.27E-05
342.6666667,0.150216099,-2.35E-05,-2.27E-05
342.7,0.150169014,-2.35E-05,-2.27E-05
342.7333333,0.150121941,-2.35E-05,-2.27E-05
342.7666667,0.150074879,-2.35E-05,-2.27E-05
342.8,0.150027828,-2.35E-05,-2.27E-05
342.8333333,0.149980789,-2.35E-05,-2.27E-05
342.8666667,0.149933762,-2.35E-05,-2.27E-05
342.9,0.149886746,-2.35E-05,-2.27E-05
342.9333333,0.149839741,-2.35E-05,-2.26E-05
342.9666667,0.149792749,-2.35E-05,-2.26E-05
343,0.149745767,-2.35E-05,-2.26E-05
343.0333333,0.149698798,-2.35E-05,-2.26E-05
343.0666667,0.14965184,-2.35E-05,-2.26E-05
343.1,0.149604893,-2.35E-05,-2.26E-05
343.1333333,0.149557958,-2.35E-05,-2.26E-05
343.1666667,0.149511034,-2.35E-05,-2.26E-05
343.2,0.149464122,-2.35E-05,-2.26E-05
343.2333333,0.149417222,-2.35E-05,-2.26E-05
343.2666667,0.149370333,-2.34E-05,-2.26E-05
343.3,0.149323456,-2.34E-05,-2.26E-05
343.3333333,0.14927659,-2.34E-05,-2.26E-05
343.3666667,0.149229735,-2.34E-05,-2.26E-05
343.4,0.149182892,-2.34E-05,-2.26E-05
343.4333333,0.149136061,-2.34E-05,-2.26E-05
343.4666667,0.149089241,-2.34E-05,-2.26E-05
343.5,0.149042433,-2.34E-05,-2.26E-05
343.5333333,0.148995636,-2.34E-05,-2.25E-05
343.5666667,0.148948851,-2.34E-05,-2.25E-05
343.6,0.148902077,-2.34E-05,-2.25E-05
343.6333333,0.148855315,-2.34E-05,-2.25E-05
343.6666667,0.148808564,-2.34E-05,-2.25E-05
343.7,0.148761825,-2.34E-05,-2.25E-05
343.7333333,0.148715097,-2.34E-05,-2.25E-05
343.7666667,0.148668381,-2.34E-05,-2.25E-05
343.8,0.148621677,-2.34E-05,-2.25E-05
343.8333333,0.148574983,-2.33E-05,-2.25E-05
343.8666667,0.148528302,-2.33E-05,-2.25E-05
343.9,0.148481632,-2.33E-05,-2.25E-05
343.9333333,0.148434973,-2.33E-05,-2.25E-05
343.9666667,0.148388326,-2.33E-05,-2.25E-05
344,0.14834169,-2.33E-05,-2.25E-05
344.0333333,0.148295066,-2.33E-05,-2.25E-05
344.0666667,0.148248453,-2.33E-05,-2.25E-05
344.1,0.148201852,-2.33E-05,-2.24E-05
344.1333333,0.148155262,-2.33E-05,-2.24E-05
344.1666667,0.148108684,-2.33E-05,-2.24E-05
344.2,0.148062117,-2.33E-05,-2.24E-05
344.2333333,0.148015562,-2.33E-05,-2.24E-05
344.2666667,0.147969018,-2.33E-05,-2.24E-05
344.3,0.147922486,-2.33E-05,-2.24E-05
344.3333333,0.147875965,-2.33E-05,-2.24E-05
344.3666667,0.147829456,-2.33E-05,-2.24E-05
344.4,0.147782958,-2.32E-05,-2.24E-05
344.4333333,0.147736472,-2.32E-05,-2.24E-05
344.4666667,0.147689997,-2.32E-05,-2.24E-05
344.5,0.147643533,-2.32E-05,-2.24E-05
344.5333333,0.147597082,-2.32E-05,-2.24E-05
344.5666667,0.147550641,-2.32E-05,-2.24E-05
344.6,0.147504212,-2.32E-05,-2.24E-05
344.6333333,0.147457794,-2.32E-05,-2.24E-05
344.6666667,0.147411388,-2.32E-05,-2.24E-05
344.7,0.147364994,-2.32E-05,-2.23E-05
344.7333333,0.147318611,-2.32E-05,-2.23E-05
344.7666667,0.147272239,-2.32E-05,-2.23E-05
344.8,0.147225879,-2.32E-05,-2.23E-05
344.8333333,0.14717953,-2.32E-05,-2.23E-05
344.8666667,0.147133193,-2.32E-05,-2.23E-05
344.9,0.147086867,-2.32E-05,-2.23E-05
344.9333333,0.147040552,-2.32E-05,-2.23E-05
344.9666667,0.146994249,-2.32E-05,-2.23E-05
345,0.146947958,-2.31E-05,-2.23E-05
345.0333333,0.146901678,-2.31E-05,-2.23E-05
345.0666667,0.146855409,-2.31E-05,-2.23E-05
345.1,0.146809152,-2.31E-05,-2.23E-05
345.1333333,0.146762906,-2.31E-05,-2.23E-05
345.1666667,0.146716672,-2.31E-05,-2.23E-05
345.2,0.146670449,-2.31E-05,-2.23E-05
345.2333333,0.146624238,-2.31E-05,-2.23E-05
345.2666667,0.146578038,-2.31E-05,-2.23E-05
345.3,0.146531849,-2.31E-05,-2.22E-05
345.3333333,0.146485672,-2.31E-05,-2.22E-05
345.3666667,0.146439507,-2.31E-05,-2.22E-05
345.4,0.146393353,-2.31E-05,-2.22E-05
345.4333333,0.14634721,-2.31E-05,-2.22E-05
345.4666667,0.146301078,-2.31E-05,-2.22E-05
345.5,0.146254958,-2.31E-05,-2.22E-05
345.5333333,0.14620885,-2.31E-05,-2.22E-05
345.5666667,0.146162753,-2.30E-05,-2.22E-05
345.6,0.146116667,-2.30E-05,-2.22E-05
345.6333333,0.146070593,-2.30E-05,-2.22E-05
345.6666667,0.14602453,-2.30E-05,-2.22E-05
345.7,0.145978479,-2.30E-05,-2.22E-05
345.7333333,0.145932439,-2.30E-05,-2.22E-05
345.7666667,0.14588641,-2.30E-05,-2.22E-05
345.8,0.145840393,-2.30E-05,-2.22E-05
345.8333333,0.145794387,-2.30E-05,-2.22E-05
345.8666667,0.145748393,-2.30E-05,-2.22E-05
345.9,0.14570241,-2.30E-05,-2.21E-05
345.9333333,0.145656439,-2.30E-05,-2.21E-05
345.9666667,0.145610478,-2.30E-05,-2.21E-05
346,0.14556453,-2.30E-05,-2.21E-05
346.0333333,0.145518592,-2.30E-05,-2.21E-05
346.0666667,0.145472666,-2.30E-05,-2.21E-05
346.1,0.145426752,-2.30E-05,-2.21E-05
346.1333333,0.145380849,-2.30E-05,-2.21E-05
346.1666667,0.145334957,-2.29E-05,-2.21E-05
346.2,0.145289077,-2.29E-05,-2.21E-05
346.2333333,0.145243208,-2.29E-05,-2.21E-05
346.2666667,0.14519735,-2.29E-05,-2.21E-05
346.3,0.145151504,-2.29E-05,-2.21E-05
346.3333333,0.145105669,-2.29E-05,-2.21E-05
346.3666667,0.145059846,-2.29E-05,-2.21E-05
346.4,0.145014034,-2.29E-05,-2.21E-05
346.4333333,0.144968233,-2.29E-05,-2.21E-05
346.4666667,0.144922444,-2.29E-05,-2.21E-05
346.5,0.144876666,-2.29E-05,-2.20E-05
346.5333333,0.1448309,-2.29E-05,-2.20E-05
346.5666667,0.144785145,-2.29E-05,-2.20E-05
346.6,0.144739401,-2.29E-05,-2.20E-05
346.6333333,0.144693669,-2.29E-05,-2.20E-05
346.6666667,0.144647948,-2.29E-05,-2.20E-05
346.7,0.144602238,-2.29E-05,-2.20E-05
346.7333333,0.14455654,-2.28E-05,-2.20E-05
346.7666667,0.144510853,-2.28E-05,-2.20E-05
346.8,0.144465178,-2.28E-05,-2.20E-05
346.8333333,0.144419514,-2.28E-05,-2.20E-05
346.8666667,0.144373861,-2.28E-05,-2.20E-05
346.9,0.144328219,-2.28E-05,-2.20E-05
346.9333333,0.144282589,-2.28E-05,-2.20E-05
346.9666667,0.144236971,-2.28E-05,-2.20E-05
347,0.144191363,-2.28E-05,-2.20E-05
347.0333333,0.144145767,-2.28E-05,-2.20E-05
347.0666667,0.144100183,-2.28E-05,-2.20E-05
347.1,0.14405461,-2.28E-05,-2.19E-05
347.1333333,0.144009048,-2.28E-05,-2.19E-05
347.1666667,0.143963497,-2.28E-05,-2.19E-05
347.2,0.143917958,-2.28E-05,-2.19E-05
347.2333333,0.14387243,-2.28E-05,-2.19E-05
347.2666667,0.143826913,-2.28E-05,-2.19E-05
347.3,0.143781408,-2.28E-05,-2.19E-05
347.3333333,0.143735914,-2.27E-05,-2.19E-05
347.3666667,0.143690432,-2.27E-05,-2.19E-05
347.4,0.143644961,-2.27E-05,-2.19E-05
347.4333333,0.143599501,-2.27E-05,-2.19E-05
347.4666667,0.143554053,-2.27E-05,-2.19E-05
347.5,0.143508615,-2.27E-05,-2.19E-05
347.5333333,0.14346319,-2.27E-05,-2.19E-05
347.5666667,0.143417775,-2.27E-05,-2.19E-05
347.6,0.143372372,-2.27E-05,-2.19E-05
347.6333333,0.14332698,-2.27E-05,-2.19E-05
347.6666667,0.1432816,-2.27E-05,-2.19E-05
347.7,0.14323623,-2.27E-05,-2.18E-05
347.7333333,0.143190872,-2.27E-05,-2.18E-05
347.7666667,0.143145526,-2.27E-05,-2.18E-05
347.8,0.143100191,-2.27E-05,-2.18E-05
347.8333333,0.143054867,-2.27E-05,-2.18E-05
347.8666667,0.143009554,-2.27E-05,-2.18E-05
347.9,0.142964253,-2.27E-05,-2.18E-05
347.9333333,0.142918963,-2.26E-05,-2.18E-05
347.9666667,0.142873684,-2.26E-05,-2.18E-05
348,0.142828417,-2.26E-05,-2.18E-05
348.0333333,0.142783161,-2.26E-05,-2.18E-05
348.0666667,0.142737916,-2.26E-05,-2.18E-05
348.1,0.142692683,-2.26E-05,-2.18E-05
348.1333333,0.142647461,-2.26E-05,-2.18E-05
348.1666667,0.14260225,-2.26E-05,-2.18E-05
348.2,0.14255705,-2.26E-05,-2.18E-05
348.2333333,0.142511862,-2.26E-05,-2.18E-05
348.2666667,0.142466685,-2.26E-05,-2.18E-05
348.3,0.14242152,-2.26E-05,-2.17E-05
348.3333333,0.142376365,-2.26E-05,-2.17E-05
348.3666667,0.142331222,-2.26E-05,-2.17E-05
348.4,0.142286091,-2.26E-05,-2.17E-05
348.4333333,0.14224097,-2.26E-05,-2.17E-05
348.4666667,0.142195861,-2.26E-05,-2.17E-05
348.5,0.142150763,-2.25E-05,-2.17E-05
348.5333333,0.142105676,-2.25E-05,-2.17E-05
348.5666667,0.142060601,-2.25E-05,-2.17E-05
348.6,0.142015537,-2.25E-05,-2.17E-05
348.6333333,0.141970484,-2.25E-05,-2.17E-05
348.6666667,0.141925443,-2.25E-05,-2.17E-05
348.7,0.141880413,-2.25E-05,-2.17E-05
348.7333333,0.141835394,-2.25E-05,-2.17E-05
348.7666667,0.141790386,-2.25E-05,-2.17E-05
348.8,0.14174539,-2.25E-05,-2.17E-05
348.8333333,0.141700405,-2.25E-05,-2.17E-05
348.8666667,0.141655431,-2.25E-05,-2.17E-05
348.9,0.141610468,-2.25E-05,-2.17E-05
348.9333333,0.141565517,-2.25E-05,-2.16E-05
348.9666667,0.141520577,-2.25E-05,-2.16E-05
349,0.141475648,-2.25E-05,-2.16E-05
349.0333333,0.141430731,-2.25E-05,-2.16E-05
349.0666667,0.141385824,-2.25E-05,-2.16E-05
349.1,0.141340929,-2.24E-05,-2.16E-05
349.1333333,0.141296046,-2.24E-05,-2.16E-05
349.1666667,0.141251173,-2.24E-05,-2.16E-05
349.2,0.141206312,-2.24E-05,-2.16E-05
349.2333333,0.141161462,-2.24E-05,-2.16E-05
349.2666667,0.141116623,-2.24E-05,-2.16E-05
349.3,0.141071796,-2.24E-05,-2.16E-05
349.3333333,0.14102698,-2.24E-05,-2.16E-05
349.3666667,0.140982175,-2.24E-05,-2.16E-05
349.4,0.140937381,-2.24E-05,-2.16E-05
349.4333333,0.140892598,-2.24E-05,-2.16E-05
349.4666667,0.140847827,-2.24E-05,-2.16E-05
349.5,0.140803067,-2.24E-05,-2.16E-05
349.5333333,0.140758318,-2.24E-05,-2.15E-05
349.5666667,0.140713581,-2.24E-05,-2.15E-05
349.6,0.140668854,-2.24E-05,-2.15E-05
349.6333333,0.140624139,-2.24E-05,-2.15E-05
349.6666667,0.140579435,-2.24E-05,-2.15E-05
349.7,0.140534743,-2.23E-05,-2.15E-05
349.7333333,0.140490061,-2.23E-05,-2.15E-05
349.7666667,0.140445391,-2.23E-05,-2.15E-05
349.8,0.140400732,-2.23E-05,-2.15E-05
349.8333333,0.140356085,-2.23E-05,-2.15E-05
349.8666667,0.140311448,-2.23E-05,-2.15E-05
349.9,0.140266823,-2.23E-05,-2.15E-05
349.9333333,0.140222209,-2.23E-05,-2.15E-05
349.9666667,0.140177606,-2.23E-05,-2.15E-05
350,0.140133014,-2.23E-05,-2.15E-05
350.0333333,0.140088434,-2.23E-05,-2.15E-05
350.0666667,0.140043865,-2.23E-05,-2.15E-05
350.1,0.139999307,-2.23E-05,-2.15E-05
350.1333333,0.13995476,-2.23E-05,-2.14E-05
350.1666667,0.139910224,-2.23E-05,-2.14E-05
350.2,0.1398657,-2.23E-05,-2.14E-05
350.2333333,0.139821187,-2.23E-05,-2.14E-05
350.2666667,0.139776685,-2.23E-05,-2.14E-05
350.3,0.139732194,-2.22E-05,-2.14E-05
350.3333333,0.139687715,-2.22E-05,-2.14E-05
350.3666667,0.139643246,-2.22E-05,-2.14E-05
350.4,0.139598789,-2.22E-05,-2.14E-05
350.4333333,0.139554343,-2.22E-05,-2.14E-05
350.4666667,0.139509908,-2.22E-05,-2.14E-05
350.5,0.139465485,-2.22E-05,-2.14E-05
350.5333333,0.139421072,-2.22E-05,-2.14E-05
350.5666667,0.139376671,-2.22E-05,-2.14E-05
350.6,0.139332281,-2.22E-05,-2.14E-05
350.6333333,0.139287902,-2.22E-05,-2.14E-05
350.6666667,0.139243535,-2.22E-05,-2.14E-05
350.7,0.139199178,-2.22E-05,-2.14E-05
350.7333333,0.139154833,-2.22E-05,-2.14E-05
350.7666667,0.139110499,-2.22E-05,-2.13E-05
350.8,0.139066176,-2.22E-05,-2.13E-05
350.8333333,0.139021864,-2.22E-05,-2.13E-05
350.8666667,0.138977563,-2.22E-05,-2.13E-05
350.9,0.138933274,-2.21E-05,-2.13E-05
350.9333333,0.138888996,-2.21E-05,-2.13E-05
350.9666667,0.138844729,-2.21E-05,-2.13E-05
351,0.138800473,-2.21E-05,-2.13E-05
351.0333333,0.138756228,-2.21E-05,-2.13E-05
351.0666667,0.138711994,-2.21E-05,-2.13E-05
351.1,0.138667772,-2.21E-05,-2.13E-05
351.1333333,0.138623561,-2.21E-05,-2.13E-05
351.1666667,0.138579361,-2.21E-05,-2.13E-05
351.2,0.138535172,-2.21E-05,-2.13E-05
351.2333333,0.138490994,-2.21E-05,-2.13E-05
351.2666667,0.138446827,-2.21E-05,-2.13E-05
351.3,0.138402672,-2.21E-05,-2.13E-05
351.3333333,0.138358527,-2.21E-05,-2.13E-05
351.3666667,0.138314394,-2.21E-05,-2.12E-05
351.4,0.138270272,-2.21E-05,-2.12E-05
351.4333333,0.138226161,-2.21E-05,-2.12E-05
351.4666667,0.138182061,-2.20E-05,-2.12E-05
351.5,0.138137973,-2.20E-05,-2.12E-05
351.5333333,0.138093895,-2.20E-05,-2.12E-05
351.5666667,0.138049829,-2.20E-05,-2.12E-05
351.6,0.138005774,-2.20E-05,-2.12E-05
351.6333333,0.13796173,-2.20E-05,-2.12E-05
351.6666667,0.137917697,-2.20E-05,-2.12E-05
351.7,0.137873675,-2.20E-05,-2.12E-05
351.7333333,0.137829665,-2.20E-05,-2.12E-05
351.7666667,0.137785665,-2.20E-05,-2.12E-05
351.8,0.137741677,-2.20E-05,-2.12E-05
351.8333333,0.137697699,-2.20E-05,-2.12E-05
351.8666667,0.137653733,-2.20E-05,-2.12E-05
351.9,0.137609778,-2.20E-05,-2.12E-05
351.9333333,0.137565834,-2.20E-05,-2.12E-05
351.9666667,0.137521902,-2.20E-05,-2.11E-05
352,0.13747798,-2.20E-05,-2.11E-05
352.0333333,0.137434069,-2.20E-05,-2.11E-05
352.0666667,0.13739017,-2.19E-05,-2.11E-05
352.1,0.137346282,-2.19E-05,-2.11E-05
352.1333333,0.137302405,-2.19E-05,-2.11E-05
352.1666667,0.137258538,-2.19E-05,-2.11E-05
352.2,0.137214684,-2.19E-05,-2.11E-05
352.2333333,0.13717084,-2.19E-05,-2.11E-05
352.2666667,0.137127007,-2.19E-05,-2.11E-05
352.3,0.137083185,-2.19E-05,-2.11E-05
352.3333333,0.137039375,-2.19E-05,-2.11E-05
352.3666667,0.136995575,-2.19E-05,-2.11E-05
352.4,0.136951787,-2.19E-05,-2.11E-05
352.4333333,0.13690801,-2.19E-05,-2.11E-05
352.4666667,0.136864244,-2.19E-05,-2.11E-05
352.5,0.136820489,-2.19E-05,-2.11E-05
352.5333333,0.136776745,-2.19E-05,-2.11E-05
352.5666667,0.136733012,-2.19E-05,-2.11E-05
352.6,0.13668929,-2.19E-05,-2.10E-05
352.6333333,0.136645579,-2.19E-05,-2.10E-05
352.6666667,0.13660188,-2.18E-05,-2.10E-05
352.7,0.136558191,-2.18E-05,-2.10E-05
352.7333333,0.136514514,-2.18E-05,-2.10E-05
352.7666667,0.136470847,-2.18E-05,-2.10E-05
352.8,0.136427192,-2.18E-05,-2.10E-05
352.8333333,0.136383548,-2.18E-05,-2.10E-05
352.8666667,0.136339915,-2.18E-05,-2.10E-05
352.9,0.136296293,-2.18E-05,-2.10E-05
352.9333333,0.136252682,-2.18E-05,-2.10E-05
352.9666667,0.136209082,-2.18E-05,-2.10E-05
353,0.136165493,-2.18E-05,-2.10E-05
353.0333333,0.136121915,-2.18E-05,-2.10E-05
353.0666667,0.136078349,-2.18E-05,-2.10E-05
353.1,0.136034793,-2.18E-05,-2.10E-05
353.1333333,0.135991248,-2.18E-05,-2.10E-05
353.1666667,0.135947715,-2.18E-05,-2.10E-05
353.2,0.135904193,-2.18E-05,-2.09E-05
353.2333333,0.135860681,-2.18E-05,-2.09E-05
353.2666667,0.135817181,-2.18E-05,-2.09E-05
353.3,0.135773692,-2.17E-05,-2.09E-05
353.3333333,0.135730213,-2.17E-05,-2.09E-05
353.3666667,0.135686746,-2.17E-05,-2.09E-05
353.4,0.13564329,-2.17E-05,-2.09E-05
353.4333333,0.135599845,-2.17E-05,-2.09E-05
353.4666667,0.135556411,-2.17E-05,-2.09E-05
353.5,0.135512988,-2.17E-05,-2.09E-05
353.5333333,0.135469576,-2.17E-05,-2.09E-05
353.5666667,0.135426175,-2.17E-05,-2.09E-05
353.6,0.135382786,-2.17E-05,-2.09E-05
353.6333333,0.135339407,-2.17E-05,-2.09E-05
353.6666667,0.135296039,-2.17E-05,-2.09E-05
353.7,0.135252682,-2.17E-05,-2.09E-05
353.7333333,0.135209337,-2.17E-05,-2.09E-05
353.7666667,0.135166002,-2.17E-05,-2.09E-05
353.8,0.135122678,-2.17E-05,-2.09E-05
353.8333333,0.135079366,-2.17E-05,-2.08E-05
353.8666667,0.135036064,-2.17E-05,-2.08E-05
353.9,0.134992774,-2.16E-05,-2.08E-05
353.9333333,0.134949494,-2.16E-05,-2.08E-05
353.9666667,0.134906226,-2.16E-05,-2.08E-05
354,0.134862968,-2.16E-05,-2.08E-05
354.0333333,0.134819722,-2.16E-05,-2.08E-05
354.0666667,0.134776486,-2.16E-05,-2.08E-05
354.1,0.134733262,-2.16E-05,-2.08E-05
354.1333333,0.134690049,-2.16E-05,-2.08E-05
354.1666667,0.134646846,-2.16E-05,-2.08E-05
354.2,0.134603655,-2.16E-05,-2.08E-05
354.2333333,0.134560475,-2.16E-05,-2.08E-05
354.2666667,0.134517305,-2.16E-05,-2.08E-05
354.3,0.134474147,-2.16E-05,-2.08E-05
354.3333333,0.134431,-2.16E-05,-2.08E-05
354.3666667,0.134387863,-2.16E-05,-2.08E-05
354.4,0.134344738,-2.16E-05,-2.08E-05
354.4333333,0.134301624,-2.16E-05,-2.08E-05
354.4666667,0.13425852,-2.16E-05,-2.07E-05
354.5,0.134215428,-2.15E-05,-2.07E-05
354.5333333,0.134172347,-2.15E-05,-2.07E-05
354.5666667,0.134129276,-2.15E-05,-2.07E-05
354.6,0.134086217,-2.15E-05,-2.07E-05
354.6333333,0.134043169,-2.15E-05,-2.07E-05
354.6666667,0.134000131,-2.15E-05,-2.07E-05
354.7,0.133957105,-2.15E-05,-2.07E-05
354.7333333,0.13391409,-2.15E-05,-2.07E-05
354.7666667,0.133871085,-2.15E-05,-2.07E-05
354.8,0.133828092,-2.15E-05,-2.07E-05
354.8333333,0.133785109,-2.15E-05,-2.07E-05
354.8666667,0.133742138,-2.15E-05,-2.07E-05
354.9,0.133699177,-2.15E-05,-2.07E-05
354.9333333,0.133656228,-2.15E-05,-2.07E-05
354.9666667,0.133613289,-2.15E-05,-2.07E-05
355,0.133570362,-2.15E-05,-2.07E-05
355.0333333,0.133527445,-2.15E-05,-2.07E-05
355.0666667,0.13348454,-2.15E-05,-2.06E-05
355.1,0.133441645,-2.14E-05,-2.06E-05
355.1333333,0.133398761,-2.14E-05,-2.06E-05
355.1666667,0.133355889,-2.14E-05,-2.06E-05
355.2,0.133313027,-2.14E-05,-2.06E-05
355.2333333,0.133270176,-2.14E-05,-2.06E-05
355.2666667,0.133227336,-2.14E-05,-2.06E-05
355.3,0.133184507,-2.14E-05,-2.06E-05
355.3333333,0.13314169,-2.14E-05,-2.06E-05
355.3666667,0.133098883,-2.14E-05,-2.06E-05
355.4,0.133056087,-2.14E-05,-2.06E-05
355.4333333,0.133013302,-2.14E-05,-2.06E-05
355.4666667,0.132970528,-2.14E-05,-2.06E-05
355.5,0.132927764,-2.14E-05,-2.06E-05
355.5333333,0.132885012,-2.14E-05,-2.06E-05
355.5666667,0.132842271,-2.14E-05,-2.06E-05
355.6,0.132799541,-2.14E-05,-2.06E-05
355.6333333,0.132756821,-2.14E-05,-2.06E-05
355.6666667,0.132714113,-2.14E-05,-2.06E-05
355.7,0.132671415,-2.13E-05,-2.05E-05
355.7333333,0.132628729,-2.13E-05,-2.05E-05
355.7666667,0.132586053,-2.13E-05,-2.05E-05
355.8,0.132543388,-2.13E-05,-2.05E-05
355.8333333,0.132500735,-2.13E-05,-2.05E-05
355.8666667,0.132458092,-2.13E-05,-2.05E-05
355.9,0.13241546,-2.13E-05,-2.05E-05
355.9333333,0.132372839,-2.13E-05,-2.05E-05
355.9666667,0.132330229,-2.13E-05,-2.05E-05
356,0.13228763,-2.13E-05,-2.05E-05
356.0333333,0.132245042,-2.13E-05,-2.05E-05
356.0666667,0.132202464,-2.13E-05,-2.05E-05
356.1,0.132159898,-2.13E-05,-2.05E-05
356.1333333,0.132117343,-2.13E-05,-2.05E-05
356.1666667,0.132074798,-2.13E-05,-2.05E-05
356.2,0.132032265,-2.13E-05,-2.05E-05
356.2333333,0.131989742,-2.13E-05,-2.05E-05
356.2666667,0.13194723,-2.13E-05,-2.05E-05
356.3,0.131904729,-2.13E-05,-2.05E-05
356.3333333,0.131862239,-2.12E-05,-2.04E-05
356.3666667,0.13181976,-2.12E-05,-2.04E-05
356.4,0.131777292,-2.12E-05,-2.04E-05
356.4333333,0.131734835,-2.12E-05,-2.04E-05
356.4666667,0.131692388,-2.12E-05,-2.04E-05
356.5,0.131649953,-2.12E-05,-2.04E-05
356.5333333,0.131607528,-2.12E-05,-2.04E-05
356.5666667,0.131565115,-2.12E-05,-2.04E-05
356.6,0.131522712,-2.12E-05,-2.04E-05
356.6333333,0.13148032,-2.12E-05,-2.04E-05
356.6666667,0.131437939,-2.12E-05,-2.04E-05
356.7,0.131395569,-2.12E-05,-2.04E-05
356.7333333,0.13135321,-2.12E-05,-2.04E-05
356.7666667,0.131310862,-2.12E-05,-2.04E-05
356.8,0.131268524,-2.12E-05,-2.04E-05
356.8333333,0.131226198,-2.12E-05,-2.04E-05
356.8666667,0.131183882,-2.12E-05,-2.04E-05
356.9,0.131141577,-2.12E-05,-2.04E-05
356.9333333,0.131099283,-2.11E-05,-2.04E-05
356.9666667,0.131057,-2.11E-05,-2.03E-05
357,0.131014728,-2.11E-05,-2.03E-05
357.0333333,0.130972467,-2.11E-05,-2.03E-05
357.0666667,0.130930216,-2.11E-05,-2.03E-05
357.1,0.130887977,-2.11E-05,-2.03E-05
357.1333333,0.130845748,-2.11E-05,-2.03E-05
357.1666667,0.13080353,-2.11E-05,-2.03E-05
357.2,0.130761324,-2.11E-05,-2.03E-05
357.2333333,0.130719127,-2.11E-05,-2.03E-05
357.2666667,0.130676942,-2.11E-05,-2.03E-05
357.3,0.130634768,-2.11E-05,-2.03E-05
357.3333333,0.130592604,-2.11E-05,-2.03E-05
357.3666667,0.130550452,-2.11E-05,-2.03E-05
357.4,0.13050831,-2.11E-05,-2.03E-05
357.4333333,0.130466179,-2.11E-05,-2.03E-05
357.4666667,0.130424059,-2.11E-05,-2.03E-05
357.5,0.13038195,-2.11E-05,-2.03E-05
357.5333333,0.130339851,-2.10E-05,-2.03E-05
357.5666667,0.130297764,-2.10E-05,-2.03E-05
357.6,0.130255687,-2.10E-05,-2.02E-05
357.6333333,0.130213621,-2.10E-05,-2.02E-05
357.6666667,0.130171566,-2.10E-05,-2.02E-05
357.7,0.130129522,-2.10E-05,-2.02E-05
357.7333333,0.130087489,-2.10E-05,-2.02E-05
357.7666667,0.130045466,-2.10E-05,-2.02E-05
357.8,0.130003455,-2.10E-05,-2.02E-05
357.8333333,0.129961454,-2.10E-05,-2.02E-05
357.8666667,0.129919464,-2.10E-05,-2.02E-05
357.9,0.129877485,-2.10E-05,-2.02E-05
357.9333333,0.129835516,-2.10E-05,-2.02E-05
357.9666667,0.129793559,-2.10E-05,-2.02E-05
358,0.129751612,-2.10E-05,-2.02E-05
358.0333333,0.129709676,-2.10E-05,-2.02E-05
358.0666667,0.129667751,-2.10E-05,-2.02E-05
358.1,0.129625837,-2.10E-05,-2.02E-05
358.1333333,0.129583934,-2.10E-05,-2.02E-05
358.1666667,0.129542041,-2.09E-05,-2.02E-05
358.2,0.129500159,-2.09E-05,-2.02E-05
358.2333333,0.129458288,-2.09E-05,-2.01E-05
358.2666667,0.129416428,-2.09E-05,-2.01E-05
358.3,0.129374579,-2.09E-05,-2.01E-05
358.3333333,0.129332741,-2.09E-05,-2.01E-05
358.3666667,0.129290913,-2.09E-05,-2.01E-05
358.4,0.129249096,-2.09E-05,-2.01E-05
358.4333333,0.12920729,-2.09E-05,-2.01E-05
358.4666667,0.129165495,-2.09E-05,-2.01E-05
358.5,0.12912371,-2.09E-05,-2.01E-05
358.5333333,0.129081936,-2.09E-05,-2.01E-05
358.5666667,0.129040173,-2.09E-05,-2.01E-05
358.6,0.128998421,-2.09E-05,-2.01E-05
358.6333333,0.12895668,-2.09E-05,-2.01E-05
358.6666667,0.12891495,-2.09E-05,-2.01E-05
358.7,0.12887323,-2.09E-05,-2.01E-05
358.7333333,0.128831521,-2.09E-05,-2.01E-05
358.7666667,0.128789823,-2.08E-05,-2.01E-05
358.8,0.128748135,-2.08E-05,-2.01E-05
358.8333333,0.128706459,-2.08E-05,-2.01E-05
358.8666667,0.128664793,-2.08E-05,-2.00E-05
358.9,0.128623138,-2.08E-05,-2.00E-05
358.9333333,0.128581494,-2.08E-05,-2.00E-05
358.9666667,0.12853986,-2.08E-05,-2.00E-05
359,0.128498238,-2.08E-05,-2.00E-05
359.0333333,0.128456626,-2.08E-05,-2.00E-05
359.0666667,0.128415024,-2.08E-05,-2.00E-05
359.1,0.128373434,-2.08E-05,-2.00E-05
359.1333333,0.128331855,-2.08E-05,-2.00E-05
359.1666667,0.128290286,-2.08E-05,-2.00E-05
359.2,0.128248728,-2.08E-05,-2.00E-05
359.2333333,0.12820718,-2.08E-05,-2.00E-05
359.2666667,0.128165644,-2.08E-05,-2.00E-05
359.3,0.128124118,-2.08E-05,-2.00E-05
359.3333333,0.128082603,-2.08E-05,-2.00E-05
359.3666667,0.128041099,-2.08E-05,-2.00E-05
359.4,0.127999605,-2.07E-05,-2.00E-05
359.4333333,0.127958122,-2.07E-05,-2.00E-05
359.4666667,0.12791665,-2.07E-05,-2.00E-05
359.5,0.127875189,-2.07E-05,-1.99E-05
359.5333333,0.127833739,-2.07E-05,-1.99E-05
359.5666667,0.127792299,-2.07E-05,-1.99E-05
359.6,0.12775087,-2.07E-05,-1.99E-05
359.6333333,0.127709452,-2.07E-05,-1.99E-05
359.6666667,0.127668044,-2.07E-05,-1.99E-05
359.7,0.127626647,-2.07E-05,-1.99E-05
359.7333333,0.127585261,-2.07E-05,-1.99E-05
359.7666667,0.127543886,-2.07E-05,-1.99E-05
359.8,0.127502521,-2.07E-05,-1.99E-05
359.8333333,0.127461168,-2.07E-05,-1.99E-05
359.8666667,0.127419824,-2.07E-05,-1.99E-05
359.9,0.127378492,-2.07E-05,-1.99E-05
359.9333333,0.12733717,-2.07E-05,-1.99E-05
359.9666667,0.127295859,-2.07E-05,-1.99E-05
360,0.127254559,-2.07E-05,-1.99E-05
360.0333333,0.12721327,-2.06E-05,-1.99E-05
360.0666667,0.127171991,-2.06E-05,-1.99E-05
360.1,0.127130723,-2.06E-05,-1.99E-05
360.1333333,0.127089466,-2.06E-05,-1.98E-05
360.1666667,0.127048219,-2.06E-05,-1.98E-05
360.2,0.127006983,-2.06E-05,-1.98E-05
360.2333333,0.126965758,-2.06E-05,-1.98E-05
360.2666667,0.126924544,-2.06E-05,-1.98E-05
360.3,0.12688334,-2.06E-05,-1.98E-05
360.3333333,0.126842147,-2.06E-05,-1.98E-05
360.3666667,0.126800965,-2.06E-05,-1.98E-05
360.4,0.126759793,-2.06E-05,-1.98E-05
360.4333333,0.126718632,-2.06E-05,-1.98E-05
360.4666667,0.126677482,-2.06E-05,-1.98E-05
360.5,0.126636342,-2.06E-05,-1.98E-05
360.5333333,0.126595213,-2.06E-05,-1.98E-05
360.5666667,0.126554095,-2.06E-05,-1.98E-05
360.6,0.126512988,-2.06E-05,-1.98E-05
360.6333333,0.126471891,-2.05E-05,-1.98E-05
360.6666667,0.126430805,-2.05E-05,-1.98E-05
360.7,0.12638973,-2.05E-05,-1.98E-05
360.7333333,0.126348665,-2.05E-05,-1.98E-05
360.7666667,0.126307611,-2.05E-05,-1.97E-05
360.8,0.126266568,-2.05E-05,-1.97E-05
360.8333333,0.126225535,-2.05E-05,-1.97E-05
360.8666667,0.126184513,-2.05E-05,-1.97E-05
360.9,0.126143502,-2.05E-05,-1.97E-05
360.9333333,0.126102502,-2.05E-05,-1.97E-05
360.9666667,0.126061512,-2.05E-05,-1.97E-05
361,0.126020533,-2.05E-05,-1.97E-05
361.0333333,0.125979564,-2.05E-05,-1.97E-05
361.0666667,0.125938606,-2.05E-05,-1.97E-05
361.1,0.125897659,-2.05E-05,-1.97E-05
361.1333333,0.125856722,-2.05E-05,-1.97E-05
361.1666667,0.125815797,-2.05E-05,-1.97E-05
361.2,0.125774881,-2.05E-05,-1.97E-05
361.2333333,0.125733977,-2.05E-05,-1.97E-05
361.2666667,0.125693083,-2.04E-05,-1.97E-05
361.3,0.1256522,-2.04E-05,-1.97E-05
361.3333333,0.125611327,-2.04E-05,-1.97E-05
361.3666667,0.125570465,-2.04E-05,-1.97E-05
361.4,0.125529614,-2.04E-05,-1.97E-05
361.4333333,0.125488774,-2.04E-05,-1.96E-05
361.4666667,0.125447944,-2.04E-05,-1.96E-05
361.5,0.125407124,-2.04E-05,-1.96E-05
361.5333333,0.125366316,-2.04E-05,-1.96E-05
361.5666667,0.125325518,-2.04E-05,-1.96E-05
361.6,0.12528473,-2.04E-05,-1.96E-05
361.6333333,0.125243954,-2.04E-05,-1.96E-05
361.6666667,0.125203188,-2.04E-05,-1.96E-05
361.7,0.125162432,-2.04E-05,-1.96E-05
361.7333333,0.125121687,-2.04E-05,-1.96E-05
361.7666667,0.125080953,-2.04E-05,-1.96E-05
361.8,0.12504023,-2.04E-05,-1.96E-05
361.8333333,0.124999517,-2.04E-05,-1.96E-05
361.8666667,0.124958815,-2.04E-05,-1.96E-05
361.9,0.124918123,-2.03E-05,-1.96E-05
361.9333333,0.124877442,-2.03E-05,-1.96E-05
361.9666667,0.124836772,-2.03E-05,-1.96E-05
362,0.124796112,-2.03E-05,-1.96E-05
362.0333333,0.124755463,-2.03E-05,-1.96E-05
362.0666667,0.124714825,-2.03E-05,-1.95E-05
362.1,0.124674197,-2.03E-05,-1.95E-05
362.1333333,0.124633579,-2.03E-05,-1.95E-05
362.1666667,0.124592973,-2.03E-05,-1.95E-05
362.2,0.124552377,-2.03E-05,-1.95E-05
362.2333333,0.124511791,-2.03E-05,-1.95E-05
362.2666667,0.124471217,-2.03E-05,-1.95E-05
362.3,0.124430652,-2.03E-05,-1.95E-05
362.3333333,0.124390099,-2.03E-05,-1.95E-05
362.3666667,0.124349556,-2.03E-05,-1.95E-05
362.4,0.124309024,-2.03E-05,-1.95E-05
362.4333333,0.124268502,-2.03E-05,-1.95E-05
362.4666667,0.124227991,-2.03E-05,-1.95E-05
362.5,0.12418749,-2.03E-05,-1.95E-05
362.5333333,0.124147,-2.02E-05,-1.95E-05
362.5666667,0.124106521,-2.02E-05,-1.95E-05
362.6,0.124066052,-2.02E-05,-1.95E-05
362.6333333,0.124025594,-2.02E-05,-1.95E-05
362.6666667,0.123985146,-2.02E-05,-1.95E-05
362.7,0.123944709,-2.02E-05,-1.94E-05
362.7333333,0.123904283,-2.02E-05,-1.94E-05
362.7666667,0.123863867,-2.02E-05,-1.94E-05
362.8,0.123823462,-2.02E-05,-1.94E-05
362.8333333,0.123783067,-2.02E-05,-1.94E-05
362.8666667,0.123742683,-2.02E-05,-1.94E-05
362.9,0.12370231,-2.02E-05,-1.94E-05
362.9333333,0.123661947,-2.02E-05,-1.94E-05
362.9666667,0.123621595,-2.02E-05,-1.94E-05
363,0.123581253,-2.02E-05,-1.94E-05
363.0333333,0.123540922,-2.02E-05,-1.94E-05
363.0666667,0.123500601,-2.02E-05,-1.94E-05
363.1,0.123460291,-2.02E-05,-1.94E-05
363.1333333,0.123419991,-2.01E-05,-1.94E-05
363.1666667,0.123379703,-2.01E-05,-1.94E-05
363.2,0.123339424,-2.01E-05,-1.94E-05
363.2333333,0.123299156,-2.01E-05,-1.94E-05
363.2666667,0.123258899,-2.01E-05,-1.94E-05
363.3,0.123218653,-2.01E-05,-1.94E-05
363.3333333,0.123178416,-2.01E-05,-1.94E-05
363.3666667,0.123138191,-2.01E-05,-1.93E-05
363.4,0.123097976,-2.01E-05,-1.93E-05
363.4333333,0.123057771,-2.01E-05,-1.93E-05
363.4666667,0.123017578,-2.01E-05,-1.93E-05
363.5,0.122977394,-2.01E-05,-1.93E-05
363.5333333,0.122937221,-2.01E-05,-1.93E-05
363.5666667,0.122897059,-2.01E-05,-1.93E-05
363.6,0.122856908,-2.01E-05,-1.93E-05
363.6333333,0.122816766,-2.01E-05,-1.93E-05
363.6666667,0.122776636,-2.01E-05,-1.93E-05
363.7,0.122736516,-2.01E-05,-1.93E-05
363.7333333,0.122696406,-2.01E-05,-1.93E-05
363.7666667,0.122656307,-2.00E-05,-1.93E-05
363.8,0.122616219,-2.00E-05,-1.93E-05
363.8333333,0.122576141,-2.00E-05,-1.93E-05
363.8666667,0.122536073,-2.00E-05,-1.93E-05
363.9,0.122496016,-2.00E-05,-1.93E-05
363.9333333,0.12245597,-2.00E-05,-1.93E-05
363.9666667,0.122415934,-2.00E-05,-1.93E-05
364,0.122375909,-2.00E-05,-1.92E-05
364.0333333,0.122335894,-2.00E-05,-1.92E-05
364.0666667,0.12229589,-2.00E-05,-1.92E-05
364.1,0.122255896,-2.00E-05,-1.92E-05
364.1333333,0.122215913,-2.00E-05,-1.92E-05
364.1666667,0.12217594,-2.00E-05,-1.92E-05
364.2,0.122135978,-2.00E-05,-1.92E-05
364.2333333,0.122096026,-2.00E-05,-1.92E-05
364.2666667,0.122056085,-2.00E-05,-1.92E-05
364.3,0.122016155,-2.00E-05,-1.92E-05
364.3333333,0.121976234,-2.00E-05,-1.92E-05
364.3666667,0.121936325,-2.00E-05,-1.92E-05
364.4,0.121896426,-1.99E-05,-1.92E-05
364.4333333,0.121856537,-1.99E-05,-1.92E-05
364.4666667,0.121816659,-1.99E-05,-1.92E-05
364.5,0.121776791,-1.99E-05,-1.92E-05
364.5333333,0.121736934,-1.99E-05,-1.92E-05
364.5666667,0.121697087,-1.99E-05,-1.92E-05
364.6,0.121657251,-1.99E-05,-1.92E-05
364.6333333,0.121617426,-1.99E-05,-1.92E-05
364.6666667,0.12157761,-1.99E-05,-1.91E-05
364.7,0.121537806,-1.99E-05,-1.91E-05
364.7333333,0.121498011,-1.99E-05,-1.91E-05
364.7666667,0.121458228,-1.99E-05,-1.91E-05
364.8,0.121418455,-1.99E-05,-1.91E-05
364.8333333,0.121378692,-1.99E-05,-1.91E-05
364.8666667,0.121338939,-1.99E-05,-1.91E-05
364.9,0.121299198,-1.99E-05,-1.91E-05
364.9333333,0.121259466,-1.99E-05,-1.91E-05
364.9666667,0.121219746,-1.99E-05,-1.91E-05
365,0.121180035,-1.99E-05,-1.91E-05
365.0333333,0.121140335,-1.98E-05,-1.91E-05
365.0666667,0.121100646,-1.98E-05,-1.91E-05
365.1,0.121060967,-1.98E-05,-1.91E-05
365.1333333,0.121021298,-1.98E-05,-1.91E-05
365.1666667,0.12098164,-1.98E-05,-1.91E-05
365.2,0.120941993,-1.98E-05,-1.91E-05
365.2333333,0.120902356,-1.98E-05,-1.91E-05
365.2666667,0.120862729,-1.98E-05,-1.91E-05
365.3,0.120823113,-1.98E-05,-1.91E-05
365.3333333,0.120783507,-1.98E-05,-1.90E-05
365.3666667,0.120743912,-1.98E-05,-1.90E-05
365.4,0.120704327,-1.98E-05,-1.90E-05
365.4333333,0.120664753,-1.98E-05,-1.90E-05
365.4666667,0.120625189,-1.98E-05,-1.90E-05
365.5,0.120585635,-1.98E-05,-1.90E-05
365.5333333,0.120546092,-1.98E-05,-1.90E-05
365.5666667,0.12050656,-1.98E-05,-1.90E-05
365.6,0.120467037,-1.98E-05,-1.90E-05
365.6333333,0.120427526,-1.98E-05,-1.90E-05
365.6666667,0.120388024,-1.98E-05,-1.90E-05
365.7,0.120348534,-1.97E-05,-1.90E-05
365.7333333,0.120309053,-1.97E-05,-1.90E-05
365.7666667,0.120269583,-1.97E-05,-1.90E-05
365.8,0.120230124,-1.97E-05,-1.90E-05
365.8333333,0.120190675,-1.97E-05,-1.90E-05
365.8666667,0.120151236,-1.97E-05,-1.90E-05
365.9,0.120111808,-1.97E-05,-1.90E-05
365.9333333,0.12007239,-1.97E-05,-1.90E-05
365.9666667,0.120032982,-1.97E-05,-1.89E-05
366,0.119993585,-1.97E-05,-1.89E-05
366.0333333,0.119954199,-1.97E-05,-1.89E-05
366.0666667,0.119914823,-1.97E-05,-1.89E-05
366.1,0.119875457,-1.97E-05,-1.89E-05
366.1333333,0.119836102,-1.97E-05,-1.89E-05
366.1666667,0.119796757,-1.97E-05,-1.89E-05
366.2,0.119757422,-1.97E-05,-1.89E-05
366.2333333,0.119718098,-1.97E-05,-1.89E-05
366.2666667,0.119678785,-1.97E-05,-1.89E-05
366.3,0.119639481,-1.97E-05,-1.89E-05
366.3333333,0.119600189,-1.96E-05,-1.89E-05
366.3666667,0.119560906,-1.96E-05,-1.89E-05
366.4,0.119521634,-1.96E-05,-1.89E-05
366.4333333,0.119482372,-1.96E-05,-1.89E-05
366.4666667,0.119443121,-1.96E-05,-1.89E-05
366.5,0.11940388,-1.96E-05,-1.89E-05
366.5333333,0.11936465,-1.96E-05,-1.89E-05
366.5666667,0.11932543,-1.96E-05,-1.89E-05
366.6,0.11928622,-1.96E-05,-1.89E-05
366.6333333,0.119247021,-1.96E-05,-1.88E-05
366.6666667,0.119207832,-1.96E-05,-1.88E-05
366.7,0.119168654,-1.96E-05,-1.88E-05
366.7333333,0.119129485,-1.96E-05,-1.88E-05
366.7666667,0.119090328,-1.96E-05,-1.88E-05
366.8,0.11905118,-1.96E-05,-1.88E-05
366.8333333,0.119012043,-1.96E-05,-1.88E-05
366.8666667,0.118972917,-1.96E-05,-1.88E-05
366.9,0.118933801,-1.96E-05,-1.88E-05
366.9333333,0.118894695,-1.96E-05,-1.88E-05
366.9666667,0.118855599,-1.95E-05,-1.88E-05
367,0.118816514,-1.95E-05,-1.88E-05
367.0333333,0.118777439,-1.95E-05,-1.88E-05
367.0666667,0.118738375,-1.95E-05,-1.88E-05
367.1,0.118699321,-1.95E-05,-1.88E-05
367.1333333,0.118660277,-1.95E-05,-1.88E-05
367.1666667,0.118621244,-1.95E-05,-1.88E-05
367.2,0.118582221,-1.95E-05,-1.88E-05
367.2333333,0.118543209,-1.95E-05,-1.88E-05
367.2666667,0.118504206,-1.95E-05,-1.88E-05
367.3,0.118465215,-1.95E-05,-1.87E-05
367.3333333,0.118426233,-1.95E-05,-1.87E-05
367.3666667,0.118387262,-1.95E-05,-1.87E-05
367.4,0.118348301,-1.95E-05,-1.87E-05
367.4333333,0.118309351,-1.95E-05,-1.87E-05
367.4666667,0.118270411,-1.95E-05,-1.87E-05
367.5,0.118231481,-1.95E-05,-1.87E-05
367.5333333,0.118192561,-1.95E-05,-1.87E-05
367.5666667,0.118153652,-1.95E-05,-1.87E-05
367.6,0.118114754,-1.94E-05,-1.87E-05
367.6333333,0.118075865,-1.94E-05,-1.87E-05
367.6666667,0.118036987,-1.94E-05,-1.87E-05
367.7,0.11799812,-1.94E-05,-1.87E-05
367.7333333,0.117959262,-1.94E-05,-1.87E-05
367.7666667,0.117920415,-1.94E-05,-1.87E-05
367.8,0.117881578,-1.94E-05,-1.87E-05
367.8333333,0.117842752,-1.94E-05,-1.87E-05
367.8666667,0.117803936,-1.94E-05,-1.87E-05
367.9,0.11776513,-1.94E-05,-1.87E-05
367.9333333,0.117726335,-1.94E-05,-1.87E-05
367.9666667,0.11768755,-1.94E-05,-1.86E-05
368,0.117648775,-1.94E-05,-1.86E-05
368.0333333,0.11761001,-1.94E-05,-1.86E-05
368.0666667,0.117571256,-1.94E-05,-1.86E-05
368.1,0.117532512,-1.94E-05,-1.86E-05
368.1333333,0.117493779,-1.94E-05,-1.86E-05
368.1666667,0.117455056,-1.94E-05,-1.86E-05
368.2,0.117416343,-1.94E-05,-1.86E-05
368.2333333,0.11737764,-1.94E-05,-1.86E-05
368.2666667,0.117338948,-1.93E-05,-1.86E-05
368.3,0.117300266,-1.93E-05,-1.86E-05
368.3333333,0.117261594,-1.93E-05,-1.86E-05
368.3666667,0.117222933,-1.93E-05,-1.86E-05
368.4,0.117184282,-1.93E-05,-1.86E-05
368.4333333,0.117145641,-1.93E-05,-1.86E-05
368.4666667,0.117107011,-1.93E-05,-1.86E-05
368.5,0.11706839,-1.93E-05,-1.86E-05
368.5333333,0.117029781,-1.93E-05,-1.86E-05
368.5666667,0.116991181,-1.93E-05,-1.86E-05
368.6,0.116952592,-1.93E-05,-1.86E-05
368.6333333,0.116914013,-1.93E-05,-1.85E-05
368.6666667,0.116875444,-1.93E-05,-1.85E-05
368.7,0.116836885,-1.93E-05,-1.85E-05
368.7333333,0.116798337,-1.93E-05,-1.85E-05
368.7666667,0.116759799,-1.93E-05,-1.85E-05
368.8,0.116721272,-1.93E-05,-1.85E-05
368.8333333,0.116682754,-1.93E-05,-1.85E-05
368.8666667,0.116644247,-1.93E-05,-1.85E-05
368.9,0.11660575,-1.92E-05,-1.85E-05
368.9333333,0.116567264,-1.92E-05,-1.85E-05
368.9666667,0.116528788,-1.92E-05,-1.85E-05
369,0.116490322,-1.92E-05,-1.85E-05
369.0333333,0.116451866,-1.92E-05,-1.85E-05
369.0666667,0.116413421,-1.92E-05,-1.85E-05
369.1,0.116374985,-1.92E-05,-1.85E-05
369.1333333,0.11633656,-1.92E-05,-1.85E-05
369.1666667,0.116298146,-1.92E-05,-1.85E-05
369.2,0.116259741,-1.92E-05,-1.85E-05
369.2333333,0.116221347,-1.92E-05,-1.85E-05
369.2666667,0.116182963,-1.92E-05,-1.85E-05
369.3,0.11614459,-1.92E-05,-1.84E-05
369.3333333,0.116106226,-1.92E-05,-1.84E-05
369.3666667,0.116067873,-1.92E-05,-1.84E-05
369.4,0.11602953,-1.92E-05,-1.84E-05
369.4333333,0.115991198,-1.92E-05,-1.84E-05
369.4666667,0.115952875,-1.92E-05,-1.84E-05
369.5,0.115914563,-1.92E-05,-1.84E-05
369.5333333,0.115876261,-1.92E-05,-1.84E-05
369.5666667,0.115837969,-1.91E-05,-1.84E-05
369.6,0.115799688,-1.91E-05,-1.84E-05
369.6333333,0.115761417,-1.91E-05,-1.84E-05
369.6666667,0.115723156,-1.91E-05,-1.84E-05
369.7,0.115684905,-1.91E-05,-1.84E-05
369.7333333,0.115646664,-1.91E-05,-1.84E-05
369.7666667,0.115608434,-1.91E-05,-1.84E-05
369.8,0.115570214,-1.91E-05,-1.84E-05
369.8333333,0.115532004,-1.91E-05,-1.84E-05
369.8666667,0.115493805,-1.91E-05,-1.84E-05
369.9,0.115455615,-1.91E-05,-1.84E-05
369.9333333,0.115417436,-1.91E-05,-1.84E-05
369.9666667,0.115379267,-1.91E-05,-1.83E-05
370,0.115341108,-1.91E-05,-1.83E-05
370.0333333,0.11530296,-1.91E-05,-1.83E-05
370.0666667,0.115264821,-1.91E-05,-1.83E-05
370.1,0.115226693,-1.91E-05,-1.83E-05
370.1333333,0.115188575,-1.91E-05,-1.83E-05
370.1666667,0.115150468,-1.91E-05,-1.83E-05
370.2,0.11511237,-1.90E-05,-1.83E-05
370.2333333,0.115074283,-1.90E-05,-1.83E-05
370.2666667,0.115036206,-1.90E-05,-1.83E-05
370.3,0.114998139,-1.90E-05,-1.83E-05
370.3333333,0.114960082,-1.90E-05,-1.83E-05
370.3666667,0.114922036,-1.90E-05,-1.83E-05
370.4,0.114884,-1.90E-05,-1.83E-05
370.4333333,0.114845973,-1.90E-05,-1.83E-05
370.4666667,0.114807958,-1.90E-05,-1.83E-05
370.5,0.114769952,-1.90E-05,-1.83E-05
370.5333333,0.114731956,-1.90E-05,-1.83E-05
370.5666667,0.114693971,-1.90E-05,-1.83E-05
370.6,0.114655996,-1.90E-05,-1.83E-05
370.6333333,0.114618031,-1.90E-05,-1.82E-05
370.6666667,0.114580076,-1.90E-05,-1.82E-05
370.7,0.114542132,-1.90E-05,-1.82E-05
370.7333333,0.114504197,-1.90E-05,-1.82E-05
370.7666667,0.114466273,-1.90E-05,-1.82E-05
370.8,0.114428359,-1.90E-05,-1.82E-05
370.8333333,0.114390455,-1.90E-05,-1.82E-05
370.8666667,0.114352561,-1.89E-05,-1.82E-05
370.9,0.114314678,-1.89E-05,-1.82E-05
370.9333333,0.114276804,-1.89E-05,-1.82E-05
370.9666667,0.114238941,-1.89E-05,-1.82E-05
371,0.114201088,-1.89E-05,-1.82E-05
371.0333333,0.114163245,-1.89E-05,-1.82E-05
371.0666667,0.114125412,-1.89E-05,-1.82E-05
371.1,0.11408759,-1.89E-05,-1.82E-05
371.1333333,0.114049777,-1.89E-05,-1.82E-05
371.1666667,0.114011975,-1.89E-05,-1.82E-05
371.2,0.113974183,-1.89E-05,-1.82E-05
371.2333333,0.113936401,-1.89E-05,-1.82E-05
371.2666667,0.113898629,-1.89E-05,-1.82E-05
371.3,0.113860868,-1.89E-05,-1.82E-05
371.3333333,0.113823116,-1.89E-05,-1.81E-05
371.3666667,0.113785375,-1.89E-05,-1.81E-05
371.4,0.113747644,-1.89E-05,-1.81E-05
371.4333333,0.113709923,-1.89E-05,-1.81E-05
371.4666667,0.113672212,-1.89E-05,-1.81E-05
371.5,0.113634511,-1.89E-05,-1.81E-05
371.5333333,0.11359682,-1.88E-05,-1.81E-05
371.5666667,0.11355914,-1.88E-05,-1.81E-05
371.6,0.113521469,-1.88E-05,-1.81E-05
371.6333333,0.113483809,-1.88E-05,-1.81E-05
371.6666667,0.113446159,-1.88E-05,-1.81E-05
371.7,0.113408519,-1.88E-05,-1.81E-05
371.7333333,0.113370889,-1.88E-05,-1.81E-05
371.7666667,0.113333269,-1.88E-05,-1.81E-05
371.8,0.11329566,-1.88E-05,-1.81E-05
371.8333333,0.11325806,-1.88E-05,-1.81E-05
371.8666667,0.113220471,-1.88E-05,-1.81E-05
371.9,0.113182892,-1.88E-05,-1.81E-05
371.9333333,0.113145322,-1.88E-05,-1.81E-05
371.9666667,0.113107763,-1.88E-05,-1.81E-05
372,0.113070214,-1.88E-05,-1.80E-05
372.0333333,0.113032676,-1.88E-05,-1.80E-05
372.0666667,0.112995147,-1.88E-05,-1.80E-05
372.1,0.112957628,-1.88E-05,-1.80E-05
372.1333333,0.11292012,-1.88E-05,-1.80E-05
372.1666667,0.112882622,-1.87E-05,-1.80E-05
372.2,0.112845133,-1.87E-05,-1.80E-05
372.2333333,0.112807655,-1.87E-05,-1.80E-05
372.2666667,0.112770187,-1.87E-05,-1.80E-05
372.3,0.112732729,-1.87E-05,-1.80E-05
372.3333333,0.112695281,-1.87E-05,-1.80E-05
372.3666667,0.112657843,-1.87E-05,-1.80E-05
372.4,0.112620416,-1.87E-05,-1.80E-05
372.4333333,0.112582998,-1.87E-05,-1.80E-05
372.4666667,0.112545591,-1.87E-05,-1.80E-05
372.5,0.112508193,-1.87E-05,-1.80E-05
372.5333333,0.112470806,-1.87E-05,-1.80E-05
372.5666667,0.112433429,-1.87E-05,-1.80E-05
372.6,0.112396061,-1.87E-05,-1.80E-05
372.6333333,0.112358704,-1.87E-05,-1.80E-05
372.6666667,0.112321357,-1.87E-05,-1.79E-05
372.7,0.11228402,-1.87E-05,-1.79E-05
372.7333333,0.112246693,-1.87E-05,-1.79E-05
372.7666667,0.112209377,-1.87E-05,-1.79E-05
372.8,0.11217207,-1.87E-05,-1.79E-05
372.8333333,0.112134773,-1.86E-05,-1.79E-05
372.8666667,0.112097487,-1.86E-05,-1.79E-05
372.9,0.11206021,-1.86E-05,-1.79E-05
372.9333333,0.112022944,-1.86E-05,-1.79E-05
372.9666667,0.111985687,-1.86E-05,-1.79E-05
373,0.111948441,-1.86E-05,-1.79E-05
373.0333333,0.111911205,-1.86E-05,-1.79E-05
373.0666667,0.111873979,-1.86E-05,-1.79E-05
373.1,0.111836762,-1.86E-05,-1.79E-05
373.1333333,0.111799556,-1.86E-05,-1.79E-05
373.1666667,0.11176236,-1.86E-05,-1.79E-05
373.2,0.111725174,-1.86E-05,-1.79E-05
373.2333333,0.111687998,-1.86E-05,-1.79E-05
373.2666667,0.111650832,-1.86E-05,-1.79E-05
373.3,0.111613676,-1.86E-05,-1.79E-05
373.3333333,0.111576531,-1.86E-05,-1.79E-05
373.3666667,0.111539395,-1.86E-05,-1.78E-05
373.4,0.111502269,-1.86E-05,-1.78E-05
373.4333333,0.111465153,-1.86E-05,-1.78E-05
373.4666667,0.111428048,-1.86E-05,-1.78E-05
373.5,0.111390952,-1.85E-05,-1.78E-05
373.5333333,0.111353867,-1.85E-05,-1.78E-05
373.5666667,0.111316791,-1.85E-05,-1.78E-05
373.6,0.111279726,-1.85E-05,-1.78E-05
373.6333333,0.11124267,-1.85E-05,-1.78E-05
373.6666667,0.111205625,-1.85E-05,-1.78E-05
373.7,0.111168589,-1.85E-05,-1.78E-05
373.7333333,0.111131564,-1.85E-05,-1.78E-05
373.7666667,0.111094548,-1.85E-05,-1.78E-05
373.8,0.111057543,-1.85E-05,-1.78E-05
373.8333333,0.111020547,-1.85E-05,-1.78E-05
373.8666667,0.110983562,-1.85E-05,-1.78E-05
373.9,0.110946587,-1.85E-05,-1.78E-05
373.9333333,0.110909621,-1.85E-05,-1.78E-05
373.9666667,0.110872666,-1.85E-05,-1.78E-05
374,0.110835721,-1.85E-05,-1.78E-05
374.0333333,0.110798786,-1.85E-05,-1.77E-05
374.0666667,0.11076186,-1.85E-05,-1.77E-05
374.1,0.110724945,-1.85E-05,-1.77E-05
374.1333333,0.11068804,-1.85E-05,-1.77E-05
374.1666667,0.110651144,-1.84E-05,-1.77E-05
374.2,0.110614259,-1.84E-05,-1.77E-05
374.2333333,0.110577384,-1.84E-05,-1.77E-05
374.2666667,0.110540518,-1.84E-05,-1.77E-05
374.3,0.110503663,-1.84E-05,-1.77E-05
374.3333333,0.110466818,-1.84E-05,-1.77E-05
374.3666667,0.110429983,-1.84E-05,-1.77E-05
374.4,0.110393157,-1.84E-05,-1.77E-05
374.4333333,0.110356342,-1.84E-05,-1.77E-05
374.4666667,0.110319536,-1.84E-05,-1.77E-05
374.5,0.110282741,-1.84E-05,-1.77E-05
374.5333333,0.110245956,-1.84E-05,-1.77E-05
374.5666667,0.11020918,-1.84E-05,-1.77E-05
374.6,0.110172415,-1.84E-05,-1.77E-05
374.6333333,0.110135659,-1.84E-05,-1.77E-05
374.6666667,0.110098914,-1.84E-05,-1.77E-05
374.7,0.110062178,-1.84E-05,-1.77E-05
374.7333333,0.110025453,-1.84E-05,-1.76E-05
374.7666667,0.109988737,-1.84E-05,-1.76E-05
374.8,0.109952032,-1.84E-05,-1.76E-05
374.8333333,0.109915336,-1.83E-05,-1.76E-05
374.8666667,0.10987865,-1.83E-05,-1.76E-05
374.9,0.109841974,-1.83E-05,-1.76E-05
374.9333333,0.109805309,-1.83E-05,-1.76E-05
374.9666667,0.109768653,-1.83E-05,-1.76E-05
375,0.109732007,-1.83E-05,-1.76E-05
375.0333333,0.109695371,-1.83E-05,-1.76E-05
375.0666667,0.109658745,-1.83E-05,-1.76E-05
375.1,0.109622129,-1.83E-05,-1.76E-05
375.1333333,0.109585523,-1.83E-05,-1.76E-05
375.1666667,0.109548927,-1.83E-05,-1.76E-05
375.2,0.109512341,-1.83E-05,-1.76E-05
375.2333333,0.109475765,-1.83E-05,-1.76E-05
375.2666667,0.109439198,-1.83E-05,-1.76E-05
375.3,0.109402642,-1.83E-05,-1.76E-05
375.3333333,0.109366096,-1.83E-05,-1.76E-05
375.3666667,0.109329559,-1.83E-05,-1.76E-05
375.4,0.109293033,-1.83E-05,-1.76E-05
375.4333333,0.109256516,-1.83E-05,-1.75E-05
375.4666667,0.10922001,-1.83E-05,-1.75E-05
375.5,0.109183513,-1.82E-05,-1.75E-05
375.5333333,0.109147026,-1.82E-05,-1.75E-05
375.5666667,0.109110549,-1.82E-05,-1.75E-05
375.6,0.109074082,-1.82E-05,-1.75E-05
375.6333333,0.109037625,-1.82E-05,-1.75E-05
375.6666667,0.109001178,-1.82E-05,-1.75E-05
375.7,0.108964741,-1.82E-05,-1.75E-05
375.7333333,0.108928314,-1.82E-05,-1.75E-05
375.7666667,0.108891896,-1.82E-05,-1.75E-05
375.8,0.108855489,-1.82E-05,-1.75E-05
375.8333333,0.108819092,-1.82E-05,-1.75E-05
375.8666667,0.108782704,-1.82E-05,-1.75E-05
375.9,0.108746326,-1.82E-05,-1.75E-05
375.9333333,0.108709959,-1.82E-05,-1.75E-05
375.9666667,0.108673601,-1.82E-05,-1.75E-05
376,0.108637253,-1.82E-05,-1.75E-05
376.0333333,0.108600915,-1.82E-05,-1.75E-05
376.0666667,0.108564586,-1.82E-05,-1.75E-05
376.1,0.108528268,-1.82E-05,-1.74E-05
376.1333333,0.10849196,-1.82E-05,-1.74E-05
376.1666667,0.108455661,-1.81E-05,-1.74E-05
376.2,0.108419373,-1.81E-05,-1.74E-05
376.2333333,0.108383094,-1.81E-05,-1.74E-05
376.2666667,0.108346825,-1.81E-05,-1.74E-05
376.3,0.108310566,-1.81E-05,-1.74E-05
376.3333333,0.108274317,-1.81E-05,-1.74E-05
376.3666667,0.108238078,-1.81E-05,-1.74E-05
376.4,0.108201849,-1.81E-05,-1.74E-05
376.4333333,0.10816563,-1.81E-05,-1.74E-05
376.4666667,0.10812942,-1.81E-05,-1.74E-05
376.5,0.108093221,-1.81E-05,-1.74E-05
376.5333333,0.108057031,-1.81E-05,-1.74E-05
376.5666667,0.108020851,-1.81E-05,-1.74E-05
376.6,0.107984681,-1.81E-05,-1.74E-05
376.6333333,0.107948521,-1.81E-05,-1.74E-05
376.6666667,0.107912371,-1.81E-05,-1.74E-05
376.7,0.10787623,-1.81E-05,-1.74E-05
376.7333333,0.1078401,-1.81E-05,-1.74E-05
376.7666667,0.107803979,-1.81E-05,-1.74E-05
376.8,0.107767868,-1.81E-05,-1.73E-05
376.8333333,0.107731768,-1.81E-05,-1.73E-05
376.8666667,0.107695676,-1.80E-05,-1.73E-05
376.9,0.107659595,-1.80E-05,-1.73E-05
376.9333333,0.107623524,-1.80E-05,-1.73E-05
376.9666667,0.107587462,-1.80E-05,-1.73E-05
377,0.107551411,-1.80E-05,-1.73E-05
377.0333333,0.107515369,-1.80E-05,-1.73E-05
377.0666667,0.107479337,-1.80E-05,-1.73E-05
377.1,0.107443315,-1.80E-05,-1.73E-05
377.1333333,0.107407303,-1.80E-05,-1.73E-05
377.1666667,0.1073713,-1.80E-05,-1.73E-05
377.2,0.107335308,-1.80E-05,-1.73E-05
377.2333333,0.107299325,-1.80E-05,-1.73E-05
377.2666667,0.107263352,-1.80E-05,-1.73E-05
377.3,0.107227389,-1.80E-05,-1.73E-05
377.3333333,0.107191436,-1.80E-05,-1.73E-05
377.3666667,0.107155493,-1.80E-05,-1.73E-05
377.4,0.107119559,-1.80E-05,-1.73E-05
377.4333333,0.107083635,-1.80E-05,-1.73E-05
377.4666667,0.107047721,-1.80E-05,-1.73E-05
377.5,0.107011817,-1.80E-05,-1.72E-05
377.5333333,0.106975923,-1.79E-05,-1.72E-05
377.5666667,0.106940039,-1.79E-05,-1.72E-05
377.6,0.106904164,-1.79E-05,-1.72E-05
377.6333333,0.106868299,-1.79E-05,-1.72E-05
377.6666667,0.106832444,-1.79E-05,-1.72E-05
377.7,0.106796599,-1.79E-05,-1.72E-05
377.7333333,0.106760764,-1.79E-05,-1.72E-05
377.7666667,0.106724938,-1.79E-05,-1.72E-05
377.8,0.106689123,-1.79E-05,-1.72E-05
377.8333333,0.106653317,-1.79E-05,-1.72E-05
377.8666667,0.106617521,-1.79E-05,-1.72E-05
377.9,0.106581734,-1.79E-05,-1.72E-05
377.9333333,0.106545958,-1.79E-05,-1.72E-05
377.9666667,0.106510191,-1.79E-05,-1.72E-05
378,0.106474434,-1.79E-05,-1.72E-05
378.0333333,0.106438687,-1.79E-05,-1.72E-05
378.0666667,0.10640295,-1.79E-05,-1.72E-05
378.1,0.106367222,-1.79E-05,-1.72E-05
378.1333333,0.106331505,-1.79E-05,-1.72E-05
378.1666667,0.106295797,-1.79E-05,-1.72E-05
378.2,0.106260099,-1.78E-05,-1.71E-05
378.2333333,0.10622441,-1.78E-05,-1.71E-05
378.2666667,0.106188732,-1.78E-05,-1.71E-05
378.3,0.106153063,-1.78E-05,-1.71E-05
378.3333333,0.106117404,-1.78E-05,-1.71E-05
378.3666667,0.106081755,-1.78E-05,-1.71E-05
378.4,0.106046115,-1.78E-05,-1.71E-05
378.4333333,0.106010486,-1.78E-05,-1.71E-05
378.4666667,0.105974866,-1.78E-05,-1.71E-05
378.5,0.105939256,-1.78E-05,-1.71E-05
378.5333333,0.105903655,-1.78E-05,-1.71E-05
378.5666667,0.105868065,-1.78E-05,-1.71E-05
378.6,0.105832484,-1.78E-05,-1.71E-05
378.6333333,0.105796913,-1.78E-05,-1.71E-05
378.6666667,0.105761352,-1.78E-05,-1.71E-05
378.7,0.1057258,-1.78E-05,-1.71E-05
378.7333333,0.105690258,-1.78E-05,-1.71E-05
378.7666667,0.105654726,-1.78E-05,-1.71E-05
378.8,0.105619204,-1.78E-05,-1.71E-05
378.8333333,0.105583692,-1.78E-05,-1.71E-05
378.8666667,0.105548189,-1.78E-05,-1.71E-05
378.9,0.105512696,-1.77E-05,-1.70E-05
378.9333333,0.105477213,-1.77E-05,-1.70E-05
378.9666667,0.105441739,-1.77E-05,-1.70E-05
379,0.105406276,-1.77E-05,-1.70E-05
379.0333333,0.105370822,-1.77E-05,-1.70E-05
379.0666667,0.105335377,-1.77E-05,-1.70E-05
379.1,0.105299943,-1.77E-05,-1.70E-05
379.1333333,0.105264518,-1.77E-05,-1.70E-05
379.1666667,0.105229103,-1.77E-05,-1.70E-05
379.2,0.105193698,-1.77E-05,-1.70E-05
379.2333333,0.105158302,-1.77E-05,-1.70E-05
379.2666667,0.105122917,-1.77E-05,-1.70E-05
379.3,0.105087541,-1.77E-05,-1.70E-05
379.3333333,0.105052174,-1.77E-05,-1.70E-05
379.3666667,0.105016818,-1.77E-05,-1.70E-05
379.4,0.104981471,-1.77E-05,-1.70E-05
379.4333333,0.104946134,-1.77E-05,-1.70E-05
379.4666667,0.104910806,-1.77E-05,-1.70E-05
379.5,0.104875488,-1.77E-05,-1.70E-05
379.5333333,0.10484018,-1.77E-05,-1.70E-05
379.5666667,0.104804882,-1.76E-05,-1.70E-05
379.6,0.104769594,-1.76E-05,-1.70E-05
379.6333333,0.104734315,-1.76E-05,-1.69E-05
379.6666667,0.104699046,-1.76E-05,-1.69E-05
379.7,0.104663786,-1.76E-05,-1.69E-05
379.7333333,0.104628536,-1.76E-05,-1.69E-05
379.7666667,0.104593296,-1.76E-05,-1.69E-05
379.8,0.104558066,-1.76E-05,-1.69E-05
379.8333333,0.104522846,-1.76E-05,-1.69E-05
379.8666667,0.104487635,-1.76E-05,-1.69E-05
379.9,0.104452433,-1.76E-05,-1.69E-05
379.9333333,0.104417242,-1.76E-05,-1.69E-05
379.9666667,0.10438206,-1.76E-05,-1.69E-05
380,0.104346888,-1.76E-05,-1.69E-05
380.0333333,0.104311726,-1.76E-05,-1.69E-05
380.0666667,0.104276573,-1.76E-05,-1.69E-05
380.1,0.10424143,-1.76E-05,-1.69E-05
380.1333333,0.104206296,-1.76E-05,-1.69E-05
380.1666667,0.104171173,-1.76E-05,-1.69E-05
380.2,0.104136059,-1.76E-05,-1.69E-05
380.2333333,0.104100954,-1.76E-05,-1.69E-05
380.2666667,0.10406586,-1.75E-05,-1.69E-05
380.3,0.104030775,-1.75E-05,-1.69E-05
380.3333333,0.1039957,-1.75E-05,-1.68E-05
380.3666667,0.103960634,-1.75E-05,-1.68E-05
380.4,0.103925578,-1.75E-05,-1.68E-05
380.4333333,0.103890532,-1.75E-05,-1.68E-05
380.4666667,0.103855495,-1.75E-05,-1.68E-05
380.5,0.103820468,-1.75E-05,-1.68E-05
380.5333333,0.103785451,-1.75E-05,-1.68E-05
380.5666667,0.103750444,-1.75E-05,-1.68E-05
380.6,0.103715446,-1.75E-05,-1.68E-05
380.6333333,0.103680457,-1.75E-05,-1.68E-05
380.6666667,0.103645479,-1.75E-05,-1.68E-05
380.7,0.10361051,-1.75E-05,-1.68E-05
380.7333333,0.103575551,-1.75E-05,-1.68E-05
380.7666667,0.103540601,-1.75E-05,-1.68E-05
380.8,0.103505661,-1.75E-05,-1.68E-05
380.8333333,0.103470731,-1.75E-05,-1.68E-05
380.8666667,0.10343581,-1.75E-05,-1.68E-05
380.9,0.103400899,-1.75E-05,-1.68E-05
380.9333333,0.103365998,-1.75E-05,-1.68E-05
380.9666667,0.103331106,-1.74E-05,-1.68E-05
381,0.103296224,-1.74E-05,-1.68E-05
381.0333333,0.103261351,-1.74E-05,-1.67E-05
381.0666667,0.103226489,-1.74E-05,-1.67E-05
381.1,0.103191635,-1.74E-05,-1.67E-05
381.1333333,0.103156792,-1.74E-05,-1.67E-05
381.1666667,0.103121958,-1.74E-05,-1.67E-05
381.2,0.103087134,-1.74E-05,-1.67E-05
381.2333333,0.103052319,-1.74E-05,-1.67E-05
381.2666667,0.103017514,-1.74E-05,-1.67E-05
381.3,0.102982719,-1.74E-05,-1.67E-05
381.3333333,0.102947933,-1.74E-05,-1.67E-05
381.3666667,0.102913157,-1.74E-05,-1.67E-05
381.4,0.10287839,-1.74E-05,-1.67E-05
381.4333333,0.102843633,-1.74E-05,-1.67E-05
381.4666667,0.102808886,-1.74E-05,-1.67E-05
381.5,0.102774148,-1.74E-05,-1.67E-05
381.5333333,0.10273942,-1.74E-05,-1.67E-05
381.5666667,0.102704702,-1.74E-05,-1.67E-05
381.6,0.102669993,-1.74E-05,-1.67E-05
381.6333333,0.102635294,-1.73E-05,-1.67E-05
381.6666667,0.102600604,-1.73E-05,-1.67E-05
381.7,0.102565924,-1.73E-05,-1.67E-05
381.7333333,0.102531254,-1.73E-05,-1.67E-05
381.7666667,0.102496593,-1.73E-05,-1.66E-05
381.8,0.102461942,-1.73E-05,-1.66E-05
381.8333333,0.1024273,-1.73E-05,-1.66E-05
381.8666667,0.102392668,-1.73E-05,-1.66E-05
381.9,0.102358045,-1.73E-05,-1.66E-05
381.9333333,0.102323433,-1.73E-05,-1.66E-05
381.9666667,0.102288829,-1.73E-05,-1.66E-05
382,0.102254236,-1.73E-05,-1.66E-05
382.0333333,0.102219652,-1.73E-05,-1.66E-05
382.0666667,0.102185077,-1.73E-05,-1.66E-05
382.1,0.102150512,-1.73E-05,-1.66E-05
382.1333333,0.102115957,-1.73E-05,-1.66E-05
382.1666667,0.102081411,-1.73E-05,-1.66E-05
382.2,0.102046875,-1.73E-05,-1.66E-05
382.2333333,0.102012348,-1.73E-05,-1.66E-05
382.2666667,0.101977831,-1.73E-05,-1.66E-05
382.3,0.101943324,-1.73E-05,-1.66E-05
382.3333333,0.101908826,-1.72E-05,-1.66E-05
382.3666667,0.101874338,-1.72E-05,-1.66E-05
382.4,0.101839859,-1.72E-05,-1.66E-05
382.4333333,0.10180539,-1.72E-05,-1.66E-05
382.4666667,0.10177093,-1.72E-05,-1.65E-05
382.5,0.10173648,-1.72E-05,-1.65E-05
382.5333333,0.10170204,-1.72E-05,-1.65E-05
382.5666667,0.101667609,-1.72E-05,-1.65E-05
382.6,0.101633188,-1.72E-05,-1.65E-05
382.6333333,0.101598776,-1.72E-05,-1.65E-05
382.6666667,0.101564374,-1.72E-05,-1.65E-05
382.7,0.101529981,-1.72E-05,-1.65E-05
382.7333333,0.101495598,-1.72E-05,-1.65E-05
382.7666667,0.101461224,-1.72E-05,-1.65E-05
382.8,0.10142686,-1.72E-05,-1.65E-05
382.8333333,0.101392506,-1.72E-05,-1.65E-05
382.8666667,0.101358161,-1.72E-05,-1.65E-05
382.9,0.101323825,-1.72E-05,-1.65E-05
382.9333333,0.101289499,-1.72E-05,-1.65E-05
382.9666667,0.101255183,-1.72E-05,-1.65E-05
383,0.101220876,-1.72E-05,-1.65E-05
383.0333333,0.101186579,-1.71E-05,-1.65E-05
383.0666667,0.101152291,-1.71E-05,-1.65E-05
383.1,0.101118013,-1.71E-05,-1.65E-05
383.1333333,0.101083744,-1.71E-05,-1.65E-05
383.1666667,0.101049485,-1.71E-05,-1.65E-05
383.2,0.101015236,-1.71E-05,-1.64E-05
383.2333333,0.100980996,-1.71E-05,-1.64E-05
383.2666667,0.100946765,-1.71E-05,-1.64E-05
383.3,0.100912544,-1.71E-05,-1.64E-05
383.3333333,0.100878332,-1.71E-05,-1.64E-05
383.3666667,0.10084413,-1.71E-05,-1.64E-05
383.4,0.100809938,-1.71E-05,-1.64E-05
383.4333333,0.100775755,-1.71E-05,-1.64E-05
383.4666667,0.100741581,-1.71E-05,-1.64E-05
383.5,0.100707417,-1.71E-05,-1.64E-05
383.5333333,0.100673263,-1.71E-05,-1.64E-05
383.5666667,0.100639118,-1.71E-05,-1.64E-05
383.6,0.100604983,-1.71E-05,-1.64E-05
383.6333333,0.100570857,-1.71E-05,-1.64E-05
383.6666667,0.10053674,-1.71E-05,-1.64E-05
383.7,0.100502633,-1.71E-05,-1.64E-05
383.7333333,0.100468536,-1.70E-05,-1.64E-05
383.7666667,0.100434448,-1.70E-05,-1.64E-05
383.8,0.100400369,-1.70E-05,-1.64E-05
383.8333333,0.1003663,-1.70E-05,-1.64E-05
383.8666667,0.100332241,-1.70E-05,-1.64E-05
383.9,0.100298191,-1.70E-05,-1.64E-05
383.9333333,0.10026415,-1.70E-05,-1.63E-05
383.9666667,0.100230119,-1.70E-05,-1.63E-05
384,0.100196098,-1.70E-05,-1.63E-05
384.0333333,0.100162086,-1.70E-05,-1.63E-05
384.0666667,0.100128083,-1.70E-05,-1.63E-05
384.1,0.10009409,-1.70E-05,-1.63E-05
384.1333333,0.100060107,-1.70E-05,-1.63E-05
384.1666667,0.100026132,-1.70E-05,-1.63E-05
384.2,0.099992168,-1.70E-05,-1.63E-05
384.2333333,0.099958213,-1.70E-05,-1.63E-05
384.2666667,0.099924267,-1.70E-05,-1.63E-05
384.3,0.099890331,-1.70E-05,-1.63E-05
384.3333333,0.099856404,-1.70E-05,-1.63E-05
384.3666667,0.099822487,-1.70E-05,-1.63E-05
384.4,0.099788579,-1.70E-05,-1.63E-05
384.4333333,0.09975468,-1.69E-05,-1.63E-05
384.4666667,0.099720791,-1.69E-05,-1.63E-05
384.5,0.099686912,-1.69E-05,-1.63E-05
384.5333333,0.099653042,-1.69E-05,-1.63E-05
384.5666667,0.099619181,-1.69E-05,-1.63E-05
384.6,0.09958533,-1.69E-05,-1.63E-05
384.6333333,0.099551488,-1.69E-05,-1.62E-05
384.6666667,0.099517656,-1.69E-05,-1.62E-05
384.7,0.099483833,-1.69E-05,-1.62E-05
384.7333333,0.09945002,-1.69E-05,-1.62E-05
384.7666667,0.099416216,-1.69E-05,-1.62E-05
384.8,0.099382422,-1.69E-05,-1.62E-05
384.8333333,0.099348637,-1.69E-05,-1.62E-05
384.8666667,0.099314861,-1.69E-05,-1.62E-05
384.9,0.099281095,-1.69E-05,-1.62E-05
384.9333333,0.099247338,-1.69E-05,-1.62E-05
384.9666667,0.099213591,-1.69E-05,-1.62E-05
385,0.099179853,-1.69E-05,-1.62E-05
385.0333333,0.099146125,-1.69E-05,-1.62E-05
385.0666667,0.099112406,-1.69E-05,-1.62E-05
385.1,0.099078696,-1.69E-05,-1.62E-05
385.1333333,0.099044996,-1.69E-05,-1.62E-05
385.1666667,0.099011305,-1.68E-05,-1.62E-05
385.2,0.098977624,-1.68E-05,-1.62E-05
385.2333333,0.098943952,-1.68E-05,-1.62E-05
385.2666667,0.09891029,-1.68E-05,-1.62E-05
385.3,0.098876637,-1.68E-05,-1.62E-05
385.3333333,0.098842993,-1.68E-05,-1.62E-05
385.3666667,0.098809359,-1.68E-05,-1.61E-05
385.4,0.098775734,-1.68E-05,-1.61E-05
385.4333333,0.098742119,-1.68E-05,-1.61E-05
385.4666667,0.098708513,-1.68E-05,-1.61E-05
385.5,0.098674916,-1.68E-05,-1.61E-05
385.5333333,0.098641329,-1.68E-05,-1.61E-05
385.5666667,0.098607751,-1.68E-05,-1.61E-05
385.6,0.098574183,-1.68E-05,-1.61E-05
385.6333333,0.098540624,-1.68E-05,-1.61E-05
385.6666667,0.098507074,-1.68E-05,-1.61E-05
385.7,0.098473534,-1.68E-05,-1.61E-05
385.7333333,0.098440003,-1.68E-05,-1.61E-05
385.7666667,0.098406482,-1.68E-05,-1.61E-05
385.8,0.09837297,-1.68E-05,-1.61E-05
385.8333333,0.098339467,-1.68E-05,-1.61E-05
385.8666667,0.098305974,-1.67E-05,-1.61E-05
385.9,0.09827249,-1.67E-05,-1.61E-05
385.9333333,0.098239015,-1.67E-05,-1.61E-05
385.9666667,0.09820555,-1.67E-05,-1.61E-05
386,0.098172095,-1.67E-05,-1.61E-05
386.0333333,0.098138648,-1.67E-05,-1.61E-05
386.0666667,0.098105211,-1.67E-05,-1.61E-05
386.1,0.098071784,-1.67E-05,-1.60E-05
386.1333333,0.098038365,-1.67E-05,-1.60E-05
386.1666667,0.098004956,-1.67E-05,-1.60E-05
386.2,0.097971557,-1.67E-05,-1.60E-05
386.2333333,0.097938167,-1.67E-05,-1.60E-05
386.2666667,0.097904786,-1.67E-05,-1.60E-05
386.3,0.097871415,-1.67E-05,-1.60E-05
386.3333333,0.097838052,-1.67E-05,-1.60E-05
386.3666667,0.0978047,-1.67E-05,-1.60E-05
386.4,0.097771356,-1.67E-05,-1.60E-05
386.4333333,0.097738022,-1.67E-05,-1.60E-05
386.4666667,0.097704698,-1.67E-05,-1.60E-05
386.5,0.097671383,-1.67E-05,-1.60E-05
386.5333333,0.097638077,-1.67E-05,-1.60E-05
386.5666667,0.09760478,-1.66E-05,-1.60E-05
386.6,0.097571493,-1.66E-05,-1.60E-05
386.6333333,0.097538215,-1.66E-05,-1.60E-05
386.6666667,0.097504946,-1.66E-05,-1.60E-05
386.7,0.097471687,-1.66E-05,-1.60E-05
386.7333333,0.097438437,-1.66E-05,-1.60E-05
386.7666667,0.097405197,-1.66E-05,-1.60E-05
386.8,0.097371965,-1.66E-05,-1.60E-05
386.8333333,0.097338744,-1.66E-05,-1.59E-05
386.8666667,0.097305531,-1.66E-05,-1.59E-05
386.9,0.097272328,-1.66E-05,-1.59E-05
386.9333333,0.097239134,-1.66E-05,-1.59E-05
386.9666667,0.097205949,-1.66E-05,-1.59E-05
387,0.097172774,-1.66E-05,-1.59E-05
387.0333333,0.097139608,-1.66E-05,-1.59E-05
387.0666667,0.097106452,-1.66E-05,-1.59E-05
387.1,0.097073304,-1.66E-05,-1.59E-05
387.1333333,0.097040166,-1.66E-05,-1.59E-05
387.1666667,0.097007038,-1.66E-05,-1.59E-05
387.2,0.096973919,-1.66E-05,-1.59E-05
387.2333333,0.096940809,-1.66E-05,-1.59E-05
387.2666667,0.096907708,-1.66E-05,-1.59E-05
387.3,0.096874616,-1.65E-05,-1.59E-05
387.3333333,0.096841534,-1.65E-05,-1.59E-05
387.3666667,0.096808462,-1.65E-05,-1.59E-05
387.4,0.096775398,-1.65E-05,-1.59E-05
387.4333333,0.096742344,-1.65E-05,-1.59E-05
387.4666667,0.096709299,-1.65E-05,-1.59E-05
387.5,0.096676264,-1.65E-05,-1.59E-05
387.5333333,0.096643237,-1.65E-05,-1.59E-05
387.5666667,0.09661022,-1.65E-05,-1.58E-05
387.6,0.096577213,-1.65E-05,-1.58E-05
387.6333333,0.096544214,-1.65E-05,-1.58E-05
387.6666667,0.096511225,-1.65E-05,-1.58E-05
387.7,0.096478245,-1.65E-05,-1.58E-05
387.7333333,0.096445275,-1.65E-05,-1.58E-05
387.7666667,0.096412314,-1.65E-05,-1.58E-05
387.8,0.096379362,-1.65E-05,-1.58E-05
387.8333333,0.096346419,-1.65E-05,-1.58E-05
387.8666667,0.096313485,-1.65E-05,-1.58E-05
387.9,0.096280561,-1.65E-05,-1.58E-05
387.9333333,0.096247646,-1.65E-05,-1.58E-05
387.9666667,0.096214741,-1.65E-05,-1.58E-05
388,0.096181845,-1.64E-05,-1.58E-05
388.0333333,0.096148958,-1.64E-05,-1.58E-05
388.0666667,0.09611608,-1.64E-05,-1.58E-05
388.1,0.096083211,-1.64E-05,-1.58E-05
388.1333333,0.096050352,-1.64E-05,-1.58E-05
388.1666667,0.096017502,-1.64E-05,-1.58E-05
388.2,0.095984661,-1.64E-05,-1.58E-05
388.2333333,0.09595183,-1.64E-05,-1.58E-05
388.2666667,0.095919008,-1.64E-05,-1.58E-05
388.3,0.095886195,-1.64E-05,-1.58E-05
388.3333333,0.095853391,-1.64E-05,-1.57E-05
388.3666667,0.095820597,-1.64E-05,-1.57E-05
388.4,0.095787812,-1.64E-05,-1.57E-05
388.4333333,0.095755036,-1.64E-05,-1.57E-05
388.4666667,0.095722269,-1.64E-05,-1.57E-05
388.5,0.095689511,-1.64E-05,-1.57E-05
388.5333333,0.095656763,-1.64E-05,-1.57E-05
388.5666667,0.095624024,-1.64E-05,-1.57E-05
388.6,0.095591295,-1.64E-05,-1.57E-05
388.6333333,0.095558574,-1.64E-05,-1.57E-05
388.6666667,0.095525863,-1.64E-05,-1.57E-05
388.7,0.095493161,-1.64E-05,-1.57E-05
388.7333333,0.095460468,-1.63E-05,-1.57E-05
388.7666667,0.095427785,-1.63E-05,-1.57E-05
388.8,0.09539511,-1.63E-05,-1.57E-05
388.8333333,0.095362445,-1.63E-05,-1.57E-05
388.8666667,0.095329789,-1.63E-05,-1.57E-05
388.9,0.095297143,-1.63E-05,-1.57E-05
388.9333333,0.095264505,-1.63E-05,-1.57E-05
388.9666667,0.095231877,-1.63E-05,-1.57E-05
389,0.095199258,-1.63E-05,-1.57E-05
389.0333333,0.095166648,-1.63E-05,-1.57E-05
389.0666667,0.095134048,-1.63E-05,-1.56E-05
389.1,0.095101456,-1.63E-05,-1.56E-05
389.1333333,0.095068874,-1.63E-05,-1.56E-05
389.1666667,0.095036301,-1.63E-05,-1.56E-05
389.2,0.095003738,-1.63E-05,-1.56E-05
389.2333333,0.094971183,-1.63E-05,-1.56E-05
389.2666667,0.094938638,-1.63E-05,-1.56E-05
389.3,0.094906102,-1.63E-05,-1.56E-05
389.3333333,0.094873575,-1.63E-05,-1.56E-05
389.3666667,0.094841057,-1.63E-05,-1.56E-05
389.4,0.094808549,-1.63E-05,-1.56E-05
389.4333333,0.09477605,-1.62E-05,-1.56E-05
389.4666667,0.094743559,-1.62E-05,-1.56E-05
389.5,0.094711079,-1.62E-05,-1.56E-05
389.5333333,0.094678607,-1.62E-05,-1.56E-05
389.5666667,0.094646144,-1.62E-05,-1.56E-05
389.6,0.094613691,-1.62E-05,-1.56E-05
389.6333333,0.094581247,-1.62E-05,-1.56E-05
389.6666667,0.094548812,-1.62E-05,-1.56E-05
389.7,0.094516386,-1.62E-05,-1.56E-05
389.7333333,0.094483969,-1.62E-05,-1.56E-05
389.7666667,0.094451562,-1.62E-05,-1.56E-05
389.8,0.094419164,-1.62E-05,-1.56E-05
389.8333333,0.094386775,-1.62E-05,-1.55E-05
389.8666667,0.094354395,-1.62E-05,-1.55E-05
389.9,0.094322024,-1.62E-05,-1.55E-05
389.9333333,0.094289663,-1.62E-05,-1.55E-05
389.9666667,0.09425731,-1.62E-05,-1.55E-05
390,0.094224967,-1.62E-05,-1.55E-05
390.0333333,0.094192633,-1.62E-05,-1.55E-05
390.0666667,0.094160308,-1.62E-05,-1.55E-05
390.1,0.094127992,-1.62E-05,-1.55E-05
390.1333333,0.094095686,-1.62E-05,-1.55E-05
390.1666667,0.094063388,-1.61E-05,-1.55E-05
390.2,0.0940311,-1.61E-05,-1.55E-05
390.2333333,0.093998821,-1.61E-05,-1.55E-05
390.2666667,0.093966551,-1.61E-05,-1.55E-05
390.3,0.09393429,-1.61E-05,-1.55E-05
390.3333333,0.093902038,-1.61E-05,-1.55E-05
390.3666667,0.093869796,-1.61E-05,-1.55E-05
390.4,0.093837562,-1.61E-05,-1.55E-05
390.4333333,0.093805338,-1.61E-05,-1.55E-05
390.4666667,0.093773123,-1.61E-05,-1.55E-05
390.5,0.093740917,-1.61E-05,-1.55E-05
390.5333333,0.09370872,-1.61E-05,-1.55E-05
390.5666667,0.093676533,-1.61E-05,-1.54E-05
390.6,0.093644354,-1.61E-05,-1.54E-05
390.6333333,0.093612185,-1.61E-05,-1.54E-05
390.6666667,0.093580024,-1.61E-05,-1.54E-05
390.7,0.093547873,-1.61E-05,-1.54E-05
390.7333333,0.093515731,-1.61E-05,-1.54E-05
390.7666667,0.093483598,-1.61E-05,-1.54E-05
390.8,0.093451475,-1.61E-05,-1.54E-05
390.8333333,0.09341936,-1.61E-05,-1.54E-05
390.8666667,0.093387254,-1.61E-05,-1.54E-05
390.9,0.093355158,-1.60E-05,-1.54E-05
390.9333333,0.093323071,-1.60E-05,-1.54E-05
390.9666667,0.093290992,-1.60E-05,-1.54E-05
391,0.093258923,-1.60E-05,-1.54E-05
391.0333333,0.093226863,-1.60E-05,-1.54E-05
391.0666667,0.093194813,-1.60E-05,-1.54E-05
391.1,0.093162771,-1.60E-05,-1.54E-05
391.1333333,0.093130738,-1.60E-05,-1.54E-05
391.1666667,0.093098715,-1.60E-05,-1.54E-05
391.2,0.0930667,-1.60E-05,-1.54E-05
391.2333333,0.093034695,-1.60E-05,-1.54E-05
391.2666667,0.093002699,-1.60E-05,-1.54E-05
391.3,0.092970712,-1.60E-05,-1.54E-05
391.3333333,0.092938733,-1.60E-05,-1.53E-05
391.3666667,0.092906765,-1.60E-05,-1.53E-05
391.4,0.092874805,-1.60E-05,-1.53E-05
391.4333333,0.092842854,-1.60E-05,-1.53E-05
391.4666667,0.092810912,-1.60E-05,-1.53E-05
391.5,0.09277898,-1.60E-05,-1.53E-05
391.5333333,0.092747056,-1.60E-05,-1.53E-05
391.5666667,0.092715142,-1.60E-05,-1.53E-05
391.6,0.092683236,-1.60E-05,-1.53E-05
391.6333333,0.09265134,-1.59E-05,-1.53E-05
391.6666667,0.092619453,-1.59E-05,-1.53E-05
391.7,0.092587575,-1.59E-05,-1.53E-05
391.7333333,0.092555706,-1.59E-05,-1.53E-05
391.7666667,0.092523846,-1.59E-05,-1.53E-05
391.8,0.092491995,-1.59E-05,-1.53E-05
391.8333333,0.092460153,-1.59E-05,-1.53E-05
391.8666667,0.09242832,-1.59E-05,-1.53E-05
391.9,0.092396497,-1.59E-05,-1.53E-05
391.9333333,0.092364682,-1.59E-05,-1.53E-05
391.9666667,0.092332876,-1.59E-05,-1.53E-05
392,0.09230108,-1.59E-05,-1.53E-05
392.0333333,0.092269292,-1.59E-05,-1.53E-05
392.0666667,0.092237514,-1.59E-05,-1.53E-05
392.1,0.092205745,-1.59E-05,-1.52E-05
392.1333333,0.092173984,-1.59E-05,-1.52E-05
392.1666667,0.092142233,-1.59E-05,-1.52E-05
392.2,0.092110491,-1.59E-05,-1.52E-05
392.2333333,0.092078758,-1.59E-05,-1.52E-05
392.2666667,0.092047034,-1.59E-05,-1.52E-05
392.3,0.092015319,-1.59E-05,-1.52E-05
392.3333333,0.091983613,-1.59E-05,-1.52E-05
392.3666667,0.091951916,-1.58E-05,-1.52E-05
392.4,0.091920228,-1.58E-05,-1.52E-05
392.4333333,0.091888549,-1.58E-05,-1.52E-05
392.4666667,0.091856879,-1.58E-05,-1.52E-05
392.5,0.091825218,-1.58E-05,-1.52E-05
392.5333333,0.091793566,-1.58E-05,-1.52E-05
392.5666667,0.091761924,-1.58E-05,-1.52E-05
392.6,0.09173029,-1.58E-05,-1.52E-05
392.6333333,0.091698665,-1.58E-05,-1.52E-05
392.6666667,0.091667049,-1.58E-05,-1.52E-05
392.7,0.091635443,-1.58E-05,-1.52E-05
392.7333333,0.091603845,-1.58E-05,-1.52E-05
392.7666667,0.091572256,-1.58E-05,-1.52E-05
392.8,0.091540677,-1.58E-05,-1.52E-05
392.8333333,0.091509106,-1.58E-05,-1.51E-05
392.8666667,0.091477545,-1.58E-05,-1.51E-05
392.9,0.091445992,-1.58E-05,-1.51E-05
392.9333333,0.091414448,-1.58E-05,-1.51E-05
392.9666667,0.091382914,-1.58E-05,-1.51E-05
393,0.091351388,-1.58E-05,-1.51E-05
393.0333333,0.091319872,-1.58E-05,-1.51E-05
393.0666667,0.091288364,-1.58E-05,-1.51E-05
393.1,0.091256866,-1.57E-05,-1.51E-05
393.1333333,0.091225376,-1.57E-05,-1.51E-05
393.1666667,0.091193896,-1.57E-05,-1.51E-05
393.2,0.091162424,-1.57E-05,-1.51E-05
393.2333333,0.091130962,-1.57E-05,-1.51E-05
393.2666667,0.091099508,-1.57E-05,-1.51E-05
393.3,0.091068064,-1.57E-05,-1.51E-05
393.3333333,0.091036628,-1.57E-05,-1.51E-05
393.3666667,0.091005201,-1.57E-05,-1.51E-05
393.4,0.090973784,-1.57E-05,-1.51E-05
393.4333333,0.090942375,-1.57E-05,-1.51E-05
393.4666667,0.090910976,-1.57E-05,-1.51E-05
393.5,0.090879585,-1.57E-05,-1.51E-05
393.5333333,0.090848203,-1.57E-05,-1.51E-05
393.5666667,0.09081683,-1.57E-05,-1.51E-05
393.6,0.090785467,-1.57E-05,-1.50E-05
393.6333333,0.090754112,-1.57E-05,-1.50E-05
393.6666667,0.090722766,-1.57E-05,-1.50E-05
393.7,0.090691429,-1.57E-05,-1.50E-05
393.7333333,0.090660102,-1.57E-05,-1.50E-05
393.7666667,0.090628783,-1.57E-05,-1.50E-05
393.8,0.090597473,-1.57E-05,-1.50E-05
393.8333333,0.090566172,-1.57E-05,-1.50E-05
393.8666667,0.09053488,-1.56E-05,-1.50E-05
393.9,0.090503597,-1.56E-05,-1.50E-05
393.9333333,0.090472323,-1.56E-05,-1.50E-05
393.9666667,0.090441058,-1.56E-05,-1.50E-05
394,0.090409801,-1.56E-05,-1.50E-05
394.0333333,0.090378554,-1.56E-05,-1.50E-05
394.0666667,0.090347316,-1.56E-05,-1.50E-05
394.1,0.090316087,-1.56E-05,-1.50E-05
394.1333333,0.090284866,-1.56E-05,-1.50E-05
394.1666667,0.090253655,-1.56E-05,-1.50E-05
394.2,0.090222452,-1.56E-05,-1.50E-05
394.2333333,0.090191259,-1.56E-05,-1.50E-05
394.2666667,0.090160074,-1.56E-05,-1.50E-05
394.3,0.090128899,-1.56E-05,-1.50E-05
394.3333333,0.090097732,-1.56E-05,-1.50E-05
394.3666667,0.090066574,-1.56E-05,-1.49E-05
394.4,0.090035425,-1.56E-05,-1.49E-05
394.4333333,0.090004285,-1.56E-05,-1.49E-05
394.4666667,0.089973154,-1.56E-05,-1.49E-05
394.5,0.089942032,-1.56E-05,-1.49E-05
394.5333333,0.089910919,-1.56E-05,-1.49E-05
394.5666667,0.089879815,-1.56E-05,-1.49E-05
394.6,0.08984872,-1.55E-05,-1.49E-05
394.6333333,0.089817633,-1.55E-05,-1.49E-05
394.6666667,0.089786556,-1.55E-05,-1.49E-05
394.7,0.089755487,-1.55E-05,-1.49E-05
394.7333333,0.089724428,-1.55E-05,-1.49E-05
394.7666667,0.089693377,-1.55E-05,-1.49E-05
394.8,0.089662335,-1.55E-05,-1.49E-05
394.8333333,0.089631302,-1.55E-05,-1.49E-05
394.8666667,0.089600278,-1.55E-05,-1.49E-05
394.9,0.089569263,-1.55E-05,-1.49E-05
394.9333333,0.089538257,-1.55E-05,-1.49E-05
394.9666667,0.08950726,-1.55E-05,-1.49E-05
395,0.089476271,-1.55E-05,-1.49E-05
395.0333333,0.089445292,-1.55E-05,-1.49E-05
395.0666667,0.089414321,-1.55E-05,-1.49E-05
395.1,0.089383359,-1.55E-05,-1.49E-05
395.1333333,0.089352407,-1.55E-05,-1.49E-05
395.1666667,0.089321463,-1.55E-05,-1.48E-05
395.2,0.089290528,-1.55E-05,-1.48E-05
395.2333333,0.089259602,-1.55E-05,-1.48E-05
395.2666667,0.089228684,-1.55E-05,-1.48E-05
395.3,0.089197776,-1.55E-05,-1.48E-05
395.3333333,0.089166877,-1.54E-05,-1.48E-05
395.3666667,0.089135986,-1.54E-05,-1.48E-05
395.4,0.089105104,-1.54E-05,-1.48E-05
395.4333333,0.089074231,-1.54E-05,-1.48E-05
395.4666667,0.089043367,-1.54E-05,-1.48E-05
395.5,0.089012512,-1.54E-05,-1.48E-05
395.5333333,0.088981666,-1.54E-05,-1.48E-05
395.5666667,0.088950829,-1.54E-05,-1.48E-05
395.6,0.08892,-1.54E-05,-1.48E-05
395.6333333,0.088889181,-1.54E-05,-1.48E-05
395.6666667,0.08885837,-1.54E-05,-1.48E-05
395.7,0.088827568,-1.54E-05,-1.48E-05
395.7333333,0.088796775,-1.54E-05,-1.48E-05
395.7666667,0.088765991,-1.54E-05,-1.48E-05
395.8,0.088735216,-1.54E-05,-1.48E-05
395.8333333,0.088704449,-1.54E-05,-1.48E-05
395.8666667,0.088673692,-1.54E-05,-1.48E-05
395.9,0.088642943,-1.54E-05,-1.48E-05
395.9333333,0.088612203,-1.54E-05,-1.47E-05
395.9666667,0.088581472,-1.54E-05,-1.47E-05
396,0.08855075,-1.54E-05,-1.47E-05
396.0333333,0.088520037,-1.54E-05,-1.47E-05
396.0666667,0.088489332,-1.54E-05,-1.47E-05
396.1,0.088458636,-1.53E-05,-1.47E-05
396.1333333,0.08842795,-1.53E-05,-1.47E-05
396.1666667,0.088397272,-1.53E-05,-1.47E-05
396.2,0.088366603,-1.53E-05,-1.47E-05
396.2333333,0.088335942,-1.53E-05,-1.47E-05
396.2666667,0.088305291,-1.53E-05,-1.47E-05
396.3,0.088274648,-1.53E-05,-1.47E-05
396.3333333,0.088244014,-1.53E-05,-1.47E-05
396.3666667,0.088213389,-1.53E-05,-1.47E-05
396.4,0.088182773,-1.53E-05,-1.47E-05
396.4333333,0.088152166,-1.53E-05,-1.47E-05
396.4666667,0.088121567,-1.53E-05,-1.47E-05
396.5,0.088090978,-1.53E-05,-1.47E-05
396.5333333,0.088060397,-1.53E-05,-1.47E-05
396.5666667,0.088029825,-1.53E-05,-1.47E-05
396.6,0.087999262,-1.53E-05,-1.47E-05
396.6333333,0.087968707,-1.53E-05,-1.47E-05
396.6666667,0.087938162,-1.53E-05,-1.47E-05
396.7,0.087907625,-1.53E-05,-1.46E-05
396.7333333,0.087877097,-1.53E-05,-1.46E-05
396.7666667,0.087846578,-1.53E-05,-1.46E-05
396.8,0.087816067,-1.53E-05,-1.46E-05
396.8333333,0.087785566,-1.53E-05,-1.46E-05
396.8666667,0.087755073,-1.52E-05,-1.46E-05
396.9,0.087724589,-1.52E-05,-1.46E-05
396.9333333,0.087694114,-1.52E-05,-1.46E-05
396.9666667,0.087663647,-1.52E-05,-1.46E-05
397,0.08763319,-1.52E-05,-1.46E-05
397.0333333,0.087602741,-1.52E-05,-1.46E-05
397.0666667,0.087572301,-1.52E-05,-1.46E-05
397.1,0.08754187,-1.52E-05,-1.46E-05
397.1333333,0.087511448,-1.52E-05,-1.46E-05
397.1666667,0.087481034,-1.52E-05,-1.46E-05
397.2,0.087450629,-1.52E-05,-1.46E-05
397.2333333,0.087420233,-1.52E-05,-1.46E-05
397.2666667,0.087389846,-1.52E-05,-1.46E-05
397.3,0.087359467,-1.52E-05,-1.46E-05
397.3333333,0.087329098,-1.52E-05,-1.46E-05
397.3666667,0.087298737,-1.52E-05,-1.46E-05
397.4,0.087268384,-1.52E-05,-1.46E-05
397.4333333,0.087238041,-1.52E-05,-1.46E-05
397.4666667,0.087207706,-1.52E-05,-1.46E-05
397.5,0.08717738,-1.52E-05,-1.45E-05
397.5333333,0.087147063,-1.52E-05,-1.45E-05
397.5666667,0.087116755,-1.52E-05,-1.45E-05
397.6,0.087086455,-1.51E-05,-1.45E-05
397.6333333,0.087056165,-1.51E-05,-1.45E-05
397.6666667,0.087025883,-1.51E-05,-1.45E-05
397.7,0.086995609,-1.51E-05,-1.45E-05
397.7333333,0.086965345,-1.51E-05,-1.45E-05
397.7666667,0.086935089,-1.51E-05,-1.45E-05
397.8,0.086904842,-1.51E-05,-1.45E-05
397.8333333,0.086874604,-1.51E-05,-1.45E-05
397.8666667,0.086844374,-1.51E-05,-1.45E-05
397.9,0.086814153,-1.51E-05,-1.45E-05
397.9333333,0.086783941,-1.51E-05,-1.45E-05
397.9666667,0.086753738,-1.51E-05,-1.45E-05
398,0.086723543,-1.51E-05,-1.45E-05
398.0333333,0.086693358,-1.51E-05,-1.45E-05
398.0666667,0.086663181,-1.51E-05,-1.45E-05
398.1,0.086633012,-1.51E-05,-1.45E-05
398.1333333,0.086602853,-1.51E-05,-1.45E-05
398.1666667,0.086572702,-1.51E-05,-1.45E-05
398.2,0.08654256,-1.51E-05,-1.45E-05
398.2333333,0.086512426,-1.51E-05,-1.45E-05
398.2666667,0.086482302,-1.51E-05,-1.44E-05
398.3,0.086452186,-1.51E-05,-1.44E-05
398.3333333,0.086422078,-1.51E-05,-1.44E-05
398.3666667,0.08639198,-1.50E-05,-1.44E-05
398.4,0.08636189,-1.50E-05,-1.44E-05
398.4333333,0.086331809,-1.50E-05,-1.44E-05
398.4666667,0.086301737,-1.50E-05,-1.44E-05
398.5,0.086271673,-1.50E-05,-1.44E-05
398.5333333,0.086241618,-1.50E-05,-1.44E-05
398.5666667,0.086211572,-1.50E-05,-1.44E-05
398.6,0.086181534,-1.50E-05,-1.44E-05
398.6333333,0.086151505,-1.50E-05,-1.44E-05
398.6666667,0.086121485,-1.50E-05,-1.44E-05
398.7,0.086091474,-1.50E-05,-1.44E-05
398.7333333,0.086061471,-1.50E-05,-1.44E-05
398.7666667,0.086031477,-1.50E-05,-1.44E-05
398.8,0.086001492,-1.50E-05,-1.44E-05
398.8333333,0.085971515,-1.50E-05,-1.44E-05
398.8666667,0.085941548,-1.50E-05,-1.44E-05
398.9,0.085911588,-1.50E-05,-1.44E-05
398.9333333,0.085881638,-1.50E-05,-1.44E-05
398.9666667,0.085851696,-1.50E-05,-1.44E-05
399,0.085821763,-1.50E-05,-1.44E-05
399.0333333,0.085791838,-1.50E-05,-1.44E-05
399.0666667,0.085761923,-1.50E-05,-1.43E-05
399.1,0.085732016,-1.50E-05,-1.43E-05
399.1333333,0.085702117,-1.49E-05,-1.43E-05
399.1666667,0.085672228,-1.49E-05,-1.43E-05
399.2,0.085642346,-1.49E-05,-1.43E-05
399.2333333,0.085612474,-1.49E-05,-1.43E-05
399.2666667,0.08558261,-1.49E-05,-1.43E-05
399.3,0.085552755,-1.49E-05,-1.43E-05
399.3333333,0.085522909,-1.49E-05,-1.43E-05
399.3666667,0.085493071,-1.49E-05,-1.43E-05
399.4,0.085463242,-1.49E-05,-1.43E-05
399.4333333,0.085433422,-1.49E-05,-1.43E-05
399.4666667,0.08540361,-1.49E-05,-1.43E-05
399.5,0.085373807,-1.49E-05,-1.43E-05
399.5333333,0.085344013,-1.49E-05,-1.43E-05
399.5666667,0.085314227,-1.49E-05,-1.43E-05
399.6,0.08528445,-1.49E-05,-1.43E-05
399.6333333,0.085254682,-1.49E-05,-1.43E-05
399.6666667,0.085224922,-1.49E-05,-1.43E-05
399.7,0.085195171,-1.49E-05,-1.43E-05
399.7333333,0.085165429,-1.49E-05,-1.43E-05
399.7666667,0.085135695,-1.49E-05,-1.43E-05
399.8,0.08510597,-1.49E-05,-1.43E-05
399.8333333,0.085076253,-1.49E-05,-1.43E-05
399.8666667,0.085046546,-1.49E-05,-1.42E-05
399.9,0.085016846,-1.48E-05,-1.42E-05
399.9333333,0.084987156,-1.48E-05,-1.42E-05
399.9666667,0.084957474,-1.48E-05,-1.42E-05
400,0.084927801,-1.48E-05,-1.42E-05
400.0333333,0.084898136,-1.48E-05,-1.42E-05
400.0666667,0.08486848,-1.48E-05,-1.42E-05
400.1,0.084838832,-1.48E-05,-1.42E-05
400.1333333,0.084809194,-1.48E-05,-1.42E-05
400.1666667,0.084779564,-1.48E-05,-1.42E-05
400.2,0.084749942,-1.48E-05,-1.42E-05
400.2333333,0.084720329,-1.48E-05,-1.42E-05
400.2666667,0.084690725,-1.48E-05,-1.42E-05
400.3,0.084661129,-1.48E-05,-1.42E-05
400.3333333,0.084631542,-1.48E-05,-1.42E-05
400.3666667,0.084601964,-1.48E-05,-1.42E-05
400.4,0.084572394,-1.48E-05,-1.42E-05
400.4333333,0.084542833,-1.48E-05,-1.42E-05
400.4666667,0.08451328,-1.48E-05,-1.42E-05
400.5,0.084483736,-1.48E-05,-1.42E-05
400.5333333,0.084454201,-1.48E-05,-1.42E-05
400.5666667,0.084424674,-1.48E-05,-1.42E-05
400.6,0.084395156,-1.48E-05,-1.42E-05
400.6333333,0.084365647,-1.48E-05,-1.42E-05
400.6666667,0.084336146,-1.48E-05,-1.41E-05
400.7,0.084306653,-1.47E-05,-1.41E-05
400.7333333,0.084277169,-1.47E-05,-1.41E-05
400.7666667,0.084247694,-1.47E-05,-1.41E-05
400.8,0.084218228,-1.47E-05,-1.41E-05
400.8333333,0.08418877,-1.47E-05,-1.41E-05
400.8666667,0.08415932,-1.47E-05,-1.41E-05
400.9,0.08412988,-1.47E-05,-1.41E-05
400.9333333,0.084100447,-1.47E-05,-1.41E-05
400.9666667,0.084071024,-1.47E-05,-1.41E-05
401,0.084041609,-1.47E-05,-1.41E-05
401.0333333,0.084012202,-1.47E-05,-1.41E-05
401.0666667,0.083982804,-1.47E-05,-1.41E-05
401.1,0.083953415,-1.47E-05,-1.41E-05
401.1333333,0.083924034,-1.47E-05,-1.41E-05
401.1666667,0.083894662,-1.47E-05,-1.41E-05
401.2,0.083865299,-1.47E-05,-1.41E-05
401.2333333,0.083835944,-1.47E-05,-1.41E-05
401.2666667,0.083806597,-1.47E-05,-1.41E-05
401.3,0.083777259,-1.47E-05,-1.41E-05
401.3333333,0.08374793,-1.47E-05,-1.41E-05
401.3666667,0.083718609,-1.47E-05,-1.41E-05
401.4,0.083689297,-1.47E-05,-1.41E-05
401.4333333,0.083659994,-1.47E-05,-1.41E-05
401.4666667,0.083630698,-1.46E-05,-1.40E-05
401.5,0.083601412,-1.46E-05,-1.40E-05
401.5333333,0.083572134,-1.46E-05,-1.40E-05
401.5666667,0.083542865,-1.46E-05,-1.40E-05
401.6,0.083513604,-1.46E-05,-1.40E-05
401.6333333,0.083484351,-1.46E-05,-1.40E-05
401.6666667,0.083455108,-1.46E-05,-1.40E-05
401.7,0.083425873,-1.46E-05,-1.40E-05
401.7333333,0.083396646,-1.46E-05,-1.40E-05
401.7666667,0.083367428,-1.46E-05,-1.40E-05
401.8,0.083338218,-1.46E-05,-1.40E-05
401.8333333,0.083309017,-1.46E-05,-1.40E-05
401.8666667,0.083279825,-1.46E-05,-1.40E-05
401.9,0.083250641,-1.46E-05,-1.40E-05
401.9333333,0.083221465,-1.46E-05,-1.40E-05
401.9666667,0.083192298,-1.46E-05,-1.40E-05
402,0.08316314,-1.46E-05,-1.40E-05
402.0333333,0.08313399,-1.46E-05,-1.40E-05
402.0666667,0.083104849,-1.46E-05,-1.40E-05
402.1,0.083075716,-1.46E-05,-1.40E-05
402.1333333,0.083046592,-1.46E-05,-1.40E-05
402.1666667,0.083017476,-1.46E-05,-1.40E-05
402.2,0.082988369,-1.46E-05,-1.40E-05
402.2333333,0.08295927,-1.45E-05,-1.40E-05
402.2666667,0.08293018,-1.45E-05,-1.39E-05
402.3,0.082901098,-1.45E-05,-1.39E-05
402.3333333,0.082872025,-1.45E-05,-1.39E-05
402.3666667,0.08284296,-1.45E-05,-1.39E-05
402.4,0.082813904,-1.45E-05,-1.39E-05
402.4333333,0.082784857,-1.45E-05,-1.39E-05
402.4666667,0.082755817,-1.45E-05,-1.39E-05
402.5,0.082726787,-1.45E-05,-1.39E-05
402.5333333,0.082697765,-1.45E-05,-1.39E-05
402.5666667,0.082668751,-1.45E-05,-1.39E-05
402.6,0.082639746,-1.45E-05,-1.39E-05
402.6333333,0.082610749,-1.45E-05,-1.39E-05
402.6666667,0.082581761,-1.45E-05,-1.39E-05
402.7,0.082552781,-1.45E-05,-1.39E-05
402.7333333,0.08252381,-1.45E-05,-1.39E-05
402.7666667,0.082494848,-1.45E-05,-1.39E-05
402.8,0.082465893,-1.45E-05,-1.39E-05
402.8333333,0.082436948,-1.45E-05,-1.39E-05
402.8666667,0.082408011,-1.45E-05,-1.39E-05
402.9,0.082379082,-1.45E-05,-1.39E-05
402.9333333,0.082350162,-1.45E-05,-1.39E-05
402.9666667,0.08232125,-1.45E-05,-1.39E-05
403,0.082292347,-1.45E-05,-1.39E-05
403.0333333,0.082263452,-1.44E-05,-1.39E-05
403.0666667,0.082234565,-1.44E-05,-1.39E-05
403.1,0.082205688,-1.44E-05,-1.38E-05
403.1333333,0.082176818,-1.44E-05,-1.38E-05
403.1666667,0.082147957,-1.44E-05,-1.38E-05
403.2,0.082119105,-1.44E-05,-1.38E-05
403.2333333,0.082090261,-1.44E-05,-1.38E-05
403.2666667,0.082061425,-1.44E-05,-1.38E-05
403.3,0.082032598,-1.44E-05,-1.38E-05
403.3333333,0.082003779,-1.44E-05,-1.38E-05
403.3666667,0.081974969,-1.44E-05,-1.38E-05
403.4,0.081946168,-1.44E-05,-1.38E-05
403.4333333,0.081917374,-1.44E-05,-1.38E-05
403.4666667,0.08188859,-1.44E-05,-1.38E-05
403.5,0.081859813,-1.44E-05,-1.38E-05
403.5333333,0.081831045,-1.44E-05,-1.38E-05
403.5666667,0.081802286,-1.44E-05,-1.38E-05
403.6,0.081773535,-1.44E-05,-1.38E-05
403.6333333,0.081744792,-1.44E-05,-1.38E-05
403.6666667,0.081716058,-1.44E-05,-1.38E-05
403.7,0.081687333,-1.44E-05,-1.38E-05
403.7333333,0.081658615,-1.44E-05,-1.38E-05
403.7666667,0.081629907,-1.44E-05,-1.38E-05
403.8,0.081601206,-1.44E-05,-1.38E-05
403.8333333,0.081572514,-1.43E-05,-1.38E-05
403.8666667,0.081543831,-1.43E-05,-1.38E-05
403.9,0.081515156,-1.43E-05,-1.37E-05
403.9333333,0.081486489,-1.43E-05,-1.37E-05
403.9666667,0.081457831,-1.43E-05,-1.37E-05
404,0.081429181,-1.43E-05,-1.37E-05
404.0333333,0.08140054,-1.43E-05,-1.37E-05
404.0666667,0.081371907,-1.43E-05,-1.37E-05
404.1,0.081343282,-1.43E-05,-1.37E-05
404.1333333,0.081314666,-1.43E-05,-1.37E-05
404.1666667,0.081286058,-1.43E-05,-1.37E-05
404.2,0.081257459,-1.43E-05,-1.37E-05
404.2333333,0.081228868,-1.43E-05,-1.37E-05
404.2666667,0.081200286,-1.43E-05,-1.37E-05
404.3,0.081171712,-1.43E-05,-1.37E-05
404.3333333,0.081143146,-1.43E-05,-1.37E-05
404.3666667,0.081114589,-1.43E-05,-1.37E-05
404.4,0.08108604,-1.43E-05,-1.37E-05
404.4333333,0.0810575,-1.43E-05,-1.37E-05
404.4666667,0.081028967,-1.43E-05,-1.37E-05
404.5,0.081000444,-1.43E-05,-1.37E-05
404.5333333,0.080971929,-1.43E-05,-1.37E-05
404.5666667,0.080943422,-1.43E-05,-1.37E-05
404.6,0.080914923,-1.42E-05,-1.37E-05
404.6333333,0.080886433,-1.42E-05,-1.37E-05
404.6666667,0.080857952,-1.42E-05,-1.37E-05
404.7,0.080829478,-1.42E-05,-1.37E-05
404.7333333,0.080801013,-1.42E-05,-1.36E-05
404.7666667,0.080772557,-1.42E-05,-1.36E-05
404.8,0.080744109,-1.42E-05,-1.36E-05
404.8333333,0.080715669,-1.42E-05,-1.36E-05
404.8666667,0.080687238,-1.42E-05,-1.36E-05
404.9,0.080658815,-1.42E-05,-1.36E-05
404.9333333,0.0806304,-1.42E-05,-1.36E-05
404.9666667,0.080601994,-1.42E-05,-1.36E-05
405,0.080573596,-1.42E-05,-1.36E-05
405.0333333,0.080545206,-1.42E-05,-1.36E-05
405.0666667,0.080516825,-1.42E-05,-1.36E-05
405.1,0.080488452,-1.42E-05,-1.36E-05
405.1333333,0.080460088,-1.42E-05,-1.36E-05
405.1666667,0.080431732,-1.42E-05,-1.36E-05
405.2,0.080403384,-1.42E-05,-1.36E-05
405.2333333,0.080375045,-1.42E-05,-1.36E-05
405.2666667,0.080346714,-1.42E-05,-1.36E-05
405.3,0.080318391,-1.42E-05,-1.36E-05
405.3333333,0.080290077,-1.42E-05,-1.36E-05
405.3666667,0.080261771,-1.42E-05,-1.36E-05
405.4,0.080233474,-1.41E-05,-1.36E-05
405.4333333,0.080205184,-1.41E-05,-1.36E-05
405.4666667,0.080176904,-1.41E-05,-1.36E-05
405.5,0.080148631,-1.41E-05,-1.36E-05
405.5333333,0.080120367,-1.41E-05,-1.36E-05
405.5666667,0.080092111,-1.41E-05,-1.35E-05
405.6,0.080063864,-1.41E-05,-1.35E-05
405.6333333,0.080035624,-1.41E-05,-1.35E-05
405.6666667,0.080007394,-1.41E-05,-1.35E-05
405.7,0.079979171,-1.41E-05,-1.35E-05
405.7333333,0.079950957,-1.41E-05,-1.35E-05
405.7666667,0.079922751,-1.41E-05,-1.35E-05
405.8,0.079894554,-1.41E-05,-1.35E-05
405.8333333,0.079866365,-1.41E-05,-1.35E-05
405.8666667,0.079838184,-1.41E-05,-1.35E-05
405.9,0.079810011,-1.41E-05,-1.35E-05
405.9333333,0.079781847,-1.41E-05,-1.35E-05
405.9666667,0.079753691,-1.41E-05,-1.35E-05
406,0.079725544,-1.41E-05,-1.35E-05
406.0333333,0.079697404,-1.41E-05,-1.35E-05
406.0666667,0.079669273,-1.41E-05,-1.35E-05
406.1,0.079641151,-1.41E-05,-1.35E-05
406.1333333,0.079613037,-1.41E-05,-1.35E-05
406.1666667,0.079584931,-1.41E-05,-1.35E-05
406.2,0.079556833,-1.40E-05,-1.35E-05
406.2333333,0.079528744,-1.40E-05,-1.35E-05
406.2666667,0.079500663,-1.40E-05,-1.35E-05
406.3,0.07947259,-1.40E-05,-1.35E-05
406.3333333,0.079444525,-1.40E-05,-1.35E-05
406.3666667,0.079416469,-1.40E-05,-1.34E-05
406.4,0.079388421,-1.40E-05,-1.34E-05
406.4333333,0.079360382,-1.40E-05,-1.34E-05
406.4666667,0.079332351,-1.40E-05,-1.34E-05
406.5,0.079304328,-1.40E-05,-1.34E-05
406.5333333,0.079276313,-1.40E-05,-1.34E-05
406.5666667,0.079248306,-1.40E-05,-1.34E-05
406.6,0.079220308,-1.40E-05,-1.34E-05
406.6333333,0.079192319,-1.40E-05,-1.34E-05
406.6666667,0.079164337,-1.40E-05,-1.34E-05
406.7,0.079136364,-1.40E-05,-1.34E-05
406.7333333,0.079108399,-1.40E-05,-1.34E-05
406.7666667,0.079080442,-1.40E-05,-1.34E-05
406.8,0.079052494,-1.40E-05,-1.34E-05
406.8333333,0.079024554,-1.40E-05,-1.34E-05
406.8666667,0.078996622,-1.40E-05,-1.34E-05
406.9,0.078968698,-1.40E-05,-1.34E-05
406.9333333,0.078940783,-1.40E-05,-1.34E-05
406.9666667,0.078912876,-1.40E-05,-1.34E-05
407,0.078884977,-1.39E-05,-1.34E-05
407.0333333,0.078857086,-1.39E-05,-1.34E-05
407.0666667,0.078829204,-1.39E-05,-1.34E-05
407.1,0.07880133,-1.39E-05,-1.34E-05
407.1333333,0.078773464,-1.39E-05,-1.34E-05
407.1666667,0.078745607,-1.39E-05,-1.34E-05
407.2,0.078717758,-1.39E-05,-1.33E-05
407.2333333,0.078689917,-1.39E-05,-1.33E-05
407.2666667,0.078662084,-1.39E-05,-1.33E-05
407.3,0.07863426,-1.39E-05,-1.33E-05
407.3333333,0.078606443,-1.39E-05,-1.33E-05
407.3666667,0.078578635,-1.39E-05,-1.33E-05
407.4,0.078550836,-1.39E-05,-1.33E-05
407.4333333,0.078523044,-1.39E-05,-1.33E-05
407.4666667,0.078495261,-1.39E-05,-1.33E-05
407.5,0.078467486,-1.39E-05,-1.33E-05
407.5333333,0.078439719,-1.39E-05,-1.33E-05
407.5666667,0.078411961,-1.39E-05,-1.33E-05
407.6,0.07838421,-1.39E-05,-1.33E-05
407.6333333,0.078356468,-1.39E-05,-1.33E-05
407.6666667,0.078328734,-1.39E-05,-1.33E-05
407.7,0.078301009,-1.39E-05,-1.33E-05
407.7333333,0.078273291,-1.39E-05,-1.33E-05
407.7666667,0.078245582,-1.39E-05,-1.33E-05
407.8,0.078217881,-1.39E-05,-1.33E-05
407.8333333,0.078190189,-1.38E-05,-1.33E-05
407.8666667,0.078162504,-1.38E-05,-1.33E-05
407.9,0.078134828,-1.38E-05,-1.33E-05
407.9333333,0.07810716,-1.38E-05,-1.33E-05
407.9666667,0.0780795,-1.38E-05,-1.33E-05
408,0.078051849,-1.38E-05,-1.33E-05
408.0333333,0.078024205,-1.38E-05,-1.33E-05
408.0666667,0.07799657,-1.38E-05,-1.32E-05
408.1,0.077968943,-1.38E-05,-1.32E-05
408.1333333,0.077941324,-1.38E-05,-1.32E-05
408.1666667,0.077913714,-1.38E-05,-1.32E-05
408.2,0.077886111,-1.38E-05,-1.32E-05
408.2333333,0.077858517,-1.38E-05,-1.32E-05
408.2666667,0.077830931,-1.38E-05,-1.32E-05
408.3,0.077803353,-1.38E-05,-1.32E-05
408.3333333,0.077775784,-1.38E-05,-1.32E-05
408.3666667,0.077748222,-1.38E-05,-1.32E-05
408.4,0.077720669,-1.38E-05,-1.32E-05
408.4333333,0.077693124,-1.38E-05,-1.32E-05
408.4666667,0.077665587,-1.38E-05,-1.32E-05
408.5,0.077638059,-1.38E-05,-1.32E-05
408.5333333,0.077610538,-1.38E-05,-1.32E-05
408.5666667,0.077583026,-1.38E-05,-1.32E-05
408.6,0.077555522,-1.38E-05,-1.32E-05
408.6333333,0.077528026,-1.37E-05,-1.32E-05
408.6666667,0.077500539,-1.37E-05,-1.32E-05
408.7,0.077473059,-1.37E-05,-1.32E-05
408.7333333,0.077445588,-1.37E-05,-1.32E-05
408.7666667,0.077418125,-1.37E-05,-1.32E-05
408.8,0.07739067,-1.37E-05,-1.32E-05
408.8333333,0.077363223,-1.37E-05,-1.32E-05
408.8666667,0.077335784,-1.37E-05,-1.32E-05
408.9,0.077308354,-1.37E-05,-1.31E-05
408.9333333,0.077280931,-1.37E-05,-1.31E-05
408.9666667,0.077253517,-1.37E-05,-1.31E-05
409,0.077226111,-1.37E-05,-1.31E-05
409.0333333,0.077198713,-1.37E-05,-1.31E-05
409.0666667,0.077171323,-1.37E-05,-1.31E-05
409.1,0.077143942,-1.37E-05,-1.31E-05
409.1333333,0.077116569,-1.37E-05,-1.31E-05
409.1666667,0.077089203,-1.37E-05,-1.31E-05
409.2,0.077061846,-1.37E-05,-1.31E-05
409.2333333,0.077034497,-1.37E-05,-1.31E-05
409.2666667,0.077007157,-1.37E-05,-1.31E-05
409.3,0.076979824,-1.37E-05,-1.31E-05
409.3333333,0.076952499,-1.37E-05,-1.31E-05
409.3666667,0.076925183,-1.37E-05,-1.31E-05
409.4,0.076897875,-1.37E-05,-1.31E-05
409.4333333,0.076870575,-1.37E-05,-1.31E-05
409.4666667,0.076843283,-1.36E-05,-1.31E-05
409.5,0.076815999,-1.36E-05,-1.31E-05
409.5333333,0.076788723,-1.36E-05,-1.31E-05
409.5666667,0.076761456,-1.36E-05,-1.31E-05
409.6,0.076734197,-1.36E-05,-1.31E-05
409.6333333,0.076706945,-1.36E-05,-1.31E-05
409.6666667,0.076679702,-1.36E-05,-1.31E-05
409.7,0.076652467,-1.36E-05,-1.31E-05
409.7333333,0.07662524,-1.36E-05,-1.30E-05
409.7666667,0.076598021,-1.36E-05,-1.30E-05
409.8,0.076570811,-1.36E-05,-1.30E-05
409.8333333,0.076543608,-1.36E-05,-1.30E-05
409.8666667,0.076516414,-1.36E-05,-1.30E-05
409.9,0.076489227,-1.36E-05,-1.30E-05
409.9333333,0.076462049,-1.36E-05,-1.30E-05
409.9666667,0.076434879,-1.36E-05,-1.30E-05
410,0.076407717,-1.36E-05,-1.30E-05
410.0333333,0.076380563,-1.36E-05,-1.30E-05
410.0666667,0.076353418,-1.36E-05,-1.30E-05
410.1,0.07632628,-1.36E-05,-1.30E-05
410.1333333,0.07629915,-1.36E-05,-1.30E-05
410.1666667,0.076272029,-1.36E-05,-1.30E-05
410.2,0.076244916,-1.36E-05,-1.30E-05
410.2333333,0.07621781,-1.36E-05,-1.30E-05
410.2666667,0.076190713,-1.35E-05,-1.30E-05
410.3,0.076163624,-1.35E-05,-1.30E-05
410.3333333,0.076136543,-1.35E-05,-1.30E-05
410.3666667,0.07610947,-1.35E-05,-1.30E-05
410.4,0.076082405,-1.35E-05,-1.30E-05
410.4333333,0.076055349,-1.35E-05,-1.30E-05
410.4666667,0.0760283,-1.35E-05,-1.30E-05
410.5,0.076001259,-1.35E-05,-1.30E-05
410.5333333,0.075974227,-1.35E-05,-1.30E-05
410.5666667,0.075947203,-1.35E-05,-1.30E-05
410.6,0.075920186,-1.35E-05,-1.29E-05
410.6333333,0.075893178,-1.35E-05,-1.29E-05
410.6666667,0.075866178,-1.35E-05,-1.29E-05
410.7,0.075839186,-1.35E-05,-1.29E-05
410.7333333,0.075812202,-1.35E-05,-1.29E-05
410.7666667,0.075785226,-1.35E-05,-1.29E-05
410.8,0.075758258,-1.35E-05,-1.29E-05
410.8333333,0.075731298,-1.35E-05,-1.29E-05
410.8666667,0.075704346,-1.35E-05,-1.29E-05
410.9,0.075677403,-1.35E-05,-1.29E-05
410.9333333,0.075650467,-1.35E-05,-1.29E-05
410.9666667,0.075623539,-1.35E-05,-1.29E-05
411,0.07559662,-1.35E-05,-1.29E-05
411.0333333,0.075569709,-1.35E-05,-1.29E-05
411.0666667,0.075542805,-1.35E-05,-1.29E-05
411.1,0.07551591,-1.34E-05,-1.29E-05
411.1333333,0.075489022,-1.34E-05,-1.29E-05
411.1666667,0.075462143,-1.34E-05,-1.29E-05
411.2,0.075435272,-1.34E-05,-1.29E-05
411.2333333,0.075408409,-1.34E-05,-1.29E-05
411.2666667,0.075381554,-1.34E-05,-1.29E-05
411.3,0.075354707,-1.34E-05,-1.29E-05
411.3333333,0.075327868,-1.34E-05,-1.29E-05
411.3666667,0.075301037,-1.34E-05,-1.29E-05
411.4,0.075274214,-1.34E-05,-1.29E-05
411.4333333,0.075247399,-1.34E-05,-1.28E-05
411.4666667,0.075220592,-1.34E-05,-1.28E-05
411.5,0.075193793,-1.34E-05,-1.28E-05
411.5333333,0.075167002,-1.34E-05,-1.28E-05
411.5666667,0.075140219,-1.34E-05,-1.28E-05
411.6,0.075113444,-1.34E-05,-1.28E-05
411.6333333,0.075086678,-1.34E-05,-1.28E-05
411.6666667,0.075059919,-1.34E-05,-1.28E-05
411.7,0.075033168,-1.34E-05,-1.28E-05
411.7333333,0.075006425,-1.34E-05,-1.28E-05
411.7666667,0.074979691,-1.34E-05,-1.28E-05
411.8,0.074952964,-1.34E-05,-1.28E-05
411.8333333,0.074926245,-1.34E-05,-1.28E-05
411.8666667,0.074899535,-1.34E-05,-1.28E-05
411.9,0.074872832,-1.34E-05,-1.28E-05
411.9333333,0.074846137,-1.33E-05,-1.28E-05
411.9666667,0.074819451,-1.33E-05,-1.28E-05
412,0.074792772,-1.33E-05,-1.28E-05
412.0333333,0.074766102,-1.33E-05,-1.28E-05
412.0666667,0.074739439,-1.33E-05,-1.28E-05
412.1,0.074712784,-1.33E-05,-1.28E-05
412.1333333,0.074686138,-1.33E-05,-1.28E-05
412.1666667,0.074659499,-1.33E-05,-1.28E-05
412.2,0.074632868,-1.33E-05,-1.28E-05
412.2333333,0.074606246,-1.33E-05,-1.28E-05
412.2666667,0.074579631,-1.33E-05,-1.28E-05
412.3,0.074553024,-1.33E-05,-1.27E-05
412.3333333,0.074526426,-1.33E-05,-1.27E-05
412.3666667,0.074499835,-1.33E-05,-1.27E-05
412.4,0.074473252,-1.33E-05,-1.27E-05
412.4333333,0.074446678,-1.33E-05,-1.27E-05
412.4666667,0.074420111,-1.33E-05,-1.27E-05
412.5,0.074393552,-1.33E-05,-1.27E-05
412.5333333,0.074367001,-1.33E-05,-1.27E-05
412.5666667,0.074340459,-1.33E-05,-1.27E-05
412.6,0.074313924,-1.33E-05,-1.27E-05
412.6333333,0.074287397,-1.33E-05,-1.27E-05
412.6666667,0.074260878,-1.33E-05,-1.27E-05
412.7,0.074234367,-1.33E-05,-1.27E-05
412.7333333,0.074207864,-1.33E-05,-1.27E-05
412.7666667,0.074181369,-1.32E-05,-1.27E-05
412.8,0.074154882,-1.32E-05,-1.27E-05
412.8333333,0.074128403,-1.32E-05,-1.27E-05
412.8666667,0.074101932,-1.32E-05,-1.27E-05
412.9,0.074075469,-1.32E-05,-1.27E-05
412.9333333,0.074049013,-1.32E-05,-1.27E-05
412.9666667,0.074022566,-1.32E-05,-1.27E-05
413,0.073996127,-1.32E-05,-1.27E-05
413.0333333,0.073969696,-1.32E-05,-1.27E-05
413.0666667,0.073943272,-1.32E-05,-1.27E-05
413.1,0.073916857,-1.32E-05,-1.27E-05
413.1333333,0.073890449,-1.32E-05,-1.27E-05
413.1666667,0.07386405,-1.32E-05,-1.26E-05
413.2,0.073837658,-1.32E-05,-1.26E-05
413.2333333,0.073811274,-1.32E-05,-1.26E-05
413.2666667,0.073784899,-1.32E-05,-1.26E-05
413.3,0.073758531,-1.32E-05,-1.26E-05
413.3333333,0.073732171,-1.32E-05,-1.26E-05
413.3666667,0.073705819,-1.32E-05,-1.26E-05
413.4,0.073679475,-1.32E-05,-1.26E-05
413.4333333,0.073653139,-1.32E-05,-1.26E-05
413.4666667,0.073626811,-1.32E-05,-1.26E-05
413.5,0.073600491,-1.32E-05,-1.26E-05
413.5333333,0.073574178,-1.32E-05,-1.26E-05
413.5666667,0.073547874,-1.32E-05,-1.26E-05
413.6,0.073521577,-1.31E-05,-1.26E-05
413.6333333,0.073495289,-1.31E-05,-1.26E-05
413.6666667,0.073469008,-1.31E-05,-1.26E-05
413.7,0.073442736,-1.31E-05,-1.26E-05
413.7333333,0.073416471,-1.31E-05,-1.26E-05
413.7666667,0.073390214,-1.31E-05,-1.26E-05
413.8,0.073363965,-1.31E-05,-1.26E-05
413.8333333,0.073337724,-1.31E-05,-1.26E-05
413.8666667,0.073311491,-1.31E-05,-1.26E-05
413.9,0.073285265,-1.31E-05,-1.26E-05
413.9333333,0.073259048,-1.31E-05,-1.26E-05
413.9666667,0.073232839,-1.31E-05,-1.26E-05
414,0.073206637,-1.31E-05,-1.26E-05
414.0333333,0.073180443,-1.31E-05,-1.25E-05
414.0666667,0.073154258,-1.31E-05,-1.25E-05
414.1,0.07312808,-1.31E-05,-1.25E-05
414.1333333,0.07310191,-1.31E-05,-1.25E-05
414.1666667,0.073075748,-1.31E-05,-1.25E-05
414.2,0.073049594,-1.31E-05,-1.25E-05
414.2333333,0.073023447,-1.31E-05,-1.25E-05
414.2666667,0.072997309,-1.31E-05,-1.25E-05
414.3,0.072971179,-1.31E-05,-1.25E-05
414.3333333,0.072945056,-1.31E-05,-1.25E-05
414.3666667,0.072918941,-1.31E-05,-1.25E-05
414.4,0.072892834,-1.31E-05,-1.25E-05
414.4333333,0.072866735,-1.30E-05,-1.25E-05
414.4666667,0.072840644,-1.30E-05,-1.25E-05
414.5,0.072814561,-1.30E-05,-1.25E-05
414.5333333,0.072788486,-1.30E-05,-1.25E-05
414.5666667,0.072762418,-1.30E-05,-1.25E-05
414.6,0.072736358,-1.30E-05,-1.25E-05
414.6333333,0.072710307,-1.30E-05,-1.25E-05
414.6666667,0.072684263,-1.30E-05,-1.25E-05
414.7,0.072658227,-1.30E-05,-1.25E-05
414.7333333,0.072632199,-1.30E-05,-1.25E-05
414.7666667,0.072606178,-1.30E-05,-1.25E-05
414.8,0.072580166,-1.30E-05,-1.25E-05
414.8333333,0.072554161,-1.30E-05,-1.25E-05
414.8666667,0.072528164,-1.30E-05,-1.25E-05
414.9,0.072502176,-1.30E-05,-1.25E-05
414.9333333,0.072476195,-1.30E-05,-1.24E-05
414.9666667,0.072450221,-1.30E-05,-1.24E-05
415,0.072424256,-1.30E-05,-1.24E-05
415.0333333,0.072398299,-1.30E-05,-1.24E-05
415.0666667,0.072372349,-1.30E-05,-1.24E-05
415.1,0.072346407,-1.30E-05,-1.24E-05
415.1333333,0.072320473,-1.30E-05,-1.24E-05
415.1666667,0.072294547,-1.30E-05,-1.24E-05
415.2,0.072268629,-1.30E-05,-1.24E-05
415.2333333,0.072242718,-1.30E-05,-1.24E-05
415.2666667,0.072216816,-1.30E-05,-1.24E-05
415.3,0.072190921,-1.29E-05,-1.24E-05
415.3333333,0.072165034,-1.29E-05,-1.24E-05
415.3666667,0.072139155,-1.29E-05,-1.24E-05
415.4,0.072113284,-1.29E-05,-1.24E-05
415.4333333,0.07208742,-1.29E-05,-1.24E-05
415.4666667,0.072061564,-1.29E-05,-1.24E-05
415.5,0.072035717,-1.29E-05,-1.24E-05
415.5333333,0.072009877,-1.29E-05,-1.24E-05
415.5666667,0.071984044,-1.29E-05,-1.24E-05
415.6,0.07195822,-1.29E-05,-1.24E-05
415.6333333,0.071932403,-1.29E-05,-1.24E-05
415.6666667,0.071906595,-1.29E-05,-1.24E-05
415.7,0.071880794,-1.29E-05,-1.24E-05
415.7333333,0.071855001,-1.29E-05,-1.24E-05
415.7666667,0.071829215,-1.29E-05,-1.24E-05
415.8,0.071803438,-1.29E-05,-1.23E-05
415.8333333,0.071777668,-1.29E-05,-1.23E-05
415.8666667,0.071751906,-1.29E-05,-1.23E-05
415.9,0.071726152,-1.29E-05,-1.23E-05
415.9333333,0.071700406,-1.29E-05,-1.23E-05
415.9666667,0.071674667,-1.29E-05,-1.23E-05
416,0.071648937,-1.29E-05,-1.23E-05
416.0333333,0.071623214,-1.29E-05,-1.23E-05
416.0666667,0.071597499,-1.29E-05,-1.23E-05
416.1,0.071571791,-1.29E-05,-1.23E-05
416.1333333,0.071546092,-1.28E-05,-1.23E-05
416.1666667,0.0715204,-1.28E-05,-1.23E-05
416.2,0.071494716,-1.28E-05,-1.23E-05
416.2333333,0.07146904,-1.28E-05,-1.23E-05
416.2666667,0.071443372,-1.28E-05,-1.23E-05
416.3,0.071417711,-1.28E-05,-1.23E-05
416.3333333,0.071392058,-1.28E-05,-1.23E-05
416.3666667,0.071366413,-1.28E-05,-1.23E-05
416.4,0.071340776,-1.28E-05,-1.23E-05
416.4333333,0.071315146,-1.28E-05,-1.23E-05
416.4666667,0.071289525,-1.28E-05,-1.23E-05
416.5,0.071263911,-1.28E-05,-1.23E-05
416.5333333,0.071238305,-1.28E-05,-1.23E-05
416.5666667,0.071212706,-1.28E-05,-1.23E-05
416.6,0.071187115,-1.28E-05,-1.23E-05
416.6333333,0.071161533,-1.28E-05,-1.23E-05
416.6666667,0.071135957,-1.28E-05,-1.23E-05
416.7,0.07111039,-1.28E-05,-1.22E-05
416.7333333,0.071084831,-1.28E-05,-1.22E-05
416.7666667,0.071059279,-1.28E-05,-1.22E-05
416.8,0.071033735,-1.28E-05,-1.22E-05
416.8333333,0.071008198,-1.28E-05,-1.22E-05
416.8666667,0.07098267,-1.28E-05,-1.22E-05
416.9,0.070957149,-1.28E-05,-1.22E-05
416.9333333,0.070931636,-1.28E-05,-1.22E-05
416.9666667,0.07090613,-1.28E-05,-1.22E-05
417,0.070880633,-1.27E-05,-1.22E-05
417.0333333,0.070855143,-1.27E-05,-1.22E-05
417.0666667,0.070829661,-1.27E-05,-1.22E-05
417.1,0.070804186,-1.27E-05,-1.22E-05
417.1333333,0.07077872,-1.27E-05,-1.22E-05
417.1666667,0.070753261,-1.27E-05,-1.22E-05
417.2,0.07072781,-1.27E-05,-1.22E-05
417.2333333,0.070702366,-1.27E-05,-1.22E-05
417.2666667,0.07067693,-1.27E-05,-1.22E-05
417.3,0.070651502,-1.27E-05,-1.22E-05
417.3333333,0.070626082,-1.27E-05,-1.22E-05
417.3666667,0.07060067,-1.27E-05,-1.22E-05
417.4,0.070575265,-1.27E-05,-1.22E-05
417.4333333,0.070549868,-1.27E-05,-1.22E-05
417.4666667,0.070524478,-1.27E-05,-1.22E-05
417.5,0.070499097,-1.27E-05,-1.22E-05
417.5333333,0.070473723,-1.27E-05,-1.22E-05
417.5666667,0.070448357,-1.27E-05,-1.22E-05
417.6,0.070422998,-1.27E-05,-1.21E-05
417.6333333,0.070397647,-1.27E-05,-1.21E-05
417.6666667,0.070372304,-1.27E-05,-1.21E-05
417.7,0.070346969,-1.27E-05,-1.21E-05
417.7333333,0.070321641,-1.27E-05,-1.21E-05
417.7666667,0.070296321,-1.27E-05,-1.21E-05
417.8,0.070271009,-1.27E-05,-1.21E-05
417.8333333,0.070245705,-1.27E-05,-1.21E-05
417.8666667,0.070220408,-1.26E-05,-1.21E-05
417.9,0.070195119,-1.26E-05,-1.21E-05
417.9333333,0.070169837,-1.26E-05,-1.21E-05
417.9666667,0.070144563,-1.26E-05,-1.21E-05
418,0.070119297,-1.26E-05,-1.21E-05
418.0333333,0.070094039,-1.26E-05,-1.21E-05
418.0666667,0.070068788,-1.26E-05,-1.21E-05
418.1,0.070043545,-1.26E-05,-1.21E-05
418.1333333,0.07001831,-1.26E-05,-1.21E-05
418.1666667,0.069993082,-1.26E-05,-1.21E-05
418.2,0.069967862,-1.26E-05,-1.21E-05
418.2333333,0.06994265,-1.26E-05,-1.21E-05
418.2666667,0.069917445,-1.26E-05,-1.21E-05
418.3,0.069892249,-1.26E-05,-1.21E-05
418.3333333,0.069867059,-1.26E-05,-1.21E-05
418.3666667,0.069841878,-1.26E-05,-1.21E-05
418.4,0.069816704,-1.26E-05,-1.21E-05
418.4333333,0.069791538,-1.26E-05,-1.21E-05
418.4666667,0.069766379,-1.26E-05,-1.21E-05
418.5,0.069741228,-1.26E-05,-1.20E-05
418.5333333,0.069716085,-1.26E-05,-1.20E-05
418.5666667,0.069690949,-1.26E-05,-1.20E-05
418.6,0.069665822,-1.26E-05,-1.20E-05
418.6333333,0.069640701,-1.26E-05,-1.20E-05
418.6666667,0.069615589,-1.26E-05,-1.20E-05
418.7,0.069590484,-1.26E-05,-1.20E-05
418.7333333,0.069565387,-1.25E-05,-1.20E-05
418.7666667,0.069540297,-1.25E-05,-1.20E-05
418.8,0.069515215,-1.25E-05,-1.20E-05
418.8333333,0.069490141,-1.25E-05,-1.20E-05
418.8666667,0.069465074,-1.25E-05,-1.20E-05
418.9,0.069440015,-1.25E-05,-1.20E-05
418.9333333,0.069414964,-1.25E-05,-1.20E-05
418.9666667,0.06938992,-1.25E-05,-1.20E-05
419,0.069364884,-1.25E-05,-1.20E-05
419.0333333,0.069339855,-1.25E-05,-1.20E-05
419.0666667,0.069314835,-1.25E-05,-1.20E-05
419.1,0.069289821,-1.25E-05,-1.20E-05
419.1333333,0.069264816,-1.25E-05,-1.20E-05
419.1666667,0.069239818,-1.25E-05,-1.20E-05
419.2,0.069214828,-1.25E-05,-1.20E-05
419.2333333,0.069189845,-1.25E-05,-1.20E-05
419.2666667,0.06916487,-1.25E-05,-1.20E-05
419.3,0.069139903,-1.25E-05,-1.20E-05
419.3333333,0.069114943,-1.25E-05,-1.20E-05
419.3666667,0.069089991,-1.25E-05,-1.20E-05
419.4,0.069065046,-1.25E-05,-1.19E-05
419.4333333,0.069040109,-1.25E-05,-1.19E-05
419.4666667,0.06901518,-1.25E-05,-1.19E-05
419.5,0.068990258,-1.25E-05,-1.19E-05
419.5333333,0.068965344,-1.25E-05,-1.19E-05
419.5666667,0.068940438,-1.25E-05,-1.19E-05
419.6,0.068915539,-1.24E-05,-1.19E-05
419.6333333,0.068890648,-1.24E-05,-1.19E-05
419.6666667,0.068865764,-1.24E-05,-1.19E-05
419.7,0.068840888,-1.24E-05,-1.19E-05
419.7333333,0.06881602,-1.24E-05,-1.19E-05
419.7666667,0.068791159,-1.24E-05,-1.19E-05
419.8,0.068766306,-1.24E-05,-1.19E-05
419.8333333,0.06874146,-1.24E-05,-1.19E-05
419.8666667,0.068716622,-1.24E-05,-1.19E-05
419.9,0.068691792,-1.24E-05,-1.19E-05
419.9333333,0.068666969,-1.24E-05,-1.19E-05
419.9666667,0.068642154,-1.24E-05,-1.19E-05
420,0.068617346,-1.24E-05,-1.19E-05
420.0333333,0.068592546,-1.24E-05,-1.19E-05
420.0666667,0.068567754,-1.24E-05,-1.19E-05
420.1,0.068542969,-1.24E-05,-1.19E-05
420.1333333,0.068518191,-1.24E-05,-1.19E-05
420.1666667,0.068493422,-1.24E-05,-1.19E-05
420.2,0.06846866,-1.24E-05,-1.19E-05
420.2333333,0.068443905,-1.24E-05,-1.19E-05
420.2666667,0.068419158,-1.24E-05,-1.19E-05
420.3,0.068394419,-1.24E-05,-1.18E-05
420.3333333,0.068369687,-1.24E-05,-1.18E-05
420.3666667,0.068344962,-1.24E-05,-1.18E-05
420.4,0.068320246,-1.24E-05,-1.18E-05
420.4333333,0.068295537,-1.24E-05,-1.18E-05
420.4666667,0.068270835,-1.24E-05,-1.18E-05
420.5,0.068246141,-1.23E-05,-1.18E-05
420.5333333,0.068221455,-1.23E-05,-1.18E-05
420.5666667,0.068196776,-1.23E-05,-1.18E-05
420.6,0.068172104,-1.23E-05,-1.18E-05
420.6333333,0.068147441,-1.23E-05,-1.18E-05
420.6666667,0.068122784,-1.23E-05,-1.18E-05
420.7,0.068098136,-1.23E-05,-1.18E-05
420.7333333,0.068073495,-1.23E-05,-1.18E-05
420.7666667,0.068048861,-1.23E-05,-1.18E-05
420.8,0.068024235,-1.23E-05,-1.18E-05
420.8333333,0.067999617,-1.23E-05,-1.18E-05
420.8666667,0.067975006,-1.23E-05,-1.18E-05
420.9,0.067950402,-1.23E-05,-1.18E-05
420.9333333,0.067925807,-1.23E-05,-1.18E-05
420.9666667,0.067901218,-1.23E-05,-1.18E-05
421,0.067876638,-1.23E-05,-1.18E-05
421.0333333,0.067852064,-1.23E-05,-1.18E-05
421.0666667,0.067827499,-1.23E-05,-1.18E-05
421.1,0.067802941,-1.23E-05,-1.18E-05
421.1333333,0.06777839,-1.23E-05,-1.18E-05
421.1666667,0.067753847,-1.23E-05,-1.18E-05
421.2,0.067729311,-1.23E-05,-1.17E-05
421.2333333,0.067704783,-1.23E-05,-1.17E-05
421.2666667,0.067680263,-1.23E-05,-1.17E-05
421.3,0.06765575,-1.23E-05,-1.17E-05
421.3333333,0.067631244,-1.23E-05,-1.17E-05
421.3666667,0.067606747,-1.22E-05,-1.17E-05
421.4,0.067582256,-1.22E-05,-1.17E-05
421.4333333,0.067557773,-1.22E-05,-1.17E-05
421.4666667,0.067533298,-1.22E-05,-1.17E-05
421.5,0.06750883,-1.22E-05,-1.17E-05
421.5333333,0.06748437,-1.22E-05,-1.17E-05
421.5666667,0.067459917,-1.22E-05,-1.17E-05
421.6,0.067435471,-1.22E-05,-1.17E-05
421.6333333,0.067411034,-1.22E-05,-1.17E-05
421.6666667,0.067386603,-1.22E-05,-1.17E-05
421.7,0.06736218,-1.22E-05,-1.17E-05
421.7333333,0.067337765,-1.22E-05,-1.17E-05
421.7666667,0.067313357,-1.22E-05,-1.17E-05
421.8,0.067288957,-1.22E-05,-1.17E-05
421.8333333,0.067264564,-1.22E-05,-1.17E-05
421.8666667,0.067240179,-1.22E-05,-1.17E-05
421.9,0.067215801,-1.22E-05,-1.17E-05
421.9333333,0.067191431,-1.22E-05,-1.17E-05
421.9666667,0.067167068,-1.22E-05,-1.17E-05
422,0.067142712,-1.22E-05,-1.17E-05
422.0333333,0.067118364,-1.22E-05,-1.17E-05
422.0666667,0.067094024,-1.22E-05,-1.17E-05
422.1,0.067069691,-1.22E-05,-1.17E-05
422.1333333,0.067045366,-1.22E-05,-1.16E-05
422.1666667,0.067021048,-1.22E-05,-1.16E-05
422.2,0.066996737,-1.22E-05,-1.16E-05
422.2333333,0.066972434,-1.22E-05,-1.16E-05
422.2666667,0.066948139,-1.21E-05,-1.16E-05
422.3,0.06692385,-1.21E-05,-1.16E-05
422.3333333,0.06689957,-1.21E-05,-1.16E-05
422.3666667,0.066875297,-1.21E-05,-1.16E-05
422.4,0.066851031,-1.21E-05,-1.16E-05
422.4333333,0.066826773,-1.21E-05,-1.16E-05
422.4666667,0.066802522,-1.21E-05,-1.16E-05
422.5,0.066778279,-1.21E-05,-1.16E-05
422.5333333,0.066754043,-1.21E-05,-1.16E-05
422.5666667,0.066729815,-1.21E-05,-1.16E-05
422.6,0.066705594,-1.21E-05,-1.16E-05
422.6333333,0.06668138,-1.21E-05,-1.16E-05
422.6666667,0.066657174,-1.21E-05,-1.16E-05
422.7,0.066632976,-1.21E-05,-1.16E-05
422.7333333,0.066608785,-1.21E-05,-1.16E-05
422.7666667,0.066584601,-1.21E-05,-1.16E-05
422.8,0.066560425,-1.21E-05,-1.16E-05
422.8333333,0.066536256,-1.21E-05,-1.16E-05
422.8666667,0.066512095,-1.21E-05,-1.16E-05
422.9,0.066487941,-1.21E-05,-1.16E-05
422.9333333,0.066463794,-1.21E-05,-1.16E-05
422.9666667,0.066439655,-1.21E-05,-1.16E-05
423,0.066415524,-1.21E-05,-1.16E-05
423.0333333,0.0663914,-1.21E-05,-1.16E-05
423.0666667,0.066367283,-1.21E-05,-1.15E-05
423.1,0.066343174,-1.21E-05,-1.15E-05
423.1333333,0.066319072,-1.21E-05,-1.15E-05
423.1666667,0.066294978,-1.20E-05,-1.15E-05
423.2,0.066270891,-1.20E-05,-1.15E-05
423.2333333,0.066246811,-1.20E-05,-1.15E-05
423.2666667,0.066222739,-1.20E-05,-1.15E-05
423.3,0.066198674,-1.20E-05,-1.15E-05
423.3333333,0.066174617,-1.20E-05,-1.15E-05
423.3666667,0.066150567,-1.20E-05,-1.15E-05
423.4,0.066126525,-1.20E-05,-1.15E-05
423.4333333,0.06610249,-1.20E-05,-1.15E-05
423.4666667,0.066078462,-1.20E-05,-1.15E-05
423.5,0.066054442,-1.20E-05,-1.15E-05
423.5333333,0.066030429,-1.20E-05,-1.15E-05
423.5666667,0.066006423,-1.20E-05,-1.15E-05
423.6,0.065982425,-1.20E-05,-1.15E-05
423.6333333,0.065958435,-1.20E-05,-1.15E-05
423.6666667,0.065934452,-1.20E-05,-1.15E-05
423.7,0.065910476,-1.20E-05,-1.15E-05
423.7333333,0.065886507,-1.20E-05,-1.15E-05
423.7666667,0.065862546,-1.20E-05,-1.15E-05
423.8,0.065838593,-1.20E-05,-1.15E-05
423.8333333,0.065814647,-1.20E-05,-1.15E-05
423.8666667,0.065790708,-1.20E-05,-1.15E-05
423.9,0.065766776,-1.20E-05,-1.15E-05
423.9333333,0.065742852,-1.20E-05,-1.15E-05
423.9666667,0.065718936,-1.20E-05,-1.15E-05
424,0.065695026,-1.20E-05,-1.14E-05
424.0333333,0.065671125,-1.20E-05,-1.14E-05
424.0666667,0.06564723,-1.19E-05,-1.14E-05
424.1,0.065623343,-1.19E-05,-1.14E-05
424.1333333,0.065599463,-1.19E-05,-1.14E-05
424.1666667,0.065575591,-1.19E-05,-1.14E-05
424.2,0.065551726,-1.19E-05,-1.14E-05
424.2333333,0.065527868,-1.19E-05,-1.14E-05
424.2666667,0.065504018,-1.19E-05,-1.14E-05
424.3,0.065480175,-1.19E-05,-1.14E-05
424.3333333,0.06545634,-1.19E-05,-1.14E-05
424.3666667,0.065432511,-1.19E-05,-1.14E-05
424.4,0.065408691,-1.19E-05,-1.14E-05
424.4333333,0.065384877,-1.19E-05,-1.14E-05
424.4666667,0.065361071,-1.19E-05,-1.14E-05
424.5,0.065337272,-1.19E-05,-1.14E-05
424.5333333,0.065313481,-1.19E-05,-1.14E-05
424.5666667,0.065289697,-1.19E-05,-1.14E-05
424.6,0.065265921,-1.19E-05,-1.14E-05
424.6333333,0.065242151,-1.19E-05,-1.14E-05
424.6666667,0.065218389,-1.19E-05,-1.14E-05
424.7,0.065194635,-1.19E-05,-1.14E-05
424.7333333,0.065170888,-1.19E-05,-1.14E-05
424.7666667,0.065147148,-1.19E-05,-1.14E-05
424.8,0.065123415,-1.19E-05,-1.14E-05
424.8333333,0.06509969,-1.19E-05,-1.14E-05
424.8666667,0.065075972,-1.19E-05,-1.14E-05
424.9,0.065052262,-1.19E-05,-1.14E-05
424.9333333,0.065028558,-1.19E-05,-1.13E-05
424.9666667,0.065004863,-1.18E-05,-1.13E-05
425,0.064981174,-1.18E-05,-1.13E-05
425.0333333,0.064957493,-1.18E-05,-1.13E-05
425.0666667,0.064933819,-1.18E-05,-1.13E-05
425.1,0.064910153,-1.18E-05,-1.13E-05
425.1333333,0.064886493,-1.18E-05,-1.13E-05
425.1666667,0.064862841,-1.18E-05,-1.13E-05
425.2,0.064839197,-1.18E-05,-1.13E-05
425.2333333,0.06481556,-1.18E-05,-1.13E-05
425.2666667,0.06479193,-1.18E-05,-1.13E-05
425.3,0.064768307,-1.18E-05,-1.13E-05
425.3333333,0.064744692,-1.18E-05,-1.13E-05
425.3666667,0.064721084,-1.18E-05,-1.13E-05
425.4,0.064697483,-1.18E-05,-1.13E-05
425.4333333,0.06467389,-1.18E-05,-1.13E-05
425.4666667,0.064650304,-1.18E-05,-1.13E-05
425.5,0.064626725,-1.18E-05,-1.13E-05
425.5333333,0.064603154,-1.18E-05,-1.13E-05
425.5666667,0.06457959,-1.18E-05,-1.13E-05
425.6,0.064556033,-1.18E-05,-1.13E-05
425.6333333,0.064532484,-1.18E-05,-1.13E-05
425.6666667,0.064508942,-1.18E-05,-1.13E-05
425.7,0.064485407,-1.18E-05,-1.13E-05
425.7333333,0.064461879,-1.18E-05,-1.13E-05
425.7666667,0.064438359,-1.18E-05,-1.13E-05
425.8,0.064414846,-1.18E-05,-1.13E-05
425.8333333,0.06439134,-1.18E-05,-1.13E-05
425.8666667,0.064367842,-1.17E-05,-1.12E-05
425.9,0.064344351,-1.17E-05,-1.12E-05
425.9333333,0.064320867,-1.17E-05,-1.12E-05
425.9666667,0.06429739,-1.17E-05,-1.12E-05
426,0.064273921,-1.17E-05,-1.12E-05
426.0333333,0.064250459,-1.17E-05,-1.12E-05
426.0666667,0.064227004,-1.17E-05,-1.12E-05
426.1,0.064203557,-1.17E-05,-1.12E-05
426.1333333,0.064180117,-1.17E-05,-1.12E-05
426.1666667,0.064156684,-1.17E-05,-1.12E-05
426.2,0.064133258,-1.17E-05,-1.12E-05
426.2333333,0.06410984,-1.17E-05,-1.12E-05
426.2666667,0.064086429,-1.17E-05,-1.12E-05
426.3,0.064063025,-1.17E-05,-1.12E-05
426.3333333,0.064039628,-1.17E-05,-1.12E-05
426.3666667,0.064016239,-1.17E-05,-1.12E-05
426.4,0.063992857,-1.17E-05,-1.12E-05
426.4333333,0.063969482,-1.17E-05,-1.12E-05
426.4666667,0.063946115,-1.17E-05,-1.12E-05
426.5,0.063922755,-1.17E-05,-1.12E-05
426.5333333,0.063899402,-1.17E-05,-1.12E-05
426.5666667,0.063876056,-1.17E-05,-1.12E-05
426.6,0.063852718,-1.17E-05,-1.12E-05
426.6333333,0.063829386,-1.17E-05,-1.12E-05
426.6666667,0.063806062,-1.17E-05,-1.12E-05
426.7,0.063782746,-1.17E-05,-1.12E-05
426.7333333,0.063759436,-1.17E-05,-1.12E-05
426.7666667,0.063736134,-1.17E-05,-1.12E-05
426.8,0.063712839,-1.16E-05,-1.12E-05
426.8333333,0.063689551,-1.16E-05,-1.11E-05
426.8666667,0.063666271,-1.16E-05,-1.11E-05
426.9,0.063642998,-1.16E-05,-1.11E-05
426.9333333,0.063619732,-1.16E-05,-1.11E-05
426.9666667,0.063596473,-1.16E-05,-1.11E-05
427,0.063573221,-1.16E-05,-1.11E-05
427.0333333,0.063549977,-1.16E-05,-1.11E-05
427.0666667,0.06352674,-1.16E-05,-1.11E-05
427.1,0.06350351,-1.16E-05,-1.11E-05
427.1333333,0.063480287,-1.16E-05,-1.11E-05
427.1666667,0.063457072,-1.16E-05,-1.11E-05
427.2,0.063433864,-1.16E-05,-1.11E-05
427.2333333,0.063410663,-1.16E-05,-1.11E-05
427.2666667,0.063387469,-1.16E-05,-1.11E-05
427.3,0.063364283,-1.16E-05,-1.11E-05
427.3333333,0.063341103,-1.16E-05,-1.11E-05
427.3666667,0.063317931,-1.16E-05,-1.11E-05
427.4,0.063294766,-1.16E-05,-1.11E-05
427.4333333,0.063271609,-1.16E-05,-1.11E-05
427.4666667,0.063248458,-1.16E-05,-1.11E-05
427.5,0.063225315,-1.16E-05,-1.11E-05
427.5333333,0.063202179,-1.16E-05,-1.11E-05
427.5666667,0.06317905,-1.16E-05,-1.11E-05
427.6,0.063155928,-1.16E-05,-1.11E-05
427.6333333,0.063132814,-1.16E-05,-1.11E-05
427.6666667,0.063109707,-1.16E-05,-1.11E-05
427.7,0.063086607,-1.16E-05,-1.11E-05
427.7333333,0.063063514,-1.15E-05,-1.11E-05
427.7666667,0.063040428,-1.15E-05,-1.11E-05
427.8,0.06301735,-1.15E-05,-1.10E-05
427.8333333,0.062994278,-1.15E-05,-1.10E-05
427.8666667,0.062971214,-1.15E-05,-1.10E-05
427.9,0.062948157,-1.15E-05,-1.10E-05
427.9333333,0.062925108,-1.15E-05,-1.10E-05
427.9666667,0.062902065,-1.15E-05,-1.10E-05
428,0.06287903,-1.15E-05,-1.10E-05
428.0333333,0.062856002,-1.15E-05,-1.10E-05
428.0666667,0.062832981,-1.15E-05,-1.10E-05
428.1,0.062809967,-1.15E-05,-1.10E-05
428.1333333,0.06278696,-1.15E-05,-1.10E-05
428.1666667,0.062763961,-1.15E-05,-1.10E-05
428.2,0.062740968,-1.15E-05,-1.10E-05
428.2333333,0.062717983,-1.15E-05,-1.10E-05
428.2666667,0.062695005,-1.15E-05,-1.10E-05
428.3,0.062672035,-1.15E-05,-1.10E-05
428.3333333,0.062649071,-1.15E-05,-1.10E-05
428.3666667,0.062626114,-1.15E-05,-1.10E-05
428.4,0.062603165,-1.15E-05,-1.10E-05
428.4333333,0.062580223,-1.15E-05,-1.10E-05
428.4666667,0.062557288,-1.15E-05,-1.10E-05
428.5,0.06253436,-1.15E-05,-1.10E-05
428.5333333,0.06251144,-1.15E-05,-1.10E-05
428.5666667,0.062488526,-1.15E-05,-1.10E-05
428.6,0.06246562,-1.15E-05,-1.10E-05
428.6333333,0.062442721,-1.14E-05,-1.10E-05
428.6666667,0.062419828,-1.14E-05,-1.10E-05
428.7,0.062396944,-1.14E-05,-1.10E-05
428.7333333,0.062374066,-1.14E-05,-1.09E-05
428.7666667,0.062351195,-1.14E-05,-1.09E-05
428.8,0.062328332,-1.14E-05,-1.09E-05
428.8333333,0.062305475,-1.14E-05,-1.09E-05
428.8666667,0.062282626,-1.14E-05,-1.09E-05
428.9,0.062259784,-1.14E-05,-1.09E-05
428.9333333,0.062236949,-1.14E-05,-1.09E-05
428.9666667,0.062214121,-1.14E-05,-1.09E-05
429,0.062191301,-1.14E-05,-1.09E-05
429.0333333,0.062168487,-1.14E-05,-1.09E-05
429.0666667,0.062145681,-1.14E-05,-1.09E-05
429.1,0.062122882,-1.14E-05,-1.09E-05
429.1333333,0.062100089,-1.14E-05,-1.09E-05
429.1666667,0.062077304,-1.14E-05,-1.09E-05
429.2,0.062054526,-1.14E-05,-1.09E-05
429.2333333,0.062031756,-1.14E-05,-1.09E-05
429.2666667,0.062008992,-1.14E-05,-1.09E-05
429.3,0.061986235,-1.14E-05,-1.09E-05
429.3333333,0.061963486,-1.14E-05,-1.09E-05
429.3666667,0.061940744,-1.14E-05,-1.09E-05
429.4,0.061918008,-1.14E-05,-1.09E-05
429.4333333,0.06189528,-1.14E-05,-1.09E-05
429.4666667,0.061872559,-1.14E-05,-1.09E-05
429.5,0.061849846,-1.14E-05,-1.09E-05
429.5333333,0.061827139,-1.14E-05,-1.09E-05
429.5666667,0.061804439,-1.13E-05,-1.09E-05
429.6,0.061781746,-1.13E-05,-1.09E-05
429.6333333,0.061759061,-1.13E-05,-1.09E-05
429.6666667,0.061736383,-1.13E-05,-1.09E-05
429.7,0.061713711,-1.13E-05,-1.09E-05
429.7333333,0.061691047,-1.13E-05,-1.08E-05
429.7666667,0.06166839,-1.13E-05,-1.08E-05
429.8,0.06164574,-1.13E-05,-1.08E-05
429.8333333,0.061623097,-1.13E-05,-1.08E-05
429.8666667,0.061600461,-1.13E-05,-1.08E-05
429.9,0.061577833,-1.13E-05,-1.08E-05
429.9333333,0.061555211,-1.13E-05,-1.08E-05
429.9666667,0.061532596,-1.13E-05,-1.08E-05
430,0.061509989,-1.13E-05,-1.08E-05
430.0333333,0.061487389,-1.13E-05,-1.08E-05
430.0666667,0.061464795,-1.13E-05,-1.08E-05
430.1,0.061442209,-1.13E-05,-1.08E-05
430.1333333,0.06141963,-1.13E-05,-1.08E-05
430.1666667,0.061397058,-1.13E-05,-1.08E-05
430.2,0.061374493,-1.13E-05,-1.08E-05
430.2333333,0.061351935,-1.13E-05,-1.08E-05
430.2666667,0.061329384,-1.13E-05,-1.08E-05
430.3,0.06130684,-1.13E-05,-1.08E-05
430.3333333,0.061284303,-1.13E-05,-1.08E-05
430.3666667,0.061261774,-1.13E-05,-1.08E-05
430.4,0.061239251,-1.13E-05,-1.08E-05
430.4333333,0.061216735,-1.13E-05,-1.08E-05
430.4666667,0.061194227,-1.13E-05,-1.08E-05
430.5,0.061171725,-1.13E-05,-1.08E-05
430.5333333,0.061149231,-1.12E-05,-1.08E-05
430.5666667,0.061126744,-1.12E-05,-1.08E-05
430.6,0.061104263,-1.12E-05,-1.08E-05
430.6333333,0.06108179,-1.12E-05,-1.08E-05
430.6666667,0.061059324,-1.12E-05,-1.08E-05
430.7,0.061036865,-1.12E-05,-1.07E-05
430.7333333,0.061014413,-1.12E-05,-1.07E-05
430.7666667,0.060991968,-1.12E-05,-1.07E-05
430.8,0.06096953,-1.12E-05,-1.07E-05
430.8333333,0.060947099,-1.12E-05,-1.07E-05
430.8666667,0.060924675,-1.12E-05,-1.07E-05
430.9,0.060902258,-1.12E-05,-1.07E-05
430.9333333,0.060879848,-1.12E-05,-1.07E-05
430.9666667,0.060857445,-1.12E-05,-1.07E-05
431,0.060835049,-1.12E-05,-1.07E-05
431.0333333,0.06081266,-1.12E-05,-1.07E-05
431.0666667,0.060790279,-1.12E-05,-1.07E-05
431.1,0.060767904,-1.12E-05,-1.07E-05
431.1333333,0.060745536,-1.12E-05,-1.07E-05
431.1666667,0.060723176,-1.12E-05,-1.07E-05
431.2,0.060700822,-1.12E-05,-1.07E-05
431.2333333,0.060678475,-1.12E-05,-1.07E-05
431.2666667,0.060656136,-1.12E-05,-1.07E-05
431.3,0.060633803,-1.12E-05,-1.07E-05
431.3333333,0.060611477,-1.12E-05,-1.07E-05
431.3666667,0.060589159,-1.12E-05,-1.07E-05
431.4,0.060566847,-1.12E-05,-1.07E-05
431.4333333,0.060544543,-1.12E-05,-1.07E-05
431.4666667,0.060522245,-1.11E-05,-1.07E-05
431.5,0.060499955,-1.11E-05,-1.07E-05
431.5333333,0.060477671,-1.11E-05,-1.07E-05
431.5666667,0.060455395,-1.11E-05,-1.07E-05
431.6,0.060433125,-1.11E-05,-1.07E-05
431.6333333,0.060410863,-1.11E-05,-1.07E-05
431.6666667,0.060388607,-1.11E-05,-1.06E-05
431.7,0.060366359,-1.11E-05,-1.06E-05
431.7333333,0.060344117,-1.11E-05,-1.06E-05
431.7666667,0.060321882,-1.11E-05,-1.06E-05
431.8,0.060299655,-1.11E-05,-1.06E-05
431.8333333,0.060277434,-1.11E-05,-1.06E-05
431.8666667,0.060255221,-1.11E-05,-1.06E-05
431.9,0.060233014,-1.11E-05,-1.06E-05
431.9333333,0.060210815,-1.11E-05,-1.06E-05
431.9666667,0.060188622,-1.11E-05,-1.06E-05
432,0.060166436,-1.11E-05,-1.06E-05
432.0333333,0.060144258,-1.11E-05,-1.06E-05
432.0666667,0.060122086,-1.11E-05,-1.06E-05
432.1,0.060099921,-1.11E-05,-1.06E-05
432.1333333,0.060077764,-1.11E-05,-1.06E-05
432.1666667,0.060055613,-1.11E-05,-1.06E-05
432.2,0.060033469,-1.11E-05,-1.06E-05
432.2333333,0.060011332,-1.11E-05,-1.06E-05
432.2666667,0.059989202,-1.11E-05,-1.06E-05
432.3,0.05996708,-1.11E-05,-1.06E-05
432.3333333,0.059944964,-1.11E-05,-1.06E-05
432.3666667,0.059922855,-1.11E-05,-1.06E-05
432.4,0.059900753,-1.11E-05,-1.06E-05
432.4333333,0.059878658,-1.10E-05,-1.06E-05
432.4666667,0.05985657,-1.10E-05,-1.06E-05
432.5,0.059834489,-1.10E-05,-1.06E-05
432.5333333,0.059812414,-1.10E-05,-1.06E-05
432.5666667,0.059790347,-1.10E-05,-1.06E-05
432.6,0.059768287,-1.10E-05,-1.06E-05
432.6333333,0.059746234,-1.10E-05,-1.06E-05
432.6666667,0.059724187,-1.10E-05,-1.05E-05
432.7,0.059702148,-1.10E-05,-1.05E-05
432.7333333,0.059680115,-1.10E-05,-1.05E-05
432.7666667,0.05965809,-1.10E-05,-1.05E-05
432.8,0.059636071,-1.10E-05,-1.05E-05
432.8333333,0.05961406,-1.10E-05,-1.05E-05
432.8666667,0.059592055,-1.10E-05,-1.05E-05
432.9,0.059570057,-1.10E-05,-1.05E-05
432.9333333,0.059548066,-1.10E-05,-1.05E-05
432.9666667,0.059526083,-1.10E-05,-1.05E-05
433,0.059504106,-1.10E-05,-1.05E-05
433.0333333,0.059482136,-1.10E-05,-1.05E-05
433.0666667,0.059460172,-1.10E-05,-1.05E-05
433.1,0.059438216,-1.10E-05,-1.05E-05
433.1333333,0.059416267,-1.10E-05,-1.05E-05
433.1666667,0.059394325,-1.10E-05,-1.05E-05
433.2,0.059372389,-1.10E-05,-1.05E-05
433.2333333,0.059350461,-1.10E-05,-1.05E-05
433.2666667,0.059328539,-1.10E-05,-1.05E-05
433.3,0.059306625,-1.10E-05,-1.05E-05
433.3333333,0.059284717,-1.10E-05,-1.05E-05
433.3666667,0.059262816,-1.10E-05,-1.05E-05
433.4,0.059240922,-1.09E-05,-1.05E-05
433.4333333,0.059219035,-1.09E-05,-1.05E-05
433.4666667,0.059197155,-1.09E-05,-1.05E-05
433.5,0.059175282,-1.09E-05,-1.05E-05
433.5333333,0.059153416,-1.09E-05,-1.05E-05
433.5666667,0.059131556,-1.09E-05,-1.05E-05
433.6,0.059109704,-1.09E-05,-1.05E-05
433.6333333,0.059087858,-1.09E-05,-1.05E-05
433.6666667,0.05906602,-1.09E-05,-1.04E-05
433.7,0.059044188,-1.09E-05,-1.04E-05
433.7333333,0.059022363,-1.09E-05,-1.04E-05
433.7666667,0.059000545,-1.09E-05,-1.04E-05
433.8,0.058978734,-1.09E-05,-1.04E-05
433.8333333,0.05895693,-1.09E-05,-1.04E-05
433.8666667,0.058935132,-1.09E-05,-1.04E-05
433.9,0.058913342,-1.09E-05,-1.04E-05
433.9333333,0.058891558,-1.09E-05,-1.04E-05
433.9666667,0.058869782,-1.09E-05,-1.04E-05
434,0.058848012,-1.09E-05,-1.04E-05
434.0333333,0.058826249,-1.09E-05,-1.04E-05
434.0666667,0.058804493,-1.09E-05,-1.04E-05
434.1,0.058782744,-1.09E-05,-1.04E-05
434.1333333,0.058761002,-1.09E-05,-1.04E-05
434.1666667,0.058739266,-1.09E-05,-1.04E-05
434.2,0.058717538,-1.09E-05,-1.04E-05
434.2333333,0.058695816,-1.09E-05,-1.04E-05
434.2666667,0.058674101,-1.09E-05,-1.04E-05
434.3,0.058652393,-1.09E-05,-1.04E-05
434.3333333,0.058630692,-1.09E-05,-1.04E-05
434.3666667,0.058608998,-1.08E-05,-1.04E-05
434.4,0.058587311,-1.08E-05,-1.04E-05
434.4333333,0.05856563,-1.08E-05,-1.04E-05
434.4666667,0.058543957,-1.08E-05,-1.04E-05
434.5,0.05852229,-1.08E-05,-1.04E-05
434.5333333,0.05850063,-1.08E-05,-1.04E-05
434.5666667,0.058478977,-1.08E-05,-1.04E-05
434.6,0.058457331,-1.08E-05,-1.04E-05
434.6333333,0.058435692,-1.08E-05,-1.04E-05
434.6666667,0.058414059,-1.08E-05,-1.03E-05
434.7,0.058392434,-1.08E-05,-1.03E-05
434.7333333,0.058370815,-1.08E-05,-1.03E-05
434.7666667,0.058349203,-1.08E-05,-1.03E-05
434.8,0.058327598,-1.08E-05,-1.03E-05
434.8333333,0.058306,-1.08E-05,-1.03E-05
434.8666667,0.058284408,-1.08E-05,-1.03E-05
434.9,0.058262824,-1.08E-05,-1.03E-05
434.9333333,0.058241246,-1.08E-05,-1.03E-05
434.9666667,0.058219675,-1.08E-05,-1.03E-05
435,0.058198111,-1.08E-05,-1.03E-05
435.0333333,0.058176554,-1.08E-05,-1.03E-05
435.0666667,0.058155003,-1.08E-05,-1.03E-05
435.1,0.05813346,-1.08E-05,-1.03E-05
435.1333333,0.058111923,-1.08E-05,-1.03E-05
435.1666667,0.058090393,-1.08E-05,-1.03E-05
435.2,0.05806887,-1.08E-05,-1.03E-05
435.2333333,0.058047354,-1.08E-05,-1.03E-05
435.2666667,0.058025844,-1.08E-05,-1.03E-05
435.3,0.058004341,-1.08E-05,-1.03E-05
435.3333333,0.057982846,-1.07E-05,-1.03E-05
435.3666667,0.057961357,-1.07E-05,-1.03E-05
435.4,0.057939874,-1.07E-05,-1.03E-05
435.4333333,0.057918399,-1.07E-05,-1.03E-05
435.4666667,0.05789693,-1.07E-05,-1.03E-05
435.5,0.057875469,-1.07E-05,-1.03E-05
435.5333333,0.057854014,-1.07E-05,-1.03E-05
435.5666667,0.057832565,-1.07E-05,-1.03E-05
435.6,0.057811124,-1.07E-05,-1.03E-05
435.6333333,0.057789689,-1.07E-05,-1.03E-05
435.6666667,0.057768262,-1.07E-05,-1.03E-05
435.7,0.057746841,-1.07E-05,-1.02E-05
435.7333333,0.057725427,-1.07E-05,-1.02E-05
435.7666667,0.057704019,-1.07E-05,-1.02E-05
435.8,0.057682619,-1.07E-05,-1.02E-05
435.8333333,0.057661225,-1.07E-05,-1.02E-05
435.8666667,0.057639838,-1.07E-05,-1.02E-05
435.9,0.057618458,-1.07E-05,-1.02E-05
435.9333333,0.057597084,-1.07E-05,-1.02E-05
435.9666667,0.057575718,-1.07E-05,-1.02E-05
436,0.057554358,-1.07E-05,-1.02E-05
436.0333333,0.057533005,-1.07E-05,-1.02E-05
436.0666667,0.057511658,-1.07E-05,-1.02E-05
436.1,0.057490319,-1.07E-05,-1.02E-05
436.1333333,0.057468986,-1.07E-05,-1.02E-05
436.1666667,0.05744766,-1.07E-05,-1.02E-05
436.2,0.057426341,-1.07E-05,-1.02E-05
436.2333333,0.057405029,-1.07E-05,-1.02E-05
436.2666667,0.057383723,-1.07E-05,-1.02E-05
436.3,0.057362424,-1.06E-05,-1.02E-05
436.3333333,0.057341132,-1.06E-05,-1.02E-05
436.3666667,0.057319847,-1.06E-05,-1.02E-05
436.4,0.057298568,-1.06E-05,-1.02E-05
436.4333333,0.057277296,-1.06E-05,-1.02E-05
436.4666667,0.057256031,-1.06E-05,-1.02E-05
436.5,0.057234773,-1.06E-05,-1.02E-05
436.5333333,0.057213521,-1.06E-05,-1.02E-05
436.5666667,0.057192276,-1.06E-05,-1.02E-05
436.6,0.057171038,-1.06E-05,-1.02E-05
436.6333333,0.057149807,-1.06E-05,-1.02E-05
436.6666667,0.057128583,-1.06E-05,-1.02E-05
436.7,0.057107365,-1.06E-05,-1.01E-05
436.7333333,0.057086154,-1.06E-05,-1.01E-05
436.7666667,0.057064949,-1.06E-05,-1.01E-05
436.8,0.057043752,-1.06E-05,-1.01E-05
436.8333333,0.057022561,-1.06E-05,-1.01E-05
436.8666667,0.057001377,-1.06E-05,-1.01E-05
436.9,0.0569802,-1.06E-05,-1.01E-05
436.9333333,0.056959029,-1.06E-05,-1.01E-05
436.9666667,0.056937865,-1.06E-05,-1.01E-05
437,0.056916708,-1.06E-05,-1.01E-05
437.0333333,0.056895558,-1.06E-05,-1.01E-05
437.0666667,0.056874414,-1.06E-05,-1.01E-05
437.1,0.056853277,-1.06E-05,-1.01E-05
437.1333333,0.056832147,-1.06E-05,-1.01E-05
437.1666667,0.056811024,-1.06E-05,-1.01E-05
437.2,0.056789907,-1.06E-05,-1.01E-05
437.2333333,0.056768797,-1.06E-05,-1.01E-05
437.2666667,0.056747693,-1.06E-05,-1.01E-05
437.3,0.056726597,-1.05E-05,-1.01E-05
437.3333333,0.056705507,-1.05E-05,-1.01E-05
437.3666667,0.056684424,-1.05E-05,-1.01E-05
437.4,0.056663347,-1.05E-05,-1.01E-05
437.4333333,0.056642278,-1.05E-05,-1.01E-05
437.4666667,0.056621215,-1.05E-05,-1.01E-05
437.5,0.056600158,-1.05E-05,-1.01E-05
437.5333333,0.056579109,-1.05E-05,-1.01E-05
437.5666667,0.056558066,-1.05E-05,-1.01E-05
437.6,0.05653703,-1.05E-05,-1.01E-05
437.6333333,0.056516,-1.05E-05,-1.01E-05
437.6666667,0.056494977,-1.05E-05,-1.01E-05
437.7,0.056473961,-1.05E-05,-1.01E-05
437.7333333,0.056452952,-1.05E-05,-1.00E-05
437.7666667,0.056431949,-1.05E-05,-1.00E-05
437.8,0.056410953,-1.05E-05,-1.00E-05
437.8333333,0.056389964,-1.05E-05,-1.00E-05
437.8666667,0.056368981,-1.05E-05,-1.00E-05
437.9,0.056348006,-1.05E-05,-1.00E-05
437.9333333,0.056327036,-1.05E-05,-1.00E-05
437.9666667,0.056306074,-1.05E-05,-1.00E-05
438,0.056285118,-1.05E-05,-1.00E-05
438.0333333,0.056264169,-1.05E-05,-1.00E-05
438.0666667,0.056243226,-1.05E-05,-1.00E-05
438.1,0.05622229,-1.05E-05,-1.00E-05
438.1333333,0.056201361,-1.05E-05,-1.00E-05
438.1666667,0.056180439,-1.05E-05,-1.00E-05
438.2,0.056159523,-1.05E-05,-1.00E-05
438.2333333,0.056138614,-1.05E-05,-1.00E-05
438.2666667,0.056117712,-1.05E-05,-1.00E-05
438.3,0.056096816,-1.04E-05,-9.99E-06
438.3333333,0.056075927,-1.04E-05,-9.99E-06
438.3666667,0.056055044,-1.04E-05,-9.99E-06
438.4,0.056034169,-1.04E-05,-9.99E-06
438.4333333,0.056013299,-1.04E-05,-9.98E-06
438.4666667,0.055992437,-1.04E-05,-9.98E-06
438.5,0.055971581,-1.04E-05,-9.98E-06
438.5333333,0.055950732,-1.04E-05,-9.97E-06
438.5666667,0.05592989,-1.04E-05,-9.97E-06
438.6,0.055909054,-1.04E-05,-9.97E-06
438.6333333,0.055888225,-1.04E-05,-9.96E-06
438.6666667,0.055867402,-1.04E-05,-9.96E-06
438.7,0.055846586,-1.04E-05,-9.96E-06
438.7333333,0.055825777,-1.04E-05,-9.95E-06
438.7666667,0.055804975,-1.04E-05,-9.95E-06
438.8,0.055784179,-1.04E-05,-9.95E-06
438.8333333,0.055763389,-1.04E-05,-9.94E-06
438.8666667,0.055742607,-1.04E-05,-9.94E-06
438.9,0.055721831,-1.04E-05,-9.94E-06
438.9333333,0.055701062,-1.04E-05,-9.93E-06
438.9666667,0.055680299,-1.04E-05,-9.93E-06
439,0.055659543,-1.04E-05,-9.93E-06
439.0333333,0.055638793,-1.04E-05,-9.92E-06
439.0666667,0.055618051,-1.04E-05,-9.92E-06
439.1,0.055597314,-1.04E-05,-9.92E-06
439.1333333,0.055576585,-1.04E-05,-9.91E-06
439.1666667,0.055555862,-1.04E-05,-9.91E-06
439.2,0.055535146,-1.04E-05,-9.91E-06
439.2333333,0.055514436,-1.04E-05,-9.91E-06
439.2666667,0.055493733,-1.04E-05,-9.90E-06
439.3,0.055473037,-1.03E-05,-9.90E-06
439.3333333,0.055452347,-1.03E-05,-9.90E-06
439.3666667,0.055431664,-1.03E-05,-9.89E-06
439.4,0.055410987,-1.03E-05,-9.89E-06
439.4333333,0.055390317,-1.03E-05,-9.89E-06
439.4666667,0.055369654,-1.03E-05,-9.88E-06
439.5,0.055348997,-1.03E-05,-9.88E-06
439.5333333,0.055328347,-1.03E-05,-9.88E-06
439.5666667,0.055307704,-1.03E-05,-9.87E-06
439.6,0.055287067,-1.03E-05,-9.87E-06
439.6333333,0.055266436,-1.03E-05,-9.87E-06
439.6666667,0.055245813,-1.03E-05,-9.86E-06
439.7,0.055225196,-1.03E-05,-9.86E-06
439.7333333,0.055204585,-1.03E-05,-9.86E-06
439.7666667,0.055183981,-1.03E-05,-9.85E-06
439.8,0.055163384,-1.03E-05,-9.85E-06
439.8333333,0.055142793,-1.03E-05,-9.85E-06
439.8666667,0.055122209,-1.03E-05,-9.84E-06
439.9,0.055101632,-1.03E-05,-9.84E-06
439.9333333,0.055081061,-1.03E-05,-9.84E-06
439.9666667,0.055060497,-1.03E-05,-9.84E-06
440,0.055039939,-1.03E-05,-9.83E-06
440.0333333,0.055019388,-1.03E-05,-9.83E-06
440.0666667,0.054998843,-1.03E-05,-9.83E-06
440.1,0.054978305,-1.03E-05,-9.82E-06
440.1333333,0.054957774,-1.03E-05,-9.82E-06
440.1666667,0.054937249,-1.03E-05,-9.82E-06
440.2,0.054916731,-1.03E-05,-9.81E-06
440.2333333,0.054896219,-1.03E-05,-9.81E-06
440.2666667,0.054875714,-1.03E-05,-9.81E-06
440.3,0.054855216,-1.02E-05,-9.80E-06
440.3333333,0.054834724,-1.02E-05,-9.80E-06
440.3666667,0.054814238,-1.02E-05,-9.80E-06
440.4,0.05479376,-1.02E-05,-9.79E-06
440.4333333,0.054773287,-1.02E-05,-9.79E-06
440.4666667,0.054752822,-1.02E-05,-9.79E-06
440.5,0.054732363,-1.02E-05,-9.78E-06
440.5333333,0.05471191,-1.02E-05,-9.78E-06
440.5666667,0.054691464,-1.02E-05,-9.78E-06
440.6,0.054671025,-1.02E-05,-9.78E-06
440.6333333,0.054650592,-1.02E-05,-9.77E-06
440.6666667,0.054630165,-1.02E-05,-9.77E-06
440.7,0.054609746,-1.02E-05,-9.77E-06
440.7333333,0.054589332,-1.02E-05,-9.76E-06
440.7666667,0.054568926,-1.02E-05,-9.76E-06
440.8,0.054548526,-1.02E-05,-9.76E-06
440.8333333,0.054528132,-1.02E-05,-9.75E-06
440.8666667,0.054507745,-1.02E-05,-9.75E-06
440.9,0.054487365,-1.02E-05,-9.75E-06
440.9333333,0.054466991,-1.02E-05,-9.74E-06
440.9666667,0.054446623,-1.02E-05,-9.74E-06
441,0.054426262,-1.02E-05,-9.74E-06
441.0333333,0.054405908,-1.02E-05,-9.73E-06
441.0666667,0.05438556,-1.02E-05,-9.73E-06
441.1,0.054365219,-1.02E-05,-9.73E-06
441.1333333,0.054344884,-1.02E-05,-9.72E-06
441.1666667,0.054324556,-1.02E-05,-9.72E-06
441.2,0.054304235,-1.02E-05,-9.72E-06
441.2333333,0.054283919,-1.02E-05,-9.72E-06
441.2666667,0.054263611,-1.02E-05,-9.71E-06
441.3,0.054243309,-1.02E-05,-9.71E-06
441.3333333,0.054223013,-1.01E-05,-9.71E-06
441.3666667,0.054202724,-1.01E-05,-9.70E-06
441.4,0.054182442,-1.01E-05,-9.70E-06
441.4333333,0.054162166,-1.01E-05,-9.70E-06
441.4666667,0.054141896,-1.01E-05,-9.69E-06
441.5,0.054121633,-1.01E-05,-9.69E-06
441.5333333,0.054101377,-1.01E-05,-9.69E-06
441.5666667,0.054081127,-1.01E-05,-9.68E-06
441.6,0.054060884,-1.01E-05,-9.68E-06
441.6333333,0.054040647,-1.01E-05,-9.68E-06
441.6666667,0.054020416,-1.01E-05,-9.67E-06
441.7,0.054000192,-1.01E-05,-9.67E-06
441.7333333,0.053979975,-1.01E-05,-9.67E-06
441.7666667,0.053959764,-1.01E-05,-9.66E-06
441.8,0.05393956,-1.01E-05,-9.66E-06
441.8333333,0.053919362,-1.01E-05,-9.66E-06
441.8666667,0.05389917,-1.01E-05,-9.66E-06
441.9,0.053878985,-1.01E-05,-9.65E-06
441.9333333,0.053858807,-1.01E-05,-9.65E-06
441.9666667,0.053838635,-1.01E-05,-9.65E-06
442,0.05381847,-1.01E-05,-9.64E-06
442.0333333,0.053798311,-1.01E-05,-9.64E-06
442.0666667,0.053778158,-1.01E-05,-9.64E-06
442.1,0.053758012,-1.01E-05,-9.63E-06
442.1333333,0.053737873,-1.01E-05,-9.63E-06
442.1666667,0.05371774,-1.01E-05,-9.63E-06
442.2,0.053697613,-1.01E-05,-9.62E-06
442.2333333,0.053677493,-1.01E-05,-9.62E-06
442.2666667,0.05365738,-1.01E-05,-9.62E-06
442.3,0.053637273,-1.01E-05,-9.62E-06
442.3333333,0.053617172,-1.01E-05,-9.61E-06
442.3666667,0.053597078,-1.00E-05,-9.61E-06
442.4,0.05357699,-1.00E-05,-9.61E-06
442.4333333,0.053556909,-1.00E-05,-9.60E-06
442.4666667,0.053536834,-1.00E-05,-9.60E-06
442.5,0.053516766,-1.00E-05,-9.60E-06
442.5333333,0.053496704,-1.00E-05,-9.59E-06
442.5666667,0.053476649,-1.00E-05,-9.59E-06
442.6,0.0534566,-1.00E-05,-9.59E-06
442.6333333,0.053436558,-1.00E-05,-9.58E-06
442.6666667,0.053416522,-1.00E-05,-9.58E-06
442.7,0.053396492,-1.00E-05,-9.58E-06
442.7333333,0.053376469,-1.00E-05,-9.57E-06
442.7666667,0.053356453,-1.00E-05,-9.57E-06
442.8,0.053336442,-1.00E-05,-9.57E-06
442.8333333,0.053316439,-1.00E-05,-9.57E-06
442.8666667,0.053296441,-1.00E-05,-9.56E-06
442.9,0.053276451,-1.00E-05,-9.56E-06
442.9333333,0.053256466,-9.99E-06,-9.56E-06
442.9666667,0.053236488,-9.99E-06,-9.55E-06
443,0.053216517,-9.99E-06,-9.55E-06
443.0333333,0.053196552,-9.98E-06,-9.55E-06
443.0666667,0.053176593,-9.98E-06,-9.54E-06
443.1,0.053156641,-9.98E-06,-9.54E-06
443.1333333,0.053136696,-9.97E-06,-9.54E-06
443.1666667,0.053116756,-9.97E-06,-9.53E-06
443.2,0.053096823,-9.97E-06,-9.53E-06
443.2333333,0.053076897,-9.96E-06,-9.53E-06
443.2666667,0.053056977,-9.96E-06,-9.52E-06
443.3,0.053037064,-9.96E-06,-9.52E-06
443.3333333,0.053017156,-9.95E-06,-9.52E-06
443.3666667,0.052997256,-9.95E-06,-9.52E-06
443.4,0.052977361,-9.95E-06,-9.51E-06
443.4333333,0.052957474,-9.94E-06,-9.51E-06
443.4666667,0.052937592,-9.94E-06,-9.51E-06
443.5,0.052917717,-9.94E-06,-9.50E-06
443.5333333,0.052897849,-9.93E-06,-9.50E-06
443.5666667,0.052877986,-9.93E-06,-9.50E-06
443.6,0.052858131,-9.93E-06,-9.49E-06
443.6333333,0.052838281,-9.92E-06,-9.49E-06
443.6666667,0.052818438,-9.92E-06,-9.49E-06
443.7,0.052798602,-9.92E-06,-9.48E-06
443.7333333,0.052778772,-9.92E-06,-9.48E-06
443.7666667,0.052758948,-9.91E-06,-9.48E-06
443.8,0.052739131,-9.91E-06,-9.48E-06
443.8333333,0.05271932,-9.91E-06,-9.47E-06
443.8666667,0.052699515,-9.90E-06,-9.47E-06
443.9,0.052679717,-9.90E-06,-9.47E-06
443.9333333,0.052659925,-9.90E-06,-9.46E-06
443.9666667,0.05264014,-9.89E-06,-9.46E-06
444,0.052620361,-9.89E-06,-9.46E-06
444.0333333,0.052600589,-9.89E-06,-9.45E-06
444.0666667,0.052580822,-9.88E-06,-9.45E-06
444.1,0.052561063,-9.88E-06,-9.45E-06
444.1333333,0.052541309,-9.88E-06,-9.44E-06
444.1666667,0.052521562,-9.87E-06,-9.44E-06
444.2,0.052501822,-9.87E-06,-9.44E-06
444.2333333,0.052482088,-9.87E-06,-9.44E-06
444.2666667,0.05246236,-9.86E-06,-9.43E-06
444.3,0.052442638,-9.86E-06,-9.43E-06
444.3333333,0.052422923,-9.86E-06,-9.43E-06
444.3666667,0.052403215,-9.85E-06,-9.42E-06
444.4,0.052383512,-9.85E-06,-9.42E-06
444.4333333,0.052363816,-9.85E-06,-9.42E-06
444.4666667,0.052344127,-9.84E-06,-9.41E-06
444.5,0.052324443,-9.84E-06,-9.41E-06
444.5333333,0.052304767,-9.84E-06,-9.41E-06
444.5666667,0.052285096,-9.84E-06,-9.40E-06
444.6,0.052265432,-9.83E-06,-9.40E-06
444.6333333,0.052245774,-9.83E-06,-9.40E-06
444.6666667,0.052226123,-9.83E-06,-9.40E-06
444.7,0.052206478,-9.82E-06,-9.39E-06
444.7333333,0.052186839,-9.82E-06,-9.39E-06
444.7666667,0.052167207,-9.82E-06,-9.39E-06
444.8,0.052147581,-9.81E-06,-9.38E-06
444.8333333,0.052127962,-9.81E-06,-9.38E-06
444.8666667,0.052108348,-9.81E-06,-9.38E-06
444.9,0.052088741,-9.80E-06,-9.37E-06
444.9333333,0.052069141,-9.80E-06,-9.37E-06
444.9666667,0.052049547,-9.80E-06,-9.37E-06
445,0.052029959,-9.79E-06,-9.37E-06
445.0333333,0.052010377,-9.79E-06,-9.36E-06
445.0666667,0.051990802,-9.79E-06,-9.36E-06
445.1,0.051971233,-9.78E-06,-9.36E-06
445.1333333,0.051951671,-9.78E-06,-9.35E-06
445.1666667,0.051932115,-9.78E-06,-9.35E-06
445.2,0.051912565,-9.77E-06,-9.35E-06
445.2333333,0.051893022,-9.77E-06,-9.34E-06
445.2666667,0.051873484,-9.77E-06,-9.34E-06
445.3,0.051853954,-9.77E-06,-9.34E-06
445.3333333,0.051834429,-9.76E-06,-9.33E-06
445.3666667,0.051814911,-9.76E-06,-9.33E-06
445.4,0.051795399,-9.76E-06,-9.33E-06
445.4333333,0.051775894,-9.75E-06,-9.33E-06
445.4666667,0.051756395,-9.75E-06,-9.32E-06
445.5,0.051736902,-9.75E-06,-9.32E-06
445.5333333,0.051717415,-9.74E-06,-9.32E-06
445.5666667,0.051697935,-9.74E-06,-9.31E-06
445.6,0.051678461,-9.74E-06,-9.31E-06
445.6333333,0.051658994,-9.73E-06,-9.31E-06
445.6666667,0.051639532,-9.73E-06,-9.30E-06
445.7,0.051620078,-9.73E-06,-9.30E-06
445.7333333,0.051600629,-9.72E-06,-9.30E-06
445.7666667,0.051581187,-9.72E-06,-9.29E-06
445.8,0.051561751,-9.72E-06,-9.29E-06
445.8333333,0.051542321,-9.71E-06,-9.29E-06
445.8666667,0.051522898,-9.71E-06,-9.29E-06
445.9,0.05150348,-9.71E-06,-9.28E-06
445.9333333,0.05148407,-9.71E-06,-9.28E-06
445.9666667,0.051464665,-9.70E-06,-9.28E-06
446,0.051445267,-9.70E-06,-9.27E-06
446.0333333,0.051425875,-9.70E-06,-9.27E-06
446.0666667,0.05140649,-9.69E-06,-9.27E-06
446.1,0.05138711,-9.69E-06,-9.26E-06
446.1333333,0.051367737,-9.69E-06,-9.26E-06
446.1666667,0.051348371,-9.68E-06,-9.26E-06
446.2,0.05132901,-9.68E-06,-9.26E-06
446.2333333,0.051309656,-9.68E-06,-9.25E-06
446.2666667,0.051290308,-9.67E-06,-9.25E-06
446.3,0.051270967,-9.67E-06,-9.25E-06
446.3333333,0.051251631,-9.67E-06,-9.24E-06
446.3666667,0.051232302,-9.66E-06,-9.24E-06
446.4,0.05121298,-9.66E-06,-9.24E-06
446.4333333,0.051193663,-9.66E-06,-9.23E-06
446.4666667,0.051174353,-9.66E-06,-9.23E-06
446.5,0.051155049,-9.65E-06,-9.23E-06
446.5333333,0.051135752,-9.65E-06,-9.23E-06
446.5666667,0.05111646,-9.65E-06,-9.22E-06
446.6,0.051097175,-9.64E-06,-9.22E-06
446.6333333,0.051077896,-9.64E-06,-9.22E-06
446.6666667,0.051058624,-9.64E-06,-9.21E-06
446.7,0.051039358,-9.63E-06,-9.21E-06
446.7333333,0.051020098,-9.63E-06,-9.21E-06
446.7666667,0.051000844,-9.63E-06,-9.20E-06
446.8,0.050981596,-9.62E-06,-9.20E-06
446.8333333,0.050962355,-9.62E-06,-9.20E-06
446.8666667,0.05094312,-9.62E-06,-9.20E-06
446.9,0.050923891,-9.61E-06,-9.19E-06
446.9333333,0.050904669,-9.61E-06,-9.19E-06
446.9666667,0.050885453,-9.61E-06,-9.19E-06
447,0.050866243,-9.60E-06,-9.18E-06
447.0333333,0.050847039,-9.60E-06,-9.18E-06
447.0666667,0.050827842,-9.60E-06,-9.18E-06
447.1,0.05080865,-9.60E-06,-9.17E-06
447.1333333,0.050789465,-9.59E-06,-9.17E-06
447.1666667,0.050770287,-9.59E-06,-9.17E-06
447.2,0.050751114,-9.59E-06,-9.17E-06
447.2333333,0.050731948,-9.58E-06,-9.16E-06
447.2666667,0.050712788,-9.58E-06,-9.16E-06
447.3,0.050693634,-9.58E-06,-9.16E-06
447.3333333,0.050674487,-9.57E-06,-9.15E-06
447.3666667,0.050655346,-9.57E-06,-9.15E-06
447.4,0.05063621,-9.57E-06,-9.15E-06
447.4333333,0.050617082,-9.56E-06,-9.14E-06
447.4666667,0.050597959,-9.56E-06,-9.14E-06
447.5,0.050578843,-9.56E-06,-9.14E-06
447.5333333,0.050559733,-9.56E-06,-9.14E-06
447.5666667,0.050540629,-9.55E-06,-9.13E-06
447.6,0.050521531,-9.55E-06,-9.13E-06
447.6333333,0.050502439,-9.55E-06,-9.13E-06
447.6666667,0.050483354,-9.54E-06,-9.12E-06
447.7,0.050464275,-9.54E-06,-9.12E-06
447.7333333,0.050445202,-9.54E-06,-9.12E-06
447.7666667,0.050426136,-9.53E-06,-9.11E-06
447.8,0.050407075,-9.53E-06,-9.11E-06
447.8333333,0.050388021,-9.53E-06,-9.11E-06
447.8666667,0.050368973,-9.52E-06,-9.11E-06
447.9,0.050349931,-9.52E-06,-9.10E-06
447.9333333,0.050330896,-9.52E-06,-9.10E-06
447.9666667,0.050311867,-9.51E-06,-9.10E-06
448,0.050292843,-9.51E-06,-9.09E-06
448.0333333,0.050273826,-9.51E-06,-9.09E-06
448.0666667,0.050254816,-9.51E-06,-9.09E-06
448.1,0.050235811,-9.50E-06,-9.08E-06
448.1333333,0.050216813,-9.50E-06,-9.08E-06
448.1666667,0.050197821,-9.50E-06,-9.08E-06
448.2,0.050178835,-9.49E-06,-9.08E-06
448.2333333,0.050159855,-9.49E-06,-9.07E-06
448.2666667,0.050140881,-9.49E-06,-9.07E-06
448.3,0.050121914,-9.48E-06,-9.07E-06
448.3333333,0.050102953,-9.48E-06,-9.06E-06
448.3666667,0.050083998,-9.48E-06,-9.06E-06
448.4,0.050065049,-9.47E-06,-9.06E-06
448.4333333,0.050046106,-9.47E-06,-9.05E-06
448.4666667,0.05002717,-9.47E-06,-9.05E-06
448.5,0.05000824,-9.47E-06,-9.05E-06
448.5333333,0.049989316,-9.46E-06,-9.05E-06
448.5666667,0.049970398,-9.46E-06,-9.04E-06
448.6,0.049951486,-9.46E-06,-9.04E-06
448.6333333,0.04993258,-9.45E-06,-9.04E-06
448.6666667,0.049913681,-9.45E-06,-9.03E-06
448.7,0.049894788,-9.45E-06,-9.03E-06
448.7333333,0.049875901,-9.44E-06,-9.03E-06
448.7666667,0.04985702,-9.44E-06,-9.02E-06
448.8,0.049838145,-9.44E-06,-9.02E-06
448.8333333,0.049819277,-9.43E-06,-9.02E-06
448.8666667,0.049800414,-9.43E-06,-9.02E-06
448.9,0.049781558,-9.43E-06,-9.01E-06
448.9333333,0.049762708,-9.43E-06,-9.01E-06
448.9666667,0.049743864,-9.42E-06,-9.01E-06
449,0.049725026,-9.42E-06,-9.00E-06
449.0333333,0.049706195,-9.42E-06,-9.00E-06
449.0666667,0.049687369,-9.41E-06,-9.00E-06
449.1,0.04966855,-9.41E-06,-9.00E-06
449.1333333,0.049649737,-9.41E-06,-8.99E-06
449.1666667,0.04963093,-9.40E-06,-8.99E-06
449.2,0.049612129,-9.40E-06,-8.99E-06
449.2333333,0.049593334,-9.40E-06,-8.98E-06
449.2666667,0.049574546,-9.39E-06,-8.98E-06
449.3,0.049555763,-9.39E-06,-8.98E-06
449.3333333,0.049536987,-9.39E-06,-8.97E-06
449.3666667,0.049518217,-9.39E-06,-8.97E-06
449.4,0.049499453,-9.38E-06,-8.97E-06
449.4333333,0.049480695,-9.38E-06,-8.97E-06
449.4666667,0.049461943,-9.38E-06,-8.96E-06
449.5,0.049443198,-9.37E-06,-8.96E-06
449.5333333,0.049424458,-9.37E-06,-8.96E-06
449.5666667,0.049405725,-9.37E-06,-8.95E-06
449.6,0.049386998,-9.36E-06,-8.95E-06
449.6333333,0.049368277,-9.36E-06,-8.95E-06
449.6666667,0.049349562,-9.36E-06,-8.94E-06
449.7,0.049330853,-9.35E-06,-8.94E-06
449.7333333,0.04931215,-9.35E-06,-8.94E-06
449.7666667,0.049293454,-9.35E-06,-8.94E-06
449.8,0.049274763,-9.35E-06,-8.93E-06
449.8333333,0.049256079,-9.34E-06,-8.93E-06
449.8666667,0.049237401,-9.34E-06,-8.93E-06
449.9,0.049218729,-9.34E-06,-8.92E-06
449.9333333,0.049200063,-9.33E-06,-8.92E-06
449.9666667,0.049181403,-9.33E-06,-8.92E-06
450,0.049162749,-9.33E-06,-8.92E-06
450.0333333,0.049144101,-9.32E-06,-8.91E-06
450.0666667,0.04912546,-9.32E-06,-8.91E-06
450.1,0.049106824,-9.32E-06,-8.91E-06
450.1333333,0.049088195,-9.31E-06,-8.90E-06
450.1666667,0.049069572,-9.31E-06,-8.90E-06
450.2,0.049050955,-9.31E-06,-8.90E-06
450.2333333,0.049032343,-9.31E-06,-8.89E-06
450.2666667,0.049013739,-9.30E-06,-8.89E-06
450.3,0.04899514,-9.30E-06,-8.89E-06
450.3333333,0.048976547,-9.30E-06,-8.89E-06
450.3666667,0.04895796,-9.29E-06,-8.88E-06
450.4,0.04893938,-9.29E-06,-8.88E-06
450.4333333,0.048920805,-9.29E-06,-8.88E-06
450.4666667,0.048902237,-9.28E-06,-8.87E-06
450.5,0.048883674,-9.28E-06,-8.87E-06
450.5333333,0.048865118,-9.28E-06,-8.87E-06
450.5666667,0.048846568,-9.28E-06,-8.87E-06
450.6,0.048828024,-9.27E-06,-8.86E-06
450.6333333,0.048809486,-9.27E-06,-8.86E-06
450.6666667,0.048790954,-9.27E-06,-8.86E-06
450.7,0.048772428,-9.26E-06,-8.85E-06
450.7333333,0.048753909,-9.26E-06,-8.85E-06
450.7666667,0.048735395,-9.26E-06,-8.85E-06
450.8,0.048716887,-9.25E-06,-8.85E-06
450.8333333,0.048698386,-9.25E-06,-8.84E-06
450.8666667,0.04867989,-9.25E-06,-8.84E-06
450.9,0.048661401,-9.24E-06,-8.84E-06
450.9333333,0.048642918,-9.24E-06,-8.83E-06
450.9666667,0.04862444,-9.24E-06,-8.83E-06
451,0.048605969,-9.24E-06,-8.83E-06
451.0333333,0.048587504,-9.23E-06,-8.82E-06
451.0666667,0.048569045,-9.23E-06,-8.82E-06
451.1,0.048550592,-9.23E-06,-8.82E-06
451.1333333,0.048532145,-9.22E-06,-8.82E-06
451.1666667,0.048513704,-9.22E-06,-8.81E-06
451.2,0.048495269,-9.22E-06,-8.81E-06
451.2333333,0.04847684,-9.21E-06,-8.81E-06
451.2666667,0.048458418,-9.21E-06,-8.80E-06
451.3,0.048440001,-9.21E-06,-8.80E-06
451.3333333,0.04842159,-9.21E-06,-8.80E-06
451.3666667,0.048403186,-9.20E-06,-8.80E-06
451.4,0.048384787,-9.20E-06,-8.79E-06
451.4333333,0.048366395,-9.20E-06,-8.79E-06
451.4666667,0.048348008,-9.19E-06,-8.79E-06
451.5,0.048329628,-9.19E-06,-8.78E-06
451.5333333,0.048311253,-9.19E-06,-8.78E-06
451.5666667,0.048292885,-9.18E-06,-8.78E-06
451.6,0.048274523,-9.18E-06,-8.78E-06
451.6333333,0.048256166,-9.18E-06,-8.77E-06
451.6666667,0.048237816,-9.18E-06,-8.77E-06
451.7,0.048219472,-9.17E-06,-8.77E-06
451.7333333,0.048201134,-9.17E-06,-8.76E-06
451.7666667,0.048182801,-9.17E-06,-8.76E-06
451.8,0.048164475,-9.16E-06,-8.76E-06
451.8333333,0.048146155,-9.16E-06,-8.76E-06
451.8666667,0.048127841,-9.16E-06,-8.75E-06
451.9,0.048109533,-9.15E-06,-8.75E-06
451.9333333,0.048091231,-9.15E-06,-8.75E-06
451.9666667,0.048072935,-9.15E-06,-8.74E-06
452,0.048054645,-9.15E-06,-8.74E-06
452.0333333,0.048036361,-9.14E-06,-8.74E-06
452.0666667,0.048018083,-9.14E-06,-8.73E-06
452.1,0.047999811,-9.14E-06,-8.73E-06
452.1333333,0.047981545,-9.13E-06,-8.73E-06
452.1666667,0.047963285,-9.13E-06,-8.73E-06
452.2,0.047945031,-9.13E-06,-8.72E-06
452.2333333,0.047926783,-9.12E-06,-8.72E-06
452.2666667,0.047908541,-9.12E-06,-8.72E-06
452.3,0.047890305,-9.12E-06,-8.71E-06
452.3333333,0.047872075,-9.11E-06,-8.71E-06
452.3666667,0.047853851,-9.11E-06,-8.71E-06
452.4,0.047835633,-9.11E-06,-8.71E-06
452.4333333,0.047817421,-9.11E-06,-8.70E-06
452.4666667,0.047799215,-9.10E-06,-8.70E-06
452.5,0.047781015,-9.10E-06,-8.70E-06
452.5333333,0.047762821,-9.10E-06,-8.69E-06
452.5666667,0.047744633,-9.09E-06,-8.69E-06
452.6,0.047726452,-9.09E-06,-8.69E-06
452.6333333,0.047708275,-9.09E-06,-8.69E-06
452.6666667,0.047690105,-9.09E-06,-8.68E-06
452.7,0.047671941,-9.08E-06,-8.68E-06
452.7333333,0.047653783,-9.08E-06,-8.68E-06
452.7666667,0.047635631,-9.08E-06,-8.67E-06
452.8,0.047617485,-9.07E-06,-8.67E-06
452.8333333,0.047599345,-9.07E-06,-8.67E-06
452.8666667,0.047581211,-9.07E-06,-8.67E-06
452.9,0.047563083,-9.06E-06,-8.66E-06
452.9333333,0.047544961,-9.06E-06,-8.66E-06
452.9666667,0.047526844,-9.06E-06,-8.66E-06
453,0.047508734,-9.06E-06,-8.65E-06
453.0333333,0.04749063,-9.05E-06,-8.65E-06
453.0666667,0.047472532,-9.05E-06,-8.65E-06
453.1,0.047454439,-9.05E-06,-8.65E-06
453.1333333,0.047436353,-9.04E-06,-8.64E-06
453.1666667,0.047418272,-9.04E-06,-8.64E-06
453.2,0.047400198,-9.04E-06,-8.64E-06
453.2333333,0.047382129,-9.03E-06,-8.63E-06
453.2666667,0.047364067,-9.03E-06,-8.63E-06
453.3,0.04734601,-9.03E-06,-8.63E-06
453.3333333,0.04732796,-9.03E-06,-8.63E-06
453.3666667,0.047309915,-9.02E-06,-8.62E-06
453.4,0.047291876,-9.02E-06,-8.62E-06
453.4333333,0.047273844,-9.02E-06,-8.62E-06
453.4666667,0.047255817,-9.01E-06,-8.61E-06
453.5,0.047237796,-9.01E-06,-8.61E-06
453.5333333,0.047219781,-9.01E-06,-8.61E-06
453.5666667,0.047201772,-9.00E-06,-8.61E-06
453.6,0.047183769,-9.00E-06,-8.60E-06
453.6333333,0.047165772,-9.00E-06,-8.60E-06
453.6666667,0.047147781,-9.00E-06,-8.60E-06
453.7,0.047129795,-8.99E-06,-8.59E-06
453.7333333,0.047111816,-8.99E-06,-8.59E-06
453.7666667,0.047093843,-8.99E-06,-8.59E-06
453.8,0.047075875,-8.98E-06,-8.59E-06
453.8333333,0.047057914,-8.98E-06,-8.58E-06
453.8666667,0.047039958,-8.98E-06,-8.58E-06
453.9,0.047022009,-8.97E-06,-8.58E-06
453.9333333,0.047004065,-8.97E-06,-8.57E-06
453.9666667,0.046986127,-8.97E-06,-8.57E-06
454,0.046968195,-8.97E-06,-8.57E-06
454.0333333,0.046950269,-8.96E-06,-8.57E-06
454.0666667,0.046932349,-8.96E-06,-8.56E-06
454.1,0.046914435,-8.96E-06,-8.56E-06
454.1333333,0.046896527,-8.95E-06,-8.56E-06
454.1666667,0.046878625,-8.95E-06,-8.55E-06
454.2,0.046860728,-8.95E-06,-8.55E-06
454.2333333,0.046842838,-8.95E-06,-8.55E-06
454.2666667,0.046824953,-8.94E-06,-8.55E-06
454.3,0.046807075,-8.94E-06,-8.54E-06
454.3333333,0.046789202,-8.94E-06,-8.54E-06
454.3666667,0.046771335,-8.93E-06,-8.54E-06
454.4,0.046753474,-8.93E-06,-8.53E-06
454.4333333,0.046735619,-8.93E-06,-8.53E-06
454.4666667,0.04671777,-8.92E-06,-8.53E-06
454.5,0.046699927,-8.92E-06,-8.53E-06
454.5333333,0.04668209,-8.92E-06,-8.52E-06
454.5666667,0.046664258,-8.92E-06,-8.52E-06
454.6,0.046646433,-8.91E-06,-8.52E-06
454.6333333,0.046628613,-8.91E-06,-8.51E-06
454.6666667,0.0466108,-8.91E-06,-8.51E-06
454.7,0.046592992,-8.90E-06,-8.51E-06
454.7333333,0.04657519,-8.90E-06,-8.51E-06
454.7666667,0.046557394,-8.90E-06,-8.50E-06
454.8,0.046539604,-8.90E-06,-8.50E-06
454.8333333,0.04652182,-8.89E-06,-8.50E-06
454.8666667,0.046504041,-8.89E-06,-8.49E-06
454.9,0.046486269,-8.89E-06,-8.49E-06
454.9333333,0.046468502,-8.88E-06,-8.49E-06
454.9666667,0.046450741,-8.88E-06,-8.49E-06
455,0.046432986,-8.88E-06,-8.48E-06
455.0333333,0.046415237,-8.87E-06,-8.48E-06
455.0666667,0.046397494,-8.87E-06,-8.48E-06
455.1,0.046379757,-8.87E-06,-8.47E-06
455.1333333,0.046362026,-8.87E-06,-8.47E-06
455.1666667,0.0463443,-8.86E-06,-8.47E-06
455.2,0.046326581,-8.86E-06,-8.47E-06
455.2333333,0.046308867,-8.86E-06,-8.46E-06
455.2666667,0.046291159,-8.85E-06,-8.46E-06
455.3,0.046273457,-8.85E-06,-8.46E-06
455.3333333,0.046255761,-8.85E-06,-8.45E-06
455.3666667,0.046238071,-8.85E-06,-8.45E-06
455.4,0.046220386,-8.84E-06,-8.45E-06
455.4333333,0.046202708,-8.84E-06,-8.45E-06
455.4666667,0.046185035,-8.84E-06,-8.44E-06
455.5,0.046167368,-8.83E-06,-8.44E-06
455.5333333,0.046149707,-8.83E-06,-8.44E-06
455.5666667,0.046132052,-8.83E-06,-8.44E-06
455.6,0.046114402,-8.82E-06,-8.43E-06
455.6333333,0.046096759,-8.82E-06,-8.43E-06
455.6666667,0.046079121,-8.82E-06,-8.43E-06
455.7,0.04606149,-8.82E-06,-8.42E-06
455.7333333,0.046043864,-8.81E-06,-8.42E-06
455.7666667,0.046026244,-8.81E-06,-8.42E-06
455.8,0.046008629,-8.81E-06,-8.42E-06
455.8333333,0.045991021,-8.80E-06,-8.41E-06
455.8666667,0.045973418,-8.80E-06,-8.41E-06
455.9,0.045955822,-8.80E-06,-8.41E-06
455.9333333,0.045938231,-8.80E-06,-8.40E-06
455.9666667,0.045920646,-8.79E-06,-8.40E-06
456,0.045903067,-8.79E-06,-8.40E-06
456.0333333,0.045885493,-8.79E-06,-8.40E-06
456.0666667,0.045867926,-8.78E-06,-8.39E-06
456.1,0.045850364,-8.78E-06,-8.39E-06
456.1333333,0.045832808,-8.78E-06,-8.39E-06
456.1666667,0.045815258,-8.78E-06,-8.38E-06
456.2,0.045797714,-8.77E-06,-8.38E-06
456.2333333,0.045780175,-8.77E-06,-8.38E-06
456.2666667,0.045762643,-8.77E-06,-8.38E-06
456.3,0.045745116,-8.76E-06,-8.37E-06
456.3333333,0.045727595,-8.76E-06,-8.37E-06
456.3666667,0.04571008,-8.76E-06,-8.37E-06
456.4,0.04569257,-8.75E-06,-8.37E-06
456.4333333,0.045675067,-8.75E-06,-8.36E-06
456.4666667,0.045657569,-8.75E-06,-8.36E-06
456.5,0.045640077,-8.75E-06,-8.36E-06
456.5333333,0.045622591,-8.74E-06,-8.35E-06
456.5666667,0.045605111,-8.74E-06,-8.35E-06
456.6,0.045587636,-8.74E-06,-8.35E-06
456.6333333,0.045570167,-8.73E-06,-8.35E-06
456.6666667,0.045552704,-8.73E-06,-8.34E-06
456.7,0.045535247,-8.73E-06,-8.34E-06
456.7333333,0.045517796,-8.73E-06,-8.34E-06
456.7666667,0.045500351,-8.72E-06,-8.33E-06
456.8,0.045482911,-8.72E-06,-8.33E-06
456.8333333,0.045465477,-8.72E-06,-8.33E-06
456.8666667,0.045448049,-8.71E-06,-8.33E-06
456.9,0.045430626,-8.71E-06,-8.32E-06
456.9333333,0.04541321,-8.71E-06,-8.32E-06
456.9666667,0.045395799,-8.71E-06,-8.32E-06
457,0.045378394,-8.70E-06,-8.31E-06
457.0333333,0.045360995,-8.70E-06,-8.31E-06
457.0666667,0.045343602,-8.70E-06,-8.31E-06
457.1,0.045326214,-8.69E-06,-8.31E-06
457.1333333,0.045308832,-8.69E-06,-8.30E-06
457.1666667,0.045291456,-8.69E-06,-8.30E-06
457.2,0.045274086,-8.69E-06,-8.30E-06
457.2333333,0.045256721,-8.68E-06,-8.30E-06
457.2666667,0.045239363,-8.68E-06,-8.29E-06
457.3,0.04522201,-8.68E-06,-8.29E-06
457.3333333,0.045204662,-8.67E-06,-8.29E-06
457.3666667,0.045187321,-8.67E-06,-8.28E-06
457.4,0.045169985,-8.67E-06,-8.28E-06
457.4333333,0.045152655,-8.66E-06,-8.28E-06
457.4666667,0.045135331,-8.66E-06,-8.28E-06
457.5,0.045118013,-8.66E-06,-8.27E-06
457.5333333,0.0451007,-8.66E-06,-8.27E-06
457.5666667,0.045083394,-8.65E-06,-8.27E-06
457.6,0.045066092,-8.65E-06,-8.26E-06
457.6333333,0.045048797,-8.65E-06,-8.26E-06
457.6666667,0.045031508,-8.64E-06,-8.26E-06
457.7,0.045014224,-8.64E-06,-8.26E-06
457.7333333,0.044996946,-8.64E-06,-8.25E-06
457.7666667,0.044979673,-8.64E-06,-8.25E-06
457.8,0.044962407,-8.63E-06,-8.25E-06
457.8333333,0.044945146,-8.63E-06,-8.25E-06
457.8666667,0.044927891,-8.63E-06,-8.24E-06
457.9,0.044910642,-8.62E-06,-8.24E-06
457.9333333,0.044893398,-8.62E-06,-8.24E-06
457.9666667,0.04487616,-8.62E-06,-8.23E-06
458,0.044858928,-8.62E-06,-8.23E-06
458.0333333,0.044841702,-8.61E-06,-8.23E-06
458.0666667,0.044824481,-8.61E-06,-8.23E-06
458.1,0.044807266,-8.61E-06,-8.22E-06
458.1333333,0.044790057,-8.60E-06,-8.22E-06
458.1666667,0.044772854,-8.60E-06,-8.22E-06
458.2,0.044755656,-8.60E-06,-8.22E-06
458.2333333,0.044738464,-8.60E-06,-8.21E-06
458.2666667,0.044721278,-8.59E-06,-8.21E-06
458.3,0.044704098,-8.59E-06,-8.21E-06
458.3333333,0.044686923,-8.59E-06,-8.20E-06
458.3666667,0.044669754,-8.58E-06,-8.20E-06
458.4,0.044652591,-8.58E-06,-8.20E-06
458.4333333,0.044635433,-8.58E-06,-8.20E-06
458.4666667,0.044618281,-8.58E-06,-8.19E-06
458.5,0.044601135,-8.57E-06,-8.19E-06
458.5333333,0.044583995,-8.57E-06,-8.19E-06
458.5666667,0.04456686,-8.57E-06,-8.18E-06
458.6,0.044549731,-8.56E-06,-8.18E-06
458.6333333,0.044532608,-8.56E-06,-8.18E-06
458.6666667,0.04451549,-8.56E-06,-8.18E-06
458.7,0.044498378,-8.56E-06,-8.17E-06
458.7333333,0.044481272,-8.55E-06,-8.17E-06
458.7666667,0.044464172,-8.55E-06,-8.17E-06
458.8,0.044447077,-8.55E-06,-8.17E-06
458.8333333,0.044429988,-8.54E-06,-8.16E-06
458.8666667,0.044412904,-8.54E-06,-8.16E-06
458.9,0.044395827,-8.54E-06,-8.16E-06
458.9333333,0.044378755,-8.54E-06,-8.15E-06
458.9666667,0.044361689,-8.53E-06,-8.15E-06
459,0.044344628,-8.53E-06,-8.15E-06
459.0333333,0.044327573,-8.53E-06,-8.15E-06
459.0666667,0.044310524,-8.52E-06,-8.14E-06
459.1,0.044293481,-8.52E-06,-8.14E-06
459.1333333,0.044276443,-8.52E-06,-8.14E-06
459.1666667,0.044259411,-8.52E-06,-8.14E-06
459.2,0.044242384,-8.51E-06,-8.13E-06
459.2333333,0.044225364,-8.51E-06,-8.13E-06
459.2666667,0.044208348,-8.51E-06,-8.13E-06
459.3,0.044191339,-8.50E-06,-8.12E-06
459.3333333,0.044174335,-8.50E-06,-8.12E-06
459.3666667,0.044157337,-8.50E-06,-8.12E-06
459.4,0.044140345,-8.50E-06,-8.12E-06
459.4333333,0.044123359,-8.49E-06,-8.11E-06
459.4666667,0.044106378,-8.49E-06,-8.11E-06
459.5,0.044089402,-8.49E-06,-8.11E-06
459.5333333,0.044072433,-8.48E-06,-8.11E-06
459.5666667,0.044055469,-8.48E-06,-8.10E-06
459.6,0.04403851,-8.48E-06,-8.10E-06
459.6333333,0.044021558,-8.48E-06,-8.10E-06
459.6666667,0.044004611,-8.47E-06,-8.09E-06
459.7,0.04398767,-8.47E-06,-8.09E-06
459.7333333,0.043970734,-8.47E-06,-8.09E-06
459.7666667,0.043953804,-8.46E-06,-8.09E-06
459.8,0.04393688,-8.46E-06,-8.08E-06
459.8333333,0.043919961,-8.46E-06,-8.08E-06
459.8666667,0.043903048,-8.46E-06,-8.08E-06
459.9,0.043886141,-8.45E-06,-8.08E-06
459.9333333,0.043869239,-8.45E-06,-8.07E-06
459.9666667,0.043852343,-8.45E-06,-8.07E-06
460,0.043835453,-8.45E-06,-8.07E-06
460.0333333,0.043818568,-8.44E-06,-8.06E-06
460.0666667,0.043801689,-8.44E-06,-8.06E-06
460.1,0.043784815,-8.44E-06,-8.06E-06
460.1333333,0.043767948,-8.43E-06,-8.06E-06
460.1666667,0.043751085,-8.43E-06,-8.05E-06
460.2,0.043734229,-8.43E-06,-8.05E-06
460.2333333,0.043717378,-8.43E-06,-8.05E-06
460.2666667,0.043700533,-8.42E-06,-8.05E-06
460.3,0.043683693,-8.42E-06,-8.04E-06
460.3333333,0.043666859,-8.42E-06,-8.04E-06
460.3666667,0.043650031,-8.41E-06,-8.04E-06
460.4,0.043633208,-8.41E-06,-8.03E-06
460.4333333,0.043616391,-8.41E-06,-8.03E-06
460.4666667,0.04359958,-8.41E-06,-8.03E-06
460.5,0.043582774,-8.40E-06,-8.03E-06
460.5333333,0.043565974,-8.40E-06,-8.02E-06
460.5666667,0.043549179,-8.40E-06,-8.02E-06
460.6,0.043532391,-8.39E-06,-8.02E-06
460.6333333,0.043515607,-8.39E-06,-8.02E-06
460.6666667,0.04349883,-8.39E-06,-8.01E-06
460.7,0.043482057,-8.39E-06,-8.01E-06
460.7333333,0.043465291,-8.38E-06,-8.01E-06
460.7666667,0.04344853,-8.38E-06,-8.01E-06
460.8,0.043431775,-8.38E-06,-8.00E-06
460.8333333,0.043415025,-8.37E-06,-8.00E-06
460.8666667,0.043398281,-8.37E-06,-8.00E-06
460.9,0.043381543,-8.37E-06,-7.99E-06
460.9333333,0.04336481,-8.37E-06,-7.99E-06
460.9666667,0.043348083,-8.36E-06,-7.99E-06
461,0.043331362,-8.36E-06,-7.99E-06
461.0333333,0.043314646,-8.36E-06,-7.98E-06
461.0666667,0.043297935,-8.36E-06,-7.98E-06
461.1,0.043281231,-8.35E-06,-7.98E-06
461.1333333,0.043264532,-8.35E-06,-7.98E-06
461.1666667,0.043247838,-8.35E-06,-7.97E-06
461.2,0.04323115,-8.34E-06,-7.97E-06
461.2333333,0.043214468,-8.34E-06,-7.97E-06
461.2666667,0.043197791,-8.34E-06,-7.96E-06
461.3,0.04318112,-8.34E-06,-7.96E-06
461.3333333,0.043164454,-8.33E-06,-7.96E-06
461.3666667,0.043147794,-8.33E-06,-7.96E-06
461.4,0.04313114,-8.33E-06,-7.95E-06
461.4333333,0.043114491,-8.32E-06,-7.95E-06
461.4666667,0.043097848,-8.32E-06,-7.95E-06
461.5,0.04308121,-8.32E-06,-7.95E-06
461.5333333,0.043064578,-8.32E-06,-7.94E-06
461.5666667,0.043047952,-8.31E-06,-7.94E-06
461.6,0.043031331,-8.31E-06,-7.94E-06
461.6333333,0.043014715,-8.31E-06,-7.94E-06
461.6666667,0.042998106,-8.30E-06,-7.93E-06
461.7,0.042981502,-8.30E-06,-7.93E-06
461.7333333,0.042964903,-8.30E-06,-7.93E-06
461.7666667,0.04294831,-8.30E-06,-7.92E-06
461.8,0.042931722,-8.29E-06,-7.92E-06
461.8333333,0.042915141,-8.29E-06,-7.92E-06
461.8666667,0.042898564,-8.29E-06,-7.92E-06
461.9,0.042881994,-8.29E-06,-7.91E-06
461.9333333,0.042865428,-8.28E-06,-7.91E-06
461.9666667,0.042848869,-8.28E-06,-7.91E-06
462,0.042832315,-8.28E-06,-7.91E-06
462.0333333,0.042815766,-8.27E-06,-7.90E-06
462.0666667,0.042799223,-8.27E-06,-7.90E-06
462.1,0.042782686,-8.27E-06,-7.90E-06
462.1333333,0.042766154,-8.27E-06,-7.90E-06
462.1666667,0.042749628,-8.26E-06,-7.89E-06
462.2,0.042733107,-8.26E-06,-7.89E-06
462.2333333,0.042716592,-8.26E-06,-7.89E-06
462.2666667,0.042700082,-8.25E-06,-7.88E-06
462.3,0.042683578,-8.25E-06,-7.88E-06
462.3333333,0.04266708,-8.25E-06,-7.88E-06
462.3666667,0.042650587,-8.25E-06,-7.88E-06
462.4,0.042634099,-8.24E-06,-7.87E-06
462.4333333,0.042617617,-8.24E-06,-7.87E-06
462.4666667,0.042601141,-8.24E-06,-7.87E-06
462.5,0.04258467,-8.24E-06,-7.87E-06
462.5333333,0.042568205,-8.23E-06,-7.86E-06
462.5666667,0.042551745,-8.23E-06,-7.86E-06
462.6,0.042535291,-8.23E-06,-7.86E-06
462.6333333,0.042518842,-8.22E-06,-7.86E-06
462.6666667,0.042502399,-8.22E-06,-7.85E-06
462.7,0.042485961,-8.22E-06,-7.85E-06
462.7333333,0.042469529,-8.22E-06,-7.85E-06
462.7666667,0.042453103,-8.21E-06,-7.84E-06
462.8,0.042436682,-8.21E-06,-7.84E-06
462.8333333,0.042420266,-8.21E-06,-7.84E-06
462.8666667,0.042403856,-8.20E-06,-7.84E-06
462.9,0.042387452,-8.20E-06,-7.83E-06
462.9333333,0.042371053,-8.20E-06,-7.83E-06
462.9666667,0.04235466,-8.20E-06,-7.83E-06
463,0.042338272,-8.19E-06,-7.83E-06
463.0333333,0.042321889,-8.19E-06,-7.82E-06
463.0666667,0.042305512,-8.19E-06,-7.82E-06
463.1,0.042289141,-8.19E-06,-7.82E-06
463.1333333,0.042272775,-8.18E-06,-7.82E-06
463.1666667,0.042256415,-8.18E-06,-7.81E-06
463.2,0.04224006,-8.18E-06,-7.81E-06
463.2333333,0.042223711,-8.17E-06,-7.81E-06
463.2666667,0.042207367,-8.17E-06,-7.80E-06
463.3,0.042191028,-8.17E-06,-7.80E-06
463.3333333,0.042174696,-8.17E-06,-7.80E-06
463.3666667,0.042158368,-8.16E-06,-7.80E-06
463.4,0.042142046,-8.16E-06,-7.79E-06
463.4333333,0.04212573,-8.16E-06,-7.79E-06
463.4666667,0.042109419,-8.16E-06,-7.79E-06
463.5,0.042093114,-8.15E-06,-7.79E-06
463.5333333,0.042076814,-8.15E-06,-7.78E-06
463.5666667,0.04206052,-8.15E-06,-7.78E-06
463.6,0.042044231,-8.14E-06,-7.78E-06
463.6333333,0.042027948,-8.14E-06,-7.78E-06
463.6666667,0.04201167,-8.14E-06,-7.77E-06
463.7,0.041995397,-8.14E-06,-7.77E-06
463.7333333,0.04197913,-8.13E-06,-7.77E-06
463.7666667,0.041962869,-8.13E-06,-7.77E-06
463.8,0.041946613,-8.13E-06,-7.76E-06
463.8333333,0.041930363,-8.13E-06,-7.76E-06
463.8666667,0.041914118,-8.12E-06,-7.76E-06
463.9,0.041897878,-8.12E-06,-7.75E-06
463.9333333,0.041881644,-8.12E-06,-7.75E-06
463.9666667,0.041865415,-8.11E-06,-7.75E-06
464,0.041849192,-8.11E-06,-7.75E-06
464.0333333,0.041832975,-8.11E-06,-7.74E-06
464.0666667,0.041816763,-8.11E-06,-7.74E-06
464.1,0.041800556,-8.10E-06,-7.74E-06
464.1333333,0.041784355,-8.10E-06,-7.74E-06
464.1666667,0.041768159,-8.10E-06,-7.73E-06
464.2,0.041751969,-8.10E-06,-7.73E-06
464.2333333,0.041735784,-8.09E-06,-7.73E-06
464.2666667,0.041719605,-8.09E-06,-7.73E-06
464.3,0.041703431,-8.09E-06,-7.72E-06
464.3333333,0.041687262,-8.08E-06,-7.72E-06
464.3666667,0.041671099,-8.08E-06,-7.72E-06
464.4,0.041654942,-8.08E-06,-7.72E-06
464.4333333,0.04163879,-8.08E-06,-7.71E-06
464.4666667,0.041622643,-8.07E-06,-7.71E-06
464.5,0.041606502,-8.07E-06,-7.71E-06
464.5333333,0.041590366,-8.07E-06,-7.70E-06
464.5666667,0.041574236,-8.07E-06,-7.70E-06
464.6,0.041558111,-8.06E-06,-7.70E-06
464.6333333,0.041541992,-8.06E-06,-7.70E-06
464.6666667,0.041525878,-8.06E-06,-7.69E-06
464.7,0.041509769,-8.05E-06,-7.69E-06
464.7333333,0.041493666,-8.05E-06,-7.69E-06
464.7666667,0.041477568,-8.05E-06,-7.69E-06
464.8,0.041461476,-8.05E-06,-7.68E-06
464.8333333,0.041445389,-8.04E-06,-7.68E-06
464.8666667,0.041429308,-8.04E-06,-7.68E-06
464.9,0.041413232,-8.04E-06,-7.68E-06
464.9333333,0.041397162,-8.04E-06,-7.67E-06
464.9666667,0.041381097,-8.03E-06,-7.67E-06
465,0.041365037,-8.03E-06,-7.67E-06
465.0333333,0.041348983,-8.03E-06,-7.67E-06
465.0666667,0.041332934,-8.02E-06,-7.66E-06
465.1,0.041316891,-8.02E-06,-7.66E-06
465.1333333,0.041300853,-8.02E-06,-7.66E-06
465.1666667,0.041284821,-8.02E-06,-7.66E-06
465.2,0.041268794,-8.01E-06,-7.65E-06
465.2333333,0.041252772,-8.01E-06,-7.65E-06
465.2666667,0.041236756,-8.01E-06,-7.65E-06
465.3,0.041220745,-8.01E-06,-7.64E-06
465.3333333,0.04120474,-8.00E-06,-7.64E-06
465.3666667,0.04118874,-8.00E-06,-7.64E-06
465.4,0.041172745,-8.00E-06,-7.64E-06
465.4333333,0.041156756,-7.99E-06,-7.63E-06
465.4666667,0.041140772,-7.99E-06,-7.63E-06
465.5,0.041124794,-7.99E-06,-7.63E-06
465.5333333,0.041108821,-7.99E-06,-7.63E-06
465.5666667,0.041092853,-7.98E-06,-7.62E-06
465.6,0.041076891,-7.98E-06,-7.62E-06
465.6333333,0.041060934,-7.98E-06,-7.62E-06
465.6666667,0.041044983,-7.98E-06,-7.62E-06
465.7,0.041029037,-7.97E-06,-7.61E-06
465.7333333,0.041013097,-7.97E-06,-7.61E-06
465.7666667,0.040997162,-7.97E-06,-7.61E-06
465.8,0.040981232,-7.96E-06,-7.61E-06
465.8333333,0.040965307,-7.96E-06,-7.60E-06
465.8666667,0.040949388,-7.96E-06,-7.60E-06
465.9,0.040933475,-7.96E-06,-7.60E-06
465.9333333,0.040917567,-7.95E-06,-7.60E-06
465.9666667,0.040901664,-7.95E-06,-7.59E-06
466,0.040885767,-7.95E-06,-7.59E-06
466.0333333,0.040869874,-7.95E-06,-7.59E-06
466.0666667,0.040853988,-7.94E-06,-7.59E-06
466.1,0.040838107,-7.94E-06,-7.58E-06
466.1333333,0.040822231,-7.94E-06,-7.58E-06
466.1666667,0.04080636,-7.94E-06,-7.58E-06
466.2,0.040790495,-7.93E-06,-7.57E-06
466.2333333,0.040774635,-7.93E-06,-7.57E-06
466.2666667,0.040758781,-7.93E-06,-7.57E-06
466.3,0.040742932,-7.92E-06,-7.57E-06
466.3333333,0.040727088,-7.92E-06,-7.56E-06
466.3666667,0.04071125,-7.92E-06,-7.56E-06
466.4,0.040695417,-7.92E-06,-7.56E-06
466.4333333,0.04067959,-7.91E-06,-7.56E-06
466.4666667,0.040663767,-7.91E-06,-7.55E-06
466.5,0.040647951,-7.91E-06,-7.55E-06
466.5333333,0.040632139,-7.91E-06,-7.55E-06
466.5666667,0.040616333,-7.90E-06,-7.55E-06
466.6,0.040600532,-7.90E-06,-7.54E-06
466.6333333,0.040584737,-7.90E-06,-7.54E-06
466.6666667,0.040568947,-7.90E-06,-7.54E-06
466.7,0.040553162,-7.89E-06,-7.54E-06
466.7333333,0.040537383,-7.89E-06,-7.53E-06
466.7666667,0.040521609,-7.89E-06,-7.53E-06
466.8,0.04050584,-7.88E-06,-7.53E-06
466.8333333,0.040490077,-7.88E-06,-7.53E-06
466.8666667,0.040474319,-7.88E-06,-7.52E-06
466.9,0.040458567,-7.88E-06,-7.52E-06
466.9333333,0.040442819,-7.87E-06,-7.52E-06
466.9666667,0.040427077,-7.87E-06,-7.52E-06
467,0.040411341,-7.87E-06,-7.51E-06
467.0333333,0.04039561,-7.87E-06,-7.51E-06
467.0666667,0.040379884,-7.86E-06,-7.51E-06
467.1,0.040364163,-7.86E-06,-7.51E-06
467.1333333,0.040348448,-7.86E-06,-7.50E-06
467.1666667,0.040332738,-7.85E-06,-7.50E-06
467.2,0.040317034,-7.85E-06,-7.50E-06
467.2333333,0.040301334,-7.85E-06,-7.50E-06
467.2666667,0.040285641,-7.85E-06,-7.49E-06
467.3,0.040269952,-7.84E-06,-7.49E-06
467.3333333,0.040254269,-7.84E-06,-7.49E-06
467.3666667,0.040238591,-7.84E-06,-7.48E-06
467.4,0.040222918,-7.84E-06,-7.48E-06
467.4333333,0.040207251,-7.83E-06,-7.48E-06
467.4666667,0.040191589,-7.83E-06,-7.48E-06
467.5,0.040175933,-7.83E-06,-7.47E-06
467.5333333,0.040160281,-7.83E-06,-7.47E-06
467.5666667,0.040144635,-7.82E-06,-7.47E-06
467.6,0.040128995,-7.82E-06,-7.47E-06
467.6333333,0.040113359,-7.82E-06,-7.46E-06
467.6666667,0.040097729,-7.82E-06,-7.46E-06
467.7,0.040082105,-7.81E-06,-7.46E-06
467.7333333,0.040066485,-7.81E-06,-7.46E-06
467.7666667,0.040050871,-7.81E-06,-7.45E-06
467.8,0.040035262,-7.80E-06,-7.45E-06
467.8333333,0.040019659,-7.80E-06,-7.45E-06
467.8666667,0.040004061,-7.80E-06,-7.45E-06
467.9,0.039988468,-7.80E-06,-7.44E-06
467.9333333,0.03997288,-7.79E-06,-7.44E-06
467.9666667,0.039957298,-7.79E-06,-7.44E-06
468,0.039941721,-7.79E-06,-7.44E-06
468.0333333,0.039926149,-7.79E-06,-7.43E-06
468.0666667,0.039910583,-7.78E-06,-7.43E-06
468.1,0.039895022,-7.78E-06,-7.43E-06
468.1333333,0.039879466,-7.78E-06,-7.43E-06
468.1666667,0.039863915,-7.78E-06,-7.42E-06
468.2,0.03984837,-7.77E-06,-7.42E-06
468.2333333,0.03983283,-7.77E-06,-7.42E-06
468.2666667,0.039817296,-7.77E-06,-7.42E-06
468.3,0.039801766,-7.76E-06,-7.41E-06
468.3333333,0.039786242,-7.76E-06,-7.41E-06
468.3666667,0.039770723,-7.76E-06,-7.41E-06
468.4,0.03975521,-7.76E-06,-7.41E-06
468.4333333,0.039739702,-7.75E-06,-7.40E-06
468.4666667,0.039724199,-7.75E-06,-7.40E-06
468.5,0.039708701,-7.75E-06,-7.40E-06
468.5333333,0.039693209,-7.75E-06,-7.40E-06
468.5666667,0.039677721,-7.74E-06,-7.39E-06
468.6,0.03966224,-7.74E-06,-7.39E-06
468.6333333,0.039646763,-7.74E-06,-7.39E-06
468.6666667,0.039631292,-7.74E-06,-7.39E-06
468.7,0.039615826,-7.73E-06,-7.38E-06
468.7333333,0.039600365,-7.73E-06,-7.38E-06
468.7666667,0.039584909,-7.73E-06,-7.38E-06
468.8,0.039569459,-7.73E-06,-7.38E-06
468.8333333,0.039554014,-7.72E-06,-7.37E-06
468.8666667,0.039538574,-7.72E-06,-7.37E-06
468.9,0.03952314,-7.72E-06,-7.37E-06
468.9333333,0.039507711,-7.71E-06,-7.37E-06
468.9666667,0.039492287,-7.71E-06,-7.36E-06
469,0.039476868,-7.71E-06,-7.36E-06
469.0333333,0.039461454,-7.71E-06,-7.36E-06
469.0666667,0.039446046,-7.70E-06,-7.36E-06
469.1,0.039430643,-7.70E-06,-7.35E-06
469.1333333,0.039415245,-7.70E-06,-7.35E-06
469.1666667,0.039399853,-7.70E-06,-7.35E-06
469.2,0.039384466,-7.69E-06,-7.35E-06
469.2333333,0.039369084,-7.69E-06,-7.34E-06
469.2666667,0.039353707,-7.69E-06,-7.34E-06
469.3,0.039338336,-7.69E-06,-7.34E-06
469.3333333,0.039322969,-7.68E-06,-7.34E-06
469.3666667,0.039307608,-7.68E-06,-7.33E-06
469.4,0.039292253,-7.68E-06,-7.33E-06
469.4333333,0.039276902,-7.68E-06,-7.33E-06
469.4666667,0.039261557,-7.67E-06,-7.33E-06
469.5,0.039246217,-7.67E-06,-7.32E-06
469.5333333,0.039230882,-7.67E-06,-7.32E-06
469.5666667,0.039215552,-7.66E-06,-7.32E-06
469.6,0.039200228,-7.66E-06,-7.32E-06
469.6333333,0.039184909,-7.66E-06,-7.31E-06
469.6666667,0.039169595,-7.66E-06,-7.31E-06
469.7,0.039154286,-7.65E-06,-7.31E-06
469.7333333,0.039138983,-7.65E-06,-7.31E-06
469.7666667,0.039123684,-7.65E-06,-7.30E-06
469.8,0.039108391,-7.65E-06,-7.30E-06
469.8333333,0.039093103,-7.64E-06,-7.30E-06
469.8666667,0.039077821,-7.64E-06,-7.30E-06
469.9,0.039062543,-7.64E-06,-7.29E-06
469.9333333,0.039047271,-7.64E-06,-7.29E-06
469.9666667,0.039032004,-7.63E-06,-7.29E-06
470,0.039016743,-7.63E-06,-7.29E-06
470.0333333,0.039001486,-7.63E-06,-7.28E-06
470.0666667,0.038986235,-7.63E-06,-7.28E-06
470.1,0.038970989,-7.62E-06,-7.28E-06
470.1333333,0.038955748,-7.62E-06,-7.27E-06
470.1666667,0.038940512,-7.62E-06,-7.27E-06
470.2,0.038925281,-7.62E-06,-7.27E-06
470.2333333,0.038910056,-7.61E-06,-7.27E-06
470.2666667,0.038894836,-7.61E-06,-7.27E-06
470.3,0.038879621,-7.61E-06,-7.26E-06
470.3333333,0.038864411,-7.60E-06,-7.26E-06
470.3666667,0.038849207,-7.60E-06,-7.26E-06
470.4,0.038834008,-7.60E-06,-7.26E-06
470.4333333,0.038818813,-7.60E-06,-7.25E-06
470.4666667,0.038803624,-7.59E-06,-7.25E-06
470.5,0.038788441,-7.59E-06,-7.25E-06
470.5333333,0.038773262,-7.59E-06,-7.25E-06
470.5666667,0.038758089,-7.59E-06,-7.24E-06
470.6,0.038742921,-7.58E-06,-7.24E-06
470.6333333,0.038727758,-7.58E-06,-7.24E-06
470.6666667,0.0387126,-7.58E-06,-7.24E-06
470.7,0.038697447,-7.58E-06,-7.23E-06
470.7333333,0.0386823,-7.57E-06,-7.23E-06
470.7666667,0.038667157,-7.57E-06,-7.23E-06
470.8,0.03865202,-7.57E-06,-7.23E-06
470.8333333,0.038636888,-7.57E-06,-7.22E-06
470.8666667,0.038621762,-7.56E-06,-7.22E-06
470.9,0.03860664,-7.56E-06,-7.22E-06
470.9333333,0.038591524,-7.56E-06,-7.22E-06
470.9666667,0.038576412,-7.56E-06,-7.21E-06
471,0.038561306,-7.55E-06,-7.21E-06
471.0333333,0.038546206,-7.55E-06,-7.21E-06
471.0666667,0.03853111,-7.55E-06,-7.21E-06
471.1,0.038516019,-7.55E-06,-7.20E-06
471.1333333,0.038500934,-7.54E-06,-7.20E-06
471.1666667,0.038485854,-7.54E-06,-7.20E-06
471.2,0.038470779,-7.54E-06,-7.20E-06
471.2333333,0.038455709,-7.53E-06,-7.19E-06
471.2666667,0.038440644,-7.53E-06,-7.19E-06
471.3,0.038425584,-7.53E-06,-7.19E-06
471.3333333,0.03841053,-7.53E-06,-7.19E-06
471.3666667,0.03839548,-7.52E-06,-7.18E-06
471.4,0.038380436,-7.52E-06,-7.18E-06
471.4333333,0.038365397,-7.52E-06,-7.18E-06
471.4666667,0.038350363,-7.52E-06,-7.18E-06
471.5,0.038335335,-7.51E-06,-7.17E-06
471.5333333,0.038320311,-7.51E-06,-7.17E-06
471.5666667,0.038305293,-7.51E-06,-7.17E-06
471.6,0.03829028,-7.51E-06,-7.17E-06
471.6333333,0.038275271,-7.50E-06,-7.16E-06
471.6666667,0.038260268,-7.50E-06,-7.16E-06
471.7,0.038245271,-7.50E-06,-7.16E-06
471.7333333,0.038230278,-7.50E-06,-7.16E-06
471.7666667,0.03821529,-7.49E-06,-7.15E-06
471.8,0.038200308,-7.49E-06,-7.15E-06
471.8333333,0.038185331,-7.49E-06,-7.15E-06
471.8666667,0.038170358,-7.49E-06,-7.15E-06
471.9,0.038155391,-7.48E-06,-7.14E-06
471.9333333,0.038140429,-7.48E-06,-7.14E-06
471.9666667,0.038125473,-7.48E-06,-7.14E-06
472,0.038110521,-7.48E-06,-7.14E-06
472.0333333,0.038095574,-7.47E-06,-7.13E-06
472.0666667,0.038080633,-7.47E-06,-7.13E-06
472.1,0.038065697,-7.47E-06,-7.13E-06
472.1333333,0.038050766,-7.47E-06,-7.13E-06
472.1666667,0.03803584,-7.46E-06,-7.12E-06
472.2,0.038020919,-7.46E-06,-7.12E-06
472.2333333,0.038006003,-7.46E-06,-7.12E-06
472.2666667,0.037991092,-7.46E-06,-7.12E-06
472.3,0.037976187,-7.45E-06,-7.11E-06
472.3333333,0.037961286,-7.45E-06,-7.11E-06
472.3666667,0.037946391,-7.45E-06,-7.11E-06
472.4,0.0379315,-7.45E-06,-7.11E-06
472.4333333,0.037916615,-7.44E-06,-7.10E-06
472.4666667,0.037901735,-7.44E-06,-7.10E-06
472.5,0.03788686,-7.44E-06,-7.10E-06
472.5333333,0.037871991,-7.43E-06,-7.10E-06
472.5666667,0.037857126,-7.43E-06,-7.09E-06
472.6,0.037842266,-7.43E-06,-7.09E-06
472.6333333,0.037827412,-7.43E-06,-7.09E-06
472.6666667,0.037812562,-7.42E-06,-7.09E-06
472.7,0.037797718,-7.42E-06,-7.08E-06
472.7333333,0.037782879,-7.42E-06,-7.08E-06
472.7666667,0.037768044,-7.42E-06,-7.08E-06
472.8,0.037753215,-7.41E-06,-7.08E-06
472.8333333,0.037738391,-7.41E-06,-7.07E-06
472.8666667,0.037723573,-7.41E-06,-7.07E-06
472.9,0.037708759,-7.41E-06,-7.07E-06
472.9333333,0.03769395,-7.40E-06,-7.07E-06
472.9666667,0.037679147,-7.40E-06,-7.07E-06
473,0.037664348,-7.40E-06,-7.06E-06
473.0333333,0.037649555,-7.40E-06,-7.06E-06
473.0666667,0.037634766,-7.39E-06,-7.06E-06
473.1,0.037619983,-7.39E-06,-7.06E-06
473.1333333,0.037605205,-7.39E-06,-7.05E-06
473.1666667,0.037590432,-7.39E-06,-7.05E-06
473.2,0.037575664,-7.38E-06,-7.05E-06
473.2333333,0.037560901,-7.38E-06,-7.05E-06
473.2666667,0.037546143,-7.38E-06,-7.04E-06
473.3,0.03753139,-7.38E-06,-7.04E-06
473.3333333,0.037516642,-7.37E-06,-7.04E-06
473.3666667,0.037501899,-7.37E-06,-7.04E-06
473.4,0.037487162,-7.37E-06,-7.03E-06
473.4333333,0.037472429,-7.37E-06,-7.03E-06
473.4666667,0.037457702,-7.36E-06,-7.03E-06
473.5,0.037442979,-7.36E-06,-7.03E-06
473.5333333,0.037428262,-7.36E-06,-7.02E-06
473.5666667,0.03741355,-7.36E-06,-7.02E-06
473.6,0.037398842,-7.35E-06,-7.02E-06
473.6333333,0.03738414,-7.35E-06,-7.02E-06
473.6666667,0.037369443,-7.35E-06,-7.01E-06
473.7,0.037354751,-7.35E-06,-7.01E-06
473.7333333,0.037340064,-7.34E-06,-7.01E-06
473.7666667,0.037325382,-7.34E-06,-7.01E-06
473.8,0.037310705,-7.34E-06,-7.00E-06
473.8333333,0.037296033,-7.34E-06,-7.00E-06
473.8666667,0.037281366,-7.33E-06,-7.00E-06
473.9,0.037266704,-7.33E-06,-7.00E-06
473.9333333,0.037252048,-7.33E-06,-6.99E-06
473.9666667,0.037237396,-7.33E-06,-6.99E-06
474,0.037222749,-7.32E-06,-6.99E-06
474.0333333,0.037208108,-7.32E-06,-6.99E-06
474.0666667,0.037193471,-7.32E-06,-6.98E-06
474.1,0.03717884,-7.32E-06,-6.98E-06
474.1333333,0.037164213,-7.31E-06,-6.98E-06
474.1666667,0.037149592,-7.31E-06,-6.98E-06
474.2,0.037134975,-7.31E-06,-6.98E-06
474.2333333,0.037120364,-7.31E-06,-6.97E-06
474.2666667,0.037105757,-7.30E-06,-6.97E-06
474.3,0.037091156,-7.30E-06,-6.97E-06
474.3333333,0.03707656,-7.30E-06,-6.97E-06
474.3666667,0.037061968,-7.30E-06,-6.96E-06
474.4,0.037047382,-7.29E-06,-6.96E-06
474.4333333,0.037032801,-7.29E-06,-6.96E-06
474.4666667,0.037018225,-7.29E-06,-6.96E-06
474.5,0.037003653,-7.29E-06,-6.95E-06
474.5333333,0.036989087,-7.28E-06,-6.95E-06
474.5666667,0.036974526,-7.28E-06,-6.95E-06
474.6,0.03695997,-7.28E-06,-6.95E-06
474.6333333,0.036945419,-7.28E-06,-6.94E-06
474.6666667,0.036930873,-7.27E-06,-6.94E-06
474.7,0.036916332,-7.27E-06,-6.94E-06
474.7333333,0.036901795,-7.27E-06,-6.94E-06
474.7666667,0.036887264,-7.27E-06,-6.93E-06
474.8,0.036872738,-7.26E-06,-6.93E-06
474.8333333,0.036858217,-7.26E-06,-6.93E-06
474.8666667,0.036843701,-7.26E-06,-6.93E-06
474.9,0.03682919,-7.26E-06,-6.92E-06
474.9333333,0.036814684,-7.25E-06,-6.92E-06
474.9666667,0.036800183,-7.25E-06,-6.92E-06
475,0.036785687,-7.25E-06,-6.92E-06
475.0333333,0.036771196,-7.25E-06,-6.91E-06
475.0666667,0.03675671,-7.24E-06,-6.91E-06
475.1,0.036742229,-7.24E-06,-6.91E-06
475.1333333,0.036727753,-7.24E-06,-6.91E-06
475.1666667,0.036713282,-7.24E-06,-6.91E-06
475.2,0.036698816,-7.23E-06,-6.90E-06
475.2333333,0.036684354,-7.23E-06,-6.90E-06
475.2666667,0.036669898,-7.23E-06,-6.90E-06
475.3,0.036655447,-7.23E-06,-6.90E-06
475.3333333,0.036641001,-7.22E-06,-6.89E-06
475.3666667,0.03662656,-7.22E-06,-6.89E-06
475.4,0.036612124,-7.22E-06,-6.89E-06
475.4333333,0.036597693,-7.22E-06,-6.89E-06
475.4666667,0.036583266,-7.21E-06,-6.88E-06
475.5,0.036568845,-7.21E-06,-6.88E-06
475.5333333,0.036554429,-7.21E-06,-6.88E-06
475.5666667,0.036540018,-7.21E-06,-6.88E-06
475.6,0.036525611,-7.20E-06,-6.87E-06
475.6333333,0.03651121,-7.20E-06,-6.87E-06
475.6666667,0.036496814,-7.20E-06,-6.87E-06
475.7,0.036482422,-7.20E-06,-6.87E-06
475.7333333,0.036468036,-7.19E-06,-6.86E-06
475.7666667,0.036453654,-7.19E-06,-6.86E-06
475.8,0.036439278,-7.19E-06,-6.86E-06
475.8333333,0.036424906,-7.19E-06,-6.86E-06
475.8666667,0.03641054,-7.18E-06,-6.86E-06
475.9,0.036396178,-7.18E-06,-6.85E-06
475.9333333,0.036381822,-7.18E-06,-6.85E-06
475.9666667,0.03636747,-7.18E-06,-6.85E-06
476,0.036353123,-7.17E-06,-6.85E-06
476.0333333,0.036338782,-7.17E-06,-6.84E-06
476.0666667,0.036324445,-7.17E-06,-6.84E-06
476.1,0.036310113,-7.17E-06,-6.84E-06
476.1333333,0.036295786,-7.16E-06,-6.84E-06
476.1666667,0.036281464,-7.16E-06,-6.83E-06
476.2,0.036267147,-7.16E-06,-6.83E-06
476.2333333,0.036252835,-7.16E-06,-6.83E-06
476.2666667,0.036238528,-7.15E-06,-6.83E-06
476.3,0.036224226,-7.15E-06,-6.82E-06
476.3333333,0.036209929,-7.15E-06,-6.82E-06
476.3666667,0.036195636,-7.15E-06,-6.82E-06
476.4,0.036181349,-7.14E-06,-6.82E-06
476.4333333,0.036167067,-7.14E-06,-6.81E-06
476.4666667,0.036152789,-7.14E-06,-6.81E-06
476.5,0.036138517,-7.14E-06,-6.81E-06
476.5333333,0.036124249,-7.13E-06,-6.81E-06
476.5666667,0.036109986,-7.13E-06,-6.81E-06
476.6,0.036095729,-7.13E-06,-6.80E-06
476.6333333,0.036081476,-7.13E-06,-6.80E-06
476.6666667,0.036067228,-7.12E-06,-6.80E-06
476.7,0.036052985,-7.12E-06,-6.80E-06
476.7333333,0.036038747,-7.12E-06,-6.79E-06
476.7666667,0.036024514,-7.12E-06,-6.79E-06
476.8,0.036010286,-7.11E-06,-6.79E-06
476.8333333,0.035996063,-7.11E-06,-6.79E-06
476.8666667,0.035981845,-7.11E-06,-6.78E-06
476.9,0.035967631,-7.11E-06,-6.78E-06
476.9333333,0.035953423,-7.10E-06,-6.78E-06
476.9666667,0.035939219,-7.10E-06,-6.78E-06
477,0.035925021,-7.10E-06,-6.77E-06
477.0333333,0.035910827,-7.10E-06,-6.77E-06
477.0666667,0.035896638,-7.09E-06,-6.77E-06
477.1,0.035882454,-7.09E-06,-6.77E-06
477.1333333,0.035868275,-7.09E-06,-6.77E-06
477.1666667,0.035854101,-7.09E-06,-6.76E-06
477.2,0.035839932,-7.08E-06,-6.76E-06
477.2333333,0.035825768,-7.08E-06,-6.76E-06
477.2666667,0.035811609,-7.08E-06,-6.76E-06
477.3,0.035797454,-7.08E-06,-6.75E-06
477.3333333,0.035783305,-7.07E-06,-6.75E-06
477.3666667,0.03576916,-7.07E-06,-6.75E-06
477.4,0.03575502,-7.07E-06,-6.75E-06
477.4333333,0.035740886,-7.07E-06,-6.74E-06
477.4666667,0.035726756,-7.06E-06,-6.74E-06
477.5,0.035712631,-7.06E-06,-6.74E-06
477.5333333,0.035698511,-7.06E-06,-6.74E-06
477.5666667,0.035684395,-7.06E-06,-6.73E-06
477.6,0.035670285,-7.06E-06,-6.73E-06
477.6333333,0.03565618,-7.05E-06,-6.73E-06
477.6666667,0.035642079,-7.05E-06,-6.73E-06
477.7,0.035627983,-7.05E-06,-6.73E-06
477.7333333,0.035613893,-7.05E-06,-6.72E-06
477.7666667,0.035599807,-7.04E-06,-6.72E-06
477.8,0.035585726,-7.04E-06,-6.72E-06
477.8333333,0.035571649,-7.04E-06,-6.72E-06
477.8666667,0.035557578,-7.04E-06,-6.71E-06
477.9,0.035543512,-7.03E-06,-6.71E-06
477.9333333,0.03552945,-7.03E-06,-6.71E-06
477.9666667,0.035515394,-7.03E-06,-6.71E-06
478,0.035501342,-7.03E-06,-6.70E-06
478.0333333,0.035487295,-7.02E-06,-6.70E-06
478.0666667,0.035473253,-7.02E-06,-6.70E-06
478.1,0.035459216,-7.02E-06,-6.70E-06
478.1333333,0.035445184,-7.02E-06,-6.69E-06
478.1666667,0.035431156,-7.01E-06,-6.69E-06
478.2,0.035417134,-7.01E-06,-6.69E-06
478.2333333,0.035403116,-7.01E-06,-6.69E-06
478.2666667,0.035389103,-7.01E-06,-6.69E-06
478.3,0.035375095,-7.00E-06,-6.68E-06
478.3333333,0.035361092,-7.00E-06,-6.68E-06
478.3666667,0.035347094,-7.00E-06,-6.68E-06
478.4,0.035333101,-7.00E-06,-6.68E-06
478.4333333,0.035319112,-6.99E-06,-6.67E-06
478.4666667,0.035305129,-6.99E-06,-6.67E-06
478.5,0.03529115,-6.99E-06,-6.67E-06
478.5333333,0.035277176,-6.99E-06,-6.67E-06
478.5666667,0.035263207,-6.98E-06,-6.66E-06
478.6,0.035249243,-6.98E-06,-6.66E-06
478.6333333,0.035235283,-6.98E-06,-6.66E-06
478.6666667,0.035221329,-6.98E-06,-6.66E-06
478.7,0.035207379,-6.97E-06,-6.66E-06
478.7333333,0.035193434,-6.97E-06,-6.65E-06
478.7666667,0.035179494,-6.97E-06,-6.65E-06
478.8,0.035165559,-6.97E-06,-6.65E-06
478.8333333,0.035151629,-6.97E-06,-6.65E-06
478.8666667,0.035137703,-6.96E-06,-6.64E-06
478.9,0.035123783,-6.96E-06,-6.64E-06
478.9333333,0.035109867,-6.96E-06,-6.64E-06
478.9666667,0.035095956,-6.96E-06,-6.64E-06
479,0.03508205,-6.95E-06,-6.63E-06
479.0333333,0.035068149,-6.95E-06,-6.63E-06
479.0666667,0.035054252,-6.95E-06,-6.63E-06
479.1,0.035040361,-6.95E-06,-6.63E-06
479.1333333,0.035026474,-6.94E-06,-6.62E-06
479.1666667,0.035012592,-6.94E-06,-6.62E-06
479.2,0.034998715,-6.94E-06,-6.62E-06
479.2333333,0.034984842,-6.94E-06,-6.62E-06
479.2666667,0.034970975,-6.93E-06,-6.62E-06
479.3,0.034957112,-6.93E-06,-6.61E-06
479.3333333,0.034943254,-6.93E-06,-6.61E-06
479.3666667,0.034929401,-6.93E-06,-6.61E-06
479.4,0.034915553,-6.92E-06,-6.61E-06
479.4333333,0.03490171,-6.92E-06,-6.60E-06
479.4666667,0.034887871,-6.92E-06,-6.60E-06
479.5,0.034874037,-6.92E-06,-6.60E-06
479.5333333,0.034860208,-6.91E-06,-6.60E-06
479.5666667,0.034846384,-6.91E-06,-6.59E-06
479.6,0.034832565,-6.91E-06,-6.59E-06
479.6333333,0.03481875,-6.91E-06,-6.59E-06
479.6666667,0.034804941,-6.90E-06,-6.59E-06
479.7,0.034791136,-6.90E-06,-6.59E-06
479.7333333,0.034777336,-6.90E-06,-6.58E-06
479.7666667,0.03476354,-6.90E-06,-6.58E-06
479.8,0.03474975,-6.90E-06,-6.58E-06
479.8333333,0.034735964,-6.89E-06,-6.58E-06
479.8666667,0.034722183,-6.89E-06,-6.57E-06
479.9,0.034708407,-6.89E-06,-6.57E-06
479.9333333,0.034694636,-6.89E-06,-6.57E-06
479.9666667,0.034680869,-6.88E-06,-6.57E-06
480,0.034667108,-6.88E-06,-6.56E-06
480.0333333,0.034653351,-6.88E-06,-6.56E-06
480.0666667,0.034639599,-6.88E-06,-6.56E-06
480.1,0.034625851,-6.87E-06,-6.56E-06
480.1333333,0.034612109,-6.87E-06,-6.56E-06
480.1666667,0.034598371,-6.87E-06,-6.55E-06
480.2,0.034584638,-6.87E-06,-6.55E-06
480.2333333,0.03457091,-6.86E-06,-6.55E-06
480.2666667,0.034557186,-6.86E-06,-6.55E-06
480.3,0.034543468,-6.86E-06,-6.54E-06
480.3333333,0.034529754,-6.86E-06,-6.54E-06
480.3666667,0.034516045,-6.85E-06,-6.54E-06
480.4,0.03450234,-6.85E-06,-6.54E-06
480.4333333,0.034488641,-6.85E-06,-6.54E-06
480.4666667,0.034474946,-6.85E-06,-6.53E-06
480.5,0.034461256,-6.84E-06,-6.53E-06
480.5333333,0.034447571,-6.84E-06,-6.53E-06
480.5666667,0.03443389,-6.84E-06,-6.53E-06
480.6,0.034420215,-6.84E-06,-6.52E-06
480.6333333,0.034406544,-6.84E-06,-6.52E-06
480.6666667,0.034392878,-6.83E-06,-6.52E-06
480.7,0.034379216,-6.83E-06,-6.52E-06
480.7333333,0.03436556,-6.83E-06,-6.51E-06
480.7666667,0.034351908,-6.83E-06,-6.51E-06
480.8,0.034338261,-6.82E-06,-6.51E-06
480.8333333,0.034324619,-6.82E-06,-6.51E-06
480.8666667,0.034310981,-6.82E-06,-6.51E-06
480.9,0.034297348,-6.82E-06,-6.50E-06
480.9333333,0.03428372,-6.81E-06,-6.50E-06
480.9666667,0.034270097,-6.81E-06,-6.50E-06
481,0.034256478,-6.81E-06,-6.50E-06
481.0333333,0.034242865,-6.81E-06,-6.49E-06
481.0666667,0.034229255,-6.80E-06,-6.49E-06
481.1,0.034215651,-6.80E-06,-6.49E-06
481.1333333,0.034202052,-6.80E-06,-6.49E-06
481.1666667,0.034188457,-6.80E-06,-6.48E-06
481.2,0.034174867,-6.80E-06,-6.48E-06
481.2333333,0.034161281,-6.79E-06,-6.48E-06
481.2666667,0.034147701,-6.79E-06,-6.48E-06
481.3,0.034134125,-6.79E-06,-6.48E-06
481.3333333,0.034120554,-6.79E-06,-6.47E-06
481.3666667,0.034106988,-6.78E-06,-6.47E-06
481.4,0.034093426,-6.78E-06,-6.47E-06
481.4333333,0.034079869,-6.78E-06,-6.47E-06
481.4666667,0.034066317,-6.78E-06,-6.46E-06
481.5,0.03405277,-6.77E-06,-6.46E-06
481.5333333,0.034039227,-6.77E-06,-6.46E-06
481.5666667,0.034025689,-6.77E-06,-6.46E-06
481.6,0.034012156,-6.77E-06,-6.46E-06
481.6333333,0.033998627,-6.76E-06,-6.45E-06
481.6666667,0.033985103,-6.76E-06,-6.45E-06
481.7,0.033971584,-6.76E-06,-6.45E-06
481.7333333,0.03395807,-6.76E-06,-6.45E-06
481.7666667,0.033944561,-6.75E-06,-6.44E-06
481.8,0.033931056,-6.75E-06,-6.44E-06
481.8333333,0.033917555,-6.75E-06,-6.44E-06
481.8666667,0.03390406,-6.75E-06,-6.44E-06
481.9,0.033890569,-6.75E-06,-6.43E-06
481.9333333,0.033877083,-6.74E-06,-6.43E-06
481.9666667,0.033863602,-6.74E-06,-6.43E-06
482,0.033850125,-6.74E-06,-6.43E-06
482.0333333,0.033836654,-6.74E-06,-6.43E-06
482.0666667,0.033823186,-6.73E-06,-6.42E-06
482.1,0.033809724,-6.73E-06,-6.42E-06
482.1333333,0.033796266,-6.73E-06,-6.42E-06
482.1666667,0.033782813,-6.73E-06,-6.42E-06
482.2,0.033769365,-6.72E-06,-6.41E-06
482.2333333,0.033755921,-6.72E-06,-6.41E-06
482.2666667,0.033742482,-6.72E-06,-6.41E-06
482.3,0.033729048,-6.72E-06,-6.41E-06
482.3333333,0.033715619,-6.71E-06,-6.41E-06
482.3666667,0.033702194,-6.71E-06,-6.40E-06
482.4,0.033688774,-6.71E-06,-6.40E-06
482.4333333,0.033675358,-6.71E-06,-6.40E-06
482.4666667,0.033661947,-6.71E-06,-6.40E-06
482.5,0.033648541,-6.70E-06,-6.39E-06
482.5333333,0.03363514,-6.70E-06,-6.39E-06
482.5666667,0.033621743,-6.70E-06,-6.39E-06
482.6,0.033608351,-6.70E-06,-6.39E-06
482.6333333,0.033594964,-6.69E-06,-6.39E-06
482.6666667,0.033581581,-6.69E-06,-6.38E-06
482.7,0.033568203,-6.69E-06,-6.38E-06
482.7333333,0.03355483,-6.69E-06,-6.38E-06
482.7666667,0.033541462,-6.68E-06,-6.38E-06
482.8,0.033528098,-6.68E-06,-6.37E-06
482.8333333,0.033514739,-6.68E-06,-6.37E-06
482.8666667,0.033501384,-6.68E-06,-6.37E-06
482.9,0.033488034,-6.67E-06,-6.37E-06
482.9333333,0.033474689,-6.67E-06,-6.37E-06
482.9666667,0.033461348,-6.67E-06,-6.36E-06
483,0.033448013,-6.67E-06,-6.36E-06
483.0333333,0.033434681,-6.67E-06,-6.36E-06
483.0666667,0.033421355,-6.66E-06,-6.36E-06
483.1,0.033408033,-6.66E-06,-6.35E-06
483.1333333,0.033394716,-6.66E-06,-6.35E-06
483.1666667,0.033381404,-6.66E-06,-6.35E-06
483.2,0.033368096,-6.65E-06,-6.35E-06
483.2333333,0.033354793,-6.65E-06,-6.34E-06
483.2666667,0.033341494,-6.65E-06,-6.34E-06
483.3,0.0333282,-6.65E-06,-6.34E-06
483.3333333,0.033314911,-6.64E-06,-6.34E-06
483.3666667,0.033301627,-6.64E-06,-6.34E-06
483.4,0.033288347,-6.64E-06,-6.33E-06
483.4333333,0.033275071,-6.64E-06,-6.33E-06
483.4666667,0.033261801,-6.64E-06,-6.33E-06
483.5,0.033248535,-6.63E-06,-6.33E-06
483.5333333,0.033235274,-6.63E-06,-6.32E-06
483.5666667,0.033222017,-6.63E-06,-6.32E-06
483.6,0.033208765,-6.63E-06,-6.32E-06
483.6333333,0.033195518,-6.62E-06,-6.32E-06
483.6666667,0.033182275,-6.62E-06,-6.32E-06
483.7,0.033169037,-6.62E-06,-6.31E-06
483.7333333,0.033155804,-6.62E-06,-6.31E-06
483.7666667,0.033142575,-6.61E-06,-6.31E-06
483.8,0.033129351,-6.61E-06,-6.31E-06
483.8333333,0.033116132,-6.61E-06,-6.30E-06
483.8666667,0.033102917,-6.61E-06,-6.30E-06
483.9,0.033089707,-6.61E-06,-6.30E-06
483.9333333,0.033076501,-6.60E-06,-6.30E-06
483.9666667,0.0330633,-6.60E-06,-6.30E-06
484,0.033050104,-6.60E-06,-6.29E-06
484.0333333,0.033036912,-6.60E-06,-6.29E-06
484.0666667,0.033023725,-6.59E-06,-6.29E-06
484.1,0.033010543,-6.59E-06,-6.29E-06
484.1333333,0.032997365,-6.59E-06,-6.28E-06
484.1666667,0.032984192,-6.59E-06,-6.28E-06
484.2,0.032971023,-6.58E-06,-6.28E-06
484.2333333,0.03295786,-6.58E-06,-6.28E-06
484.2666667,0.0329447,-6.58E-06,-6.28E-06
484.3,0.032931546,-6.58E-06,-6.27E-06
484.3333333,0.032918396,-6.58E-06,-6.27E-06
484.3666667,0.03290525,-6.57E-06,-6.27E-06
484.4,0.032892109,-6.57E-06,-6.27E-06
484.4333333,0.032878973,-6.57E-06,-6.26E-06
484.4666667,0.032865842,-6.57E-06,-6.26E-06
484.5,0.032852715,-6.56E-06,-6.26E-06
484.5333333,0.032839592,-6.56E-06,-6.26E-06
484.5666667,0.032826475,-6.56E-06,-6.26E-06
484.6,0.032813361,-6.56E-06,-6.25E-06
484.6333333,0.032800253,-6.55E-06,-6.25E-06
484.6666667,0.032787149,-6.55E-06,-6.25E-06
484.7,0.03277405,-6.55E-06,-6.25E-06
484.7333333,0.032760955,-6.55E-06,-6.24E-06
484.7666667,0.032747865,-6.55E-06,-6.24E-06
484.8,0.032734779,-6.54E-06,-6.24E-06
484.8333333,0.032721699,-6.54E-06,-6.24E-06
484.8666667,0.032708622,-6.54E-06,-6.24E-06
484.9,0.032695551,-6.54E-06,-6.23E-06
484.9333333,0.032682483,-6.53E-06,-6.23E-06
484.9666667,0.032669421,-6.53E-06,-6.23E-06
485,0.032656363,-6.53E-06,-6.23E-06
485.0333333,0.03264331,-6.53E-06,-6.23E-06
485.0666667,0.032630261,-6.52E-06,-6.22E-06
485.1,0.032617217,-6.52E-06,-6.22E-06
485.1333333,0.032604177,-6.52E-06,-6.22E-06
485.1666667,0.032591142,-6.52E-06,-6.22E-06
485.2,0.032578112,-6.52E-06,-6.21E-06
485.2333333,0.032565086,-6.51E-06,-6.21E-06
485.2666667,0.032552065,-6.51E-06,-6.21E-06
485.3,0.032539048,-6.51E-06,-6.21E-06
485.3333333,0.032526036,-6.51E-06,-6.21E-06
485.3666667,0.032513029,-6.50E-06,-6.20E-06
485.4,0.032500026,-6.50E-06,-6.20E-06
485.4333333,0.032487027,-6.50E-06,-6.20E-06
485.4666667,0.032474034,-6.50E-06,-6.20E-06
485.5,0.032461044,-6.49E-06,-6.19E-06
485.5333333,0.03244806,-6.49E-06,-6.19E-06
485.5666667,0.03243508,-6.49E-06,-6.19E-06
485.6,0.032422104,-6.49E-06,-6.19E-06
485.6333333,0.032409133,-6.49E-06,-6.19E-06
485.6666667,0.032396167,-6.48E-06,-6.18E-06
485.7,0.032383205,-6.48E-06,-6.18E-06
485.7333333,0.032370248,-6.48E-06,-6.18E-06
485.7666667,0.032357295,-6.48E-06,-6.18E-06
485.8,0.032344347,-6.47E-06,-6.17E-06
485.8333333,0.032331404,-6.47E-06,-6.17E-06
485.8666667,0.032318465,-6.47E-06,-6.17E-06
485.9,0.03230553,-6.47E-06,-6.17E-06
485.9333333,0.032292601,-6.46E-06,-6.17E-06
485.9666667,0.032279675,-6.46E-06,-6.16E-06
486,0.032266754,-6.46E-06,-6.16E-06
486.0333333,0.032253838,-6.46E-06,-6.16E-06
486.0666667,0.032240927,-6.46E-06,-6.16E-06
486.1,0.03222802,-6.45E-06,-6.15E-06
486.1333333,0.032215117,-6.45E-06,-6.15E-06
486.1666667,0.032202219,-6.45E-06,-6.15E-06
486.2,0.032189326,-6.45E-06,-6.15E-06
486.2333333,0.032176437,-6.44E-06,-6.15E-06
486.2666667,0.032163552,-6.44E-06,-6.14E-06
486.3,0.032150672,-6.44E-06,-6.14E-06
486.3333333,0.032137797,-6.44E-06,-6.14E-06
486.3666667,0.032124926,-6.44E-06,-6.14E-06
486.4,0.03211206,-6.43E-06,-6.14E-06
486.4333333,0.032099198,-6.43E-06,-6.13E-06
486.4666667,0.032086341,-6.43E-06,-6.13E-06
486.5,0.032073489,-6.43E-06,-6.13E-06
486.5333333,0.032060641,-6.42E-06,-6.13E-06
486.5666667,0.032047797,-6.42E-06,-6.12E-06
486.6,0.032034958,-6.42E-06,-6.12E-06
486.6333333,0.032022124,-6.42E-06,-6.12E-06
486.6666667,0.032009294,-6.41E-06,-6.12E-06
486.7,0.031996468,-6.41E-06,-6.12E-06
486.7333333,0.031983647,-6.41E-06,-6.11E-06
486.7666667,0.031970831,-6.41E-06,-6.11E-06
486.8,0.031958019,-6.41E-06,-6.11E-06
486.8333333,0.031945212,-6.40E-06,-6.11E-06
486.8666667,0.031932409,-6.40E-06,-6.10E-06
486.9,0.03191961,-6.40E-06,-6.10E-06
486.9333333,0.031906817,-6.40E-06,-6.10E-06
486.9666667,0.031894027,-6.39E-06,-6.10E-06
487,0.031881243,-6.39E-06,-6.10E-06
487.0333333,0.031868462,-6.39E-06,-6.09E-06
487.0666667,0.031855687,-6.39E-06,-6.09E-06
487.1,0.031842915,-6.39E-06,-6.09E-06
487.1333333,0.031830149,-6.38E-06,-6.09E-06
487.1666667,0.031817386,-6.38E-06,-6.09E-06
487.2,0.031804629,-6.38E-06,-6.08E-06
487.2333333,0.031791876,-6.38E-06,-6.08E-06
487.2666667,0.031779127,-6.37E-06,-6.08E-06
487.3,0.031766383,-6.37E-06,-6.08E-06
487.3333333,0.031753643,-6.37E-06,-6.07E-06
487.3666667,0.031740908,-6.37E-06,-6.07E-06
487.4,0.031728177,-6.37E-06,-6.07E-06
487.4333333,0.031715451,-6.36E-06,-6.07E-06
487.4666667,0.031702729,-6.36E-06,-6.07E-06
487.5,0.031690012,-6.36E-06,-6.06E-06
487.5333333,0.031677299,-6.36E-06,-6.06E-06
487.5666667,0.031664591,-6.35E-06,-6.06E-06
487.6,0.031651887,-6.35E-06,-6.06E-06
487.6333333,0.031639188,-6.35E-06,-6.06E-06
487.6666667,0.031626493,-6.35E-06,-6.05E-06
487.7,0.031613803,-6.35E-06,-6.05E-06
487.7333333,0.031601117,-6.34E-06,-6.05E-06
487.7666667,0.031588436,-6.34E-06,-6.05E-06
487.8,0.031575759,-6.34E-06,-6.04E-06
487.8333333,0.031563087,-6.34E-06,-6.04E-06
487.8666667,0.031550419,-6.33E-06,-6.04E-06
487.9,0.031537755,-6.33E-06,-6.04E-06
487.9333333,0.031525097,-6.33E-06,-6.04E-06
487.9666667,0.031512442,-6.33E-06,-6.03E-06
488,0.031499792,-6.32E-06,-6.03E-06
488.0333333,0.031487147,-6.32E-06,-6.03E-06
488.0666667,0.031474506,-6.32E-06,-6.03E-06
488.1,0.031461869,-6.32E-06,-6.03E-06
488.1333333,0.031449237,-6.32E-06,-6.02E-06
488.1666667,0.031436609,-6.31E-06,-6.02E-06
488.2,0.031423986,-6.31E-06,-6.02E-06
488.2333333,0.031411368,-6.31E-06,-6.02E-06
488.2666667,0.031398753,-6.31E-06,-6.01E-06
488.3,0.031386144,-6.30E-06,-6.01E-06
488.3333333,0.031373538,-6.30E-06,-6.01E-06
488.3666667,0.031360938,-6.30E-06,-6.01E-06
488.4,0.031348341,-6.30E-06,-6.01E-06
488.4333333,0.031335749,-6.30E-06,-6.00E-06
488.4666667,0.031323162,-6.29E-06,-6.00E-06
488.5,0.031310579,-6.29E-06,-6.00E-06
488.5333333,0.031298,-6.29E-06,-6.00E-06
488.5666667,0.031285426,-6.29E-06,-6.00E-06
488.6,0.031272857,-6.28E-06,-5.99E-06
488.6333333,0.031260292,-6.28E-06,-5.99E-06
488.6666667,0.031247731,-6.28E-06,-5.99E-06
488.7,0.031235175,-6.28E-06,-5.99E-06
488.7333333,0.031222623,-6.28E-06,-5.98E-06
488.7666667,0.031210075,-6.27E-06,-5.98E-06
488.8,0.031197532,-6.27E-06,-5.98E-06
488.8333333,0.031184994,-6.27E-06,-5.98E-06
488.8666667,0.03117246,-6.27E-06,-5.98E-06
488.9,0.03115993,-6.26E-06,-5.97E-06
488.9333333,0.031147405,-6.26E-06,-5.97E-06
488.9666667,0.031134884,-6.26E-06,-5.97E-06
489,0.031122368,-6.26E-06,-5.97E-06
489.0333333,0.031109856,-6.26E-06,-5.97E-06
489.0666667,0.031097349,-6.25E-06,-5.96E-06
489.1,0.031084846,-6.25E-06,-5.96E-06
489.1333333,0.031072347,-6.25E-06,-5.96E-06
489.1666667,0.031059853,-6.25E-06,-5.96E-06
489.2,0.031047363,-6.24E-06,-5.95E-06
489.2333333,0.031034878,-6.24E-06,-5.95E-06
489.2666667,0.031022397,-6.24E-06,-5.95E-06
489.3,0.03100992,-6.24E-06,-5.95E-06
489.3333333,0.030997448,-6.24E-06,-5.95E-06
489.3666667,0.030984981,-6.23E-06,-5.94E-06
489.4,0.030972518,-6.23E-06,-5.94E-06
489.4333333,0.030960059,-6.23E-06,-5.94E-06
489.4666667,0.030947605,-6.23E-06,-5.94E-06
489.5,0.030935155,-6.22E-06,-5.94E-06
489.5333333,0.030922709,-6.22E-06,-5.93E-06
489.5666667,0.030910268,-6.22E-06,-5.93E-06
489.6,0.030897831,-6.22E-06,-5.93E-06
489.6333333,0.030885399,-6.22E-06,-5.93E-06
489.6666667,0.030872971,-6.21E-06,-5.93E-06
489.7,0.030860548,-6.21E-06,-5.92E-06
489.7333333,0.030848129,-6.21E-06,-5.92E-06
489.7666667,0.030835714,-6.21E-06,-5.92E-06
489.8,0.030823304,-6.21E-06,-5.92E-06
489.8333333,0.030810898,-6.20E-06,-5.91E-06
489.8666667,0.030798497,-6.20E-06,-5.91E-06
489.9,0.0307861,-6.20E-06,-5.91E-06
489.9333333,0.030773707,-6.20E-06,-5.91E-06
489.9666667,0.030761319,-6.19E-06,-5.91E-06
490,0.030748935,-6.19E-06,-5.90E-06
490.0333333,0.030736555,-6.19E-06,-5.90E-06
490.0666667,0.03072418,-6.19E-06,-5.90E-06
490.1,0.03071181,-6.19E-06,-5.90E-06
490.1333333,0.030699443,-6.18E-06,-5.90E-06
490.1666667,0.030687082,-6.18E-06,-5.89E-06
490.2,0.030674724,-6.18E-06,-5.89E-06
490.2333333,0.030662371,-6.18E-06,-5.89E-06
490.2666667,0.030650022,-6.17E-06,-5.89E-06
490.3,0.030637678,-6.17E-06,-5.89E-06
490.3333333,0.030625338,-6.17E-06,-5.88E-06
490.3666667,0.030613003,-6.17E-06,-5.88E-06
490.4,0.030600671,-6.17E-06,-5.88E-06
490.4333333,0.030588345,-6.16E-06,-5.88E-06
490.4666667,0.030576022,-6.16E-06,-5.87E-06
490.5,0.030563704,-6.16E-06,-5.87E-06
490.5333333,0.030551391,-6.16E-06,-5.87E-06
490.5666667,0.030539081,-6.15E-06,-5.87E-06
490.6,0.030526776,-6.15E-06,-5.87E-06
490.6333333,0.030514476,-6.15E-06,-5.86E-06
490.6666667,0.03050218,-6.15E-06,-5.86E-06
490.7,0.030489888,-6.15E-06,-5.86E-06
490.7333333,0.0304776,-6.14E-06,-5.86E-06
490.7666667,0.030465317,-6.14E-06,-5.86E-06
490.8,0.030453039,-6.14E-06,-5.85E-06
490.8333333,0.030440764,-6.14E-06,-5.85E-06
490.8666667,0.030428495,-6.13E-06,-5.85E-06
490.9,0.030416229,-6.13E-06,-5.85E-06
490.9333333,0.030403968,-6.13E-06,-5.85E-06
490.9666667,0.030391711,-6.13E-06,-5.84E-06
491,0.030379458,-6.13E-06,-5.84E-06
491.0333333,0.03036721,-6.12E-06,-5.84E-06
491.0666667,0.030354966,-6.12E-06,-5.84E-06
491.1,0.030342727,-6.12E-06,-5.83E-06
491.1333333,0.030330492,-6.12E-06,-5.83E-06
491.1666667,0.030318261,-6.12E-06,-5.83E-06
491.2,0.030306035,-6.11E-06,-5.83E-06
491.2333333,0.030293813,-6.11E-06,-5.83E-06
491.2666667,0.030281595,-6.11E-06,-5.82E-06
491.3,0.030269382,-6.11E-06,-5.82E-06
491.3333333,0.030257173,-6.10E-06,-5.82E-06
491.3666667,0.030244968,-6.10E-06,-5.82E-06
491.4,0.030232768,-6.10E-06,-5.82E-06
491.4333333,0.030220572,-6.10E-06,-5.81E-06
491.4666667,0.03020838,-6.10E-06,-5.81E-06
491.5,0.030196193,-6.09E-06,-5.81E-06
491.5333333,0.03018401,-6.09E-06,-5.81E-06
491.5666667,0.030171831,-6.09E-06,-5.81E-06
491.6,0.030159657,-6.09E-06,-5.80E-06
491.6333333,0.030147487,-6.08E-06,-5.80E-06
491.6666667,0.030135322,-6.08E-06,-5.80E-06
491.7,0.03012316,-6.08E-06,-5.80E-06
491.7333333,0.030111003,-6.08E-06,-5.80E-06
491.7666667,0.030098851,-6.08E-06,-5.79E-06
491.8,0.030086703,-6.07E-06,-5.79E-06
491.8333333,0.030074559,-6.07E-06,-5.79E-06
491.8666667,0.030062419,-6.07E-06,-5.79E-06
491.9,0.030050284,-6.07E-06,-5.78E-06
491.9333333,0.030038153,-6.07E-06,-5.78E-06
491.9666667,0.030026026,-6.06E-06,-5.78E-06
492,0.030013904,-6.06E-06,-5.78E-06
492.0333333,0.030001786,-6.06E-06,-5.78E-06
492.0666667,0.029989672,-6.06E-06,-5.77E-06
492.1,0.029977563,-6.05E-06,-5.77E-06
492.1333333,0.029965458,-6.05E-06,-5.77E-06
492.1666667,0.029953357,-6.05E-06,-5.77E-06
492.2,0.02994126,-6.05E-06,-5.77E-06
492.2333333,0.029929168,-6.05E-06,-5.76E-06
492.2666667,0.029917081,-6.04E-06,-5.76E-06
492.3,0.029904997,-6.04E-06,-5.76E-06
492.3333333,0.029892918,-6.04E-06,-5.76E-06
492.3666667,0.029880843,-6.04E-06,-5.76E-06
492.4,0.029868772,-6.04E-06,-5.75E-06
492.4333333,0.029856706,-6.03E-06,-5.75E-06
492.4666667,0.029844644,-6.03E-06,-5.75E-06
492.5,0.029832586,-6.03E-06,-5.75E-06
492.5333333,0.029820533,-6.03E-06,-5.75E-06
492.5666667,0.029808484,-6.02E-06,-5.74E-06
492.6,0.029796439,-6.02E-06,-5.74E-06
492.6333333,0.029784399,-6.02E-06,-5.74E-06
492.6666667,0.029772363,-6.02E-06,-5.74E-06
492.7,0.029760331,-6.02E-06,-5.74E-06
492.7333333,0.029748303,-6.01E-06,-5.73E-06
492.7666667,0.02973628,-6.01E-06,-5.73E-06
492.8,0.029724261,-6.01E-06,-5.73E-06
492.8333333,0.029712246,-6.01E-06,-5.73E-06
492.8666667,0.029700236,-6.01E-06,-5.73E-06
492.9,0.029688229,-6.00E-06,-5.72E-06
492.9333333,0.029676228,-6.00E-06,-5.72E-06
492.9666667,0.02966423,-6.00E-06,-5.72E-06
493,0.029652237,-6.00E-06,-5.72E-06
493.0333333,0.029640248,-5.99E-06,-5.71E-06
493.0666667,0.029628263,-5.99E-06,-5.71E-06
493.1,0.029616283,-5.99E-06,-5.71E-06
493.1333333,0.029604306,-5.99E-06,-5.71E-06
493.1666667,0.029592335,-5.99E-06,-5.71E-06
493.2,0.029580367,-5.98E-06,-5.70E-06
493.2333333,0.029568404,-5.98E-06,-5.70E-06
493.2666667,0.029556444,-5.98E-06,-5.70E-06
493.3,0.02954449,-5.98E-06,-5.70E-06
493.3333333,0.029532539,-5.98E-06,-5.70E-06
493.3666667,0.029520593,-5.97E-06,-5.69E-06
493.4,0.029508651,-5.97E-06,-5.69E-06
493.4333333,0.029496713,-5.97E-06,-5.69E-06
493.4666667,0.02948478,-5.97E-06,-5.69E-06
493.5,0.02947285,-5.96E-06,-5.69E-06
493.5333333,0.029460926,-5.96E-06,-5.68E-06
493.5666667,0.029449005,-5.96E-06,-5.68E-06
493.6,0.029437088,-5.96E-06,-5.68E-06
493.6333333,0.029425176,-5.96E-06,-5.68E-06
493.6666667,0.029413268,-5.95E-06,-5.68E-06
493.7,0.029401365,-5.95E-06,-5.67E-06
493.7333333,0.029389465,-5.95E-06,-5.67E-06
493.7666667,0.02937757,-5.95E-06,-5.67E-06
493.8,0.029365679,-5.95E-06,-5.67E-06
493.8333333,0.029353793,-5.94E-06,-5.67E-06
493.8666667,0.02934191,-5.94E-06,-5.66E-06
493.9,0.029330032,-5.94E-06,-5.66E-06
493.9333333,0.029318158,-5.94E-06,-5.66E-06
493.9666667,0.029306289,-5.93E-06,-5.66E-06
494,0.029294423,-5.93E-06,-5.66E-06
494.0333333,0.029282562,-5.93E-06,-5.65E-06
494.0666667,0.029270705,-5.93E-06,-5.65E-06
494.1,0.029258853,-5.93E-06,-5.65E-06
494.1333333,0.029247004,-5.92E-06,-5.65E-06
494.1666667,0.02923516,-5.92E-06,-5.65E-06
494.2,0.02922332,-5.92E-06,-5.64E-06
494.2333333,0.029211484,-5.92E-06,-5.64E-06
494.2666667,0.029199653,-5.92E-06,-5.64E-06
494.3,0.029187826,-5.91E-06,-5.64E-06
494.3333333,0.029176003,-5.91E-06,-5.64E-06
494.3666667,0.029164184,-5.91E-06,-5.63E-06
494.4,0.029152369,-5.91E-06,-5.63E-06
494.4333333,0.029140559,-5.91E-06,-5.63E-06
494.4666667,0.029128753,-5.90E-06,-5.63E-06
494.5,0.029116951,-5.90E-06,-5.63E-06
494.5333333,0.029105153,-5.90E-06,-5.62E-06
494.5666667,0.02909336,-5.90E-06,-5.62E-06
494.6,0.029081571,-5.89E-06,-5.62E-06
494.6333333,0.029069786,-5.89E-06,-5.62E-06
494.6666667,0.029058005,-5.89E-06,-5.61E-06
494.7,0.029046228,-5.89E-06,-5.61E-06
494.7333333,0.029034456,-5.89E-06,-5.61E-06
494.7666667,0.029022688,-5.88E-06,-5.61E-06
494.8,0.029010924,-5.88E-06,-5.61E-06
494.8333333,0.028999164,-5.88E-06,-5.60E-06
494.8666667,0.028987409,-5.88E-06,-5.60E-06
494.9,0.028975658,-5.88E-06,-5.60E-06
494.9333333,0.028963911,-5.87E-06,-5.60E-06
494.9666667,0.028952168,-5.87E-06,-5.60E-06
495,0.028940429,-5.87E-06,-5.59E-06
495.0333333,0.028928695,-5.87E-06,-5.59E-06
495.0666667,0.028916965,-5.87E-06,-5.59E-06
495.1,0.028905239,-5.86E-06,-5.59E-06
495.1333333,0.028893517,-5.86E-06,-5.59E-06
495.1666667,0.028881799,-5.86E-06,-5.58E-06
495.2,0.028870086,-5.86E-06,-5.58E-06
495.2333333,0.028858377,-5.85E-06,-5.58E-06
495.2666667,0.028846672,-5.85E-06,-5.58E-06
495.3,0.028834971,-5.85E-06,-5.58E-06
495.3333333,0.028823274,-5.85E-06,-5.57E-06
495.3666667,0.028811582,-5.85E-06,-5.57E-06
495.4,0.028799894,-5.84E-06,-5.57E-06
495.4333333,0.02878821,-5.84E-06,-5.57E-06
495.4666667,0.02877653,-5.84E-06,-5.57E-06
495.5,0.028764854,-5.84E-06,-5.56E-06
495.5333333,0.028753183,-5.84E-06,-5.56E-06
495.5666667,0.028741515,-5.83E-06,-5.56E-06
495.6,0.028729852,-5.83E-06,-5.56E-06
495.6333333,0.028718193,-5.83E-06,-5.56E-06
495.6666667,0.028706539,-5.83E-06,-5.55E-06
495.7,0.028694888,-5.83E-06,-5.55E-06
495.7333333,0.028683242,-5.82E-06,-5.55E-06
495.7666667,0.028671599,-5.82E-06,-5.55E-06
495.8,0.028659961,-5.82E-06,-5.55E-06
495.8333333,0.028648328,-5.82E-06,-5.54E-06
495.8666667,0.028636698,-5.81E-06,-5.54E-06
495.9,0.028625072,-5.81E-06,-5.54E-06
495.9333333,0.028613451,-5.81E-06,-5.54E-06
495.9666667,0.028601834,-5.81E-06,-5.54E-06
496,0.028590221,-5.81E-06,-5.53E-06
496.0333333,0.028578612,-5.80E-06,-5.53E-06
496.0666667,0.028567008,-5.80E-06,-5.53E-06
496.1,0.028555407,-5.80E-06,-5.53E-06
496.1333333,0.028543811,-5.80E-06,-5.53E-06
496.1666667,0.028532219,-5.80E-06,-5.52E-06
496.2,0.028520631,-5.79E-06,-5.52E-06
496.2333333,0.028509047,-5.79E-06,-5.52E-06
496.2666667,0.028497467,-5.79E-06,-5.52E-06
496.3,0.028485892,-5.79E-06,-5.52E-06
496.3333333,0.02847432,-5.79E-06,-5.51E-06
496.3666667,0.028462753,-5.78E-06,-5.51E-06
496.4,0.02845119,-5.78E-06,-5.51E-06
496.4333333,0.028439631,-5.78E-06,-5.51E-06
496.4666667,0.028428077,-5.78E-06,-5.51E-06
496.5,0.028416526,-5.78E-06,-5.50E-06
496.5333333,0.02840498,-5.77E-06,-5.50E-06
496.5666667,0.028393437,-5.77E-06,-5.50E-06
496.6,0.028381899,-5.77E-06,-5.50E-06
496.6333333,0.028370365,-5.77E-06,-5.50E-06
496.6666667,0.028358836,-5.76E-06,-5.49E-06
496.7,0.02834731,-5.76E-06,-5.49E-06
496.7333333,0.028335788,-5.76E-06,-5.49E-06
496.7666667,0.028324271,-5.76E-06,-5.49E-06
496.8,0.028312758,-5.76E-06,-5.49E-06
496.8333333,0.028301249,-5.75E-06,-5.48E-06
496.8666667,0.028289744,-5.75E-06,-5.48E-06
496.9,0.028278243,-5.75E-06,-5.48E-06
496.9333333,0.028266746,-5.75E-06,-5.48E-06
496.9666667,0.028255253,-5.75E-06,-5.48E-06
497,0.028243765,-5.74E-06,-5.47E-06
497.0333333,0.028232281,-5.74E-06,-5.47E-06
497.0666667,0.028220801,-5.74E-06,-5.47E-06
497.1,0.028209325,-5.74E-06,-5.47E-06
497.1333333,0.028197853,-5.74E-06,-5.47E-06
497.1666667,0.028186385,-5.73E-06,-5.46E-06
497.2,0.028174921,-5.73E-06,-5.46E-06
497.2333333,0.028163462,-5.73E-06,-5.46E-06
497.2666667,0.028152006,-5.73E-06,-5.46E-06
497.3,0.028140555,-5.73E-06,-5.46E-06
497.3333333,0.028129108,-5.72E-06,-5.46E-06
497.3666667,0.028117665,-5.72E-06,-5.45E-06
497.4,0.028106226,-5.72E-06,-5.45E-06
497.4333333,0.028094791,-5.72E-06,-5.45E-06
497.4666667,0.02808336,-5.72E-06,-5.45E-06
497.5,0.028071934,-5.71E-06,-5.45E-06
497.5333333,0.028060511,-5.71E-06,-5.44E-06
497.5666667,0.028049093,-5.71E-06,-5.44E-06
497.6,0.028037679,-5.71E-06,-5.44E-06
497.6333333,0.028026269,-5.71E-06,-5.44E-06
497.6666667,0.028014862,-5.70E-06,-5.44E-06
497.7,0.028003461,-5.70E-06,-5.43E-06
497.7333333,0.027992063,-5.70E-06,-5.43E-06
497.7666667,0.027980669,-5.70E-06,-5.43E-06
497.8,0.027969279,-5.69E-06,-5.43E-06
497.8333333,0.027957894,-5.69E-06,-5.43E-06
497.8666667,0.027946513,-5.69E-06,-5.42E-06
497.9,0.027935135,-5.69E-06,-5.42E-06
497.9333333,0.027923762,-5.69E-06,-5.42E-06
497.9666667,0.027912393,-5.68E-06,-5.42E-06
498,0.027901028,-5.68E-06,-5.42E-06
498.0333333,0.027889667,-5.68E-06,-5.41E-06
498.0666667,0.02787831,-5.68E-06,-5.41E-06
498.1,0.027866958,-5.68E-06,-5.41E-06
498.1333333,0.027855609,-5.67E-06,-5.41E-06
498.1666667,0.027844264,-5.67E-06,-5.41E-06
498.2,0.027832924,-5.67E-06,-5.40E-06
498.2333333,0.027821588,-5.67E-06,-5.40E-06
498.2666667,0.027810255,-5.67E-06,-5.40E-06
498.3,0.027798927,-5.66E-06,-5.40E-06
498.3333333,0.027787603,-5.66E-06,-5.40E-06
498.3666667,0.027776283,-5.66E-06,-5.39E-06
498.4,0.027764967,-5.66E-06,-5.39E-06
498.4333333,0.027753655,-5.66E-06,-5.39E-06
498.4666667,0.027742347,-5.65E-06,-5.39E-06
498.5,0.027731044,-5.65E-06,-5.39E-06
498.5333333,0.027719744,-5.65E-06,-5.38E-06
498.5666667,0.027708448,-5.65E-06,-5.38E-06
498.6,0.027697157,-5.65E-06,-5.38E-06
498.6333333,0.02768587,-5.64E-06,-5.38E-06
498.6666667,0.027674586,-5.64E-06,-5.38E-06
498.7,0.027663307,-5.64E-06,-5.37E-06
498.7333333,0.027652032,-5.64E-06,-5.37E-06
498.7666667,0.027640761,-5.64E-06,-5.37E-06
498.8,0.027629494,-5.63E-06,-5.37E-06
498.8333333,0.027618231,-5.63E-06,-5.37E-06
498.8666667,0.027606972,-5.63E-06,-5.36E-06
498.9,0.027595717,-5.63E-06,-5.36E-06
498.9333333,0.027584466,-5.63E-06,-5.36E-06
498.9666667,0.027573219,-5.62E-06,-5.36E-06
499,0.027561977,-5.62E-06,-5.36E-06
499.0333333,0.027550738,-5.62E-06,-5.36E-06
499.0666667,0.027539503,-5.62E-06,-5.35E-06
499.1,0.027528273,-5.62E-06,-5.35E-06
499.1333333,0.027517046,-5.61E-06,-5.35E-06
499.1666667,0.027505824,-5.61E-06,-5.35E-06
499.2,0.027494606,-5.61E-06,-5.35E-06
499.2333333,0.027483391,-5.61E-06,-5.34E-06
499.2666667,0.027472181,-5.61E-06,-5.34E-06
499.3,0.027460975,-5.60E-06,-5.34E-06
499.3333333,0.027449773,-5.60E-06,-5.34E-06
499.3666667,0.027438575,-5.60E-06,-5.34E-06
499.4,0.027427381,-5.60E-06,-5.33E-06
499.4333333,0.027416191,-5.60E-06,-5.33E-06
499.4666667,0.027405005,-5.59E-06,-5.33E-06
499.5,0.027393823,-5.59E-06,-5.33E-06
499.5333333,0.027382645,-5.59E-06,-5.33E-06
499.5666667,0.027371471,-5.59E-06,-5.32E-06
499.6,0.027360301,-5.58E-06,-5.32E-06
499.6333333,0.027349136,-5.58E-06,-5.32E-06
499.6666667,0.027337974,-5.58E-06,-5.32E-06
499.7,0.027326816,-5.58E-06,-5.32E-06
499.7333333,0.027315662,-5.58E-06,-5.31E-06
499.7666667,0.027304513,-5.57E-06,-5.31E-06
499.8,0.027293367,-5.57E-06,-5.31E-06
499.8333333,0.027282226,-5.57E-06,-5.31E-06
499.8666667,0.027271088,-5.57E-06,-5.31E-06
499.9,0.027259955,-5.57E-06,-5.30E-06
499.9333333,0.027248825,-5.56E-06,-5.30E-06
499.9666667,0.0272377,-5.56E-06,-5.30E-06
500,0.027226578,-5.56E-06,-5.30E-06
500.0333333,0.027215461,-5.56E-06,-5.30E-06
500.0666667,0.027204347,-5.56E-06,-5.30E-06
500.1,0.027193238,-5.55E-06,-5.29E-06
500.1333333,0.027182133,-5.55E-06,-5.29E-06
500.1666667,0.027171031,-5.55E-06,-5.29E-06
500.2,0.027159934,-5.55E-06,-5.29E-06
500.2333333,0.027148841,-5.55E-06,-5.29E-06
500.2666667,0.027137751,-5.54E-06,-5.28E-06
500.3,0.027126666,-5.54E-06,-5.28E-06
500.3333333,0.027115585,-5.54E-06,-5.28E-06
500.3666667,0.027104507,-5.54E-06,-5.28E-06
500.4,0.027093434,-5.54E-06,-5.28E-06
500.4333333,0.027082365,-5.53E-06,-5.27E-06
500.4666667,0.0270713,-5.53E-06,-5.27E-06
500.5,0.027060238,-5.53E-06,-5.27E-06
500.5333333,0.027049181,-5.53E-06,-5.27E-06
500.5666667,0.027038128,-5.53E-06,-5.27E-06
500.6,0.027027079,-5.52E-06,-5.26E-06
500.6333333,0.027016034,-5.52E-06,-5.26E-06
500.6666667,0.027004992,-5.52E-06,-5.26E-06
500.7,0.026993955,-5.52E-06,-5.26E-06
500.7333333,0.026982922,-5.52E-06,-5.26E-06
500.7666667,0.026971893,-5.51E-06,-5.25E-06
500.8,0.026960867,-5.51E-06,-5.25E-06
500.8333333,0.026949846,-5.51E-06,-5.25E-06
500.8666667,0.026938829,-5.51E-06,-5.25E-06
500.9,0.026927816,-5.51E-06,-5.25E-06
500.9333333,0.026916806,-5.50E-06,-5.25E-06
500.9666667,0.026905801,-5.50E-06,-5.24E-06
501,0.0268948,-5.50E-06,-5.24E-06
501.0333333,0.026883802,-5.50E-06,-5.24E-06
501.0666667,0.026872809,-5.50E-06,-5.24E-06
501.1,0.02686182,-5.49E-06,-5.24E-06
501.1333333,0.026850834,-5.49E-06,-5.23E-06
501.1666667,0.026839853,-5.49E-06,-5.23E-06
501.2,0.026828876,-5.49E-06,-5.23E-06
501.2333333,0.026817902,-5.49E-06,-5.23E-06
501.2666667,0.026806933,-5.48E-06,-5.23E-06
501.3,0.026795967,-5.48E-06,-5.22E-06
501.3333333,0.026785006,-5.48E-06,-5.22E-06
501.3666667,0.026774048,-5.48E-06,-5.22E-06
501.4,0.026763095,-5.48E-06,-5.22E-06
501.4333333,0.026752145,-5.47E-06,-5.22E-06
501.4666667,0.0267412,-5.47E-06,-5.21E-06
501.5,0.026730258,-5.47E-06,-5.21E-06
501.5333333,0.02671932,-5.47E-06,-5.21E-06
501.5666667,0.026708387,-5.47E-06,-5.21E-06
501.6,0.026697457,-5.46E-06,-5.21E-06
501.6333333,0.026686531,-5.46E-06,-5.21E-06
501.6666667,0.026675609,-5.46E-06,-5.20E-06
501.7,0.026664691,-5.46E-06,-5.20E-06
501.7333333,0.026653777,-5.46E-06,-5.20E-06
501.7666667,0.026642868,-5.45E-06,-5.20E-06
501.8,0.026631962,-5.45E-06,-5.20E-06
501.8333333,0.02662106,-5.45E-06,-5.19E-06
501.8666667,0.026610162,-5.45E-06,-5.19E-06
501.9,0.026599267,-5.45E-06,-5.19E-06
501.9333333,0.026588377,-5.45E-06,-5.19E-06
501.9666667,0.026577491,-5.44E-06,-5.19E-06
502,0.026566609,-5.44E-06,-5.18E-06
502.0333333,0.026555731,-5.44E-06,-5.18E-06
502.0666667,0.026544856,-5.44E-06,-5.18E-06
502.1,0.026533986,-5.44E-06,-5.18E-06
502.1333333,0.026523119,-5.43E-06,-5.18E-06
502.1666667,0.026512257,-5.43E-06,-5.17E-06
502.2,0.026501398,-5.43E-06,-5.17E-06
502.2333333,0.026490544,-5.43E-06,-5.17E-06
502.2666667,0.026479693,-5.43E-06,-5.17E-06
502.3,0.026468846,-5.42E-06,-5.17E-06
502.3333333,0.026458004,-5.42E-06,-5.17E-06
502.3666667,0.026447165,-5.42E-06,-5.16E-06
502.4,0.02643633,-5.42E-06,-5.16E-06
502.4333333,0.026425499,-5.42E-06,-5.16E-06
502.4666667,0.026414672,-5.41E-06,-5.16E-06
502.5,0.026403849,-5.41E-06,-5.16E-06
502.5333333,0.02639303,-5.41E-06,-5.15E-06
502.5666667,0.026382214,-5.41E-06,-5.15E-06
502.6,0.026371403,-5.41E-06,-5.15E-06
502.6333333,0.026360596,-5.40E-06,-5.15E-06
502.6666667,0.026349792,-5.40E-06,-5.15E-06
502.7,0.026338993,-5.40E-06,-5.14E-06
502.7333333,0.026328197,-5.40E-06,-5.14E-06
502.7666667,0.026317405,-5.40E-06,-5.14E-06
502.8,0.026306618,-5.39E-06,-5.14E-06
502.8333333,0.026295834,-5.39E-06,-5.14E-06
502.8666667,0.026285054,-5.39E-06,-5.14E-06
502.9,0.026274278,-5.39E-06,-5.13E-06
502.9333333,0.026263506,-5.39E-06,-5.13E-06
502.9666667,0.026252738,-5.38E-06,-5.13E-06
503,0.026241973,-5.38E-06,-5.13E-06
503.0333333,0.026231213,-5.38E-06,-5.13E-06
503.0666667,0.026220457,-5.38E-06,-5.12E-06
503.1,0.026209704,-5.38E-06,-5.12E-06
503.1333333,0.026198955,-5.37E-06,-5.12E-06
503.1666667,0.026188211,-5.37E-06,-5.12E-06
503.2,0.02617747,-5.37E-06,-5.12E-06
503.2333333,0.026166733,-5.37E-06,-5.11E-06
503.2666667,0.026156,-5.37E-06,-5.11E-06
503.3,0.026145271,-5.36E-06,-5.11E-06
503.3333333,0.026134546,-5.36E-06,-5.11E-06
503.3666667,0.026123825,-5.36E-06,-5.11E-06
503.4,0.026113107,-5.36E-06,-5.11E-06
503.4333333,0.026102394,-5.36E-06,-5.10E-06
503.4666667,0.026091684,-5.35E-06,-5.10E-06
503.5,0.026080979,-5.35E-06,-5.10E-06
503.5333333,0.026070277,-5.35E-06,-5.10E-06
503.5666667,0.026059579,-5.35E-06,-5.10E-06
503.6,0.026048885,-5.35E-06,-5.09E-06
503.6333333,0.026038195,-5.35E-06,-5.09E-06
503.6666667,0.026027509,-5.34E-06,-5.09E-06
503.7,0.026016827,-5.34E-06,-5.09E-06
503.7333333,0.026006148,-5.34E-06,-5.09E-06
503.7666667,0.025995474,-5.34E-06,-5.08E-06
503.8,0.025984803,-5.34E-06,-5.08E-06
503.8333333,0.025974136,-5.33E-06,-5.08E-06
503.8666667,0.025963473,-5.33E-06,-5.08E-06
503.9,0.025952814,-5.33E-06,-5.08E-06
503.9333333,0.025942159,-5.33E-06,-5.08E-06
503.9666667,0.025931508,-5.33E-06,-5.07E-06
504,0.025920861,-5.32E-06,-5.07E-06
504.0333333,0.025910217,-5.32E-06,-5.07E-06
504.0666667,0.025899578,-5.32E-06,-5.07E-06
504.1,0.025888942,-5.32E-06,-5.07E-06
504.1333333,0.02587831,-5.32E-06,-5.06E-06
504.1666667,0.025867682,-5.31E-06,-5.06E-06
504.2,0.025857058,-5.31E-06,-5.06E-06
504.2333333,0.025846438,-5.31E-06,-5.06E-06
504.2666667,0.025835822,-5.31E-06,-5.06E-06
504.3,0.025825209,-5.31E-06,-5.06E-06
504.3333333,0.025814601,-5.30E-06,-5.05E-06
504.3666667,0.025803996,-5.30E-06,-5.05E-06
504.4,0.025793395,-5.30E-06,-5.05E-06
504.4333333,0.025782798,-5.30E-06,-5.05E-06
504.4666667,0.025772205,-5.30E-06,-5.05E-06
504.5,0.025761616,-5.29E-06,-5.04E-06
504.5333333,0.02575103,-5.29E-06,-5.04E-06
504.5666667,0.025740449,-5.29E-06,-5.04E-06
504.6,0.025729871,-5.29E-06,-5.04E-06
504.6333333,0.025719297,-5.29E-06,-5.04E-06
504.6666667,0.025708727,-5.28E-06,-5.03E-06
504.7,0.025698161,-5.28E-06,-5.03E-06
504.7333333,0.025687599,-5.28E-06,-5.03E-06
504.7666667,0.025677041,-5.28E-06,-5.03E-06
504.8,0.025666486,-5.28E-06,-5.03E-06
504.8333333,0.025655935,-5.28E-06,-5.03E-06
504.8666667,0.025645388,-5.27E-06,-5.02E-06
504.9,0.025634845,-5.27E-06,-5.02E-06
504.9333333,0.025624306,-5.27E-06,-5.02E-06
504.9666667,0.025613771,-5.27E-06,-5.02E-06
505,0.02560324,-5.27E-06,-5.02E-06
505.0333333,0.025592712,-5.26E-06,-5.01E-06
505.0666667,0.025582188,-5.26E-06,-5.01E-06
505.1,0.025571668,-5.26E-06,-5.01E-06
505.1333333,0.025561152,-5.26E-06,-5.01E-06
505.1666667,0.02555064,-5.26E-06,-5.01E-06
505.2,0.025540131,-5.25E-06,-5.01E-06
505.2333333,0.025529627,-5.25E-06,-5.00E-06
505.2666667,0.025519126,-5.25E-06,-5.00E-06
505.3,0.025508629,-5.25E-06,-5.00E-06
505.3333333,0.025498136,-5.25E-06,-5.00E-06
505.3666667,0.025487647,-5.24E-06,-5.00E-06
505.4,0.025477161,-5.24E-06,-4.99E-06
505.4333333,0.02546668,-5.24E-06,-4.99E-06
505.4666667,0.025456202,-5.24E-06,-4.99E-06
505.5,0.025445728,-5.24E-06,-4.99E-06
505.5333333,0.025435258,-5.24E-06,-4.99E-06
505.5666667,0.025424792,-5.23E-06,-4.99E-06
505.6,0.025414329,-5.23E-06,-4.98E-06
505.6333333,0.025403871,-5.23E-06,-4.98E-06
505.6666667,0.025393416,-5.23E-06,-4.98E-06
505.7,0.025382965,-5.23E-06,-4.98E-06
505.7333333,0.025372518,-5.22E-06,-4.98E-06
505.7666667,0.025362074,-5.22E-06,-4.97E-06
505.8,0.025351635,-5.22E-06,-4.97E-06
505.8333333,0.025341199,-5.22E-06,-4.97E-06
505.8666667,0.025330767,-5.22E-06,-4.97E-06
505.9,0.025320339,-5.21E-06,-4.97E-06
505.9333333,0.025309915,-5.21E-06,-4.97E-06
505.9666667,0.025299494,-5.21E-06,-4.96E-06
506,0.025289078,-5.21E-06,-4.96E-06
506.0333333,0.025278665,-5.21E-06,-4.96E-06
506.0666667,0.025268256,-5.20E-06,-4.96E-06
506.1,0.025257851,-5.20E-06,-4.96E-06
506.1333333,0.025247449,-5.20E-06,-4.95E-06
506.1666667,0.025237052,-5.20E-06,-4.95E-06
506.2,0.025226658,-5.20E-06,-4.95E-06
506.2333333,0.025216268,-5.20E-06,-4.95E-06
506.2666667,0.025205881,-5.19E-06,-4.95E-06
506.3,0.025195499,-5.19E-06,-4.95E-06
506.3333333,0.02518512,-5.19E-06,-4.94E-06
506.3666667,0.025174746,-5.19E-06,-4.94E-06
506.4,0.025164375,-5.19E-06,-4.94E-06
506.4333333,0.025154007,-5.18E-06,-4.94E-06
506.4666667,0.025143644,-5.18E-06,-4.94E-06
506.5,0.025133284,-5.18E-06,-4.93E-06
506.5333333,0.025122928,-5.18E-06,-4.93E-06
506.5666667,0.025112576,-5.18E-06,-4.93E-06
506.6,0.025102228,-5.17E-06,-4.93E-06
506.6333333,0.025091884,-5.17E-06,-4.93E-06
506.6666667,0.025081543,-5.17E-06,-4.93E-06
506.7,0.025071206,-5.17E-06,-4.92E-06
506.7333333,0.025060873,-5.17E-06,-4.92E-06
506.7666667,0.025050543,-5.16E-06,-4.92E-06
506.8,0.025040218,-5.16E-06,-4.92E-06
506.8333333,0.025029896,-5.16E-06,-4.92E-06
506.8666667,0.025019578,-5.16E-06,-4.91E-06
506.9,0.025009264,-5.16E-06,-4.91E-06
506.9333333,0.024998953,-5.16E-06,-4.91E-06
506.9666667,0.024988647,-5.15E-06,-4.91E-06
507,0.024978344,-5.15E-06,-4.91E-06
507.0333333,0.024968045,-5.15E-06,-4.91E-06
507.0666667,0.024957749,-5.15E-06,-4.90E-06
507.1,0.024947458,-5.15E-06,-4.90E-06
507.1333333,0.02493717,-5.14E-06,-4.90E-06
507.1666667,0.024926886,-5.14E-06,-4.90E-06
507.2,0.024916606,-5.14E-06,-4.90E-06
507.2333333,0.024906329,-5.14E-06,-4.89E-06
507.2666667,0.024896056,-5.14E-06,-4.89E-06
507.3,0.024885787,-5.13E-06,-4.89E-06
507.3333333,0.024875522,-5.13E-06,-4.89E-06
507.3666667,0.024865261,-5.13E-06,-4.89E-06
507.4,0.024855003,-5.13E-06,-4.89E-06
507.4333333,0.024844749,-5.13E-06,-4.88E-06
507.4666667,0.024834499,-5.13E-06,-4.88E-06
507.5,0.024824253,-5.12E-06,-4.88E-06
507.5333333,0.02481401,-5.12E-06,-4.88E-06
507.5666667,0.024803771,-5.12E-06,-4.88E-06
507.6,0.024793536,-5.12E-06,-4.87E-06
507.6333333,0.024783305,-5.12E-06,-4.87E-06
507.6666667,0.024773077,-5.11E-06,-4.87E-06
507.7,0.024762853,-5.11E-06,-4.87E-06
507.7333333,0.024752633,-5.11E-06,-4.87E-06
507.7666667,0.024742417,-5.11E-06,-4.87E-06
507.8,0.024732204,-5.11E-06,-4.86E-06
507.8333333,0.024721995,-5.10E-06,-4.86E-06
507.8666667,0.02471179,-5.10E-06,-4.86E-06
507.9,0.024701588,-5.10E-06,-4.86E-06
507.9333333,0.024691391,-5.10E-06,-4.86E-06
507.9666667,0.024681197,-5.10E-06,-4.85E-06
508,0.024671007,-5.10E-06,-4.85E-06
508.0333333,0.02466082,-5.09E-06,-4.85E-06
508.0666667,0.024650638,-5.09E-06,-4.85E-06
508.1,0.024640459,-5.09E-06,-4.85E-06
508.1333333,0.024630283,-5.09E-06,-4.85E-06
508.1666667,0.024620112,-5.09E-06,-4.84E-06
508.2,0.024609944,-5.08E-06,-4.84E-06
508.2333333,0.02459978,-5.08E-06,-4.84E-06
508.2666667,0.02458962,-5.08E-06,-4.84E-06
508.3,0.024579463,-5.08E-06,-4.84E-06
508.3333333,0.02456931,-5.08E-06,-4.84E-06
508.3666667,0.024559161,-5.07E-06,-4.83E-06
508.4,0.024549016,-5.07E-06,-4.83E-06
508.4333333,0.024538874,-5.07E-06,-4.83E-06
508.4666667,0.024528736,-5.07E-06,-4.83E-06
508.5,0.024518602,-5.07E-06,-4.83E-06
508.5333333,0.024508472,-5.07E-06,-4.82E-06
508.5666667,0.024498345,-5.06E-06,-4.82E-06
508.6,0.024488222,-5.06E-06,-4.82E-06
508.6333333,0.024478102,-5.06E-06,-4.82E-06
508.6666667,0.024467987,-5.06E-06,-4.82E-06
508.7,0.024457875,-5.06E-06,-4.82E-06
508.7333333,0.024447767,-5.05E-06,-4.81E-06
508.7666667,0.024437662,-5.05E-06,-4.81E-06
508.8,0.024427562,-5.05E-06,-4.81E-06
508.8333333,0.024417465,-5.05E-06,-4.81E-06
508.8666667,0.024407371,-5.05E-06,-4.81E-06
508.9,0.024397282,-5.04E-06,-4.80E-06
508.9333333,0.024387196,-5.04E-06,-4.80E-06
508.9666667,0.024377114,-5.04E-06,-4.80E-06
509,0.024367035,-5.04E-06,-4.80E-06
509.0333333,0.02435696,-5.04E-06,-4.80E-06
509.0666667,0.024346889,-5.04E-06,-4.80E-06
509.1,0.024336822,-5.03E-06,-4.79E-06
509.1333333,0.024326758,-5.03E-06,-4.79E-06
509.1666667,0.024316698,-5.03E-06,-4.79E-06
509.2,0.024306642,-5.03E-06,-4.79E-06
509.2333333,0.024296589,-5.03E-06,-4.79E-06
509.2666667,0.02428654,-5.02E-06,-4.79E-06
509.3,0.024276495,-5.02E-06,-4.78E-06
509.3333333,0.024266454,-5.02E-06,-4.78E-06
509.3666667,0.024256416,-5.02E-06,-4.78E-06
509.4,0.024246382,-5.02E-06,-4.78E-06
509.4333333,0.024236351,-5.02E-06,-4.78E-06
509.4666667,0.024226325,-5.01E-06,-4.77E-06
509.5,0.024216302,-5.01E-06,-4.77E-06
509.5333333,0.024206282,-5.01E-06,-4.77E-06
509.5666667,0.024196267,-5.01E-06,-4.77E-06
509.6,0.024186255,-5.01E-06,-4.77E-06
509.6333333,0.024176246,-5.00E-06,-4.77E-06
509.6666667,0.024166242,-5.00E-06,-4.76E-06
509.7,0.024156241,-5.00E-06,-4.76E-06
509.7333333,0.024146244,-5.00E-06,-4.76E-06
509.7666667,0.02413625,-5.00E-06,-4.76E-06
509.8,0.02412626,-4.99E-06,-4.76E-06
509.8333333,0.024116274,-4.99E-06,-4.76E-06
509.8666667,0.024106291,-4.99E-06,-4.75E-06
509.9,0.024096313,-4.99E-06,-4.75E-06
509.9333333,0.024086337,-4.99E-06,-4.75E-06
509.9666667,0.024076366,-4.99E-06,-4.75E-06
510,0.024066398,-4.98E-06,-4.75E-06
510.0333333,0.024056434,-4.98E-06,-4.74E-06
510.0666667,0.024046473,-4.98E-06,-4.74E-06
510.1,0.024036517,-4.98E-06,-4.74E-06
510.1333333,0.024026563,-4.98E-06,-4.74E-06
510.1666667,0.024016614,-4.97E-06,-4.74E-06
510.2,0.024006668,-4.97E-06,-4.74E-06
510.2333333,0.023996726,-4.97E-06,-4.73E-06
510.2666667,0.023986787,-4.97E-06,-4.73E-06
510.3,0.023976853,-4.97E-06,-4.73E-06
510.3333333,0.023966921,-4.97E-06,-4.73E-06
510.3666667,0.023956994,-4.96E-06,-4.73E-06
510.4,0.02394707,-4.96E-06,-4.73E-06
510.4333333,0.02393715,-4.96E-06,-4.72E-06
510.4666667,0.023927233,-4.96E-06,-4.72E-06
510.5,0.02391732,-4.96E-06,-4.72E-06
510.5333333,0.023907411,-4.95E-06,-4.72E-06
510.5666667,0.023897506,-4.95E-06,-4.72E-06
510.6,0.023887604,-4.95E-06,-4.72E-06
510.6333333,0.023877705,-4.95E-06,-4.71E-06
510.6666667,0.023867811,-4.95E-06,-4.71E-06
510.7,0.02385792,-4.95E-06,-4.71E-06
510.7333333,0.023848032,-4.94E-06,-4.71E-06
510.7666667,0.023838149,-4.94E-06,-4.71E-06
510.8,0.023828269,-4.94E-06,-4.70E-06
510.8333333,0.023818392,-4.94E-06,-4.70E-06
510.8666667,0.02380852,-4.94E-06,-4.70E-06
510.9,0.02379865,-4.93E-06,-4.70E-06
510.9333333,0.023788785,-4.93E-06,-4.70E-06
510.9666667,0.023778923,-4.93E-06,-4.70E-06
511,0.023769065,-4.93E-06,-4.69E-06
511.0333333,0.02375921,-4.93E-06,-4.69E-06
511.0666667,0.023749359,-4.93E-06,-4.69E-06
511.1,0.023739512,-4.92E-06,-4.69E-06
511.1333333,0.023729668,-4.92E-06,-4.69E-06
511.1666667,0.023719828,-4.92E-06,-4.69E-06
511.2,0.023709992,-4.92E-06,-4.68E-06
511.2333333,0.023700159,-4.92E-06,-4.68E-06
511.2666667,0.02369033,-4.91E-06,-4.68E-06
511.3,0.023680505,-4.91E-06,-4.68E-06
511.3333333,0.023670683,-4.91E-06,-4.68E-06
511.3666667,0.023660865,-4.91E-06,-4.68E-06
511.4,0.02365105,-4.91E-06,-4.67E-06
511.4333333,0.023641239,-4.91E-06,-4.67E-06
511.4666667,0.023631432,-4.90E-06,-4.67E-06
511.5,0.023621628,-4.90E-06,-4.67E-06
511.5333333,0.023611828,-4.90E-06,-4.67E-06
511.5666667,0.023602031,-4.90E-06,-4.66E-06
511.6,0.023592238,-4.90E-06,-4.66E-06
511.6333333,0.023582449,-4.89E-06,-4.66E-06
511.6666667,0.023572663,-4.89E-06,-4.66E-06
511.7,0.023562881,-4.89E-06,-4.66E-06
511.7333333,0.023553103,-4.89E-06,-4.66E-06
511.7666667,0.023543328,-4.89E-06,-4.65E-06
511.8,0.023533557,-4.89E-06,-4.65E-06
511.8333333,0.023523789,-4.88E-06,-4.65E-06
511.8666667,0.023514025,-4.88E-06,-4.65E-06
511.9,0.023504265,-4.88E-06,-4.65E-06
511.9333333,0.023494508,-4.88E-06,-4.65E-06
511.9666667,0.023484755,-4.88E-06,-4.64E-06
512,0.023475005,-4.87E-06,-4.64E-06
512.0333333,0.023465259,-4.87E-06,-4.64E-06
512.0666667,0.023455517,-4.87E-06,-4.64E-06
512.1,0.023445778,-4.87E-06,-4.64E-06
512.1333333,0.023436043,-4.87E-06,-4.64E-06
512.1666667,0.023426311,-4.87E-06,-4.63E-06
512.2,0.023416583,-4.86E-06,-4.63E-06
512.2333333,0.023406859,-4.86E-06,-4.63E-06
512.2666667,0.023397138,-4.86E-06,-4.63E-06
512.3,0.023387421,-4.86E-06,-4.63E-06
512.3333333,0.023377707,-4.86E-06,-4.62E-06
512.3666667,0.023367997,-4.85E-06,-4.62E-06
512.4,0.023358291,-4.85E-06,-4.62E-06
512.4333333,0.023348588,-4.85E-06,-4.62E-06
512.4666667,0.023338889,-4.85E-06,-4.62E-06
512.5,0.023329193,-4.85E-06,-4.62E-06
512.5333333,0.023319501,-4.85E-06,-4.61E-06
512.5666667,0.023309813,-4.84E-06,-4.61E-06
512.6,0.023300128,-4.84E-06,-4.61E-06
512.6333333,0.023290447,-4.84E-06,-4.61E-06
512.6666667,0.023280769,-4.84E-06,-4.61E-06
512.7,0.023271095,-4.84E-06,-4.61E-06
512.7333333,0.023261424,-4.84E-06,-4.60E-06
512.7666667,0.023251757,-4.83E-06,-4.60E-06
512.8,0.023242094,-4.83E-06,-4.60E-06
512.8333333,0.023232434,-4.83E-06,-4.60E-06
512.8666667,0.023222778,-4.83E-06,-4.60E-06
512.9,0.023213125,-4.83E-06,-4.60E-06
512.9333333,0.023203476,-4.82E-06,-4.59E-06
512.9666667,0.023193831,-4.82E-06,-4.59E-06
513,0.023184189,-4.82E-06,-4.59E-06
513.0333333,0.02317455,-4.82E-06,-4.59E-06
513.0666667,0.023164915,-4.82E-06,-4.59E-06
513.1,0.023155284,-4.82E-06,-4.59E-06
513.1333333,0.023145656,-4.81E-06,-4.58E-06
513.1666667,0.023136032,-4.81E-06,-4.58E-06
513.2,0.023126412,-4.81E-06,-4.58E-06
513.2333333,0.023116795,-4.81E-06,-4.58E-06
513.2666667,0.023107181,-4.81E-06,-4.58E-06
513.3,0.023097572,-4.80E-06,-4.58E-06
513.3333333,0.023087965,-4.80E-06,-4.57E-06
513.3666667,0.023078362,-4.80E-06,-4.57E-06
513.4,0.023068763,-4.80E-06,-4.57E-06
513.4333333,0.023059168,-4.80E-06,-4.57E-06
513.4666667,0.023049576,-4.80E-06,-4.57E-06
513.5,0.023039987,-4.79E-06,-4.57E-06
513.5333333,0.023030402,-4.79E-06,-4.56E-06
513.5666667,0.023020821,-4.79E-06,-4.56E-06
513.6,0.023011243,-4.79E-06,-4.56E-06
513.6333333,0.023001668,-4.79E-06,-4.56E-06
513.6666667,0.022992098,-4.79E-06,-4.56E-06
513.7,0.022982531,-4.78E-06,-4.55E-06
513.7333333,0.022972967,-4.78E-06,-4.55E-06
513.7666667,0.022963407,-4.78E-06,-4.55E-06
513.8,0.02295385,-4.78E-06,-4.55E-06
513.8333333,0.022944297,-4.78E-06,-4.55E-06
513.8666667,0.022934748,-4.77E-06,-4.55E-06
513.9,0.022925202,-4.77E-06,-4.54E-06
513.9333333,0.022915659,-4.77E-06,-4.54E-06
513.9666667,0.02290612,-4.77E-06,-4.54E-06
514,0.022896585,-4.77E-06,-4.54E-06
514.0333333,0.022887053,-4.77E-06,-4.54E-06
514.0666667,0.022877525,-4.76E-06,-4.54E-06
514.1,0.022868,-4.76E-06,-4.53E-06
514.1333333,0.022858479,-4.76E-06,-4.53E-06
514.1666667,0.022848961,-4.76E-06,-4.53E-06
514.2,0.022839447,-4.76E-06,-4.53E-06
514.2333333,0.022829937,-4.76E-06,-4.53E-06
514.2666667,0.02282043,-4.75E-06,-4.53E-06
514.3,0.022810926,-4.75E-06,-4.52E-06
514.3333333,0.022801426,-4.75E-06,-4.52E-06
514.3666667,0.022791929,-4.75E-06,-4.52E-06
514.4,0.022782437,-4.75E-06,-4.52E-06
514.4333333,0.022772947,-4.74E-06,-4.52E-06
514.4666667,0.022763461,-4.74E-06,-4.52E-06
514.5,0.022753979,-4.74E-06,-4.51E-06
514.5333333,0.0227445,-4.74E-06,-4.51E-06
514.5666667,0.022735025,-4.74E-06,-4.51E-06
514.6,0.022725553,-4.74E-06,-4.51E-06
514.6333333,0.022716084,-4.73E-06,-4.51E-06
514.6666667,0.02270662,-4.73E-06,-4.51E-06
514.7,0.022697158,-4.73E-06,-4.50E-06
514.7333333,0.0226877,-4.73E-06,-4.50E-06
514.7666667,0.022678246,-4.73E-06,-4.50E-06
514.8,0.022668795,-4.73E-06,-4.50E-06
514.8333333,0.022659348,-4.72E-06,-4.50E-06
514.8666667,0.022649904,-4.72E-06,-4.50E-06
514.9,0.022640464,-4.72E-06,-4.49E-06
514.9333333,0.022631027,-4.72E-06,-4.49E-06
514.9666667,0.022621594,-4.72E-06,-4.49E-06
515,0.022612165,-4.71E-06,-4.49E-06
515.0333333,0.022602738,-4.71E-06,-4.49E-06
515.0666667,0.022593316,-4.71E-06,-4.49E-06
515.1,0.022583896,-4.71E-06,-4.48E-06
515.1333333,0.022574481,-4.71E-06,-4.48E-06
515.1666667,0.022565068,-4.71E-06,-4.48E-06
515.2,0.02255566,-4.70E-06,-4.48E-06
515.2333333,0.022546255,-4.70E-06,-4.48E-06
515.2666667,0.022536853,-4.70E-06,-4.48E-06
515.3,0.022527455,-4.70E-06,-4.47E-06
515.3333333,0.02251806,-4.70E-06,-4.47E-06
515.3666667,0.022508669,-4.70E-06,-4.47E-06
515.4,0.022499281,-4.69E-06,-4.47E-06
515.4333333,0.022489897,-4.69E-06,-4.47E-06
515.4666667,0.022480516,-4.69E-06,-4.47E-06
515.5,0.022471139,-4.69E-06,-4.46E-06
515.5333333,0.022461765,-4.69E-06,-4.46E-06
515.5666667,0.022452395,-4.69E-06,-4.46E-06
515.6,0.022443028,-4.68E-06,-4.46E-06
515.6333333,0.022433664,-4.68E-06,-4.46E-06
515.6666667,0.022424305,-4.68E-06,-4.46E-06
515.7,0.022414948,-4.68E-06,-4.45E-06
515.7333333,0.022405595,-4.68E-06,-4.45E-06
515.7666667,0.022396246,-4.67E-06,-4.45E-06
515.8,0.0223869,-4.67E-06,-4.45E-06
515.8333333,0.022377558,-4.67E-06,-4.45E-06
515.8666667,0.022368219,-4.67E-06,-4.45E-06
515.9,0.022358883,-4.67E-06,-4.44E-06
515.9333333,0.022349551,-4.67E-06,-4.44E-06
515.9666667,0.022340223,-4.66E-06,-4.44E-06
516,0.022330897,-4.66E-06,-4.44E-06
516.0333333,0.022321576,-4.66E-06,-4.44E-06
516.0666667,0.022312258,-4.66E-06,-4.44E-06
516.1,0.022302943,-4.66E-06,-4.43E-06
516.1333333,0.022293632,-4.66E-06,-4.43E-06
516.1666667,0.022284324,-4.65E-06,-4.43E-06
516.2,0.02227502,-4.65E-06,-4.43E-06
516.2333333,0.022265719,-4.65E-06,-4.43E-06
516.2666667,0.022256422,-4.65E-06,-4.43E-06
516.3,0.022247128,-4.65E-06,-4.42E-06
516.3333333,0.022237837,-4.65E-06,-4.42E-06
516.3666667,0.02222855,-4.64E-06,-4.42E-06
516.4,0.022219267,-4.64E-06,-4.42E-06
516.4333333,0.022209987,-4.64E-06,-4.42E-06
516.4666667,0.02220071,-4.64E-06,-4.42E-06
516.5,0.022191437,-4.64E-06,-4.41E-06
516.5333333,0.022182168,-4.63E-06,-4.41E-06
516.5666667,0.022172901,-4.63E-06,-4.41E-06
516.6,0.022163639,-4.63E-06,-4.41E-06
516.6333333,0.022154379,-4.63E-06,-4.41E-06
516.6666667,0.022145123,-4.63E-06,-4.41E-06
516.7,0.022135871,-4.63E-06,-4.40E-06
516.7333333,0.022126622,-4.62E-06,-4.40E-06
516.7666667,0.022117376,-4.62E-06,-4.40E-06
516.8,0.022108134,-4.62E-06,-4.40E-06
516.8333333,0.022098896,-4.62E-06,-4.40E-06
516.8666667,0.022089661,-4.62E-06,-4.40E-06
516.9,0.022080429,-4.62E-06,-4.39E-06
516.9333333,0.022071201,-4.61E-06,-4.39E-06
516.9666667,0.022061976,-4.61E-06,-4.39E-06
517,0.022052754,-4.61E-06,-4.39E-06
517.0333333,0.022043536,-4.61E-06,-4.39E-06
517.0666667,0.022034322,-4.61E-06,-4.39E-06
517.1,0.022025111,-4.61E-06,-4.38E-06
517.1333333,0.022015903,-4.60E-06,-4.38E-06
517.1666667,0.022006699,-4.60E-06,-4.38E-06
517.2,0.021997498,-4.60E-06,-4.38E-06
517.2333333,0.021988301,-4.60E-06,-4.38E-06
517.2666667,0.021979107,-4.60E-06,-4.38E-06
517.3,0.021969916,-4.60E-06,-4.37E-06
517.3333333,0.021960729,-4.59E-06,-4.37E-06
517.3666667,0.021951545,-4.59E-06,-4.37E-06
517.4,0.021942365,-4.59E-06,-4.37E-06
517.4333333,0.021933188,-4.59E-06,-4.37E-06
517.4666667,0.021924015,-4.59E-06,-4.37E-06
517.5,0.021914845,-4.58E-06,-4.36E-06
517.5333333,0.021905678,-4.58E-06,-4.36E-06
517.5666667,0.021896515,-4.58E-06,-4.36E-06
517.6,0.021887356,-4.58E-06,-4.36E-06
517.6333333,0.021878199,-4.58E-06,-4.36E-06
517.6666667,0.021869046,-4.58E-06,-4.36E-06
517.7,0.021859897,-4.57E-06,-4.35E-06
517.7333333,0.021850751,-4.57E-06,-4.35E-06
517.7666667,0.021841608,-4.57E-06,-4.35E-06
517.8,0.021832469,-4.57E-06,-4.35E-06
517.8333333,0.021823333,-4.57E-06,-4.35E-06
517.8666667,0.021814201,-4.57E-06,-4.35E-06
517.9,0.021805072,-4.56E-06,-4.35E-06
517.9333333,0.021795947,-4.56E-06,-4.34E-06
517.9666667,0.021786824,-4.56E-06,-4.34E-06
518,0.021777706,-4.56E-06,-4.34E-06
518.0333333,0.02176859,-4.56E-06,-4.34E-06
518.0666667,0.021759478,-4.56E-06,-4.34E-06
518.1,0.02175037,-4.55E-06,-4.34E-06
518.1333333,0.021741265,-4.55E-06,-4.33E-06
518.1666667,0.021732163,-4.55E-06,-4.33E-06
518.2,0.021723065,-4.55E-06,-4.33E-06
518.2333333,0.02171397,-4.55E-06,-4.33E-06
518.2666667,0.021704878,-4.55E-06,-4.33E-06
518.3,0.02169579,-4.54E-06,-4.33E-06
518.3333333,0.021686705,-4.54E-06,-4.32E-06
518.3666667,0.021677624,-4.54E-06,-4.32E-06
518.4,0.021668546,-4.54E-06,-4.32E-06
518.4333333,0.021659472,-4.54E-06,-4.32E-06
518.4666667,0.0216504,-4.54E-06,-4.32E-06
518.5,0.021641333,-4.53E-06,-4.32E-06
518.5333333,0.021632268,-4.53E-06,-4.31E-06
518.5666667,0.021623207,-4.53E-06,-4.31E-06
518.6,0.02161415,-4.53E-06,-4.31E-06
518.6333333,0.021605096,-4.53E-06,-4.31E-06
518.6666667,0.021596045,-4.53E-06,-4.31E-06
518.7,0.021586997,-4.52E-06,-4.31E-06
518.7333333,0.021577953,-4.52E-06,-4.30E-06
518.7666667,0.021568913,-4.52E-06,-4.30E-06
518.8,0.021559875,-4.52E-06,-4.30E-06
518.8333333,0.021550841,-4.52E-06,-4.30E-06
518.8666667,0.021541811,-4.52E-06,-4.30E-06
518.9,0.021532784,-4.51E-06,-4.30E-06
518.9333333,0.02152376,-4.51E-06,-4.29E-06
518.9666667,0.02151474,-4.51E-06,-4.29E-06
519,0.021505723,-4.51E-06,-4.29E-06
519.0333333,0.021496709,-4.51E-06,-4.29E-06
519.0666667,0.021487699,-4.51E-06,-4.29E-06
519.1,0.021478692,-4.50E-06,-4.29E-06
519.1333333,0.021469688,-4.50E-06,-4.29E-06
519.1666667,0.021460688,-4.50E-06,-4.28E-06
519.2,0.021451691,-4.50E-06,-4.28E-06
519.2333333,0.021442698,-4.50E-06,-4.28E-06
519.2666667,0.021433708,-4.50E-06,-4.28E-06
519.3,0.021424721,-4.49E-06,-4.28E-06
519.3333333,0.021415738,-4.49E-06,-4.28E-06
519.3666667,0.021406758,-4.49E-06,-4.27E-06
519.4,0.021397781,-4.49E-06,-4.27E-06
519.4333333,0.021388808,-4.49E-06,-4.27E-06
519.4666667,0.021379838,-4.48E-06,-4.27E-06
519.5,0.021370872,-4.48E-06,-4.27E-06
519.5333333,0.021361908,-4.48E-06,-4.27E-06
519.5666667,0.021352949,-4.48E-06,-4.26E-06
519.6,0.021343992,-4.48E-06,-4.26E-06
519.6333333,0.021335039,-4.48E-06,-4.26E-06
519.6666667,0.021326089,-4.47E-06,-4.26E-06
519.7,0.021317143,-4.47E-06,-4.26E-06
519.7333333,0.0213082,-4.47E-06,-4.26E-06
519.7666667,0.02129926,-4.47E-06,-4.25E-06
519.8,0.021290324,-4.47E-06,-4.25E-06
519.8333333,0.021281391,-4.47E-06,-4.25E-06
519.8666667,0.021272461,-4.46E-06,-4.25E-06
519.9,0.021263535,-4.46E-06,-4.25E-06
519.9333333,0.021254612,-4.46E-06,-4.25E-06
519.9666667,0.021245692,-4.46E-06,-4.25E-06
520,0.021236776,-4.46E-06,-4.24E-06
520.0333333,0.021227863,-4.46E-06,-4.24E-06
520.0666667,0.021218954,-4.45E-06,-4.24E-06
520.1,0.021210047,-4.45E-06,-4.24E-06
520.1333333,0.021201144,-4.45E-06,-4.24E-06
520.1666667,0.021192245,-4.45E-06,-4.24E-06
520.2,0.021183349,-4.45E-06,-4.23E-06
520.2333333,0.021174456,-4.45E-06,-4.23E-06
520.2666667,0.021165566,-4.44E-06,-4.23E-06
520.3,0.02115668,-4.44E-06,-4.23E-06
520.3333333,0.021147797,-4.44E-06,-4.23E-06
520.3666667,0.021138917,-4.44E-06,-4.23E-06
520.4,0.021130041,-4.44E-06,-4.22E-06
520.4333333,0.021121168,-4.44E-06,-4.22E-06
520.4666667,0.021112299,-4.43E-06,-4.22E-06
520.5,0.021103433,-4.43E-06,-4.22E-06
520.5333333,0.02109457,-4.43E-06,-4.22E-06
520.5666667,0.02108571,-4.43E-06,-4.22E-06
520.6,0.021076854,-4.43E-06,-4.21E-06
520.6333333,0.021068001,-4.43E-06,-4.21E-06
520.6666667,0.021059151,-4.42E-06,-4.21E-06
520.7,0.021050305,-4.42E-06,-4.21E-06
520.7333333,0.021041462,-4.42E-06,-4.21E-06
520.7666667,0.021032622,-4.42E-06,-4.21E-06
520.8,0.021023786,-4.42E-06,-4.21E-06
520.8333333,0.021014953,-4.42E-06,-4.20E-06
520.8666667,0.021006123,-4.41E-06,-4.20E-06
520.9,0.020997297,-4.41E-06,-4.20E-06
520.9333333,0.020988474,-4.41E-06,-4.20E-06
520.9666667,0.020979654,-4.41E-06,-4.20E-06
521,0.020970837,-4.41E-06,-4.20E-06
521.0333333,0.020962024,-4.41E-06,-4.19E-06
521.0666667,0.020953214,-4.40E-06,-4.19E-06
521.1,0.020944408,-4.40E-06,-4.19E-06
521.1333333,0.020935605,-4.40E-06,-4.19E-06
521.1666667,0.020926805,-4.40E-06,-4.19E-06
521.2,0.020918008,-4.40E-06,-4.19E-06
521.2333333,0.020909215,-4.40E-06,-4.18E-06
521.2666667,0.020900425,-4.40E-06,-4.18E-06
521.3,0.020891638,-4.39E-06,-4.18E-06
521.3333333,0.020882855,-4.39E-06,-4.18E-06
521.3666667,0.020874075,-4.39E-06,-4.18E-06
521.4,0.020865298,-4.39E-06,-4.18E-06
521.4333333,0.020856524,-4.39E-06,-4.18E-06
521.4666667,0.020847754,-4.39E-06,-4.17E-06
521.5,0.020838987,-4.38E-06,-4.17E-06
521.5333333,0.020830224,-4.38E-06,-4.17E-06
521.5666667,0.020821463,-4.38E-06,-4.17E-06
521.6,0.020812706,-4.38E-06,-4.17E-06
521.6333333,0.020803952,-4.38E-06,-4.17E-06
521.6666667,0.020795202,-4.38E-06,-4.16E-06
521.7,0.020786455,-4.37E-06,-4.16E-06
521.7333333,0.020777711,-4.37E-06,-4.16E-06
521.7666667,0.02076897,-4.37E-06,-4.16E-06
521.8,0.020760233,-4.37E-06,-4.16E-06
521.8333333,0.020751499,-4.37E-06,-4.16E-06
521.8666667,0.020742768,-4.37E-06,-4.15E-06
521.9,0.020734041,-4.36E-06,-4.15E-06
521.9333333,0.020725317,-4.36E-06,-4.15E-06
521.9666667,0.020716596,-4.36E-06,-4.15E-06
522,0.020707878,-4.36E-06,-4.15E-06
522.0333333,0.020699164,-4.36E-06,-4.15E-06
522.0666667,0.020690453,-4.36E-06,-4.15E-06
522.1,0.020681745,-4.35E-06,-4.14E-06
522.1333333,0.020673041,-4.35E-06,-4.14E-06
522.1666667,0.020664339,-4.35E-06,-4.14E-06
522.2,0.020655641,-4.35E-06,-4.14E-06
522.2333333,0.020646947,-4.35E-06,-4.14E-06
522.2666667,0.020638255,-4.35E-06,-4.14E-06
522.3,0.020629567,-4.34E-06,-4.13E-06
522.3333333,0.020620882,-4.34E-06,-4.13E-06
522.3666667,0.020612201,-4.34E-06,-4.13E-06
522.4,0.020603522,-4.34E-06,-4.13E-06
522.4333333,0.020594847,-4.34E-06,-4.13E-06
522.4666667,0.020586175,-4.34E-06,-4.13E-06
522.5,0.020577507,-4.33E-06,-4.12E-06
522.5333333,0.020568842,-4.33E-06,-4.12E-06
522.5666667,0.02056018,-4.33E-06,-4.12E-06
522.6,0.020551521,-4.33E-06,-4.12E-06
522.6333333,0.020542865,-4.33E-06,-4.12E-06
522.6666667,0.020534213,-4.33E-06,-4.12E-06
522.7,0.020525564,-4.32E-06,-4.12E-06
522.7333333,0.020516919,-4.32E-06,-4.11E-06
522.7666667,0.020508276,-4.32E-06,-4.11E-06
522.8,0.020499637,-4.32E-06,-4.11E-06
522.8333333,0.020491001,-4.32E-06,-4.11E-06
522.8666667,0.020482368,-4.32E-06,-4.11E-06
522.9,0.020473739,-4.31E-06,-4.11E-06
522.9333333,0.020465113,-4.31E-06,-4.10E-06
522.9666667,0.02045649,-4.31E-06,-4.10E-06
523,0.02044787,-4.31E-06,-4.10E-06
523.0333333,0.020439254,-4.31E-06,-4.10E-06
523.0666667,0.02043064,-4.31E-06,-4.10E-06
523.1,0.02042203,-4.30E-06,-4.10E-06
523.1333333,0.020413424,-4.30E-06,-4.10E-06
523.1666667,0.02040482,-4.30E-06,-4.09E-06
523.2,0.02039622,-4.30E-06,-4.09E-06
523.2333333,0.020387623,-4.30E-06,-4.09E-06
523.2666667,0.020379029,-4.30E-06,-4.09E-06
523.3,0.020370439,-4.30E-06,-4.09E-06
523.3333333,0.020361852,-4.29E-06,-4.09E-06
523.3666667,0.020353268,-4.29E-06,-4.08E-06
523.4,0.020344687,-4.29E-06,-4.08E-06
523.4333333,0.020336109,-4.29E-06,-4.08E-06
523.4666667,0.020327535,-4.29E-06,-4.08E-06
523.5,0.020318964,-4.29E-06,-4.08E-06
523.5333333,0.020310396,-4.28E-06,-4.08E-06
523.5666667,0.020301831,-4.28E-06,-4.08E-06
523.6,0.02029327,-4.28E-06,-4.07E-06
523.6333333,0.020284712,-4.28E-06,-4.07E-06
523.6666667,0.020276157,-4.28E-06,-4.07E-06
523.7,0.020267605,-4.28E-06,-4.07E-06
523.7333333,0.020259057,-4.27E-06,-4.07E-06
523.7666667,0.020250511,-4.27E-06,-4.07E-06
523.8,0.020241969,-4.27E-06,-4.06E-06
523.8333333,0.020233431,-4.27E-06,-4.06E-06
523.8666667,0.020224895,-4.27E-06,-4.06E-06
523.9,0.020216363,-4.27E-06,-4.06E-06
523.9333333,0.020207833,-4.26E-06,-4.06E-06
523.9666667,0.020199308,-4.26E-06,-4.06E-06
524,0.020190785,-4.26E-06,-4.06E-06
524.0333333,0.020182265,-4.26E-06,-4.05E-06
524.0666667,0.020173749,-4.26E-06,-4.05E-06
524.1,0.020165236,-4.26E-06,-4.05E-06
524.1333333,0.020156726,-4.25E-06,-4.05E-06
524.1666667,0.020148219,-4.25E-06,-4.05E-06
524.2,0.020139716,-4.25E-06,-4.05E-06
524.2333333,0.020131216,-4.25E-06,-4.04E-06
524.2666667,0.020122719,-4.25E-06,-4.04E-06
524.3,0.020114225,-4.25E-06,-4.04E-06
524.3333333,0.020105734,-4.25E-06,-4.04E-06
524.3666667,0.020097247,-4.24E-06,-4.04E-06
524.4,0.020088763,-4.24E-06,-4.04E-06
524.4333333,0.020080282,-4.24E-06,-4.04E-06
524.4666667,0.020071804,-4.24E-06,-4.03E-06
524.5,0.02006333,-4.24E-06,-4.03E-06
524.5333333,0.020054858,-4.24E-06,-4.03E-06
524.5666667,0.02004639,-4.23E-06,-4.03E-06
524.6,0.020037925,-4.23E-06,-4.03E-06
524.6333333,0.020029463,-4.23E-06,-4.03E-06
524.6666667,0.020021005,-4.23E-06,-4.02E-06
524.7,0.020012549,-4.23E-06,-4.02E-06
524.7333333,0.020004097,-4.23E-06,-4.02E-06
524.7666667,0.019995648,-4.22E-06,-4.02E-06
524.8,0.019987202,-4.22E-06,-4.02E-06
524.8333333,0.01997876,-4.22E-06,-4.02E-06
524.8666667,0.01997032,-4.22E-06,-4.02E-06
524.9,0.019961884,-4.22E-06,-4.01E-06
524.9333333,0.019953451,-4.22E-06,-4.01E-06
524.9666667,0.019945021,-4.21E-06,-4.01E-06
525,0.019936595,-4.21E-06,-4.01E-06
525.0333333,0.019928171,-4.21E-06,-4.01E-06
525.0666667,0.019919751,-4.21E-06,-4.01E-06
525.1,0.019911334,-4.21E-06,-4.00E-06
525.1333333,0.01990292,-4.21E-06,-4.00E-06
525.1666667,0.019894509,-4.21E-06,-4.00E-06
525.2,0.019886102,-4.20E-06,-4.00E-06
525.2333333,0.019877697,-4.20E-06,-4.00E-06
525.2666667,0.019869296,-4.20E-06,-4.00E-06
525.3,0.019860898,-4.20E-06,-4.00E-06
525.3333333,0.019852503,-4.20E-06,-3.99E-06
525.3666667,0.019844112,-4.20E-06,-3.99E-06
525.4,0.019835723,-4.19E-06,-3.99E-06
525.4333333,0.019827338,-4.19E-06,-3.99E-06
525.4666667,0.019818956,-4.19E-06,-3.99E-06
525.5,0.019810577,-4.19E-06,-3.99E-06
525.5333333,0.019802201,-4.19E-06,-3.98E-06
525.5666667,0.019793828,-4.19E-06,-3.98E-06
525.6,0.019785459,-4.18E-06,-3.98E-06
525.6333333,0.019777092,-4.18E-06,-3.98E-06
525.6666667,0.019768729,-4.18E-06,-3.98E-06
525.7,0.019760369,-4.18E-06,-3.98E-06
525.7333333,0.019752012,-4.18E-06,-3.98E-06
525.7666667,0.019743659,-4.18E-06,-3.97E-06
525.8,0.019735308,-4.18E-06,-3.97E-06
525.8333333,0.019726961,-4.17E-06,-3.97E-06
525.8666667,0.019718617,-4.17E-06,-3.97E-06
525.9,0.019710276,-4.17E-06,-3.97E-06
525.9333333,0.019701938,-4.17E-06,-3.97E-06
525.9666667,0.019693603,-4.17E-06,-3.97E-06
526,0.019685272,-4.17E-06,-3.96E-06
526.0333333,0.019676944,-4.16E-06,-3.96E-06
526.0666667,0.019668618,-4.16E-06,-3.96E-06
526.1,0.019660296,-4.16E-06,-3.96E-06
526.1333333,0.019651977,-4.16E-06,-3.96E-06
526.1666667,0.019643662,-4.16E-06,-3.96E-06
526.2,0.019635349,-4.16E-06,-3.95E-06
526.2333333,0.01962704,-4.15E-06,-3.95E-06
526.2666667,0.019618733,-4.15E-06,-3.95E-06
526.3,0.01961043,-4.15E-06,-3.95E-06
526.3333333,0.01960213,-4.15E-06,-3.95E-06
526.3666667,0.019593833,-4.15E-06,-3.95E-06
526.4,0.019585539,-4.15E-06,-3.95E-06
526.4333333,0.019577249,-4.15E-06,-3.94E-06
526.4666667,0.019568961,-4.14E-06,-3.94E-06
526.5,0.019560677,-4.14E-06,-3.94E-06
526.5333333,0.019552396,-4.14E-06,-3.94E-06
526.5666667,0.019544118,-4.14E-06,-3.94E-06
526.6,0.019535843,-4.14E-06,-3.94E-06
526.6333333,0.019527571,-4.14E-06,-3.94E-06
526.6666667,0.019519303,-4.13E-06,-3.93E-06
526.7,0.019511037,-4.13E-06,-3.93E-06
526.7333333,0.019502775,-4.13E-06,-3.93E-06
526.7666667,0.019494516,-4.13E-06,-3.93E-06
526.8,0.01948626,-4.13E-06,-3.93E-06
526.8333333,0.019478007,-4.13E-06,-3.93E-06
526.8666667,0.019469757,-4.12E-06,-3.92E-06
526.9,0.01946151,-4.12E-06,-3.92E-06
526.9333333,0.019453267,-4.12E-06,-3.92E-06
526.9666667,0.019445026,-4.12E-06,-3.92E-06
527,0.019436789,-4.12E-06,-3.92E-06
527.0333333,0.019428555,-4.12E-06,-3.92E-06
527.0666667,0.019420324,-4.12E-06,-3.92E-06
527.1,0.019412096,-4.11E-06,-3.91E-06
527.1333333,0.019403871,-4.11E-06,-3.91E-06
527.1666667,0.019395649,-4.11E-06,-3.91E-06
527.2,0.019387431,-4.11E-06,-3.91E-06
527.2333333,0.019379215,-4.11E-06,-3.91E-06
527.2666667,0.019371003,-4.11E-06,-3.91E-06
527.3,0.019362794,-4.10E-06,-3.91E-06
527.3333333,0.019354588,-4.10E-06,-3.90E-06
527.3666667,0.019346385,-4.10E-06,-3.90E-06
527.4,0.019338185,-4.10E-06,-3.90E-06
527.4333333,0.019329988,-4.10E-06,-3.90E-06
527.4666667,0.019321794,-4.10E-06,-3.90E-06
527.5,0.019313604,-4.10E-06,-3.90E-06
527.5333333,0.019305416,-4.09E-06,-3.89E-06
527.5666667,0.019297232,-4.09E-06,-3.89E-06
527.6,0.019289051,-4.09E-06,-3.89E-06
527.6333333,0.019280873,-4.09E-06,-3.89E-06
527.6666667,0.019272698,-4.09E-06,-3.89E-06
527.7,0.019264526,-4.09E-06,-3.89E-06
527.7333333,0.019256357,-4.08E-06,-3.89E-06
527.7666667,0.019248191,-4.08E-06,-3.88E-06
527.8,0.019240029,-4.08E-06,-3.88E-06
527.8333333,0.019231869,-4.08E-06,-3.88E-06
527.8666667,0.019223713,-4.08E-06,-3.88E-06
527.9,0.01921556,-4.08E-06,-3.88E-06
527.9333333,0.01920741,-4.08E-06,-3.88E-06
527.9666667,0.019199262,-4.07E-06,-3.88E-06
528,0.019191118,-4.07E-06,-3.87E-06
528.0333333,0.019182978,-4.07E-06,-3.87E-06
528.0666667,0.01917484,-4.07E-06,-3.87E-06
528.1,0.019166705,-4.07E-06,-3.87E-06
528.1333333,0.019158573,-4.07E-06,-3.87E-06
528.1666667,0.019150445,-4.06E-06,-3.87E-06
528.2,0.019142319,-4.06E-06,-3.87E-06
528.2333333,0.019134197,-4.06E-06,-3.86E-06
528.2666667,0.019126078,-4.06E-06,-3.86E-06
528.3,0.019117962,-4.06E-06,-3.86E-06
528.3333333,0.019109849,-4.06E-06,-3.86E-06
528.3666667,0.019101739,-4.06E-06,-3.86E-06
528.4,0.019093632,-4.05E-06,-3.86E-06
528.4333333,0.019085528,-4.05E-06,-3.85E-06
528.4666667,0.019077427,-4.05E-06,-3.85E-06
528.5,0.019069329,-4.05E-06,-3.85E-06
528.5333333,0.019061235,-4.05E-06,-3.85E-06
528.5666667,0.019053143,-4.05E-06,-3.85E-06
528.6,0.019045055,-4.04E-06,-3.85E-06
528.6333333,0.01903697,-4.04E-06,-3.85E-06
528.6666667,0.019028887,-4.04E-06,-3.84E-06
528.7,0.019020808,-4.04E-06,-3.84E-06
528.7333333,0.019012732,-4.04E-06,-3.84E-06
528.7666667,0.019004659,-4.04E-06,-3.84E-06
528.8,0.018996589,-4.03E-06,-3.84E-06
528.8333333,0.018988522,-4.03E-06,-3.84E-06
528.8666667,0.018980458,-4.03E-06,-3.84E-06
528.9,0.018972397,-4.03E-06,-3.83E-06
528.9333333,0.01896434,-4.03E-06,-3.83E-06
528.9666667,0.018956285,-4.03E-06,-3.83E-06
529,0.018948233,-4.03E-06,-3.83E-06
529.0333333,0.018940185,-4.02E-06,-3.83E-06
529.0666667,0.018932139,-4.02E-06,-3.83E-06
529.1,0.018924097,-4.02E-06,-3.83E-06
529.1333333,0.018916058,-4.02E-06,-3.82E-06
529.1666667,0.018908021,-4.02E-06,-3.82E-06
529.2,0.018899988,-4.02E-06,-3.82E-06
529.2333333,0.018891958,-4.02E-06,-3.82E-06
529.2666667,0.018883931,-4.01E-06,-3.82E-06
529.3,0.018875907,-4.01E-06,-3.82E-06
529.3333333,0.018867886,-4.01E-06,-3.82E-06
529.3666667,0.018859868,-4.01E-06,-3.81E-06
529.4,0.018851853,-4.01E-06,-3.81E-06
529.4333333,0.018843841,-4.01E-06,-3.81E-06
529.4666667,0.018835833,-4.00E-06,-3.81E-06
529.5,0.018827827,-4.00E-06,-3.81E-06
529.5333333,0.018819824,-4.00E-06,-3.81E-06
529.5666667,0.018811825,-4.00E-06,-3.81E-06
529.6,0.018803828,-4.00E-06,-3.80E-06
529.6333333,0.018795835,-4.00E-06,-3.80E-06
529.6666667,0.018787844,-4.00E-06,-3.80E-06
529.7,0.018779857,-3.99E-06,-3.80E-06
529.7333333,0.018771872,-3.99E-06,-3.80E-06
529.7666667,0.018763891,-3.99E-06,-3.80E-06
529.8,0.018755913,-3.99E-06,-3.79E-06
529.8333333,0.018747938,-3.99E-06,-3.79E-06
529.8666667,0.018739965,-3.99E-06,-3.79E-06
529.9,0.018731996,-3.98E-06,-3.79E-06
529.9333333,0.01872403,-3.98E-06,-3.79E-06
529.9666667,0.018716067,-3.98E-06,-3.79E-06
530,0.018708107,-3.98E-06,-3.79E-06
530.0333333,0.01870015,-3.98E-06,-3.78E-06
530.0666667,0.018692196,-3.98E-06,-3.78E-06
530.1,0.018684245,-3.98E-06,-3.78E-06
530.1333333,0.018676297,-3.97E-06,-3.78E-06
530.1666667,0.018668352,-3.97E-06,-3.78E-06
530.2,0.01866041,-3.97E-06,-3.78E-06
530.2333333,0.018652471,-3.97E-06,-3.78E-06
530.2666667,0.018644536,-3.97E-06,-3.77E-06
530.3,0.018636603,-3.97E-06,-3.77E-06
530.3333333,0.018628673,-3.96E-06,-3.77E-06
530.3666667,0.018620746,-3.96E-06,-3.77E-06
530.4,0.018612823,-3.96E-06,-3.77E-06
530.4333333,0.018604902,-3.96E-06,-3.77E-06
530.4666667,0.018596984,-3.96E-06,-3.77E-06
530.5,0.01858907,-3.96E-06,-3.76E-06
530.5333333,0.018581158,-3.96E-06,-3.76E-06
530.5666667,0.018573249,-3.95E-06,-3.76E-06
530.6,0.018565344,-3.95E-06,-3.76E-06
530.6333333,0.018557441,-3.95E-06,-3.76E-06
530.6666667,0.018549542,-3.95E-06,-3.76E-06
530.7,0.018541645,-3.95E-06,-3.76E-06
530.7333333,0.018533752,-3.95E-06,-3.75E-06
530.7666667,0.018525861,-3.95E-06,-3.75E-06
530.8,0.018517974,-3.94E-06,-3.75E-06
530.8333333,0.018510089,-3.94E-06,-3.75E-06
530.8666667,0.018502208,-3.94E-06,-3.75E-06
530.9,0.018494329,-3.94E-06,-3.75E-06
530.9333333,0.018486454,-3.94E-06,-3.75E-06
530.9666667,0.018478581,-3.94E-06,-3.74E-06
531,0.018470712,-3.93E-06,-3.74E-06
531.0333333,0.018462846,-3.93E-06,-3.74E-06
531.0666667,0.018454982,-3.93E-06,-3.74E-06
531.1,0.018447122,-3.93E-06,-3.74E-06
531.1333333,0.018439264,-3.93E-06,-3.74E-06
531.1666667,0.01843141,-3.93E-06,-3.74E-06
531.2,0.018423558,-3.93E-06,-3.73E-06
531.2333333,0.01841571,-3.92E-06,-3.73E-06
531.2666667,0.018407865,-3.92E-06,-3.73E-06
531.3,0.018400022,-3.92E-06,-3.73E-06
531.3333333,0.018392183,-3.92E-06,-3.73E-06
531.3666667,0.018384346,-3.92E-06,-3.73E-06
531.4,0.018376513,-3.92E-06,-3.73E-06
531.4333333,0.018368683,-3.92E-06,-3.72E-06
531.4666667,0.018360855,-3.91E-06,-3.72E-06
531.5,0.018353031,-3.91E-06,-3.72E-06
531.5333333,0.018345209,-3.91E-06,-3.72E-06
531.5666667,0.018337391,-3.91E-06,-3.72E-06
531.6,0.018329575,-3.91E-06,-3.72E-06
531.6333333,0.018321763,-3.91E-06,-3.72E-06
531.6666667,0.018313953,-3.90E-06,-3.71E-06
531.7,0.018306147,-3.90E-06,-3.71E-06
531.7333333,0.018298343,-3.90E-06,-3.71E-06
531.7666667,0.018290543,-3.90E-06,-3.71E-06
531.8,0.018282745,-3.90E-06,-3.71E-06
531.8333333,0.01827495,-3.90E-06,-3.71E-06
531.8666667,0.018267159,-3.90E-06,-3.71E-06
531.9,0.01825937,-3.89E-06,-3.70E-06
531.9333333,0.018251585,-3.89E-06,-3.70E-06
531.9666667,0.018243802,-3.89E-06,-3.70E-06
532,0.018236022,-3.89E-06,-3.70E-06
532.0333333,0.018228246,-3.89E-06,-3.70E-06
532.0666667,0.018220472,-3.89E-06,-3.70E-06
532.1,0.018212701,-3.89E-06,-3.70E-06
532.1333333,0.018204933,-3.88E-06,-3.69E-06
532.1666667,0.018197168,-3.88E-06,-3.69E-06
532.2,0.018189407,-3.88E-06,-3.69E-06
532.2333333,0.018181648,-3.88E-06,-3.69E-06
532.2666667,0.018173892,-3.88E-06,-3.69E-06
532.3,0.018166139,-3.88E-06,-3.69E-06
532.3333333,0.018158389,-3.87E-06,-3.69E-06
532.3666667,0.018150642,-3.87E-06,-3.68E-06
532.4,0.018142898,-3.87E-06,-3.68E-06
532.4333333,0.018135157,-3.87E-06,-3.68E-06
532.4666667,0.018127419,-3.87E-06,-3.68E-06
532.5,0.018119684,-3.87E-06,-3.68E-06
532.5333333,0.018111951,-3.87E-06,-3.68E-06
532.5666667,0.018104222,-3.86E-06,-3.68E-06
532.6,0.018096496,-3.86E-06,-3.67E-06
532.6333333,0.018088773,-3.86E-06,-3.67E-06
532.6666667,0.018081052,-3.86E-06,-3.67E-06
532.7,0.018073335,-3.86E-06,-3.67E-06
532.7333333,0.018065621,-3.86E-06,-3.67E-06
532.7666667,0.018057909,-3.86E-06,-3.67E-06
532.8,0.018050201,-3.85E-06,-3.67E-06
532.8333333,0.018042495,-3.85E-06,-3.66E-06
532.8666667,0.018034792,-3.85E-06,-3.66E-06
532.9,0.018027093,-3.85E-06,-3.66E-06
532.9333333,0.018019396,-3.85E-06,-3.66E-06
532.9666667,0.018011702,-3.85E-06,-3.66E-06
533,0.018004011,-3.85E-06,-3.66E-06
533.0333333,0.017996324,-3.84E-06,-3.66E-06
533.0666667,0.017988639,-3.84E-06,-3.65E-06
533.1,0.017980957,-3.84E-06,-3.65E-06
533.1333333,0.017973278,-3.84E-06,-3.65E-06
533.1666667,0.017965602,-3.84E-06,-3.65E-06
533.2,0.017957928,-3.84E-06,-3.65E-06
533.2333333,0.017950258,-3.84E-06,-3.65E-06
533.2666667,0.017942591,-3.83E-06,-3.65E-06
533.3,0.017934927,-3.83E-06,-3.64E-06
533.3333333,0.017927265,-3.83E-06,-3.64E-06
533.3666667,0.017919607,-3.83E-06,-3.64E-06
533.4,0.017911951,-3.83E-06,-3.64E-06
533.4333333,0.017904299,-3.83E-06,-3.64E-06
533.4666667,0.017896649,-3.82E-06,-3.64E-06
533.5,0.017889002,-3.82E-06,-3.64E-06
533.5333333,0.017881359,-3.82E-06,-3.64E-06
533.5666667,0.017873718,-3.82E-06,-3.63E-06
533.6,0.01786608,-3.82E-06,-3.63E-06
533.6333333,0.017858445,-3.82E-06,-3.63E-06
533.6666667,0.017850813,-3.82E-06,-3.63E-06
533.7,0.017843184,-3.81E-06,-3.63E-06
533.7333333,0.017835558,-3.81E-06,-3.63E-06
533.7666667,0.017827934,-3.81E-06,-3.63E-06
533.8,0.017820314,-3.81E-06,-3.62E-06
533.8333333,0.017812697,-3.81E-06,-3.62E-06
533.8666667,0.017805082,-3.81E-06,-3.62E-06
533.9,0.017797471,-3.81E-06,-3.62E-06
533.9333333,0.017789862,-3.80E-06,-3.62E-06
533.9666667,0.017782256,-3.80E-06,-3.62E-06
534,0.017774653,-3.80E-06,-3.62E-06
534.0333333,0.017767053,-3.80E-06,-3.61E-06
534.0666667,0.017759456,-3.80E-06,-3.61E-06
534.1,0.017751862,-3.80E-06,-3.61E-06
534.1333333,0.017744271,-3.80E-06,-3.61E-06
534.1666667,0.017736683,-3.79E-06,-3.61E-06
534.2,0.017729098,-3.79E-06,-3.61E-06
534.2333333,0.017721515,-3.79E-06,-3.61E-06
534.2666667,0.017713936,-3.79E-06,-3.60E-06
534.3,0.017706359,-3.79E-06,-3.60E-06
534.3333333,0.017698786,-3.79E-06,-3.60E-06
534.3666667,0.017691215,-3.79E-06,-3.60E-06
534.4,0.017683647,-3.78E-06,-3.60E-06
534.4333333,0.017676082,-3.78E-06,-3.60E-06
534.4666667,0.01766852,-3.78E-06,-3.60E-06
534.5,0.017660961,-3.78E-06,-3.59E-06
534.5333333,0.017653405,-3.78E-06,-3.59E-06
534.5666667,0.017645851,-3.78E-06,-3.59E-06
534.6,0.017638301,-3.78E-06,-3.59E-06
534.6333333,0.017630753,-3.77E-06,-3.59E-06
534.6666667,0.017623209,-3.77E-06,-3.59E-06
534.7,0.017615667,-3.77E-06,-3.59E-06
534.7333333,0.017608128,-3.77E-06,-3.58E-06
534.7666667,0.017600592,-3.77E-06,-3.58E-06
534.8,0.017593059,-3.77E-06,-3.58E-06
534.8333333,0.017585529,-3.77E-06,-3.58E-06
534.8666667,0.017578002,-3.76E-06,-3.58E-06
534.9,0.017570478,-3.76E-06,-3.58E-06
534.9333333,0.017562956,-3.76E-06,-3.58E-06
534.9666667,0.017555438,-3.76E-06,-3.58E-06
535,0.017547922,-3.76E-06,-3.57E-06
535.0333333,0.017540409,-3.76E-06,-3.57E-06
535.0666667,0.017532899,-3.75E-06,-3.57E-06
535.1,0.017525392,-3.75E-06,-3.57E-06
535.1333333,0.017517888,-3.75E-06,-3.57E-06
535.1666667,0.017510387,-3.75E-06,-3.57E-06
535.2,0.017502889,-3.75E-06,-3.57E-06
535.2333333,0.017495393,-3.75E-06,-3.56E-06
535.2666667,0.017487901,-3.75E-06,-3.56E-06
535.3,0.017480411,-3.74E-06,-3.56E-06
535.3333333,0.017472924,-3.74E-06,-3.56E-06
535.3666667,0.01746544,-3.74E-06,-3.56E-06
535.4,0.017457959,-3.74E-06,-3.56E-06
535.4333333,0.017450481,-3.74E-06,-3.56E-06
535.4666667,0.017443006,-3.74E-06,-3.55E-06
535.5,0.017435533,-3.74E-06,-3.55E-06
535.5333333,0.017428064,-3.73E-06,-3.55E-06
535.5666667,0.017420597,-3.73E-06,-3.55E-06
535.6,0.017413133,-3.73E-06,-3.55E-06
535.6333333,0.017405672,-3.73E-06,-3.55E-06
535.6666667,0.017398214,-3.73E-06,-3.55E-06
535.7,0.017390759,-3.73E-06,-3.54E-06
535.7333333,0.017383307,-3.73E-06,-3.54E-06
535.7666667,0.017375857,-3.72E-06,-3.54E-06
535.8,0.017368411,-3.72E-06,-3.54E-06
535.8333333,0.017360967,-3.72E-06,-3.54E-06
535.8666667,0.017353526,-3.72E-06,-3.54E-06
535.9,0.017346088,-3.72E-06,-3.54E-06
535.9333333,0.017338653,-3.72E-06,-3.54E-06
535.9666667,0.017331221,-3.72E-06,-3.53E-06
536,0.017323792,-3.71E-06,-3.53E-06
536.0333333,0.017316365,-3.71E-06,-3.53E-06
536.0666667,0.017308941,-3.71E-06,-3.53E-06
536.1,0.017301521,-3.71E-06,-3.53E-06
536.1333333,0.017294103,-3.71E-06,-3.53E-06
536.1666667,0.017286688,-3.71E-06,-3.53E-06
536.2,0.017279275,-3.71E-06,-3.52E-06
536.2333333,0.017271866,-3.70E-06,-3.52E-06
536.2666667,0.017264459,-3.70E-06,-3.52E-06
536.3,0.017257056,-3.70E-06,-3.52E-06
536.3333333,0.017249655,-3.70E-06,-3.52E-06
536.3666667,0.017242257,-3.70E-06,-3.52E-06
536.4,0.017234862,-3.70E-06,-3.52E-06
536.4333333,0.01722747,-3.70E-06,-3.51E-06
536.4666667,0.01722008,-3.69E-06,-3.51E-06
536.5,0.017212694,-3.69E-06,-3.51E-06
536.5333333,0.01720531,-3.69E-06,-3.51E-06
536.5666667,0.017197929,-3.69E-06,-3.51E-06
536.6,0.017190551,-3.69E-06,-3.51E-06
536.6333333,0.017183176,-3.69E-06,-3.51E-06
536.6666667,0.017175804,-3.69E-06,-3.51E-06
536.7,0.017168434,-3.68E-06,-3.50E-06
536.7333333,0.017161067,-3.68E-06,-3.50E-06
536.7666667,0.017153704,-3.68E-06,-3.50E-06
536.8,0.017146343,-3.68E-06,-3.50E-06
536.8333333,0.017138985,-3.68E-06,-3.50E-06
536.8666667,0.017131629,-3.68E-06,-3.50E-06
536.9,0.017124277,-3.68E-06,-3.50E-06
536.9333333,0.017116927,-3.67E-06,-3.49E-06
536.9666667,0.01710958,-3.67E-06,-3.49E-06
537,0.017102237,-3.67E-06,-3.49E-06
537.0333333,0.017094895,-3.67E-06,-3.49E-06
537.0666667,0.017087557,-3.67E-06,-3.49E-06
537.1,0.017080222,-3.67E-06,-3.49E-06
537.1333333,0.017072889,-3.67E-06,-3.49E-06
537.1666667,0.017065559,-3.66E-06,-3.49E-06
537.2,0.017058232,-3.66E-06,-3.48E-06
537.2333333,0.017050908,-3.66E-06,-3.48E-06
537.2666667,0.017043587,-3.66E-06,-3.48E-06
537.3,0.017036268,-3.66E-06,-3.48E-06
537.3333333,0.017028953,-3.66E-06,-3.48E-06
537.3666667,0.01702164,-3.66E-06,-3.48E-06
537.4,0.01701433,-3.66E-06,-3.48E-06
537.4333333,0.017007023,-3.65E-06,-3.47E-06
537.4666667,0.016999718,-3.65E-06,-3.47E-06
537.5,0.016992417,-3.65E-06,-3.47E-06
537.5333333,0.016985118,-3.65E-06,-3.47E-06
537.5666667,0.016977822,-3.65E-06,-3.47E-06
537.6,0.016970529,-3.65E-06,-3.47E-06
537.6333333,0.016963239,-3.65E-06,-3.47E-06
537.6666667,0.016955951,-3.64E-06,-3.46E-06
537.7,0.016948667,-3.64E-06,-3.46E-06
537.7333333,0.016941385,-3.64E-06,-3.46E-06
537.7666667,0.016934106,-3.64E-06,-3.46E-06
537.8,0.01692683,-3.64E-06,-3.46E-06
537.8333333,0.016919556,-3.64E-06,-3.46E-06
537.8666667,0.016912286,-3.64E-06,-3.46E-06
537.9,0.016905018,-3.63E-06,-3.46E-06
537.9333333,0.016897753,-3.63E-06,-3.45E-06
537.9666667,0.016890491,-3.63E-06,-3.45E-06
538,0.016883232,-3.63E-06,-3.45E-06
538.0333333,0.016875975,-3.63E-06,-3.45E-06
538.0666667,0.016868721,-3.63E-06,-3.45E-06
538.1,0.01686147,-3.63E-06,-3.45E-06
538.1333333,0.016854222,-3.62E-06,-3.45E-06
538.1666667,0.016846977,-3.62E-06,-3.44E-06
538.2,0.016839734,-3.62E-06,-3.44E-06
538.2333333,0.016832495,-3.62E-06,-3.44E-06
538.2666667,0.016825258,-3.62E-06,-3.44E-06
538.3,0.016818023,-3.62E-06,-3.44E-06
538.3333333,0.016810792,-3.62E-06,-3.44E-06
538.3666667,0.016803564,-3.61E-06,-3.44E-06
538.4,0.016796338,-3.61E-06,-3.44E-06
538.4333333,0.016789115,-3.61E-06,-3.43E-06
538.4666667,0.016781895,-3.61E-06,-3.43E-06
538.5,0.016774677,-3.61E-06,-3.43E-06
538.5333333,0.016767463,-3.61E-06,-3.43E-06
538.5666667,0.016760251,-3.61E-06,-3.43E-06
538.6,0.016753042,-3.60E-06,-3.43E-06
538.6333333,0.016745836,-3.60E-06,-3.43E-06
538.6666667,0.016738632,-3.60E-06,-3.42E-06
538.7,0.016731432,-3.60E-06,-3.42E-06
538.7333333,0.016724234,-3.60E-06,-3.42E-06
538.7666667,0.016717039,-3.60E-06,-3.42E-06
538.8,0.016709847,-3.60E-06,-3.42E-06
538.8333333,0.016702657,-3.59E-06,-3.42E-06
538.8666667,0.01669547,-3.59E-06,-3.42E-06
538.9,0.016688286,-3.59E-06,-3.42E-06
538.9333333,0.016681105,-3.59E-06,-3.41E-06
538.9666667,0.016673927,-3.59E-06,-3.41E-06
539,0.016666751,-3.59E-06,-3.41E-06
539.0333333,0.016659579,-3.59E-06,-3.41E-06
539.0666667,0.016652408,-3.59E-06,-3.41E-06
539.1,0.016645241,-3.58E-06,-3.41E-06
539.1333333,0.016638077,-3.58E-06,-3.41E-06
539.1666667,0.016630915,-3.58E-06,-3.40E-06
539.2,0.016623756,-3.58E-06,-3.40E-06
539.2333333,0.0166166,-3.58E-06,-3.40E-06
539.2666667,0.016609447,-3.58E-06,-3.40E-06
539.3,0.016602296,-3.58E-06,-3.40E-06
539.3333333,0.016595148,-3.57E-06,-3.40E-06
539.3666667,0.016588003,-3.57E-06,-3.40E-06
539.4,0.016580861,-3.57E-06,-3.40E-06
539.4333333,0.016573721,-3.57E-06,-3.39E-06
539.4666667,0.016566584,-3.57E-06,-3.39E-06
539.5,0.01655945,-3.57E-06,-3.39E-06
539.5333333,0.016552319,-3.57E-06,-3.39E-06
539.5666667,0.01654519,-3.56E-06,-3.39E-06
539.6,0.016538065,-3.56E-06,-3.39E-06
539.6333333,0.016530942,-3.56E-06,-3.39E-06
539.6666667,0.016523822,-3.56E-06,-3.38E-06
539.7,0.016516704,-3.56E-06,-3.38E-06
539.7333333,0.016509589,-3.56E-06,-3.38E-06
539.7666667,0.016502477,-3.56E-06,-3.38E-06
539.8,0.016495368,-3.55E-06,-3.38E-06
539.8333333,0.016488262,-3.55E-06,-3.38E-06
539.8666667,0.016481158,-3.55E-06,-3.38E-06
539.9,0.016474057,-3.55E-06,-3.38E-06
539.9333333,0.016466959,-3.55E-06,-3.37E-06
539.9666667,0.016459864,-3.55E-06,-3.37E-06
540,0.016452771,-3.55E-06,-3.37E-06
540.0333333,0.016445681,-3.54E-06,-3.37E-06
540.0666667,0.016438594,-3.54E-06,-3.37E-06
540.1,0.016431509,-3.54E-06,-3.37E-06
540.1333333,0.016424428,-3.54E-06,-3.37E-06
540.1666667,0.016417349,-3.54E-06,-3.37E-06
540.2,0.016410273,-3.54E-06,-3.36E-06
540.2333333,0.016403199,-3.54E-06,-3.36E-06
540.2666667,0.016396129,-3.54E-06,-3.36E-06
540.3,0.016389061,-3.53E-06,-3.36E-06
540.3333333,0.016381995,-3.53E-06,-3.36E-06
540.3666667,0.016374933,-3.53E-06,-3.36E-06
540.4,0.016367873,-3.53E-06,-3.36E-06
540.4333333,0.016360816,-3.53E-06,-3.35E-06
540.4666667,0.016353762,-3.53E-06,-3.35E-06
540.5,0.01634671,-3.53E-06,-3.35E-06
540.5333333,0.016339662,-3.52E-06,-3.35E-06
540.5666667,0.016332616,-3.52E-06,-3.35E-06
540.6,0.016325572,-3.52E-06,-3.35E-06
540.6333333,0.016318532,-3.52E-06,-3.35E-06
540.6666667,0.016311494,-3.52E-06,-3.35E-06
540.7,0.016304459,-3.52E-06,-3.34E-06
540.7333333,0.016297426,-3.52E-06,-3.34E-06
540.7666667,0.016290397,-3.51E-06,-3.34E-06
540.8,0.01628337,-3.51E-06,-3.34E-06
540.8333333,0.016276346,-3.51E-06,-3.34E-06
540.8666667,0.016269324,-3.51E-06,-3.34E-06
540.9,0.016262306,-3.51E-06,-3.34E-06
540.9333333,0.016255289,-3.51E-06,-3.34E-06
540.9666667,0.016248276,-3.51E-06,-3.33E-06
541,0.016241266,-3.51E-06,-3.33E-06
541.0333333,0.016234258,-3.50E-06,-3.33E-06
541.0666667,0.016227253,-3.50E-06,-3.33E-06
541.1,0.01622025,-3.50E-06,-3.33E-06
541.1333333,0.016213251,-3.50E-06,-3.33E-06
541.1666667,0.016206254,-3.50E-06,-3.33E-06
541.2,0.016199259,-3.50E-06,-3.32E-06
541.2333333,0.016192268,-3.50E-06,-3.32E-06
541.2666667,0.016185279,-3.49E-06,-3.32E-06
541.3,0.016178293,-3.49E-06,-3.32E-06
541.3333333,0.01617131,-3.49E-06,-3.32E-06
541.3666667,0.016164329,-3.49E-06,-3.32E-06
541.4,0.016157351,-3.49E-06,-3.32E-06
541.4333333,0.016150376,-3.49E-06,-3.32E-06
541.4666667,0.016143403,-3.49E-06,-3.31E-06
541.5,0.016136433,-3.48E-06,-3.31E-06
541.5333333,0.016129466,-3.48E-06,-3.31E-06
541.5666667,0.016122502,-3.48E-06,-3.31E-06
541.6,0.01611554,-3.48E-06,-3.31E-06
541.6333333,0.016108581,-3.48E-06,-3.31E-06
541.6666667,0.016101625,-3.48E-06,-3.31E-06
541.7,0.016094671,-3.48E-06,-3.31E-06
541.7333333,0.01608772,-3.48E-06,-3.30E-06
541.7666667,0.016080772,-3.47E-06,-3.30E-06
541.8,0.016073827,-3.47E-06,-3.30E-06
541.8333333,0.016066884,-3.47E-06,-3.30E-06
541.8666667,0.016059944,-3.47E-06,-3.30E-06
541.9,0.016053007,-3.47E-06,-3.30E-06
541.9333333,0.016046072,-3.47E-06,-3.30E-06
541.9666667,0.01603914,-3.47E-06,-3.30E-06
542,0.016032211,-3.46E-06,-3.29E-06
542.0333333,0.016025284,-3.46E-06,-3.29E-06
542.0666667,0.01601836,-3.46E-06,-3.29E-06
542.1,0.016011439,-3.46E-06,-3.29E-06
542.1333333,0.016004521,-3.46E-06,-3.29E-06
542.1666667,0.015997605,-3.46E-06,-3.29E-06
542.2,0.015990692,-3.46E-06,-3.29E-06
542.2333333,0.015983781,-3.46E-06,-3.28E-06
542.2666667,0.015976873,-3.45E-06,-3.28E-06
542.3,0.015969968,-3.45E-06,-3.28E-06
542.3333333,0.015963066,-3.45E-06,-3.28E-06
542.3666667,0.015956166,-3.45E-06,-3.28E-06
542.4,0.015949269,-3.45E-06,-3.28E-06
542.4333333,0.015942375,-3.45E-06,-3.28E-06
542.4666667,0.015935483,-3.45E-06,-3.28E-06
542.5,0.015928594,-3.44E-06,-3.27E-06
542.5333333,0.015921708,-3.44E-06,-3.27E-06
542.5666667,0.015914825,-3.44E-06,-3.27E-06
542.6,0.015907944,-3.44E-06,-3.27E-06
542.6333333,0.015901066,-3.44E-06,-3.27E-06
542.6666667,0.01589419,-3.44E-06,-3.27E-06
542.7,0.015887317,-3.44E-06,-3.27E-06
542.7333333,0.015880447,-3.44E-06,-3.27E-06
542.7666667,0.015873579,-3.43E-06,-3.26E-06
542.8,0.015866715,-3.43E-06,-3.26E-06
542.8333333,0.015859852,-3.43E-06,-3.26E-06
542.8666667,0.015852993,-3.43E-06,-3.26E-06
542.9,0.015846136,-3.43E-06,-3.26E-06
542.9333333,0.015839282,-3.43E-06,-3.26E-06
542.9666667,0.01583243,-3.43E-06,-3.26E-06
543,0.015825582,-3.42E-06,-3.26E-06
543.0333333,0.015818736,-3.42E-06,-3.25E-06
543.0666667,0.015811892,-3.42E-06,-3.25E-06
543.1,0.015805051,-3.42E-06,-3.25E-06
543.1333333,0.015798213,-3.42E-06,-3.25E-06
543.1666667,0.015791378,-3.42E-06,-3.25E-06
543.2,0.015784545,-3.42E-06,-3.25E-06
543.2333333,0.015777715,-3.42E-06,-3.25E-06
543.2666667,0.015770887,-3.41E-06,-3.25E-06
543.3,0.015764062,-3.41E-06,-3.24E-06
543.3333333,0.01575724,-3.41E-06,-3.24E-06
543.3666667,0.015750421,-3.41E-06,-3.24E-06
543.4,0.015743604,-3.41E-06,-3.24E-06
543.4333333,0.01573679,-3.41E-06,-3.24E-06
543.4666667,0.015729978,-3.41E-06,-3.24E-06
543.5,0.015723169,-3.40E-06,-3.24E-06
543.5333333,0.015716363,-3.40E-06,-3.24E-06
543.5666667,0.01570956,-3.40E-06,-3.23E-06
543.6,0.015702759,-3.40E-06,-3.23E-06
543.6333333,0.01569596,-3.40E-06,-3.23E-06
543.6666667,0.015689165,-3.40E-06,-3.23E-06
543.7,0.015682372,-3.40E-06,-3.23E-06
543.7333333,0.015675582,-3.40E-06,-3.23E-06
543.7666667,0.015668794,-3.39E-06,-3.23E-06
543.8,0.015662009,-3.39E-06,-3.22E-06
543.8333333,0.015655227,-3.39E-06,-3.22E-06
543.8666667,0.015648447,-3.39E-06,-3.22E-06
543.9,0.01564167,-3.39E-06,-3.22E-06
543.9333333,0.015634895,-3.39E-06,-3.22E-06
543.9666667,0.015628124,-3.39E-06,-3.22E-06
544,0.015621354,-3.38E-06,-3.22E-06
544.0333333,0.015614588,-3.38E-06,-3.22E-06
544.0666667,0.015607824,-3.38E-06,-3.21E-06
544.1,0.015601063,-3.38E-06,-3.21E-06
544.1333333,0.015594304,-3.38E-06,-3.21E-06
544.1666667,0.015587548,-3.38E-06,-3.21E-06
544.2,0.015580795,-3.38E-06,-3.21E-06
544.2333333,0.015574044,-3.38E-06,-3.21E-06
544.2666667,0.015567296,-3.37E-06,-3.21E-06
544.3,0.015560551,-3.37E-06,-3.21E-06
544.3333333,0.015553808,-3.37E-06,-3.20E-06
544.3666667,0.015547068,-3.37E-06,-3.20E-06
544.4,0.015540331,-3.37E-06,-3.20E-06
544.4333333,0.015533596,-3.37E-06,-3.20E-06
544.4666667,0.015526863,-3.37E-06,-3.20E-06
544.5,0.015520134,-3.36E-06,-3.20E-06
544.5333333,0.015513407,-3.36E-06,-3.20E-06
544.5666667,0.015506683,-3.36E-06,-3.20E-06
544.6,0.015499961,-3.36E-06,-3.19E-06
544.6333333,0.015493242,-3.36E-06,-3.19E-06
544.6666667,0.015486525,-3.36E-06,-3.19E-06
544.7,0.015479811,-3.36E-06,-3.19E-06
544.7333333,0.0154731,-3.36E-06,-3.19E-06
544.7666667,0.015466392,-3.35E-06,-3.19E-06
544.8,0.015459686,-3.35E-06,-3.19E-06
544.8333333,0.015452982,-3.35E-06,-3.19E-06
544.8666667,0.015446282,-3.35E-06,-3.18E-06
544.9,0.015439583,-3.35E-06,-3.18E-06
544.9333333,0.015432888,-3.35E-06,-3.18E-06
544.9666667,0.015426195,-3.35E-06,-3.18E-06
545,0.015419505,-3.35E-06,-3.18E-06
545.0333333,0.015412817,-3.34E-06,-3.18E-06
545.0666667,0.015406132,-3.34E-06,-3.18E-06
545.1,0.01539945,-3.34E-06,-3.18E-06
545.1333333,0.01539277,-3.34E-06,-3.17E-06
545.1666667,0.015386093,-3.34E-06,-3.17E-06
545.2,0.015379418,-3.34E-06,-3.17E-06
545.2333333,0.015372746,-3.34E-06,-3.17E-06
545.2666667,0.015366077,-3.33E-06,-3.17E-06
545.3,0.01535941,-3.33E-06,-3.17E-06
545.3333333,0.015352746,-3.33E-06,-3.17E-06
545.3666667,0.015346084,-3.33E-06,-3.17E-06
545.4,0.015339425,-3.33E-06,-3.16E-06
545.4333333,0.015332769,-3.33E-06,-3.16E-06
545.4666667,0.015326115,-3.33E-06,-3.16E-06
545.5,0.015319464,-3.33E-06,-3.16E-06
545.5333333,0.015312816,-3.32E-06,-3.16E-06
545.5666667,0.01530617,-3.32E-06,-3.16E-06
545.6,0.015299526,-3.32E-06,-3.16E-06
545.6333333,0.015292886,-3.32E-06,-3.16E-06
545.6666667,0.015286247,-3.32E-06,-3.15E-06
545.7,0.015279612,-3.32E-06,-3.15E-06
545.7333333,0.015272979,-3.32E-06,-3.15E-06
545.7666667,0.015266349,-3.32E-06,-3.15E-06
545.8,0.015259721,-3.31E-06,-3.15E-06
545.8333333,0.015253096,-3.31E-06,-3.15E-06
545.8666667,0.015246473,-3.31E-06,-3.15E-06
545.9,0.015239853,-3.31E-06,-3.15E-06
545.9333333,0.015233236,-3.31E-06,-3.14E-06
545.9666667,0.015226621,-3.31E-06,-3.14E-06
546,0.015220009,-3.31E-06,-3.14E-06
546.0333333,0.015213399,-3.30E-06,-3.14E-06
546.0666667,0.015206792,-3.30E-06,-3.14E-06
546.1,0.015200188,-3.30E-06,-3.14E-06
546.1333333,0.015193586,-3.30E-06,-3.14E-06
546.1666667,0.015186987,-3.30E-06,-3.14E-06
546.2,0.01518039,-3.30E-06,-3.13E-06
546.2333333,0.015173796,-3.30E-06,-3.13E-06
546.2666667,0.015167204,-3.30E-06,-3.13E-06
546.3,0.015160616,-3.29E-06,-3.13E-06
546.3333333,0.015154029,-3.29E-06,-3.13E-06
546.3666667,0.015147445,-3.29E-06,-3.13E-06
546.4,0.015140864,-3.29E-06,-3.13E-06
546.4333333,0.015134286,-3.29E-06,-3.13E-06
546.4666667,0.01512771,-3.29E-06,-3.13E-06
546.5,0.015121136,-3.29E-06,-3.12E-06
546.5333333,0.015114565,-3.29E-06,-3.12E-06
546.5666667,0.015107997,-3.28E-06,-3.12E-06
546.6,0.015101431,-3.28E-06,-3.12E-06
546.6333333,0.015094868,-3.28E-06,-3.12E-06
546.6666667,0.015088308,-3.28E-06,-3.12E-06
546.7,0.01508175,-3.28E-06,-3.12E-06
546.7333333,0.015075194,-3.28E-06,-3.12E-06
546.7666667,0.015068641,-3.28E-06,-3.11E-06
546.8,0.015062091,-3.28E-06,-3.11E-06
546.8333333,0.015055543,-3.27E-06,-3.11E-06
546.8666667,0.015048998,-3.27E-06,-3.11E-06
546.9,0.015042455,-3.27E-06,-3.11E-06
546.9333333,0.015035915,-3.27E-06,-3.11E-06
546.9666667,0.015029378,-3.27E-06,-3.11E-06
547,0.015022843,-3.27E-06,-3.11E-06
547.0333333,0.015016311,-3.27E-06,-3.10E-06
547.0666667,0.015009781,-3.26E-06,-3.10E-06
547.1,0.015003254,-3.26E-06,-3.10E-06
547.1333333,0.014996729,-3.26E-06,-3.10E-06
547.1666667,0.014990207,-3.26E-06,-3.10E-06
547.2,0.014983687,-3.26E-06,-3.10E-06
547.2333333,0.01497717,-3.26E-06,-3.10E-06
547.2666667,0.014970656,-3.26E-06,-3.10E-06
547.3,0.014964144,-3.26E-06,-3.09E-06
547.3333333,0.014957635,-3.25E-06,-3.09E-06
547.3666667,0.014951128,-3.25E-06,-3.09E-06
547.4,0.014944624,-3.25E-06,-3.09E-06
547.4333333,0.014938122,-3.25E-06,-3.09E-06
547.4666667,0.014931623,-3.25E-06,-3.09E-06
547.5,0.014925127,-3.25E-06,-3.09E-06
547.5333333,0.014918633,-3.25E-06,-3.09E-06
547.5666667,0.014912141,-3.25E-06,-3.08E-06
547.6,0.014905652,-3.24E-06,-3.08E-06
547.6333333,0.014899166,-3.24E-06,-3.08E-06
547.6666667,0.014892682,-3.24E-06,-3.08E-06
547.7,0.014886201,-3.24E-06,-3.08E-06
547.7333333,0.014879722,-3.24E-06,-3.08E-06
547.7666667,0.014873246,-3.24E-06,-3.08E-06
547.8,0.014866772,-3.24E-06,-3.08E-06
547.8333333,0.014860301,-3.24E-06,-3.08E-06
547.8666667,0.014853833,-3.23E-06,-3.07E-06
547.9,0.014847367,-3.23E-06,-3.07E-06
547.9333333,0.014840903,-3.23E-06,-3.07E-06
547.9666667,0.014834442,-3.23E-06,-3.07E-06
548,0.014827984,-3.23E-06,-3.07E-06
548.0333333,0.014821528,-3.23E-06,-3.07E-06
548.0666667,0.014815075,-3.23E-06,-3.07E-06
548.1,0.014808624,-3.23E-06,-3.07E-06
548.1333333,0.014802176,-3.22E-06,-3.06E-06
548.1666667,0.01479573,-3.22E-06,-3.06E-06
548.2,0.014789287,-3.22E-06,-3.06E-06
548.2333333,0.014782846,-3.22E-06,-3.06E-06
548.2666667,0.014776408,-3.22E-06,-3.06E-06
548.3,0.014769972,-3.22E-06,-3.06E-06
548.3333333,0.014763539,-3.22E-06,-3.06E-06
548.3666667,0.014757109,-3.22E-06,-3.06E-06
548.4,0.014750681,-3.21E-06,-3.05E-06
548.4333333,0.014744255,-3.21E-06,-3.05E-06
548.4666667,0.014737832,-3.21E-06,-3.05E-06
548.5,0.014731412,-3.21E-06,-3.05E-06
548.5333333,0.014724994,-3.21E-06,-3.05E-06
548.5666667,0.014718579,-3.21E-06,-3.05E-06
548.6,0.014712166,-3.21E-06,-3.05E-06
548.6333333,0.014705755,-3.21E-06,-3.05E-06
548.6666667,0.014699348,-3.20E-06,-3.04E-06
548.7,0.014692942,-3.20E-06,-3.04E-06
548.7333333,0.01468654,-3.20E-06,-3.04E-06
548.7666667,0.014680139,-3.20E-06,-3.04E-06
548.8,0.014673742,-3.20E-06,-3.04E-06
548.8333333,0.014667346,-3.20E-06,-3.04E-06
548.8666667,0.014660954,-3.20E-06,-3.04E-06
548.9,0.014654563,-3.20E-06,-3.04E-06
548.9333333,0.014648176,-3.19E-06,-3.04E-06
548.9666667,0.014641791,-3.19E-06,-3.03E-06
549,0.014635408,-3.19E-06,-3.03E-06
549.0333333,0.014629028,-3.19E-06,-3.03E-06
549.0666667,0.01462265,-3.19E-06,-3.03E-06
549.1,0.014616275,-3.19E-06,-3.03E-06
549.1333333,0.014609902,-3.19E-06,-3.03E-06
549.1666667,0.014603532,-3.19E-06,-3.03E-06
549.2,0.014597165,-3.18E-06,-3.03E-06
549.2333333,0.0145908,-3.18E-06,-3.02E-06
549.2666667,0.014584437,-3.18E-06,-3.02E-06
549.3,0.014578077,-3.18E-06,-3.02E-06
549.3333333,0.014571719,-3.18E-06,-3.02E-06
549.3666667,0.014565364,-3.18E-06,-3.02E-06
549.4,0.014559012,-3.18E-06,-3.02E-06
549.4333333,0.014552662,-3.18E-06,-3.02E-06
549.4666667,0.014546314,-3.17E-06,-3.02E-06
549.5,0.014539969,-3.17E-06,-3.01E-06
549.5333333,0.014533626,-3.17E-06,-3.01E-06
549.5666667,0.014527286,-3.17E-06,-3.01E-06
549.6,0.014520949,-3.17E-06,-3.01E-06
549.6333333,0.014514614,-3.17E-06,-3.01E-06
549.6666667,0.014508281,-3.17E-06,-3.01E-06
549.7,0.014501951,-3.17E-06,-3.01E-06
549.7333333,0.014495623,-3.16E-06,-3.01E-06
549.7666667,0.014489298,-3.16E-06,-3.01E-06
549.8,0.014482976,-3.16E-06,-3.00E-06
549.8333333,0.014476655,-3.16E-06,-3.00E-06
549.8666667,0.014470338,-3.16E-06,-3.00E-06
549.9,0.014464023,-3.16E-06,-3.00E-06
549.9333333,0.01445771,-3.16E-06,-3.00E-06
549.9666667,0.0144514,-3.16E-06,-3.00E-06
550,0.014445092,-3.15E-06,-3.00E-06
550.0333333,0.014438787,-3.15E-06,-3.00E-06
550.0666667,0.014432484,-3.15E-06,-2.99E-06
550.1,0.014426184,-3.15E-06,-2.99E-06
550.1333333,0.014419886,-3.15E-06,-2.99E-06
550.1666667,0.014413591,-3.15E-06,-2.99E-06
550.2,0.014407298,-3.15E-06,-2.99E-06
550.2333333,0.014401008,-3.15E-06,-2.99E-06
550.2666667,0.01439472,-3.14E-06,-2.99E-06
550.3,0.014388435,-3.14E-06,-2.99E-06
550.3333333,0.014382152,-3.14E-06,-2.99E-06
550.3666667,0.014375871,-3.14E-06,-2.98E-06
550.4,0.014369593,-3.14E-06,-2.98E-06
550.4333333,0.014363318,-3.14E-06,-2.98E-06
550.4666667,0.014357045,-3.14E-06,-2.98E-06
550.5,0.014350775,-3.14E-06,-2.98E-06
550.5333333,0.014344507,-3.13E-06,-2.98E-06
550.5666667,0.014338241,-3.13E-06,-2.98E-06
550.6,0.014331978,-3.13E-06,-2.98E-06
550.6333333,0.014325717,-3.13E-06,-2.97E-06
550.6666667,0.014319459,-3.13E-06,-2.97E-06
550.7,0.014313203,-3.13E-06,-2.97E-06
550.7333333,0.01430695,-3.13E-06,-2.97E-06
550.7666667,0.0143007,-3.13E-06,-2.97E-06
550.8,0.014294451,-3.12E-06,-2.97E-06
550.8333333,0.014288205,-3.12E-06,-2.97E-06
550.8666667,0.014281962,-3.12E-06,-2.97E-06
550.9,0.014275721,-3.12E-06,-2.97E-06
550.9333333,0.014269483,-3.12E-06,-2.96E-06
550.9666667,0.014263247,-3.12E-06,-2.96E-06
551,0.014257013,-3.12E-06,-2.96E-06
551.0333333,0.014250782,-3.12E-06,-2.96E-06
551.0666667,0.014244554,-3.11E-06,-2.96E-06
551.1,0.014238328,-3.11E-06,-2.96E-06
551.1333333,0.014232104,-3.11E-06,-2.96E-06
551.1666667,0.014225883,-3.11E-06,-2.96E-06
551.2,0.014219664,-3.11E-06,-2.95E-06
551.2333333,0.014213448,-3.11E-06,-2.95E-06
551.2666667,0.014207234,-3.11E-06,-2.95E-06
551.3,0.014201023,-3.11E-06,-2.95E-06
551.3333333,0.014194814,-3.10E-06,-2.95E-06
551.3666667,0.014188607,-3.10E-06,-2.95E-06
551.4,0.014182403,-3.10E-06,-2.95E-06
551.4333333,0.014176202,-3.10E-06,-2.95E-06
551.4666667,0.014170003,-3.10E-06,-2.95E-06
551.5,0.014163806,-3.10E-06,-2.94E-06
551.5333333,0.014157612,-3.10E-06,-2.94E-06
551.5666667,0.01415142,-3.10E-06,-2.94E-06
551.6,0.014145231,-3.09E-06,-2.94E-06
551.6333333,0.014139044,-3.09E-06,-2.94E-06
551.6666667,0.014132859,-3.09E-06,-2.94E-06
551.7,0.014126677,-3.09E-06,-2.94E-06
551.7333333,0.014120498,-3.09E-06,-2.94E-06
551.7666667,0.014114321,-3.09E-06,-2.93E-06
551.8,0.014108146,-3.09E-06,-2.93E-06
551.8333333,0.014101974,-3.09E-06,-2.93E-06
551.8666667,0.014095804,-3.08E-06,-2.93E-06
551.9,0.014089637,-3.08E-06,-2.93E-06
551.9333333,0.014083472,-3.08E-06,-2.93E-06
551.9666667,0.014077309,-3.08E-06,-2.93E-06
552,0.014071149,-3.08E-06,-2.93E-06
552.0333333,0.014064992,-3.08E-06,-2.93E-06
552.0666667,0.014058836,-3.08E-06,-2.92E-06
552.1,0.014052684,-3.08E-06,-2.92E-06
552.1333333,0.014046533,-3.08E-06,-2.92E-06
552.1666667,0.014040385,-3.07E-06,-2.92E-06
552.2,0.01403424,-3.07E-06,-2.92E-06
552.2333333,0.014028097,-3.07E-06,-2.92E-06
552.2666667,0.014021956,-3.07E-06,-2.92E-06
552.3,0.014015818,-3.07E-06,-2.92E-06
552.3333333,0.014009683,-3.07E-06,-2.91E-06
552.3666667,0.014003549,-3.07E-06,-2.91E-06
552.4,0.013997418,-3.07E-06,-2.91E-06
552.4333333,0.01399129,-3.06E-06,-2.91E-06
552.4666667,0.013985164,-3.06E-06,-2.91E-06
552.5,0.01397904,-3.06E-06,-2.91E-06
552.5333333,0.013972919,-3.06E-06,-2.91E-06
552.5666667,0.0139668,-3.06E-06,-2.91E-06
552.6,0.013960684,-3.06E-06,-2.91E-06
552.6333333,0.01395457,-3.06E-06,-2.90E-06
552.6666667,0.013948459,-3.06E-06,-2.90E-06
552.7,0.01394235,-3.05E-06,-2.90E-06
552.7333333,0.013936243,-3.05E-06,-2.90E-06
552.7666667,0.013930139,-3.05E-06,-2.90E-06
552.8,0.013924037,-3.05E-06,-2.90E-06
552.8333333,0.013917938,-3.05E-06,-2.90E-06
552.8666667,0.013911841,-3.05E-06,-2.90E-06
552.9,0.013905746,-3.05E-06,-2.90E-06
552.9333333,0.013899654,-3.05E-06,-2.89E-06
552.9666667,0.013893564,-3.04E-06,-2.89E-06
553,0.013887477,-3.04E-06,-2.89E-06
553.0333333,0.013881392,-3.04E-06,-2.89E-06
553.0666667,0.013875309,-3.04E-06,-2.89E-06
553.1,0.013869229,-3.04E-06,-2.89E-06
553.1333333,0.013863151,-3.04E-06,-2.89E-06
553.1666667,0.013857076,-3.04E-06,-2.89E-06
553.2,0.013851003,-3.04E-06,-2.88E-06
553.2333333,0.013844933,-3.04E-06,-2.88E-06
553.2666667,0.013838865,-3.03E-06,-2.88E-06
553.3,0.013832799,-3.03E-06,-2.88E-06
553.3333333,0.013826736,-3.03E-06,-2.88E-06
553.3666667,0.013820675,-3.03E-06,-2.88E-06
553.4,0.013814616,-3.03E-06,-2.88E-06
553.4333333,0.01380856,-3.03E-06,-2.88E-06
553.4666667,0.013802507,-3.03E-06,-2.88E-06
553.5,0.013796455,-3.03E-06,-2.87E-06
553.5333333,0.013790407,-3.02E-06,-2.87E-06
553.5666667,0.01378436,-3.02E-06,-2.87E-06
553.6,0.013778316,-3.02E-06,-2.87E-06
553.6333333,0.013772274,-3.02E-06,-2.87E-06
553.6666667,0.013766235,-3.02E-06,-2.87E-06
553.7,0.013760198,-3.02E-06,-2.87E-06
553.7333333,0.013754164,-3.02E-06,-2.87E-06
553.7666667,0.013748131,-3.02E-06,-2.87E-06
553.8,0.013742102,-3.01E-06,-2.86E-06
553.8333333,0.013736074,-3.01E-06,-2.86E-06
553.8666667,0.01373005,-3.01E-06,-2.86E-06
553.9,0.013724027,-3.01E-06,-2.86E-06
553.9333333,0.013718007,-3.01E-06,-2.86E-06
553.9666667,0.013711989,-3.01E-06,-2.86E-06
554,0.013705974,-3.01E-06,-2.86E-06
554.0333333,0.013699961,-3.01E-06,-2.86E-06
554.0666667,0.01369395,-3.01E-06,-2.86E-06
554.1,0.013687942,-3.00E-06,-2.85E-06
554.1333333,0.013681936,-3.00E-06,-2.85E-06
554.1666667,0.013675932,-3.00E-06,-2.85E-06
554.2,0.013669931,-3.00E-06,-2.85E-06
554.2333333,0.013663933,-3.00E-06,-2.85E-06
554.2666667,0.013657936,-3.00E-06,-2.85E-06
554.3,0.013651942,-3.00E-06,-2.85E-06
554.3333333,0.013645951,-3.00E-06,-2.85E-06
554.3666667,0.013639962,-2.99E-06,-2.85E-06
554.4,0.013633975,-2.99E-06,-2.84E-06
554.4333333,0.01362799,-2.99E-06,-2.84E-06
554.4666667,0.013622008,-2.99E-06,-2.84E-06
554.5,0.013616029,-2.99E-06,-2.84E-06
554.5333333,0.013610051,-2.99E-06,-2.84E-06
554.5666667,0.013604076,-2.99E-06,-2.84E-06
554.6,0.013598104,-2.99E-06,-2.84E-06
554.6333333,0.013592134,-2.99E-06,-2.84E-06
554.6666667,0.013586166,-2.98E-06,-2.83E-06
554.7,0.0135802,-2.98E-06,-2.83E-06
554.7333333,0.013574237,-2.98E-06,-2.83E-06
554.7666667,0.013568277,-2.98E-06,-2.83E-06
554.8,0.013562318,-2.98E-06,-2.83E-06
554.8333333,0.013556362,-2.98E-06,-2.83E-06
554.8666667,0.013550409,-2.98E-06,-2.83E-06
554.9,0.013544457,-2.98E-06,-2.83E-06
554.9333333,0.013538508,-2.97E-06,-2.83E-06
554.9666667,0.013532562,-2.97E-06,-2.82E-06
555,0.013526618,-2.97E-06,-2.82E-06
555.0333333,0.013520676,-2.97E-06,-2.82E-06
555.0666667,0.013514736,-2.97E-06,-2.82E-06
555.1,0.013508799,-2.97E-06,-2.82E-06
555.1333333,0.013502865,-2.97E-06,-2.82E-06
555.1666667,0.013496932,-2.97E-06,-2.82E-06
555.2,0.013491002,-2.97E-06,-2.82E-06
555.2333333,0.013485075,-2.96E-06,-2.82E-06
555.2666667,0.013479149,-2.96E-06,-2.81E-06
555.3,0.013473226,-2.96E-06,-2.81E-06
555.3333333,0.013467306,-2.96E-06,-2.81E-06
555.3666667,0.013461388,-2.96E-06,-2.81E-06
555.4,0.013455472,-2.96E-06,-2.81E-06
555.4333333,0.013449558,-2.96E-06,-2.81E-06
555.4666667,0.013443647,-2.96E-06,-2.81E-06
555.5,0.013437738,-2.95E-06,-2.81E-06
555.5333333,0.013431832,-2.95E-06,-2.81E-06
555.5666667,0.013425927,-2.95E-06,-2.80E-06
555.6,0.013420026,-2.95E-06,-2.80E-06
555.6333333,0.013414126,-2.95E-06,-2.80E-06
555.6666667,0.013408229,-2.95E-06,-2.80E-06
555.7,0.013402334,-2.95E-06,-2.80E-06
555.7333333,0.013396442,-2.95E-06,-2.80E-06
555.7666667,0.013390552,-2.95E-06,-2.80E-06
555.8,0.013384664,-2.94E-06,-2.80E-06
555.8333333,0.013378779,-2.94E-06,-2.80E-06
555.8666667,0.013372896,-2.94E-06,-2.79E-06
555.9,0.013367015,-2.94E-06,-2.79E-06
555.9333333,0.013361137,-2.94E-06,-2.79E-06
555.9666667,0.013355261,-2.94E-06,-2.79E-06
556,0.013349387,-2.94E-06,-2.79E-06
556.0333333,0.013343516,-2.94E-06,-2.79E-06
556.0666667,0.013337647,-2.93E-06,-2.79E-06
556.1,0.01333178,-2.93E-06,-2.79E-06
556.1333333,0.013325916,-2.93E-06,-2.79E-06
556.1666667,0.013320054,-2.93E-06,-2.78E-06
556.2,0.013314194,-2.93E-06,-2.78E-06
556.2333333,0.013308337,-2.93E-06,-2.78E-06
556.2666667,0.013302482,-2.93E-06,-2.78E-06
556.3,0.013296629,-2.93E-06,-2.78E-06
556.3333333,0.013290779,-2.93E-06,-2.78E-06
556.3666667,0.013284931,-2.92E-06,-2.78E-06
556.4,0.013279085,-2.92E-06,-2.78E-06
556.4333333,0.013273241,-2.92E-06,-2.78E-06
556.4666667,0.0132674,-2.92E-06,-2.77E-06
556.5,0.013261562,-2.92E-06,-2.77E-06
556.5333333,0.013255725,-2.92E-06,-2.77E-06
556.5666667,0.013249891,-2.92E-06,-2.77E-06
556.6,0.013244059,-2.92E-06,-2.77E-06
556.6333333,0.01323823,-2.91E-06,-2.77E-06
556.6666667,0.013232403,-2.91E-06,-2.77E-06
556.7,0.013226578,-2.91E-06,-2.77E-06
556.7333333,0.013220756,-2.91E-06,-2.77E-06
556.7666667,0.013214936,-2.91E-06,-2.76E-06
556.8,0.013209118,-2.91E-06,-2.76E-06
556.8333333,0.013203302,-2.91E-06,-2.76E-06
556.8666667,0.013197489,-2.91E-06,-2.76E-06
556.9,0.013191678,-2.91E-06,-2.76E-06
556.9333333,0.01318587,-2.90E-06,-2.76E-06
556.9666667,0.013180063,-2.90E-06,-2.76E-06
557,0.013174259,-2.90E-06,-2.76E-06
557.0333333,0.013168458,-2.90E-06,-2.76E-06
557.0666667,0.013162659,-2.90E-06,-2.75E-06
557.1,0.013156862,-2.90E-06,-2.75E-06
557.1333333,0.013151067,-2.90E-06,-2.75E-06
557.1666667,0.013145275,-2.90E-06,-2.75E-06
557.2,0.013139484,-2.90E-06,-2.75E-06
557.2333333,0.013133697,-2.89E-06,-2.75E-06
557.2666667,0.013127911,-2.89E-06,-2.75E-06
557.3,0.013122128,-2.89E-06,-2.75E-06
557.3333333,0.013116347,-2.89E-06,-2.75E-06
557.3666667,0.013110569,-2.89E-06,-2.74E-06
557.4,0.013104793,-2.89E-06,-2.74E-06
557.4333333,0.013099019,-2.89E-06,-2.74E-06
557.4666667,0.013093247,-2.89E-06,-2.74E-06
557.5,0.013087478,-2.88E-06,-2.74E-06
557.5333333,0.013081711,-2.88E-06,-2.74E-06
557.5666667,0.013075946,-2.88E-06,-2.74E-06
557.6,0.013070183,-2.88E-06,-2.74E-06
557.6333333,0.013064423,-2.88E-06,-2.74E-06
557.6666667,0.013058666,-2.88E-06,-2.73E-06
557.7,0.01305291,-2.88E-06,-2.73E-06
557.7333333,0.013047157,-2.88E-06,-2.73E-06
557.7666667,0.013041406,-2.88E-06,-2.73E-06
557.8,0.013035657,-2.87E-06,-2.73E-06
557.8333333,0.013029911,-2.87E-06,-2.73E-06
557.8666667,0.013024167,-2.87E-06,-2.73E-06
557.9,0.013018425,-2.87E-06,-2.73E-06
557.9333333,0.013012686,-2.87E-06,-2.73E-06
557.9666667,0.013006948,-2.87E-06,-2.72E-06
558,0.013001214,-2.87E-06,-2.72E-06
558.0333333,0.012995481,-2.87E-06,-2.72E-06
558.0666667,0.012989751,-2.87E-06,-2.72E-06
558.1,0.012984023,-2.86E-06,-2.72E-06
558.1333333,0.012978297,-2.86E-06,-2.72E-06
558.1666667,0.012972573,-2.86E-06,-2.72E-06
558.2,0.012966852,-2.86E-06,-2.72E-06
558.2333333,0.012961133,-2.86E-06,-2.72E-06
558.2666667,0.012955417,-2.86E-06,-2.71E-06
558.3,0.012949702,-2.86E-06,-2.71E-06
558.3333333,0.01294399,-2.86E-06,-2.71E-06
558.3666667,0.012938281,-2.85E-06,-2.71E-06
558.4,0.012932573,-2.85E-06,-2.71E-06
558.4333333,0.012926868,-2.85E-06,-2.71E-06
558.4666667,0.012921165,-2.85E-06,-2.71E-06
558.5,0.012915464,-2.85E-06,-2.71E-06
558.5333333,0.012909766,-2.85E-06,-2.71E-06
558.5666667,0.01290407,-2.85E-06,-2.71E-06
558.6,0.012898376,-2.85E-06,-2.70E-06
558.6333333,0.012892685,-2.85E-06,-2.70E-06
558.6666667,0.012886995,-2.84E-06,-2.70E-06
558.7,0.012881308,-2.84E-06,-2.70E-06
558.7333333,0.012875624,-2.84E-06,-2.70E-06
558.7666667,0.012869941,-2.84E-06,-2.70E-06
558.8,0.012864261,-2.84E-06,-2.70E-06
558.8333333,0.012858583,-2.84E-06,-2.70E-06
558.8666667,0.012852907,-2.84E-06,-2.70E-06
558.9,0.012847234,-2.84E-06,-2.69E-06
558.9333333,0.012841563,-2.84E-06,-2.69E-06
558.9666667,0.012835894,-2.83E-06,-2.69E-06
559,0.012830228,-2.83E-06,-2.69E-06
559.0333333,0.012824563,-2.83E-06,-2.69E-06
559.0666667,0.012818901,-2.83E-06,-2.69E-06
559.1,0.012813241,-2.83E-06,-2.69E-06
559.1333333,0.012807584,-2.83E-06,-2.69E-06
559.1666667,0.012801929,-2.83E-06,-2.69E-06
559.2,0.012796276,-2.83E-06,-2.68E-06
559.2333333,0.012790625,-2.83E-06,-2.68E-06
559.2666667,0.012784977,-2.82E-06,-2.68E-06
559.3,0.01277933,-2.82E-06,-2.68E-06
559.3333333,0.012773686,-2.82E-06,-2.68E-06
559.3666667,0.012768045,-2.82E-06,-2.68E-06
559.4,0.012762405,-2.82E-06,-2.68E-06
559.4333333,0.012756768,-2.82E-06,-2.68E-06
559.4666667,0.012751133,-2.82E-06,-2.68E-06
559.5,0.0127455,-2.82E-06,-2.67E-06
559.5333333,0.01273987,-2.82E-06,-2.67E-06
559.5666667,0.012734242,-2.81E-06,-2.67E-06
559.6,0.012728616,-2.81E-06,-2.67E-06
559.6333333,0.012722992,-2.81E-06,-2.67E-06
559.6666667,0.012717371,-2.81E-06,-2.67E-06
559.7,0.012711752,-2.81E-06,-2.67E-06
559.7333333,0.012706135,-2.81E-06,-2.67E-06
559.7666667,0.01270052,-2.81E-06,-2.67E-06
559.8,0.012694908,-2.81E-06,-2.67E-06
559.8333333,0.012689298,-2.81E-06,-2.66E-06
559.8666667,0.01268369,-2.80E-06,-2.66E-06
559.9,0.012678084,-2.80E-06,-2.66E-06
559.9333333,0.01267248,-2.80E-06,-2.66E-06
559.9666667,0.012666879,-2.80E-06,-2.66E-06
560,0.01266128,-2.80E-06,-2.66E-06
560.0333333,0.012655684,-2.80E-06,-2.66E-06
560.0666667,0.012650089,-2.80E-06,-2.66E-06
560.1,0.012644497,-2.80E-06,-2.66E-06
560.1333333,0.012638907,-2.79E-06,-2.65E-06
560.1666667,0.012633319,-2.79E-06,-2.65E-06
560.2,0.012627734,-2.79E-06,-2.65E-06
560.2333333,0.01262215,-2.79E-06,-2.65E-06
560.2666667,0.012616569,-2.79E-06,-2.65E-06
560.3,0.012610991,-2.79E-06,-2.65E-06
560.3333333,0.012605414,-2.79E-06,-2.65E-06
560.3666667,0.01259984,-2.79E-06,-2.65E-06
560.4,0.012594268,-2.79E-06,-2.65E-06
560.4333333,0.012588698,-2.78E-06,-2.64E-06
560.4666667,0.01258313,-2.78E-06,-2.64E-06
560.5,0.012577565,-2.78E-06,-2.64E-06
560.5333333,0.012572001,-2.78E-06,-2.64E-06
560.5666667,0.01256644,-2.78E-06,-2.64E-06
560.6,0.012560882,-2.78E-06,-2.64E-06
560.6333333,0.012555325,-2.78E-06,-2.64E-06
560.6666667,0.012549771,-2.78E-06,-2.64E-06
560.7,0.012544219,-2.78E-06,-2.64E-06
560.7333333,0.012538669,-2.77E-06,-2.64E-06
560.7666667,0.012533122,-2.77E-06,-2.63E-06
560.8,0.012527576,-2.77E-06,-2.63E-06
560.8333333,0.012522033,-2.77E-06,-2.63E-06
560.8666667,0.012516492,-2.77E-06,-2.63E-06
560.9,0.012510953,-2.77E-06,-2.63E-06
560.9333333,0.012505417,-2.77E-06,-2.63E-06
560.9666667,0.012499883,-2.77E-06,-2.63E-06
561,0.012494351,-2.77E-06,-2.63E-06
561.0333333,0.012488821,-2.76E-06,-2.63E-06
561.0666667,0.012483293,-2.76E-06,-2.62E-06
561.1,0.012477768,-2.76E-06,-2.62E-06
561.1333333,0.012472245,-2.76E-06,-2.62E-06
561.1666667,0.012466724,-2.76E-06,-2.62E-06
561.2,0.012461205,-2.76E-06,-2.62E-06
561.2333333,0.012455688,-2.76E-06,-2.62E-06
561.2666667,0.012450174,-2.76E-06,-2.62E-06
561.3,0.012444662,-2.76E-06,-2.62E-06
561.3333333,0.012439152,-2.75E-06,-2.62E-06
561.3666667,0.012433644,-2.75E-06,-2.62E-06
561.4,0.012428139,-2.75E-06,-2.61E-06
561.4333333,0.012422636,-2.75E-06,-2.61E-06
561.4666667,0.012417135,-2.75E-06,-2.61E-06
561.5,0.012411636,-2.75E-06,-2.61E-06
561.5333333,0.012406139,-2.75E-06,-2.61E-06
561.5666667,0.012400645,-2.75E-06,-2.61E-06
561.6,0.012395152,-2.75E-06,-2.61E-06
561.6333333,0.012389662,-2.75E-06,-2.61E-06
561.6666667,0.012384175,-2.74E-06,-2.61E-06
561.7,0.012378689,-2.74E-06,-2.60E-06
561.7333333,0.012373206,-2.74E-06,-2.60E-06
561.7666667,0.012367724,-2.74E-06,-2.60E-06
561.8,0.012362245,-2.74E-06,-2.60E-06
561.8333333,0.012356769,-2.74E-06,-2.60E-06
561.8666667,0.012351294,-2.74E-06,-2.60E-06
561.9,0.012345822,-2.74E-06,-2.60E-06
561.9333333,0.012340351,-2.74E-06,-2.60E-06
561.9666667,0.012334883,-2.73E-06,-2.60E-06
562,0.012329417,-2.73E-06,-2.60E-06
562.0333333,0.012323954,-2.73E-06,-2.59E-06
562.0666667,0.012318492,-2.73E-06,-2.59E-06
562.1,0.012313033,-2.73E-06,-2.59E-06
562.1333333,0.012307576,-2.73E-06,-2.59E-06
562.1666667,0.012302121,-2.73E-06,-2.59E-06
562.2,0.012296669,-2.73E-06,-2.59E-06
562.2333333,0.012291218,-2.73E-06,-2.59E-06
562.2666667,0.01228577,-2.72E-06,-2.59E-06
562.3,0.012280324,-2.72E-06,-2.59E-06
562.3333333,0.01227488,-2.72E-06,-2.58E-06
562.3666667,0.012269438,-2.72E-06,-2.58E-06
562.4,0.012263999,-2.72E-06,-2.58E-06
562.4333333,0.012258561,-2.72E-06,-2.58E-06
562.4666667,0.012253126,-2.72E-06,-2.58E-06
562.5,0.012247693,-2.72E-06,-2.58E-06
562.5333333,0.012242262,-2.72E-06,-2.58E-06
562.5666667,0.012236834,-2.71E-06,-2.58E-06
562.6,0.012231407,-2.71E-06,-2.58E-06
562.6333333,0.012225983,-2.71E-06,-2.58E-06
562.6666667,0.012220561,-2.71E-06,-2.57E-06
562.7,0.012215141,-2.71E-06,-2.57E-06
562.7333333,0.012209723,-2.71E-06,-2.57E-06
562.7666667,0.012204308,-2.71E-06,-2.57E-06
562.8,0.012198894,-2.71E-06,-2.57E-06
562.8333333,0.012193483,-2.71E-06,-2.57E-06
562.8666667,0.012188074,-2.70E-06,-2.57E-06
562.9,0.012182667,-2.70E-06,-2.57E-06
562.9333333,0.012177263,-2.70E-06,-2.57E-06
562.9666667,0.01217186,-2.70E-06,-2.57E-06
563,0.01216646,-2.70E-06,-2.56E-06
563.0333333,0.012161062,-2.70E-06,-2.56E-06
563.0666667,0.012155666,-2.70E-06,-2.56E-06
563.1,0.012150272,-2.70E-06,-2.56E-06
563.1333333,0.012144881,-2.70E-06,-2.56E-06
563.1666667,0.012139491,-2.69E-06,-2.56E-06
563.2,0.012134104,-2.69E-06,-2.56E-06
563.2333333,0.012128719,-2.69E-06,-2.56E-06
563.2666667,0.012123336,-2.69E-06,-2.56E-06
563.3,0.012117955,-2.69E-06,-2.55E-06
563.3333333,0.012112576,-2.69E-06,-2.55E-06
563.3666667,0.0121072,-2.69E-06,-2.55E-06
563.4,0.012101826,-2.69E-06,-2.55E-06
563.4333333,0.012096453,-2.69E-06,-2.55E-06
563.4666667,0.012091084,-2.68E-06,-2.55E-06
563.5,0.012085716,-2.68E-06,-2.55E-06
563.5333333,0.01208035,-2.68E-06,-2.55E-06
563.5666667,0.012074987,-2.68E-06,-2.55E-06
563.6,0.012069625,-2.68E-06,-2.55E-06
563.6333333,0.012064266,-2.68E-06,-2.54E-06
563.6666667,0.012058909,-2.68E-06,-2.54E-06
563.7,0.012053554,-2.68E-06,-2.54E-06
563.7333333,0.012048202,-2.68E-06,-2.54E-06
563.7666667,0.012042851,-2.68E-06,-2.54E-06
563.8,0.012037503,-2.67E-06,-2.54E-06
563.8333333,0.012032156,-2.67E-06,-2.54E-06
563.8666667,0.012026812,-2.67E-06,-2.54E-06
563.9,0.01202147,-2.67E-06,-2.54E-06
563.9333333,0.012016131,-2.67E-06,-2.54E-06
563.9666667,0.012010793,-2.67E-06,-2.53E-06
564,0.012005458,-2.67E-06,-2.53E-06
564.0333333,0.012000124,-2.67E-06,-2.53E-06
564.0666667,0.011994793,-2.67E-06,-2.53E-06
564.1,0.011989464,-2.66E-06,-2.53E-06
564.1333333,0.011984137,-2.66E-06,-2.53E-06
564.1666667,0.011978813,-2.66E-06,-2.53E-06
564.2,0.01197349,-2.66E-06,-2.53E-06
564.2333333,0.01196817,-2.66E-06,-2.53E-06
564.2666667,0.011962851,-2.66E-06,-2.53E-06
564.3,0.011957535,-2.66E-06,-2.52E-06
564.3333333,0.011952221,-2.66E-06,-2.52E-06
564.3666667,0.011946909,-2.66E-06,-2.52E-06
564.4,0.0119416,-2.65E-06,-2.52E-06
564.4333333,0.011936292,-2.65E-06,-2.52E-06
564.4666667,0.011930986,-2.65E-06,-2.52E-06
564.5,0.011925683,-2.65E-06,-2.52E-06
564.5333333,0.011920382,-2.65E-06,-2.52E-06
564.5666667,0.011915083,-2.65E-06,-2.52E-06
564.6,0.011909786,-2.65E-06,-2.51E-06
564.6333333,0.011904491,-2.65E-06,-2.51E-06
564.6666667,0.011899199,-2.65E-06,-2.51E-06
564.7,0.011893908,-2.65E-06,-2.51E-06
564.7333333,0.01188862,-2.64E-06,-2.51E-06
564.7666667,0.011883334,-2.64E-06,-2.51E-06
564.8,0.01187805,-2.64E-06,-2.51E-06
564.8333333,0.011872768,-2.64E-06,-2.51E-06
564.8666667,0.011867488,-2.64E-06,-2.51E-06
564.9,0.01186221,-2.64E-06,-2.51E-06
564.9333333,0.011856935,-2.64E-06,-2.50E-06
564.9666667,0.011851661,-2.64E-06,-2.50E-06
565,0.01184639,-2.64E-06,-2.50E-06
565.0333333,0.011841121,-2.63E-06,-2.50E-06
565.0666667,0.011835854,-2.63E-06,-2.50E-06
565.1,0.011830589,-2.63E-06,-2.50E-06
565.1333333,0.011825326,-2.63E-06,-2.50E-06
565.1666667,0.011820065,-2.63E-06,-2.50E-06
565.2,0.011814807,-2.63E-06,-2.50E-06
565.2333333,0.01180955,-2.63E-06,-2.50E-06
565.2666667,0.011804296,-2.63E-06,-2.49E-06
565.3,0.011799044,-2.63E-06,-2.49E-06
565.3333333,0.011793794,-2.63E-06,-2.49E-06
565.3666667,0.011788546,-2.62E-06,-2.49E-06
565.4,0.0117833,-2.62E-06,-2.49E-06
565.4333333,0.011778056,-2.62E-06,-2.49E-06
565.4666667,0.011772815,-2.62E-06,-2.49E-06
565.5,0.011767575,-2.62E-06,-2.49E-06
565.5333333,0.011762338,-2.62E-06,-2.49E-06
565.5666667,0.011757102,-2.62E-06,-2.49E-06
565.6,0.011751869,-2.62E-06,-2.48E-06
565.6333333,0.011746638,-2.62E-06,-2.48E-06
565.6666667,0.011741409,-2.61E-06,-2.48E-06
565.7,0.011736183,-2.61E-06,-2.48E-06
565.7333333,0.011730958,-2.61E-06,-2.48E-06
565.7666667,0.011725735,-2.61E-06,-2.48E-06
565.8,0.011720515,-2.61E-06,-2.48E-06
565.8333333,0.011715297,-2.61E-06,-2.48E-06
565.8666667,0.01171008,-2.61E-06,-2.48E-06
565.9,0.011704866,-2.61E-06,-2.48E-06
565.9333333,0.011699654,-2.61E-06,-2.47E-06
565.9666667,0.011694444,-2.60E-06,-2.47E-06
566,0.011689236,-2.60E-06,-2.47E-06
566.0333333,0.011684031,-2.60E-06,-2.47E-06
566.0666667,0.011678827,-2.60E-06,-2.47E-06
566.1,0.011673626,-2.60E-06,-2.47E-06
566.1333333,0.011668426,-2.60E-06,-2.47E-06
566.1666667,0.011663229,-2.60E-06,-2.47E-06
566.2,0.011658034,-2.60E-06,-2.47E-06
566.2333333,0.011652841,-2.60E-06,-2.47E-06
566.2666667,0.01164765,-2.60E-06,-2.46E-06
566.3,0.011642461,-2.59E-06,-2.46E-06
566.3333333,0.011637274,-2.59E-06,-2.46E-06
566.3666667,0.011632089,-2.59E-06,-2.46E-06
566.4,0.011626906,-2.59E-06,-2.46E-06
566.4333333,0.011621726,-2.59E-06,-2.46E-06
566.4666667,0.011616548,-2.59E-06,-2.46E-06
566.5,0.011611371,-2.59E-06,-2.46E-06
566.5333333,0.011606197,-2.59E-06,-2.46E-06
566.5666667,0.011601025,-2.59E-06,-2.46E-06
566.6,0.011595855,-2.59E-06,-2.45E-06
566.6333333,0.011590687,-2.58E-06,-2.45E-06
566.6666667,0.011585521,-2.58E-06,-2.45E-06
566.7,0.011580357,-2.58E-06,-2.45E-06
566.7333333,0.011575195,-2.58E-06,-2.45E-06
566.7666667,0.011570036,-2.58E-06,-2.45E-06
566.8,0.011564878,-2.58E-06,-2.45E-06
566.8333333,0.011559723,-2.58E-06,-2.45E-06
566.8666667,0.01155457,-2.58E-06,-2.45E-06
566.9,0.011549418,-2.58E-06,-2.45E-06
566.9333333,0.011544269,-2.57E-06,-2.44E-06
566.9666667,0.011539122,-2.57E-06,-2.44E-06
567,0.011533977,-2.57E-06,-2.44E-06
567.0333333,0.011528834,-2.57E-06,-2.44E-06
567.0666667,0.011523693,-2.57E-06,-2.44E-06
567.1,0.011518555,-2.57E-06,-2.44E-06
567.1333333,0.011513418,-2.57E-06,-2.44E-06
567.1666667,0.011508283,-2.57E-06,-2.44E-06
567.2,0.011503151,-2.57E-06,-2.44E-06
567.2333333,0.01149802,-2.57E-06,-2.44E-06
567.2666667,0.011492892,-2.56E-06,-2.43E-06
567.3,0.011487766,-2.56E-06,-2.43E-06
567.3333333,0.011482641,-2.56E-06,-2.43E-06
567.3666667,0.011477519,-2.56E-06,-2.43E-06
567.4,0.011472399,-2.56E-06,-2.43E-06
567.4333333,0.011467281,-2.56E-06,-2.43E-06
567.4666667,0.011462165,-2.56E-06,-2.43E-06
567.5,0.011457051,-2.56E-06,-2.43E-06
567.5333333,0.01145194,-2.56E-06,-2.43E-06
567.5666667,0.01144683,-2.55E-06,-2.43E-06
567.6,0.011441722,-2.55E-06,-2.42E-06
567.6333333,0.011436617,-2.55E-06,-2.42E-06
567.6666667,0.011431513,-2.55E-06,-2.42E-06
567.7,0.011426412,-2.55E-06,-2.42E-06
567.7333333,0.011421313,-2.55E-06,-2.42E-06
567.7666667,0.011416215,-2.55E-06,-2.42E-06
567.8,0.01141112,-2.55E-06,-2.42E-06
567.8333333,0.011406027,-2.55E-06,-2.42E-06
567.8666667,0.011400936,-2.55E-06,-2.42E-06
567.9,0.011395847,-2.54E-06,-2.42E-06
567.9333333,0.01139076,-2.54E-06,-2.41E-06
567.9666667,0.011385675,-2.54E-06,-2.41E-06
568,0.011380592,-2.54E-06,-2.41E-06
568.0333333,0.011375511,-2.54E-06,-2.41E-06
568.0666667,0.011370432,-2.54E-06,-2.41E-06
568.1,0.011365356,-2.54E-06,-2.41E-06
568.1333333,0.011360281,-2.54E-06,-2.41E-06
568.1666667,0.011355209,-2.54E-06,-2.41E-06
568.2,0.011350138,-2.54E-06,-2.41E-06
568.2333333,0.01134507,-2.53E-06,-2.41E-06
568.2666667,0.011340003,-2.53E-06,-2.40E-06
568.3,0.011334939,-2.53E-06,-2.40E-06
568.3333333,0.011329877,-2.53E-06,-2.40E-06
568.3666667,0.011324816,-2.53E-06,-2.40E-06
568.4,0.011319758,-2.53E-06,-2.40E-06
568.4333333,0.011314702,-2.53E-06,-2.40E-06
568.4666667,0.011309648,-2.53E-06,-2.40E-06
568.5,0.011304596,-2.53E-06,-2.40E-06
568.5333333,0.011299546,-2.52E-06,-2.40E-06
568.5666667,0.011294498,-2.52E-06,-2.40E-06
568.6,0.011289452,-2.52E-06,-2.40E-06
568.6333333,0.011284408,-2.52E-06,-2.39E-06
568.6666667,0.011279367,-2.52E-06,-2.39E-06
568.7,0.011274327,-2.52E-06,-2.39E-06
568.7333333,0.011269289,-2.52E-06,-2.39E-06
568.7666667,0.011264254,-2.52E-06,-2.39E-06
568.8,0.01125922,-2.52E-06,-2.39E-06
568.8333333,0.011254188,-2.52E-06,-2.39E-06
568.8666667,0.011249159,-2.51E-06,-2.39E-06
568.9,0.011244131,-2.51E-06,-2.39E-06
568.9333333,0.011239106,-2.51E-06,-2.39E-06
568.9666667,0.011234083,-2.51E-06,-2.38E-06
569,0.011229061,-2.51E-06,-2.38E-06
569.0333333,0.011224042,-2.51E-06,-2.38E-06
569.0666667,0.011219025,-2.51E-06,-2.38E-06
569.1,0.011214009,-2.51E-06,-2.38E-06
569.1333333,0.011208996,-2.51E-06,-2.38E-06
569.1666667,0.011203985,-2.51E-06,-2.38E-06
569.2,0.011198976,-2.50E-06,-2.38E-06
569.2333333,0.011193969,-2.50E-06,-2.38E-06
569.2666667,0.011188964,-2.50E-06,-2.38E-06
569.3,0.011183961,-2.50E-06,-2.37E-06
569.3333333,0.01117896,-2.50E-06,-2.37E-06
569.3666667,0.011173961,-2.50E-06,-2.37E-06
569.4,0.011168964,-2.50E-06,-2.37E-06
569.4333333,0.011163969,-2.50E-06,-2.37E-06
569.4666667,0.011158976,-2.50E-06,-2.37E-06
569.5,0.011153985,-2.50E-06,-2.37E-06
569.5333333,0.011148996,-2.49E-06,-2.37E-06
569.5666667,0.01114401,-2.49E-06,-2.37E-06
569.6,0.011139025,-2.49E-06,-2.37E-06
569.6333333,0.011134042,-2.49E-06,-2.37E-06
569.6666667,0.011129061,-2.49E-06,-2.36E-06
569.7,0.011124083,-2.49E-06,-2.36E-06
569.7333333,0.011119106,-2.49E-06,-2.36E-06
569.7666667,0.011114131,-2.49E-06,-2.36E-06
569.8,0.011109159,-2.49E-06,-2.36E-06
569.8333333,0.011104188,-2.49E-06,-2.36E-06
569.8666667,0.01109922,-2.48E-06,-2.36E-06
569.9,0.011094253,-2.48E-06,-2.36E-06
569.9333333,0.011089288,-2.48E-06,-2.36E-06
569.9666667,0.011084326,-2.48E-06,-2.36E-06
570,0.011079365,-2.48E-06,-2.35E-06
570.0333333,0.011074407,-2.48E-06,-2.35E-06
570.0666667,0.01106945,-2.48E-06,-2.35E-06
570.1,0.011064496,-2.48E-06,-2.35E-06
570.1333333,0.011059544,-2.48E-06,-2.35E-06
570.1666667,0.011054593,-2.48E-06,-2.35E-06
570.2,0.011049645,-2.47E-06,-2.35E-06
570.2333333,0.011044698,-2.47E-06,-2.35E-06
570.2666667,0.011039754,-2.47E-06,-2.35E-06
570.3,0.011034811,-2.47E-06,-2.35E-06
570.3333333,0.011029871,-2.47E-06,-2.34E-06
570.3666667,0.011024933,-2.47E-06,-2.34E-06
570.4,0.011019996,-2.47E-06,-2.34E-06
570.4333333,0.011015062,-2.47E-06,-2.34E-06
570.4666667,0.01101013,-2.47E-06,-2.34E-06
570.5,0.011005199,-2.47E-06,-2.34E-06
570.5333333,0.011000271,-2.46E-06,-2.34E-06
570.5666667,0.010995345,-2.46E-06,-2.34E-06
570.6,0.01099042,-2.46E-06,-2.34E-06
570.6333333,0.010985498,-2.46E-06,-2.34E-06
570.6666667,0.010980578,-2.46E-06,-2.34E-06
570.7,0.01097566,-2.46E-06,-2.33E-06
570.7333333,0.010970743,-2.46E-06,-2.33E-06
570.7666667,0.010965829,-2.46E-06,-2.33E-06
570.8,0.010960917,-2.46E-06,-2.33E-06
570.8333333,0.010956006,-2.46E-06,-2.33E-06
570.8666667,0.010951098,-2.45E-06,-2.33E-06
570.9,0.010946192,-2.45E-06,-2.33E-06
570.9333333,0.010941287,-2.45E-06,-2.33E-06
570.9666667,0.010936385,-2.45E-06,-2.33E-06
571,0.010931485,-2.45E-06,-2.33E-06
571.0333333,0.010926587,-2.45E-06,-2.32E-06
571.0666667,0.01092169,-2.45E-06,-2.32E-06
571.1,0.010916796,-2.45E-06,-2.32E-06
571.1333333,0.010911904,-2.45E-06,-2.32E-06
571.1666667,0.010907013,-2.45E-06,-2.32E-06
571.2,0.010902125,-2.44E-06,-2.32E-06
571.2333333,0.010897238,-2.44E-06,-2.32E-06
571.2666667,0.010892354,-2.44E-06,-2.32E-06
571.3,0.010887472,-2.44E-06,-2.32E-06
571.3333333,0.010882591,-2.44E-06,-2.32E-06
571.3666667,0.010877713,-2.44E-06,-2.32E-06
571.4,0.010872837,-2.44E-06,-2.31E-06
571.4333333,0.010867962,-2.44E-06,-2.31E-06
571.4666667,0.01086309,-2.44E-06,-2.31E-06
571.5,0.010858219,-2.44E-06,-2.31E-06
571.5333333,0.010853351,-2.43E-06,-2.31E-06
571.5666667,0.010848484,-2.43E-06,-2.31E-06
571.6,0.01084362,-2.43E-06,-2.31E-06
571.6333333,0.010838757,-2.43E-06,-2.31E-06
571.6666667,0.010833897,-2.43E-06,-2.31E-06
571.7,0.010829038,-2.43E-06,-2.31E-06
571.7333333,0.010824182,-2.43E-06,-2.30E-06
571.7666667,0.010819327,-2.43E-06,-2.30E-06
571.8,0.010814474,-2.43E-06,-2.30E-06
571.8333333,0.010809624,-2.43E-06,-2.30E-06
571.8666667,0.010804775,-2.42E-06,-2.30E-06
571.9,0.010799928,-2.42E-06,-2.30E-06
571.9333333,0.010795084,-2.42E-06,-2.30E-06
571.9666667,0.010790241,-2.42E-06,-2.30E-06
572,0.0107854,-2.42E-06,-2.30E-06
572.0333333,0.010780562,-2.42E-06,-2.30E-06
572.0666667,0.010775725,-2.42E-06,-2.30E-06
572.1,0.01077089,-2.42E-06,-2.29E-06
572.1333333,0.010766057,-2.42E-06,-2.29E-06
572.1666667,0.010761226,-2.42E-06,-2.29E-06
572.2,0.010756397,-2.41E-06,-2.29E-06
572.2333333,0.01075157,-2.41E-06,-2.29E-06
572.2666667,0.010746745,-2.41E-06,-2.29E-06
572.3,0.010741922,-2.41E-06,-2.29E-06
572.3333333,0.010737101,-2.41E-06,-2.29E-06
572.3666667,0.010732282,-2.41E-06,-2.29E-06
572.4,0.010727465,-2.41E-06,-2.29E-06
572.4333333,0.01072265,-2.41E-06,-2.29E-06
572.4666667,0.010717837,-2.41E-06,-2.28E-06
572.5,0.010713026,-2.41E-06,-2.28E-06
572.5333333,0.010708216,-2.40E-06,-2.28E-06
572.5666667,0.010703409,-2.40E-06,-2.28E-06
572.6,0.010698604,-2.40E-06,-2.28E-06
572.6333333,0.0106938,-2.40E-06,-2.28E-06
572.6666667,0.010688999,-2.40E-06,-2.28E-06
572.7,0.0106842,-2.40E-06,-2.28E-06
572.7333333,0.010679402,-2.40E-06,-2.28E-06
572.7666667,0.010674607,-2.40E-06,-2.28E-06
572.8,0.010669813,-2.40E-06,-2.27E-06
572.8333333,0.010665021,-2.40E-06,-2.27E-06
572.8666667,0.010660232,-2.39E-06,-2.27E-06
572.9,0.010655444,-2.39E-06,-2.27E-06
572.9333333,0.010650658,-2.39E-06,-2.27E-06
572.9666667,0.010645875,-2.39E-06,-2.27E-06
573,0.010641093,-2.39E-06,-2.27E-06
573.0333333,0.010636313,-2.39E-06,-2.27E-06
573.0666667,0.010631535,-2.39E-06,-2.27E-06
573.1,0.010626759,-2.39E-06,-2.27E-06
573.1333333,0.010621985,-2.39E-06,-2.27E-06
573.1666667,0.010617213,-2.39E-06,-2.26E-06
573.2,0.010612443,-2.39E-06,-2.26E-06
573.2333333,0.010607675,-2.38E-06,-2.26E-06
573.2666667,0.010602908,-2.38E-06,-2.26E-06
573.3,0.010598144,-2.38E-06,-2.26E-06
573.3333333,0.010593382,-2.38E-06,-2.26E-06
573.3666667,0.010588621,-2.38E-06,-2.26E-06
573.4,0.010583863,-2.38E-06,-2.26E-06
573.4333333,0.010579106,-2.38E-06,-2.26E-06
573.4666667,0.010574352,-2.38E-06,-2.26E-06
573.5,0.010569599,-2.38E-06,-2.26E-06
573.5333333,0.010564849,-2.38E-06,-2.25E-06
573.5666667,0.0105601,-2.37E-06,-2.25E-06
573.6,0.010555353,-2.37E-06,-2.25E-06
573.6333333,0.010550608,-2.37E-06,-2.25E-06
573.6666667,0.010545865,-2.37E-06,-2.25E-06
573.7,0.010541124,-2.37E-06,-2.25E-06
573.7333333,0.010536385,-2.37E-06,-2.25E-06
573.7666667,0.010531648,-2.37E-06,-2.25E-06
573.8,0.010526913,-2.37E-06,-2.25E-06
573.8333333,0.01052218,-2.37E-06,-2.25E-06
573.8666667,0.010517449,-2.37E-06,-2.25E-06
573.9,0.010512719,-2.36E-06,-2.24E-06
573.9333333,0.010507992,-2.36E-06,-2.24E-06
573.9666667,0.010503267,-2.36E-06,-2.24E-06
574,0.010498543,-2.36E-06,-2.24E-06
574.0333333,0.010493821,-2.36E-06,-2.24E-06
574.0666667,0.010489102,-2.36E-06,-2.24E-06
574.1,0.010484384,-2.36E-06,-2.24E-06
574.1333333,0.010479668,-2.36E-06,-2.24E-06
574.1666667,0.010474954,-2.36E-06,-2.24E-06
574.2,0.010470242,-2.36E-06,-2.24E-06
574.2333333,0.010465532,-2.36E-06,-2.24E-06
574.2666667,0.010460824,-2.35E-06,-2.23E-06
574.3,0.010456118,-2.35E-06,-2.23E-06
574.3333333,0.010451414,-2.35E-06,-2.23E-06
574.3666667,0.010446712,-2.35E-06,-2.23E-06
574.4,0.010442011,-2.35E-06,-2.23E-06
574.4333333,0.010437313,-2.35E-06,-2.23E-06
574.4666667,0.010432616,-2.35E-06,-2.23E-06
574.5,0.010427922,-2.35E-06,-2.23E-06
574.5333333,0.010423229,-2.35E-06,-2.23E-06
574.5666667,0.010418538,-2.35E-06,-2.23E-06
574.6,0.010413849,-2.34E-06,-2.22E-06
574.6333333,0.010409162,-2.34E-06,-2.22E-06
574.6666667,0.010404477,-2.34E-06,-2.22E-06
574.7,0.010399794,-2.34E-06,-2.22E-06
574.7333333,0.010395113,-2.34E-06,-2.22E-06
574.7666667,0.010390434,-2.34E-06,-2.22E-06
574.8,0.010385756,-2.34E-06,-2.22E-06
574.8333333,0.010381081,-2.34E-06,-2.22E-06
574.8666667,0.010376407,-2.34E-06,-2.22E-06
574.9,0.010371736,-2.34E-06,-2.22E-06
574.9333333,0.010367066,-2.33E-06,-2.22E-06
574.9666667,0.010362398,-2.33E-06,-2.21E-06
575,0.010357733,-2.33E-06,-2.21E-06
575.0333333,0.010353069,-2.33E-06,-2.21E-06
575.0666667,0.010348407,-2.33E-06,-2.21E-06
575.1,0.010343746,-2.33E-06,-2.21E-06
575.1333333,0.010339088,-2.33E-06,-2.21E-06
575.1666667,0.010334432,-2.33E-06,-2.21E-06
575.2,0.010329777,-2.33E-06,-2.21E-06
575.2333333,0.010325125,-2.33E-06,-2.21E-06
575.2666667,0.010320474,-2.33E-06,-2.21E-06
575.3,0.010315826,-2.32E-06,-2.21E-06
575.3333333,0.010311179,-2.32E-06,-2.20E-06
575.3666667,0.010306534,-2.32E-06,-2.20E-06
575.4,0.010301891,-2.32E-06,-2.20E-06
575.4333333,0.01029725,-2.32E-06,-2.20E-06
575.4666667,0.010292611,-2.32E-06,-2.20E-06
575.5,0.010287974,-2.32E-06,-2.20E-06
575.5333333,0.010283338,-2.32E-06,-2.20E-06
575.5666667,0.010278705,-2.32E-06,-2.20E-06
575.6,0.010274073,-2.32E-06,-2.20E-06
575.6333333,0.010269444,-2.31E-06,-2.20E-06
575.6666667,0.010264816,-2.31E-06,-2.20E-06
575.7,0.01026019,-2.31E-06,-2.19E-06
575.7333333,0.010255566,-2.31E-06,-2.19E-06
575.7666667,0.010250944,-2.31E-06,-2.19E-06
575.8,0.010246324,-2.31E-06,-2.19E-06
575.8333333,0.010241706,-2.31E-06,-2.19E-06
575.8666667,0.010237089,-2.31E-06,-2.19E-06
575.9,0.010232475,-2.31E-06,-2.19E-06
575.9333333,0.010227862,-2.31E-06,-2.19E-06
575.9666667,0.010223251,-2.31E-06,-2.19E-06
576,0.010218643,-2.30E-06,-2.19E-06
576.0333333,0.010214036,-2.30E-06,-2.19E-06
576.0666667,0.010209431,-2.30E-06,-2.19E-06
576.1,0.010204827,-2.30E-06,-2.18E-06
576.1333333,0.010200226,-2.30E-06,-2.18E-06
576.1666667,0.010195627,-2.30E-06,-2.18E-06
576.2,0.010191029,-2.30E-06,-2.18E-06
576.2333333,0.010186434,-2.30E-06,-2.18E-06
576.2666667,0.01018184,-2.30E-06,-2.18E-06
576.3,0.010177248,-2.30E-06,-2.18E-06
576.3333333,0.010172658,-2.29E-06,-2.18E-06
576.3666667,0.01016807,-2.29E-06,-2.18E-06
576.4,0.010163484,-2.29E-06,-2.18E-06
576.4333333,0.0101589,-2.29E-06,-2.18E-06
576.4666667,0.010154317,-2.29E-06,-2.17E-06
576.5,0.010149737,-2.29E-06,-2.17E-06
576.5333333,0.010145158,-2.29E-06,-2.17E-06
576.5666667,0.010140582,-2.29E-06,-2.17E-06
576.6,0.010136007,-2.29E-06,-2.17E-06
576.6333333,0.010131434,-2.29E-06,-2.17E-06
576.6666667,0.010126863,-2.29E-06,-2.17E-06
576.7,0.010122293,-2.28E-06,-2.17E-06
576.7333333,0.010117726,-2.28E-06,-2.17E-06
576.7666667,0.010113161,-2.28E-06,-2.17E-06
576.8,0.010108597,-2.28E-06,-2.17E-06
576.8333333,0.010104035,-2.28E-06,-2.16E-06
576.8666667,0.010099475,-2.28E-06,-2.16E-06
576.9,0.010094917,-2.28E-06,-2.16E-06
576.9333333,0.010090361,-2.28E-06,-2.16E-06
576.9666667,0.010085807,-2.28E-06,-2.16E-06
577,0.010081255,-2.28E-06,-2.16E-06
577.0333333,0.010076704,-2.28E-06,-2.16E-06
577.0666667,0.010072155,-2.27E-06,-2.16E-06
577.1,0.010067609,-2.27E-06,-2.16E-06
577.1333333,0.010063064,-2.27E-06,-2.16E-06
577.1666667,0.010058521,-2.27E-06,-2.16E-06
577.2,0.01005398,-2.27E-06,-2.15E-06
577.2333333,0.01004944,-2.27E-06,-2.15E-06
577.2666667,0.010044903,-2.27E-06,-2.15E-06
577.3,0.010040367,-2.27E-06,-2.15E-06
577.3333333,0.010035834,-2.27E-06,-2.15E-06
577.3666667,0.010031302,-2.27E-06,-2.15E-06
577.4,0.010026772,-2.26E-06,-2.15E-06
577.4333333,0.010022244,-2.26E-06,-2.15E-06
577.4666667,0.010017718,-2.26E-06,-2.15E-06
577.5,0.010013193,-2.26E-06,-2.15E-06
577.5333333,0.010008671,-2.26E-06,-2.15E-06
577.5666667,0.01000415,-2.26E-06,-2.14E-06
577.6,0.009999631,-2.26E-06,-2.14E-06
577.6333333,0.009995114,-2.26E-06,-2.14E-06
577.6666667,0.009990599,-2.26E-06,-2.14E-06
577.7,0.009986086,-2.26E-06,-2.14E-06
577.7333333,0.009981575,-2.26E-06,-2.14E-06
577.7666667,0.009977065,-2.25E-06,-2.14E-06
577.8,0.009972557,-2.25E-06,-2.14E-06
577.8333333,0.009968052,-2.25E-06,-2.14E-06
577.8666667,0.009963548,-2.25E-06,-2.14E-06
577.9,0.009959046,-2.25E-06,-2.14E-06
577.9333333,0.009954545,-2.25E-06,-2.14E-06
577.9666667,0.009950047,-2.25E-06,-2.13E-06
578,0.00994555,-2.25E-06,-2.13E-06
578.0333333,0.009941056,-2.25E-06,-2.13E-06
578.0666667,0.009936563,-2.25E-06,-2.13E-06
578.1,0.009932072,-2.25E-06,-2.13E-06
578.1333333,0.009927583,-2.24E-06,-2.13E-06
578.1666667,0.009923095,-2.24E-06,-2.13E-06
578.2,0.00991861,-2.24E-06,-2.13E-06
578.2333333,0.009914126,-2.24E-06,-2.13E-06
578.2666667,0.009909645,-2.24E-06,-2.13E-06
578.3,0.009905165,-2.24E-06,-2.13E-06
578.3333333,0.009900687,-2.24E-06,-2.12E-06
578.3666667,0.00989621,-2.24E-06,-2.12E-06
578.4,0.009891736,-2.24E-06,-2.12E-06
578.4333333,0.009887264,-2.24E-06,-2.12E-06
578.4666667,0.009882793,-2.24E-06,-2.12E-06
578.5,0.009878324,-2.23E-06,-2.12E-06
578.5333333,0.009873857,-2.23E-06,-2.12E-06
578.5666667,0.009869392,-2.23E-06,-2.12E-06
578.6,0.009864929,-2.23E-06,-2.12E-06
578.6333333,0.009860467,-2.23E-06,-2.12E-06
578.6666667,0.009856007,-2.23E-06,-2.12E-06
578.7,0.00985155,-2.23E-06,-2.11E-06
578.7333333,0.009847094,-2.23E-06,-2.11E-06
578.7666667,0.009842639,-2.23E-06,-2.11E-06
578.8,0.009838187,-2.23E-06,-2.11E-06
578.8333333,0.009833737,-2.23E-06,-2.11E-06
578.8666667,0.009829288,-2.22E-06,-2.11E-06
578.9,0.009824841,-2.22E-06,-2.11E-06
578.9333333,0.009820396,-2.22E-06,-2.11E-06
578.9666667,0.009815953,-2.22E-06,-2.11E-06
579,0.009811512,-2.22E-06,-2.11E-06
579.0333333,0.009807072,-2.22E-06,-2.11E-06
579.0666667,0.009802635,-2.22E-06,-2.11E-06
579.1,0.009798199,-2.22E-06,-2.10E-06
579.1333333,0.009793765,-2.22E-06,-2.10E-06
579.1666667,0.009789333,-2.22E-06,-2.10E-06
579.2,0.009784902,-2.22E-06,-2.10E-06
579.2333333,0.009780474,-2.21E-06,-2.10E-06
579.2666667,0.009776047,-2.21E-06,-2.10E-06
579.3,0.009771622,-2.21E-06,-2.10E-06
579.3333333,0.009767199,-2.21E-06,-2.10E-06
579.3666667,0.009762778,-2.21E-06,-2.10E-06
579.4,0.009758359,-2.21E-06,-2.10E-06
579.4333333,0.009753941,-2.21E-06,-2.10E-06
579.4666667,0.009749525,-2.21E-06,-2.09E-06
579.5,0.009745111,-2.21E-06,-2.09E-06
579.5333333,0.009740699,-2.21E-06,-2.09E-06
579.5666667,0.009736289,-2.21E-06,-2.09E-06
579.6,0.009731881,-2.20E-06,-2.09E-06
579.6333333,0.009727474,-2.20E-06,-2.09E-06
579.6666667,0.009723069,-2.20E-06,-2.09E-06
579.7,0.009718666,-2.20E-06,-2.09E-06
579.7333333,0.009714265,-2.20E-06,-2.09E-06
579.7666667,0.009709866,-2.20E-06,-2.09E-06
579.8,0.009705468,-2.20E-06,-2.09E-06
579.8333333,0.009701072,-2.20E-06,-2.09E-06
579.8666667,0.009696678,-2.20E-06,-2.08E-06
579.9,0.009692286,-2.20E-06,-2.08E-06
579.9333333,0.009687896,-2.20E-06,-2.08E-06
579.9666667,0.009683507,-2.19E-06,-2.08E-06
580,0.009679121,-2.19E-06,-2.08E-06
580.0333333,0.009674736,-2.19E-06,-2.08E-06
580.0666667,0.009670353,-2.19E-06,-2.08E-06
580.1,0.009665972,-2.19E-06,-2.08E-06
580.1333333,0.009661592,-2.19E-06,-2.08E-06
580.1666667,0.009657215,-2.19E-06,-2.08E-06
580.2,0.009652839,-2.19E-06,-2.08E-06
580.2333333,0.009648465,-2.19E-06,-2.07E-06
580.2666667,0.009644092,-2.19E-06,-2.07E-06
580.3,0.009639722,-2.19E-06,-2.07E-06
580.3333333,0.009635353,-2.18E-06,-2.07E-06
580.3666667,0.009630987,-2.18E-06,-2.07E-06
580.4,0.009626622,-2.18E-06,-2.07E-06
580.4333333,0.009622259,-2.18E-06,-2.07E-06
580.4666667,0.009617897,-2.18E-06,-2.07E-06
580.5,0.009613538,-2.18E-06,-2.07E-06
580.5333333,0.00960918,-2.18E-06,-2.07E-06
580.5666667,0.009604824,-2.18E-06,-2.07E-06
580.6,0.00960047,-2.18E-06,-2.07E-06
580.6333333,0.009596117,-2.18E-06,-2.06E-06
580.6666667,0.009591767,-2.18E-06,-2.06E-06
580.7,0.009587418,-2.17E-06,-2.06E-06
580.7333333,0.009583071,-2.17E-06,-2.06E-06
580.7666667,0.009578726,-2.17E-06,-2.06E-06
580.8,0.009574382,-2.17E-06,-2.06E-06
580.8333333,0.009570041,-2.17E-06,-2.06E-06
580.8666667,0.009565701,-2.17E-06,-2.06E-06
580.9,0.009561363,-2.17E-06,-2.06E-06
580.9333333,0.009557027,-2.17E-06,-2.06E-06
580.9666667,0.009552692,-2.17E-06,-2.06E-06
581,0.00954836,-2.17E-06,-2.06E-06
581.0333333,0.009544029,-2.17E-06,-2.05E-06
581.0666667,0.0095397,-2.16E-06,-2.05E-06
581.1,0.009535372,-2.16E-06,-2.05E-06
581.1333333,0.009531047,-2.16E-06,-2.05E-06
581.1666667,0.009526723,-2.16E-06,-2.05E-06
581.2,0.009522401,-2.16E-06,-2.05E-06
581.2333333,0.009518081,-2.16E-06,-2.05E-06
581.2666667,0.009513763,-2.16E-06,-2.05E-06
581.3,0.009509446,-2.16E-06,-2.05E-06
581.3333333,0.009505132,-2.16E-06,-2.05E-06
581.3666667,0.009500819,-2.16E-06,-2.05E-06
581.4,0.009496507,-2.16E-06,-2.05E-06
581.4333333,0.009492198,-2.15E-06,-2.04E-06
581.4666667,0.00948789,-2.15E-06,-2.04E-06
581.5,0.009483585,-2.15E-06,-2.04E-06
581.5333333,0.00947928,-2.15E-06,-2.04E-06
581.5666667,0.009474978,-2.15E-06,-2.04E-06
581.6,0.009470678,-2.15E-06,-2.04E-06
581.6333333,0.009466379,-2.15E-06,-2.04E-06
581.6666667,0.009462082,-2.15E-06,-2.04E-06
581.7,0.009457787,-2.15E-06,-2.04E-06
581.7333333,0.009453493,-2.15E-06,-2.04E-06
581.7666667,0.009449202,-2.15E-06,-2.04E-06
581.8,0.009444912,-2.14E-06,-2.03E-06
581.8333333,0.009440624,-2.14E-06,-2.03E-06
581.8666667,0.009436338,-2.14E-06,-2.03E-06
581.9,0.009432053,-2.14E-06,-2.03E-06
581.9333333,0.00942777,-2.14E-06,-2.03E-06
581.9666667,0.00942349,-2.14E-06,-2.03E-06
582,0.00941921,-2.14E-06,-2.03E-06
582.0333333,0.009414933,-2.14E-06,-2.03E-06
582.0666667,0.009410657,-2.14E-06,-2.03E-06
582.1,0.009406383,-2.14E-06,-2.03E-06
582.1333333,0.009402111,-2.14E-06,-2.03E-06
582.1666667,0.009397841,-2.14E-06,-2.03E-06
582.2,0.009393572,-2.13E-06,-2.02E-06
582.2333333,0.009389306,-2.13E-06,-2.02E-06
582.2666667,0.009385041,-2.13E-06,-2.02E-06
582.3,0.009380777,-2.13E-06,-2.02E-06
582.3333333,0.009376516,-2.13E-06,-2.02E-06
582.3666667,0.009372256,-2.13E-06,-2.02E-06
582.4,0.009367998,-2.13E-06,-2.02E-06
582.4333333,0.009363742,-2.13E-06,-2.02E-06
582.4666667,0.009359487,-2.13E-06,-2.02E-06
582.5,0.009355235,-2.13E-06,-2.02E-06
582.5333333,0.009350984,-2.13E-06,-2.02E-06
582.5666667,0.009346735,-2.12E-06,-2.02E-06
582.6,0.009342487,-2.12E-06,-2.01E-06
582.6333333,0.009338242,-2.12E-06,-2.01E-06
582.6666667,0.009333998,-2.12E-06,-2.01E-06
582.7,0.009329756,-2.12E-06,-2.01E-06
582.7333333,0.009325515,-2.12E-06,-2.01E-06
582.7666667,0.009321277,-2.12E-06,-2.01E-06
582.8,0.00931704,-2.12E-06,-2.01E-06
582.8333333,0.009312805,-2.12E-06,-2.01E-06
582.8666667,0.009308572,-2.12E-06,-2.01E-06
582.9,0.00930434,-2.12E-06,-2.01E-06
582.9333333,0.00930011,-2.11E-06,-2.01E-06
582.9666667,0.009295882,-2.11E-06,-2.01E-06
583,0.009291656,-2.11E-06,-2.00E-06
583.0333333,0.009287431,-2.11E-06,-2.00E-06
583.0666667,0.009283208,-2.11E-06,-2.00E-06
583.1,0.009278987,-2.11E-06,-2.00E-06
583.1333333,0.009274768,-2.11E-06,-2.00E-06
583.1666667,0.00927055,-2.11E-06,-2.00E-06
583.2,0.009266335,-2.11E-06,-2.00E-06
583.2333333,0.009262121,-2.11E-06,-2.00E-06
583.2666667,0.009257908,-2.11E-06,-2.00E-06
583.3,0.009253698,-2.11E-06,-2.00E-06
583.3333333,0.009249489,-2.10E-06,-2.00E-06
583.3666667,0.009245282,-2.10E-06,-2.00E-06
583.4,0.009241076,-2.10E-06,-1.99E-06
583.4333333,0.009236873,-2.10E-06,-1.99E-06
583.4666667,0.009232671,-2.10E-06,-1.99E-06
583.5,0.009228471,-2.10E-06,-1.99E-06
583.5333333,0.009224273,-2.10E-06,-1.99E-06
583.5666667,0.009220076,-2.10E-06,-1.99E-06
583.6,0.009215881,-2.10E-06,-1.99E-06
583.6333333,0.009211688,-2.10E-06,-1.99E-06
583.6666667,0.009207497,-2.10E-06,-1.99E-06
583.7,0.009203307,-2.09E-06,-1.99E-06
583.7333333,0.009199119,-2.09E-06,-1.99E-06
583.7666667,0.009194933,-2.09E-06,-1.99E-06
583.8,0.009190748,-2.09E-06,-1.98E-06
583.8333333,0.009186566,-2.09E-06,-1.98E-06
583.8666667,0.009182385,-2.09E-06,-1.98E-06
583.9,0.009178206,-2.09E-06,-1.98E-06
583.9333333,0.009174028,-2.09E-06,-1.98E-06
583.9666667,0.009169852,-2.09E-06,-1.98E-06
584,0.009165678,-2.09E-06,-1.98E-06
584.0333333,0.009161506,-2.09E-06,-1.98E-06
584.0666667,0.009157335,-2.09E-06,-1.98E-06
584.1,0.009153167,-2.08E-06,-1.98E-06
584.1333333,0.009149,-2.08E-06,-1.98E-06
584.1666667,0.009144834,-2.08E-06,-1.98E-06
584.2,0.009140671,-2.08E-06,-1.97E-06
584.2333333,0.009136509,-2.08E-06,-1.97E-06
584.2666667,0.009132349,-2.08E-06,-1.97E-06
584.3,0.00912819,-2.08E-06,-1.97E-06
584.3333333,0.009124033,-2.08E-06,-1.97E-06
584.3666667,0.009119878,-2.08E-06,-1.97E-06
584.4,0.009115725,-2.08E-06,-1.97E-06
584.4333333,0.009111574,-2.08E-06,-1.97E-06
584.4666667,0.009107424,-2.07E-06,-1.97E-06
584.5,0.009103276,-2.07E-06,-1.97E-06
584.5333333,0.009099129,-2.07E-06,-1.97E-06
584.5666667,0.009094985,-2.07E-06,-1.97E-06
584.6,0.009090842,-2.07E-06,-1.96E-06
584.6333333,0.009086701,-2.07E-06,-1.96E-06
584.6666667,0.009082561,-2.07E-06,-1.96E-06
584.7,0.009078423,-2.07E-06,-1.96E-06
584.7333333,0.009074287,-2.07E-06,-1.96E-06
584.7666667,0.009070153,-2.07E-06,-1.96E-06
584.8,0.00906602,-2.07E-06,-1.96E-06
584.8333333,0.00906189,-2.07E-06,-1.96E-06
584.8666667,0.00905776,-2.06E-06,-1.96E-06
584.9,0.009053633,-2.06E-06,-1.96E-06
584.9333333,0.009049507,-2.06E-06,-1.96E-06
584.9666667,0.009045383,-2.06E-06,-1.96E-06
585,0.009041261,-2.06E-06,-1.96E-06
585.0333333,0.00903714,-2.06E-06,-1.95E-06
585.0666667,0.009033021,-2.06E-06,-1.95E-06
585.1,0.009028904,-2.06E-06,-1.95E-06
585.1333333,0.009024789,-2.06E-06,-1.95E-06
585.1666667,0.009020675,-2.06E-06,-1.95E-06
585.2,0.009016563,-2.06E-06,-1.95E-06
585.2333333,0.009012453,-2.06E-06,-1.95E-06
585.2666667,0.009008344,-2.05E-06,-1.95E-06
585.3,0.009004237,-2.05E-06,-1.95E-06
585.3333333,0.009000132,-2.05E-06,-1.95E-06
585.3666667,0.008996029,-2.05E-06,-1.95E-06
585.4,0.008991927,-2.05E-06,-1.95E-06
585.4333333,0.008987827,-2.05E-06,-1.94E-06
585.4666667,0.008983728,-2.05E-06,-1.94E-06
585.5,0.008979632,-2.05E-06,-1.94E-06
585.5333333,0.008975537,-2.05E-06,-1.94E-06
585.5666667,0.008971444,-2.05E-06,-1.94E-06
585.6,0.008967352,-2.05E-06,-1.94E-06
585.6333333,0.008963262,-2.04E-06,-1.94E-06
585.6666667,0.008959174,-2.04E-06,-1.94E-06
585.7,0.008955088,-2.04E-06,-1.94E-06
585.7333333,0.008951003,-2.04E-06,-1.94E-06
585.7666667,0.00894692,-2.04E-06,-1.94E-06
585.8,0.008942839,-2.04E-06,-1.94E-06
585.8333333,0.008938759,-2.04E-06,-1.93E-06
585.8666667,0.008934681,-2.04E-06,-1.93E-06
585.9,0.008930605,-2.04E-06,-1.93E-06
585.9333333,0.00892653,-2.04E-06,-1.93E-06
585.9666667,0.008922458,-2.04E-06,-1.93E-06
586,0.008918386,-2.04E-06,-1.93E-06
586.0333333,0.008914317,-2.03E-06,-1.93E-06
586.0666667,0.008910249,-2.03E-06,-1.93E-06
586.1,0.008906183,-2.03E-06,-1.93E-06
586.1333333,0.008902119,-2.03E-06,-1.93E-06
586.1666667,0.008898056,-2.03E-06,-1.93E-06
586.2,0.008893995,-2.03E-06,-1.93E-06
586.2333333,0.008889936,-2.03E-06,-1.93E-06
586.2666667,0.008885878,-2.03E-06,-1.92E-06
586.3,0.008881822,-2.03E-06,-1.92E-06
586.3333333,0.008877768,-2.03E-06,-1.92E-06
586.3666667,0.008873716,-2.03E-06,-1.92E-06
586.4,0.008869665,-2.03E-06,-1.92E-06
586.4333333,0.008865616,-2.02E-06,-1.92E-06
586.4666667,0.008861568,-2.02E-06,-1.92E-06
586.5,0.008857522,-2.02E-06,-1.92E-06
586.5333333,0.008853478,-2.02E-06,-1.92E-06
586.5666667,0.008849436,-2.02E-06,-1.92E-06
586.6,0.008845395,-2.02E-06,-1.92E-06
586.6333333,0.008841356,-2.02E-06,-1.92E-06
586.6666667,0.008837319,-2.02E-06,-1.91E-06
586.7,0.008833283,-2.02E-06,-1.91E-06
586.7333333,0.008829249,-2.02E-06,-1.91E-06
586.7666667,0.008825217,-2.02E-06,-1.91E-06
586.8,0.008821186,-2.02E-06,-1.91E-06
586.8333333,0.008817157,-2.01E-06,-1.91E-06
586.8666667,0.00881313,-2.01E-06,-1.91E-06
586.9,0.008809105,-2.01E-06,-1.91E-06
586.9333333,0.008805081,-2.01E-06,-1.91E-06
586.9666667,0.008801058,-2.01E-06,-1.91E-06
587,0.008797038,-2.01E-06,-1.91E-06
587.0333333,0.008793019,-2.01E-06,-1.91E-06
587.0666667,0.008789002,-2.01E-06,-1.91E-06
587.1,0.008784986,-2.01E-06,-1.90E-06
587.1333333,0.008780973,-2.01E-06,-1.90E-06
587.1666667,0.00877696,-2.01E-06,-1.90E-06
587.2,0.00877295,-2.01E-06,-1.90E-06
587.2333333,0.008768941,-2.00E-06,-1.90E-06
587.2666667,0.008764934,-2.00E-06,-1.90E-06
587.3,0.008760928,-2.00E-06,-1.90E-06
587.3333333,0.008756925,-2.00E-06,-1.90E-06
587.3666667,0.008752923,-2.00E-06,-1.90E-06
587.4,0.008748922,-2.00E-06,-1.90E-06
587.4333333,0.008744923,-2.00E-06,-1.90E-06
587.4666667,0.008740926,-2.00E-06,-1.90E-06
587.5,0.008736931,-2.00E-06,-1.89E-06
587.5333333,0.008732937,-2.00E-06,-1.89E-06
587.5666667,0.008728945,-2.00E-06,-1.89E-06
587.6,0.008724954,-2.00E-06,-1.89E-06
587.6333333,0.008720966,-1.99E-06,-1.89E-06
587.6666667,0.008716979,-1.99E-06,-1.89E-06
587.7,0.008712993,-1.99E-06,-1.89E-06
587.7333333,0.008709009,-1.99E-06,-1.89E-06
587.7666667,0.008705027,-1.99E-06,-1.89E-06
587.8,0.008701047,-1.99E-06,-1.89E-06
587.8333333,0.008697068,-1.99E-06,-1.89E-06
587.8666667,0.008693091,-1.99E-06,-1.89E-06
587.9,0.008689115,-1.99E-06,-1.89E-06
587.9333333,0.008685141,-1.99E-06,-1.88E-06
587.9666667,0.008681169,-1.99E-06,-1.88E-06
588,0.008677199,-1.99E-06,-1.88E-06
588.0333333,0.00867323,-1.98E-06,-1.88E-06
588.0666667,0.008669263,-1.98E-06,-1.88E-06
588.1,0.008665297,-1.98E-06,-1.88E-06
588.1333333,0.008661333,-1.98E-06,-1.88E-06
588.1666667,0.008657371,-1.98E-06,-1.88E-06
588.2,0.008653411,-1.98E-06,-1.88E-06
588.2333333,0.008649452,-1.98E-06,-1.88E-06
588.2666667,0.008645494,-1.98E-06,-1.88E-06
588.3,0.008641539,-1.98E-06,-1.88E-06
588.3333333,0.008637585,-1.98E-06,-1.87E-06
588.3666667,0.008633633,-1.98E-06,-1.87E-06
588.4,0.008629682,-1.98E-06,-1.87E-06
588.4333333,0.008625733,-1.97E-06,-1.87E-06
588.4666667,0.008621786,-1.97E-06,-1.87E-06
588.5,0.00861784,-1.97E-06,-1.87E-06
588.5333333,0.008613896,-1.97E-06,-1.87E-06
588.5666667,0.008609954,-1.97E-06,-1.87E-06
588.6,0.008606013,-1.97E-06,-1.87E-06
588.6333333,0.008602074,-1.97E-06,-1.87E-06
588.6666667,0.008598136,-1.97E-06,-1.87E-06
588.7,0.0085942,-1.97E-06,-1.87E-06
588.7333333,0.008590266,-1.97E-06,-1.87E-06
588.7666667,0.008586334,-1.97E-06,-1.86E-06
588.8,0.008582403,-1.97E-06,-1.86E-06
588.8333333,0.008578474,-1.96E-06,-1.86E-06
588.8666667,0.008574546,-1.96E-06,-1.86E-06
588.9,0.00857062,-1.96E-06,-1.86E-06
588.9333333,0.008566696,-1.96E-06,-1.86E-06
588.9666667,0.008562773,-1.96E-06,-1.86E-06
589,0.008558852,-1.96E-06,-1.86E-06
589.0333333,0.008554933,-1.96E-06,-1.86E-06
589.0666667,0.008551015,-1.96E-06,-1.86E-06
589.1,0.008547099,-1.96E-06,-1.86E-06
589.1333333,0.008543185,-1.96E-06,-1.86E-06
589.1666667,0.008539272,-1.96E-06,-1.86E-06
589.2,0.008535361,-1.96E-06,-1.85E-06
589.2333333,0.008531451,-1.95E-06,-1.85E-06
589.2666667,0.008527543,-1.95E-06,-1.85E-06
589.3,0.008523637,-1.95E-06,-1.85E-06
589.3333333,0.008519732,-1.95E-06,-1.85E-06
589.3666667,0.008515829,-1.95E-06,-1.85E-06
589.4,0.008511928,-1.95E-06,-1.85E-06
589.4333333,0.008508028,-1.95E-06,-1.85E-06
589.4666667,0.00850413,-1.95E-06,-1.85E-06
589.5,0.008500234,-1.95E-06,-1.85E-06
589.5333333,0.008496339,-1.95E-06,-1.85E-06
589.5666667,0.008492446,-1.95E-06,-1.85E-06
589.6,0.008488554,-1.95E-06,-1.85E-06
589.6333333,0.008484664,-1.94E-06,-1.84E-06
589.6666667,0.008480776,-1.94E-06,-1.84E-06
589.7,0.008476889,-1.94E-06,-1.84E-06
589.7333333,0.008473004,-1.94E-06,-1.84E-06
589.7666667,0.008469121,-1.94E-06,-1.84E-06
589.8,0.008465239,-1.94E-06,-1.84E-06
589.8333333,0.008461359,-1.94E-06,-1.84E-06
589.8666667,0.00845748,-1.94E-06,-1.84E-06
589.9,0.008453603,-1.94E-06,-1.84E-06
589.9333333,0.008449728,-1.94E-06,-1.84E-06
589.9666667,0.008445854,-1.94E-06,-1.84E-06
590,0.008441982,-1.94E-06,-1.84E-06
590.0333333,0.008438112,-1.94E-06,-1.84E-06
590.0666667,0.008434243,-1.93E-06,-1.83E-06
590.1,0.008430376,-1.93E-06,-1.83E-06
590.1333333,0.00842651,-1.93E-06,-1.83E-06
590.1666667,0.008422646,-1.93E-06,-1.83E-06
590.2,0.008418784,-1.93E-06,-1.83E-06
590.2333333,0.008414923,-1.93E-06,-1.83E-06
590.2666667,0.008411064,-1.93E-06,-1.83E-06
590.3,0.008407206,-1.93E-06,-1.83E-06
590.3333333,0.008403351,-1.93E-06,-1.83E-06
590.3666667,0.008399496,-1.93E-06,-1.83E-06
590.4,0.008395644,-1.93E-06,-1.83E-06
590.4333333,0.008391793,-1.93E-06,-1.83E-06
590.4666667,0.008387943,-1.92E-06,-1.83E-06
590.5,0.008384095,-1.92E-06,-1.82E-06
590.5333333,0.008380249,-1.92E-06,-1.82E-06
590.5666667,0.008376405,-1.92E-06,-1.82E-06
590.6,0.008372562,-1.92E-06,-1.82E-06
590.6333333,0.00836872,-1.92E-06,-1.82E-06
590.6666667,0.008364881,-1.92E-06,-1.82E-06
590.7,0.008361043,-1.92E-06,-1.82E-06
590.7333333,0.008357206,-1.92E-06,-1.82E-06
590.7666667,0.008353371,-1.92E-06,-1.82E-06
590.8,0.008349538,-1.92E-06,-1.82E-06
590.8333333,0.008345706,-1.92E-06,-1.82E-06
590.8666667,0.008341876,-1.92E-06,-1.82E-06
590.9,0.008338048,-1.91E-06,-1.82E-06
590.9333333,0.008334221,-1.91E-06,-1.81E-06
590.9666667,0.008330395,-1.91E-06,-1.81E-06
591,0.008326572,-1.91E-06,-1.81E-06
591.0333333,0.00832275,-1.91E-06,-1.81E-06
591.0666667,0.008318929,-1.91E-06,-1.81E-06
591.1,0.00831511,-1.91E-06,-1.81E-06
591.1333333,0.008311293,-1.91E-06,-1.81E-06
591.1666667,0.008307478,-1.91E-06,-1.81E-06
591.2,0.008303663,-1.91E-06,-1.81E-06
591.2333333,0.008299851,-1.91E-06,-1.81E-06
591.2666667,0.00829604,-1.91E-06,-1.81E-06
591.3,0.008292231,-1.90E-06,-1.81E-06
591.3333333,0.008288423,-1.90E-06,-1.81E-06
591.3666667,0.008284617,-1.90E-06,-1.80E-06
591.4,0.008280813,-1.90E-06,-1.80E-06
591.4333333,0.00827701,-1.90E-06,-1.80E-06
591.4666667,0.008273209,-1.90E-06,-1.80E-06
591.5,0.008269409,-1.90E-06,-1.80E-06
591.5333333,0.008265611,-1.90E-06,-1.80E-06
591.5666667,0.008261815,-1.90E-06,-1.80E-06
591.6,0.00825802,-1.90E-06,-1.80E-06
591.6333333,0.008254226,-1.90E-06,-1.80E-06
591.6666667,0.008250435,-1.90E-06,-1.80E-06
591.7,0.008246645,-1.90E-06,-1.80E-06
591.7333333,0.008242856,-1.89E-06,-1.80E-06
591.7666667,0.008239069,-1.89E-06,-1.80E-06
591.8,0.008235284,-1.89E-06,-1.79E-06
591.8333333,0.0082315,-1.89E-06,-1.79E-06
591.8666667,0.008227718,-1.89E-06,-1.79E-06
591.9,0.008223937,-1.89E-06,-1.79E-06
591.9333333,0.008220158,-1.89E-06,-1.79E-06
591.9666667,0.008216381,-1.89E-06,-1.79E-06
592,0.008212605,-1.89E-06,-1.79E-06
592.0333333,0.008208831,-1.89E-06,-1.79E-06
592.0666667,0.008205058,-1.89E-06,-1.79E-06
592.1,0.008201287,-1.89E-06,-1.79E-06
592.1333333,0.008197518,-1.88E-06,-1.79E-06
592.1666667,0.00819375,-1.88E-06,-1.79E-06
592.2,0.008189984,-1.88E-06,-1.79E-06
592.2333333,0.008186219,-1.88E-06,-1.78E-06
592.2666667,0.008182456,-1.88E-06,-1.78E-06
592.3,0.008178694,-1.88E-06,-1.78E-06
592.3333333,0.008174935,-1.88E-06,-1.78E-06
592.3666667,0.008171176,-1.88E-06,-1.78E-06
592.4,0.008167419,-1.88E-06,-1.78E-06
592.4333333,0.008163664,-1.88E-06,-1.78E-06
592.4666667,0.00815991,-1.88E-06,-1.78E-06
592.5,0.008156158,-1.88E-06,-1.78E-06
592.5333333,0.008152408,-1.88E-06,-1.78E-06
592.5666667,0.008148659,-1.87E-06,-1.78E-06
592.6,0.008144912,-1.87E-06,-1.78E-06
592.6333333,0.008141166,-1.87E-06,-1.78E-06
592.6666667,0.008137422,-1.87E-06,-1.78E-06
592.7,0.008133679,-1.87E-06,-1.77E-06
592.7333333,0.008129938,-1.87E-06,-1.77E-06
592.7666667,0.008126199,-1.87E-06,-1.77E-06
592.8,0.008122461,-1.87E-06,-1.77E-06
592.8333333,0.008118725,-1.87E-06,-1.77E-06
592.8666667,0.00811499,-1.87E-06,-1.77E-06
592.9,0.008111257,-1.87E-06,-1.77E-06
592.9333333,0.008107525,-1.87E-06,-1.77E-06
592.9666667,0.008103795,-1.87E-06,-1.77E-06
593,0.008100067,-1.86E-06,-1.77E-06
593.0333333,0.00809634,-1.86E-06,-1.77E-06
593.0666667,0.008092614,-1.86E-06,-1.77E-06
593.1,0.008088891,-1.86E-06,-1.77E-06
593.1333333,0.008085168,-1.86E-06,-1.76E-06
593.1666667,0.008081448,-1.86E-06,-1.76E-06
593.2,0.008077729,-1.86E-06,-1.76E-06
593.2333333,0.008074011,-1.86E-06,-1.76E-06
593.2666667,0.008070295,-1.86E-06,-1.76E-06
593.3,0.008066581,-1.86E-06,-1.76E-06
593.3333333,0.008062868,-1.86E-06,-1.76E-06
593.3666667,0.008059157,-1.86E-06,-1.76E-06
593.4,0.008055447,-1.85E-06,-1.76E-06
593.4333333,0.008051739,-1.85E-06,-1.76E-06
593.4666667,0.008048033,-1.85E-06,-1.76E-06
593.5,0.008044328,-1.85E-06,-1.76E-06
593.5333333,0.008040624,-1.85E-06,-1.76E-06
593.5666667,0.008036922,-1.85E-06,-1.75E-06
593.6,0.008033222,-1.85E-06,-1.75E-06
593.6333333,0.008029523,-1.85E-06,-1.75E-06
593.6666667,0.008025826,-1.85E-06,-1.75E-06
593.7,0.008022131,-1.85E-06,-1.75E-06
593.7333333,0.008018436,-1.85E-06,-1.75E-06
593.7666667,0.008014744,-1.85E-06,-1.75E-06
593.8,0.008011053,-1.85E-06,-1.75E-06
593.8333333,0.008007364,-1.84E-06,-1.75E-06
593.8666667,0.008003676,-1.84E-06,-1.75E-06
593.9,0.007999989,-1.84E-06,-1.75E-06
593.9333333,0.007996305,-1.84E-06,-1.75E-06
593.9666667,0.007992621,-1.84E-06,-1.75E-06
594,0.00798894,-1.84E-06,-1.75E-06
594.0333333,0.00798526,-1.84E-06,-1.74E-06
594.0666667,0.007981581,-1.84E-06,-1.74E-06
594.1,0.007977904,-1.84E-06,-1.74E-06
594.1333333,0.007974229,-1.84E-06,-1.74E-06
594.1666667,0.007970555,-1.84E-06,-1.74E-06
594.2,0.007966882,-1.84E-06,-1.74E-06
594.2333333,0.007963212,-1.84E-06,-1.74E-06
594.2666667,0.007959542,-1.83E-06,-1.74E-06
594.3,0.007955875,-1.83E-06,-1.74E-06
594.3333333,0.007952209,-1.83E-06,-1.74E-06
594.3666667,0.007948544,-1.83E-06,-1.74E-06
594.4,0.007944881,-1.83E-06,-1.74E-06
594.4333333,0.007941219,-1.83E-06,-1.74E-06
594.4666667,0.007937559,-1.83E-06,-1.74E-06
594.5,0.007933901,-1.83E-06,-1.73E-06
594.5333333,0.007930244,-1.83E-06,-1.73E-06
594.5666667,0.007926589,-1.83E-06,-1.73E-06
594.6,0.007922935,-1.83E-06,-1.73E-06
594.6333333,0.007919283,-1.83E-06,-1.73E-06
594.6666667,0.007915632,-1.83E-06,-1.73E-06
594.7,0.007911983,-1.82E-06,-1.73E-06
594.7333333,0.007908335,-1.82E-06,-1.73E-06
594.7666667,0.007904689,-1.82E-06,-1.73E-06
594.8,0.007901044,-1.82E-06,-1.73E-06
594.8333333,0.007897401,-1.82E-06,-1.73E-06
594.8666667,0.00789376,-1.82E-06,-1.73E-06
594.9,0.00789012,-1.82E-06,-1.73E-06
594.9333333,0.007886482,-1.82E-06,-1.72E-06
594.9666667,0.007882845,-1.82E-06,-1.72E-06
595,0.007879209,-1.82E-06,-1.72E-06
595.0333333,0.007875575,-1.82E-06,-1.72E-06
595.0666667,0.007871943,-1.82E-06,-1.72E-06
595.1,0.007868312,-1.82E-06,-1.72E-06
595.1333333,0.007864683,-1.81E-06,-1.72E-06
595.1666667,0.007861055,-1.81E-06,-1.72E-06
595.2,0.007857429,-1.81E-06,-1.72E-06
595.2333333,0.007853805,-1.81E-06,-1.72E-06
595.2666667,0.007850182,-1.81E-06,-1.72E-06
595.3,0.00784656,-1.81E-06,-1.72E-06
595.3333333,0.00784294,-1.81E-06,-1.72E-06
595.3666667,0.007839321,-1.81E-06,-1.72E-06
595.4,0.007835704,-1.81E-06,-1.71E-06
595.4333333,0.007832089,-1.81E-06,-1.71E-06
595.4666667,0.007828475,-1.81E-06,-1.71E-06
595.5,0.007824863,-1.81E-06,-1.71E-06
595.5333333,0.007821252,-1.81E-06,-1.71E-06
595.5666667,0.007817642,-1.80E-06,-1.71E-06
595.6,0.007814035,-1.80E-06,-1.71E-06
595.6333333,0.007810428,-1.80E-06,-1.71E-06
595.6666667,0.007806824,-1.80E-06,-1.71E-06
595.7,0.00780322,-1.80E-06,-1.71E-06
595.7333333,0.007799619,-1.80E-06,-1.71E-06
595.7666667,0.007796018,-1.80E-06,-1.71E-06
595.8,0.00779242,-1.80E-06,-1.71E-06
595.8333333,0.007788822,-1.80E-06,-1.71E-06
595.8666667,0.007785227,-1.80E-06,-1.70E-06
595.9,0.007781633,-1.80E-06,-1.70E-06
595.9333333,0.00777804,-1.80E-06,-1.70E-06
595.9666667,0.007774449,-1.80E-06,-1.70E-06
596,0.007770859,-1.79E-06,-1.70E-06
596.0333333,0.007767271,-1.79E-06,-1.70E-06
596.0666667,0.007763685,-1.79E-06,-1.70E-06
596.1,0.0077601,-1.79E-06,-1.70E-06
596.1333333,0.007756516,-1.79E-06,-1.70E-06
596.1666667,0.007752934,-1.79E-06,-1.70E-06
596.2,0.007749354,-1.79E-06,-1.70E-06
596.2333333,0.007745775,-1.79E-06,-1.70E-06
596.2666667,0.007742197,-1.79E-06,-1.70E-06
596.3,0.007738621,-1.79E-06,-1.70E-06
596.3333333,0.007735047,-1.79E-06,-1.69E-06
596.3666667,0.007731474,-1.79E-06,-1.69E-06
596.4,0.007727903,-1.79E-06,-1.69E-06
596.4333333,0.007724333,-1.78E-06,-1.69E-06
596.4666667,0.007720764,-1.78E-06,-1.69E-06
596.5,0.007717197,-1.78E-06,-1.69E-06
596.5333333,0.007713632,-1.78E-06,-1.69E-06
596.5666667,0.007710068,-1.78E-06,-1.69E-06
596.6,0.007706506,-1.78E-06,-1.69E-06
596.6333333,0.007702945,-1.78E-06,-1.69E-06
596.6666667,0.007699386,-1.78E-06,-1.69E-06
596.7,0.007695828,-1.78E-06,-1.69E-06
596.7333333,0.007692271,-1.78E-06,-1.69E-06
596.7666667,0.007688717,-1.78E-06,-1.68E-06
596.8,0.007685163,-1.78E-06,-1.68E-06
596.8333333,0.007681611,-1.78E-06,-1.68E-06
596.8666667,0.007678061,-1.78E-06,-1.68E-06
596.9,0.007674512,-1.77E-06,-1.68E-06
596.9333333,0.007670965,-1.77E-06,-1.68E-06
596.9666667,0.007667419,-1.77E-06,-1.68E-06
597,0.007663875,-1.77E-06,-1.68E-06
597.0333333,0.007660332,-1.77E-06,-1.68E-06
597.0666667,0.007656791,-1.77E-06,-1.68E-06
597.1,0.007653251,-1.77E-06,-1.68E-06
597.1333333,0.007649712,-1.77E-06,-1.68E-06
597.1666667,0.007646176,-1.77E-06,-1.68E-06
597.2,0.00764264,-1.77E-06,-1.68E-06
597.2333333,0.007639106,-1.77E-06,-1.67E-06
597.2666667,0.007635574,-1.77E-06,-1.67E-06
597.3,0.007632043,-1.77E-06,-1.67E-06
597.3333333,0.007628514,-1.76E-06,-1.67E-06
597.3666667,0.007624986,-1.76E-06,-1.67E-06
597.4,0.00762146,-1.76E-06,-1.67E-06
597.4333333,0.007617935,-1.76E-06,-1.67E-06
597.4666667,0.007614412,-1.76E-06,-1.67E-06
597.5,0.00761089,-1.76E-06,-1.67E-06
597.5333333,0.007607369,-1.76E-06,-1.67E-06
597.5666667,0.00760385,-1.76E-06,-1.67E-06
597.6,0.007600333,-1.76E-06,-1.67E-06
597.6333333,0.007596817,-1.76E-06,-1.67E-06
597.6666667,0.007593303,-1.76E-06,-1.67E-06
597.7,0.00758979,-1.76E-06,-1.67E-06
597.7333333,0.007586278,-1.76E-06,-1.66E-06
597.7666667,0.007582768,-1.75E-06,-1.66E-06
597.8,0.00757926,-1.75E-06,-1.66E-06
597.8333333,0.007575753,-1.75E-06,-1.66E-06
597.8666667,0.007572247,-1.75E-06,-1.66E-06
597.9,0.007568743,-1.75E-06,-1.66E-06
597.9333333,0.007565241,-1.75E-06,-1.66E-06
597.9666667,0.00756174,-1.75E-06,-1.66E-06
598,0.00755824,-1.75E-06,-1.66E-06
598.0333333,0.007554742,-1.75E-06,-1.66E-06
598.0666667,0.007551245,-1.75E-06,-1.66E-06
598.1,0.00754775,-1.75E-06,-1.66E-06
598.1333333,0.007544257,-1.75E-06,-1.66E-06
598.1666667,0.007540765,-1.75E-06,-1.66E-06
598.2,0.007537274,-1.75E-06,-1.65E-06
598.2333333,0.007533785,-1.74E-06,-1.65E-06
598.2666667,0.007530297,-1.74E-06,-1.65E-06
598.3,0.007526811,-1.74E-06,-1.65E-06
598.3333333,0.007523326,-1.74E-06,-1.65E-06
598.3666667,0.007519843,-1.74E-06,-1.65E-06
598.4,0.007516361,-1.74E-06,-1.65E-06
598.4333333,0.007512881,-1.74E-06,-1.65E-06
598.4666667,0.007509402,-1.74E-06,-1.65E-06
598.5,0.007505924,-1.74E-06,-1.65E-06
598.5333333,0.007502448,-1.74E-06,-1.65E-06
598.5666667,0.007498974,-1.74E-06,-1.65E-06
598.6,0.007495501,-1.74E-06,-1.65E-06
598.6333333,0.00749203,-1.74E-06,-1.65E-06
598.6666667,0.00748856,-1.74E-06,-1.64E-06
598.7,0.007485091,-1.73E-06,-1.64E-06
598.7333333,0.007481624,-1.73E-06,-1.64E-06
598.7666667,0.007478158,-1.73E-06,-1.64E-06
598.8,0.007474694,-1.73E-06,-1.64E-06
598.8333333,0.007471232,-1.73E-06,-1.64E-06
598.8666667,0.00746777,-1.73E-06,-1.64E-06
598.9,0.007464311,-1.73E-06,-1.64E-06
598.9333333,0.007460852,-1.73E-06,-1.64E-06
598.9666667,0.007457396,-1.73E-06,-1.64E-06
599,0.00745394,-1.73E-06,-1.64E-06
599.0333333,0.007450486,-1.73E-06,-1.64E-06
599.0666667,0.007447034,-1.73E-06,-1.64E-06
599.1,0.007443583,-1.73E-06,-1.64E-06
599.1333333,0.007440134,-1.72E-06,-1.63E-06
599.1666667,0.007436686,-1.72E-06,-1.63E-06
599.2,0.007433239,-1.72E-06,-1.63E-06
599.2333333,0.007429794,-1.72E-06,-1.63E-06
599.2666667,0.007426351,-1.72E-06,-1.63E-06
599.3,0.007422908,-1.72E-06,-1.63E-06
599.3333333,0.007419468,-1.72E-06,-1.63E-06
599.3666667,0.007416028,-1.72E-06,-1.63E-06
599.4,0.007412591,-1.72E-06,-1.63E-06
599.4333333,0.007409154,-1.72E-06,-1.63E-06
599.4666667,0.00740572,-1.72E-06,-1.63E-06
599.5,0.007402286,-1.72E-06,-1.63E-06
599.5333333,0.007398854,-1.72E-06,-1.63E-06
599.5666667,0.007395424,-1.72E-06,-1.63E-06
599.6,0.007391995,-1.71E-06,-1.63E-06
599.6333333,0.007388567,-1.71E-06,-1.62E-06
599.6666667,0.007385141,-1.71E-06,-1.62E-06
599.7,0.007381717,-1.71E-06,-1.62E-06
599.7333333,0.007378293,-1.71E-06,-1.62E-06
599.7666667,0.007374872,-1.71E-06,-1.62E-06
599.8,0.007371451,-1.71E-06,-1.62E-06
599.8333333,0.007368033,-1.71E-06,-1.62E-06
599.8666667,0.007364615,-1.71E-06,-1.62E-06
599.9,0.007361199,-1.71E-06,-1.62E-06
599.9333333,0.007357785,-1.71E-06,-1.62E-06
599.9666667,0.007354372,-1.71E-06,-1.62E-06
600,0.00735096,-1.71E-06,-1.62E-06
600.0333333,0.00734755,-1.71E-06,-1.62E-06
600.0666667,0.007344142,-1.70E-06,-1.62E-06
600.1,0.007340734,-1.70E-06,-1.61E-06
600.1333333,0.007337329,-1.70E-06,-1.61E-06
600.1666667,0.007333924,-1.70E-06,-1.61E-06
600.2,0.007330521,-1.70E-06,-1.61E-06
600.2333333,0.00732712,-1.70E-06,-1.61E-06
600.2666667,0.00732372,-1.70E-06,-1.61E-06
600.3,0.007320321,-1.70E-06,-1.61E-06
600.3333333,0.007316924,-1.70E-06,-1.61E-06
600.3666667,0.007313529,-1.70E-06,-1.61E-06
600.4,0.007310135,-1.70E-06,-1.61E-06
600.4333333,0.007306742,-1.70E-06,-1.61E-06
600.4666667,0.00730335,-1.70E-06,-1.61E-06
600.5,0.007299961,-1.69E-06,-1.61E-06
600.5333333,0.007296572,-1.69E-06,-1.61E-06
600.5666667,0.007293185,-1.69E-06,-1.61E-06
600.6,0.0072898,-1.69E-06,-1.60E-06
600.6333333,0.007286416,-1.69E-06,-1.60E-06
600.6666667,0.007283033,-1.69E-06,-1.60E-06
600.7,0.007279652,-1.69E-06,-1.60E-06
600.7333333,0.007276272,-1.69E-06,-1.60E-06
600.7666667,0.007272894,-1.69E-06,-1.60E-06
600.8,0.007269517,-1.69E-06,-1.60E-06
600.8333333,0.007266141,-1.69E-06,-1.60E-06
600.8666667,0.007262767,-1.69E-06,-1.60E-06
600.9,0.007259395,-1.69E-06,-1.60E-06
600.9333333,0.007256023,-1.69E-06,-1.60E-06
600.9666667,0.007252654,-1.68E-06,-1.60E-06
601,0.007249285,-1.68E-06,-1.60E-06
601.0333333,0.007245918,-1.68E-06,-1.60E-06
601.0666667,0.007242553,-1.68E-06,-1.59E-06
601.1,0.007239189,-1.68E-06,-1.59E-06
601.1333333,0.007235826,-1.68E-06,-1.59E-06
601.1666667,0.007232465,-1.68E-06,-1.59E-06
601.2,0.007229106,-1.68E-06,-1.59E-06
601.2333333,0.007225747,-1.68E-06,-1.59E-06
601.2666667,0.007222391,-1.68E-06,-1.59E-06
601.3,0.007219035,-1.68E-06,-1.59E-06
601.3333333,0.007215681,-1.68E-06,-1.59E-06
601.3666667,0.007212329,-1.68E-06,-1.59E-06
601.4,0.007208977,-1.68E-06,-1.59E-06
601.4333333,0.007205628,-1.67E-06,-1.59E-06
601.4666667,0.007202279,-1.67E-06,-1.59E-06
601.5,0.007198933,-1.67E-06,-1.59E-06
601.5333333,0.007195587,-1.67E-06,-1.59E-06
601.5666667,0.007192243,-1.67E-06,-1.58E-06
601.6,0.007188901,-1.67E-06,-1.58E-06
601.6333333,0.007185559,-1.67E-06,-1.58E-06
601.6666667,0.00718222,-1.67E-06,-1.58E-06
601.7,0.007178881,-1.67E-06,-1.58E-06
601.7333333,0.007175545,-1.67E-06,-1.58E-06
601.7666667,0.007172209,-1.67E-06,-1.58E-06
601.8,0.007168875,-1.67E-06,-1.58E-06
601.8333333,0.007165542,-1.67E-06,-1.58E-06
601.8666667,0.007162211,-1.67E-06,-1.58E-06
601.9,0.007158881,-1.66E-06,-1.58E-06
601.9333333,0.007155553,-1.66E-06,-1.58E-06
601.9666667,0.007152226,-1.66E-06,-1.58E-06
602,0.007148901,-1.66E-06,-1.58E-06
602.0333333,0.007145577,-1.66E-06,-1.58E-06
602.0666667,0.007142254,-1.66E-06,-1.57E-06
602.1,0.007138933,-1.66E-06,-1.57E-06
602.1333333,0.007135613,-1.66E-06,-1.57E-06
602.1666667,0.007132294,-1.66E-06,-1.57E-06
602.2,0.007128977,-1.66E-06,-1.57E-06
602.2333333,0.007125662,-1.66E-06,-1.57E-06
602.2666667,0.007122347,-1.66E-06,-1.57E-06
602.3,0.007119035,-1.66E-06,-1.57E-06
602.3333333,0.007115723,-1.66E-06,-1.57E-06
602.3666667,0.007112413,-1.65E-06,-1.57E-06
602.4,0.007109105,-1.65E-06,-1.57E-06
602.4333333,0.007105798,-1.65E-06,-1.57E-06
602.4666667,0.007102492,-1.65E-06,-1.57E-06
602.5,0.007099188,-1.65E-06,-1.57E-06
602.5333333,0.007095885,-1.65E-06,-1.57E-06
602.5666667,0.007092583,-1.65E-06,-1.56E-06
602.6,0.007089283,-1.65E-06,-1.56E-06
602.6333333,0.007085984,-1.65E-06,-1.56E-06
602.6666667,0.007082687,-1.65E-06,-1.56E-06
602.7,0.007079391,-1.65E-06,-1.56E-06
602.7333333,0.007076097,-1.65E-06,-1.56E-06
602.7666667,0.007072804,-1.65E-06,-1.56E-06
602.8,0.007069512,-1.65E-06,-1.56E-06
602.8333333,0.007066222,-1.65E-06,-1.56E-06
602.8666667,0.007062933,-1.64E-06,-1.56E-06
602.9,0.007059646,-1.64E-06,-1.56E-06
602.9333333,0.007056359,-1.64E-06,-1.56E-06
602.9666667,0.007053075,-1.64E-06,-1.56E-06
603,0.007049792,-1.64E-06,-1.56E-06
603.0333333,0.00704651,-1.64E-06,-1.56E-06
603.0666667,0.007043229,-1.64E-06,-1.55E-06
603.1,0.00703995,-1.64E-06,-1.55E-06
603.1333333,0.007036673,-1.64E-06,-1.55E-06
603.1666667,0.007033396,-1.64E-06,-1.55E-06
603.2,0.007030122,-1.64E-06,-1.55E-06
603.2333333,0.007026848,-1.64E-06,-1.55E-06
603.2666667,0.007023576,-1.64E-06,-1.55E-06
603.3,0.007020306,-1.64E-06,-1.55E-06
603.3333333,0.007017036,-1.63E-06,-1.55E-06
603.3666667,0.007013768,-1.63E-06,-1.55E-06
603.4,0.007010502,-1.63E-06,-1.55E-06
603.4333333,0.007007237,-1.63E-06,-1.55E-06
603.4666667,0.007003973,-1.63E-06,-1.55E-06
603.5,0.007000711,-1.63E-06,-1.55E-06
603.5333333,0.00699745,-1.63E-06,-1.55E-06
603.5666667,0.006994191,-1.63E-06,-1.54E-06
603.6,0.006990933,-1.63E-06,-1.54E-06
603.6333333,0.006987676,-1.63E-06,-1.54E-06
603.6666667,0.006984421,-1.63E-06,-1.54E-06
603.7,0.006981167,-1.63E-06,-1.54E-06
603.7333333,0.006977914,-1.63E-06,-1.54E-06
603.7666667,0.006974663,-1.63E-06,-1.54E-06
603.8,0.006971413,-1.62E-06,-1.54E-06
603.8333333,0.006968165,-1.62E-06,-1.54E-06
603.8666667,0.006964918,-1.62E-06,-1.54E-06
603.9,0.006961672,-1.62E-06,-1.54E-06
603.9333333,0.006958428,-1.62E-06,-1.54E-06
603.9666667,0.006955185,-1.62E-06,-1.54E-06
604,0.006951944,-1.62E-06,-1.54E-06
604.0333333,0.006948704,-1.62E-06,-1.54E-06
604.0666667,0.006945465,-1.62E-06,-1.53E-06
604.1,0.006942228,-1.62E-06,-1.53E-06
604.1333333,0.006938992,-1.62E-06,-1.53E-06
604.1666667,0.006935758,-1.62E-06,-1.53E-06
604.2,0.006932524,-1.62E-06,-1.53E-06
604.2333333,0.006929293,-1.62E-06,-1.53E-06
604.2666667,0.006926062,-1.62E-06,-1.53E-06
604.3,0.006922833,-1.61E-06,-1.53E-06
604.3333333,0.006919606,-1.61E-06,-1.53E-06
604.3666667,0.00691638,-1.61E-06,-1.53E-06
604.4,0.006913155,-1.61E-06,-1.53E-06
604.4333333,0.006909931,-1.61E-06,-1.53E-06
604.4666667,0.006906709,-1.61E-06,-1.53E-06
604.5,0.006903489,-1.61E-06,-1.53E-06
604.5333333,0.006900269,-1.61E-06,-1.53E-06
604.5666667,0.006897051,-1.61E-06,-1.52E-06
604.6,0.006893835,-1.61E-06,-1.52E-06
604.6333333,0.00689062,-1.61E-06,-1.52E-06
604.6666667,0.006887406,-1.61E-06,-1.52E-06
604.7,0.006884193,-1.61E-06,-1.52E-06
604.7333333,0.006880982,-1.61E-06,-1.52E-06
604.7666667,0.006877773,-1.60E-06,-1.52E-06
604.8,0.006874564,-1.60E-06,-1.52E-06
604.8333333,0.006871357,-1.60E-06,-1.52E-06
604.8666667,0.006868152,-1.60E-06,-1.52E-06
604.9,0.006864947,-1.60E-06,-1.52E-06
604.9333333,0.006861745,-1.60E-06,-1.52E-06
604.9666667,0.006858543,-1.60E-06,-1.52E-06
605,0.006855343,-1.60E-06,-1.52E-06
605.0333333,0.006852144,-1.60E-06,-1.52E-06
605.0666667,0.006848947,-1.60E-06,-1.51E-06
605.1,0.006845751,-1.60E-06,-1.51E-06
605.1333333,0.006842556,-1.60E-06,-1.51E-06
605.1666667,0.006839363,-1.60E-06,-1.51E-06
605.2,0.006836171,-1.60E-06,-1.51E-06
605.2333333,0.006832981,-1.60E-06,-1.51E-06
605.2666667,0.006829792,-1.59E-06,-1.51E-06
605.3,0.006826604,-1.59E-06,-1.51E-06
605.3333333,0.006823418,-1.59E-06,-1.51E-06
605.3666667,0.006820232,-1.59E-06,-1.51E-06
605.4,0.006817049,-1.59E-06,-1.51E-06
605.4333333,0.006813866,-1.59E-06,-1.51E-06
605.4666667,0.006810686,-1.59E-06,-1.51E-06
605.5,0.006807506,-1.59E-06,-1.51E-06
605.5333333,0.006804328,-1.59E-06,-1.51E-06
605.5666667,0.006801151,-1.59E-06,-1.51E-06
605.6,0.006797975,-1.59E-06,-1.50E-06
605.6333333,0.006794801,-1.59E-06,-1.50E-06
605.6666667,0.006791628,-1.59E-06,-1.50E-06
605.7,0.006788457,-1.59E-06,-1.50E-06
605.7333333,0.006785287,-1.59E-06,-1.50E-06
605.7666667,0.006782118,-1.58E-06,-1.50E-06
605.8,0.006778951,-1.58E-06,-1.50E-06
605.8333333,0.006775785,-1.58E-06,-1.50E-06
605.8666667,0.00677262,-1.58E-06,-1.50E-06
605.9,0.006769457,-1.58E-06,-1.50E-06
605.9333333,0.006766295,-1.58E-06,-1.50E-06
605.9666667,0.006763134,-1.58E-06,-1.50E-06
606,0.006759975,-1.58E-06,-1.50E-06
606.0333333,0.006756817,-1.58E-06,-1.50E-06
606.0666667,0.006753661,-1.58E-06,-1.50E-06
606.1,0.006750506,-1.58E-06,-1.49E-06
606.1333333,0.006747352,-1.58E-06,-1.49E-06
606.1666667,0.006744199,-1.58E-06,-1.49E-06
606.2,0.006741048,-1.58E-06,-1.49E-06
606.2333333,0.006737899,-1.57E-06,-1.49E-06
606.2666667,0.00673475,-1.57E-06,-1.49E-06
606.3,0.006731603,-1.57E-06,-1.49E-06
606.3333333,0.006728457,-1.57E-06,-1.49E-06
606.3666667,0.006725313,-1.57E-06,-1.49E-06
606.4,0.00672217,-1.57E-06,-1.49E-06
606.4333333,0.006719028,-1.57E-06,-1.49E-06
606.4666667,0.006715888,-1.57E-06,-1.49E-06
606.5,0.006712749,-1.57E-06,-1.49E-06
606.5333333,0.006709611,-1.57E-06,-1.49E-06
606.5666667,0.006706475,-1.57E-06,-1.49E-06
606.6,0.00670334,-1.57E-06,-1.49E-06
606.6333333,0.006700207,-1.57E-06,-1.48E-06
606.6666667,0.006697074,-1.57E-06,-1.48E-06
606.7,0.006693944,-1.57E-06,-1.48E-06
606.7333333,0.006690814,-1.56E-06,-1.48E-06
606.7666667,0.006687686,-1.56E-06,-1.48E-06
606.8,0.006684559,-1.56E-06,-1.48E-06
606.8333333,0.006681433,-1.56E-06,-1.48E-06
606.8666667,0.006678309,-1.56E-06,-1.48E-06
606.9,0.006675186,-1.56E-06,-1.48E-06
606.9333333,0.006672065,-1.56E-06,-1.48E-06
606.9666667,0.006668945,-1.56E-06,-1.48E-06
607,0.006665826,-1.56E-06,-1.48E-06
607.0333333,0.006662709,-1.56E-06,-1.48E-06
607.0666667,0.006659592,-1.56E-06,-1.48E-06
607.1,0.006656478,-1.56E-06,-1.48E-06
607.1333333,0.006653364,-1.56E-06,-1.48E-06
607.1666667,0.006650252,-1.56E-06,-1.47E-06
607.2,0.006647141,-1.56E-06,-1.47E-06
607.2333333,0.006644032,-1.55E-06,-1.47E-06
607.2666667,0.006640924,-1.55E-06,-1.47E-06
607.3,0.006637817,-1.55E-06,-1.47E-06
607.3333333,0.006634711,-1.55E-06,-1.47E-06
607.3666667,0.006631607,-1.55E-06,-1.47E-06
607.4,0.006628504,-1.55E-06,-1.47E-06
607.4333333,0.006625403,-1.55E-06,-1.47E-06
607.4666667,0.006622303,-1.55E-06,-1.47E-06
607.5,0.006619204,-1.55E-06,-1.47E-06
607.5333333,0.006616107,-1.55E-06,-1.47E-06
607.5666667,0.006613011,-1.55E-06,-1.47E-06
607.6,0.006609916,-1.55E-06,-1.47E-06
607.6333333,0.006606822,-1.55E-06,-1.47E-06
607.6666667,0.00660373,-1.55E-06,-1.46E-06
607.7,0.006600639,-1.55E-06,-1.46E-06
607.7333333,0.00659755,-1.54E-06,-1.46E-06
607.7666667,0.006594462,-1.54E-06,-1.46E-06
607.8,0.006591375,-1.54E-06,-1.46E-06
607.8333333,0.006588289,-1.54E-06,-1.46E-06
607.8666667,0.006585205,-1.54E-06,-1.46E-06
607.9,0.006582122,-1.54E-06,-1.46E-06
607.9333333,0.006579041,-1.54E-06,-1.46E-06
607.9666667,0.006575961,-1.54E-06,-1.46E-06
608,0.006572882,-1.54E-06,-1.46E-06
608.0333333,0.006569804,-1.54E-06,-1.46E-06
608.0666667,0.006566728,-1.54E-06,-1.46E-06
608.1,0.006563653,-1.54E-06,-1.46E-06
608.1333333,0.006560579,-1.54E-06,-1.46E-06
608.1666667,0.006557507,-1.54E-06,-1.46E-06
608.2,0.006554436,-1.54E-06,-1.45E-06
608.2333333,0.006551367,-1.53E-06,-1.45E-06
608.2666667,0.006548298,-1.53E-06,-1.45E-06
608.3,0.006545231,-1.53E-06,-1.45E-06
608.3333333,0.006542166,-1.53E-06,-1.45E-06
608.3666667,0.006539101,-1.53E-06,-1.45E-06
608.4,0.006536038,-1.53E-06,-1.45E-06
608.4333333,0.006532977,-1.53E-06,-1.45E-06
608.4666667,0.006529916,-1.53E-06,-1.45E-06
608.5,0.006526857,-1.53E-06,-1.45E-06
608.5333333,0.006523799,-1.53E-06,-1.45E-06
608.5666667,0.006520743,-1.53E-06,-1.45E-06
608.6,0.006517688,-1.53E-06,-1.45E-06
608.6333333,0.006514634,-1.53E-06,-1.45E-06
608.6666667,0.006511581,-1.53E-06,-1.45E-06
608.7,0.00650853,-1.53E-06,-1.45E-06
608.7333333,0.00650548,-1.52E-06,-1.44E-06
608.7666667,0.006502432,-1.52E-06,-1.44E-06
608.8,0.006499385,-1.52E-06,-1.44E-06
608.8333333,0.006496339,-1.52E-06,-1.44E-06
608.8666667,0.006493294,-1.52E-06,-1.44E-06
608.9,0.006490251,-1.52E-06,-1.44E-06
608.9333333,0.006487209,-1.52E-06,-1.44E-06
608.9666667,0.006484168,-1.52E-06,-1.44E-06
609,0.006481129,-1.52E-06,-1.44E-06
609.0333333,0.00647809,-1.52E-06,-1.44E-06
609.0666667,0.006475054,-1.52E-06,-1.44E-06
609.1,0.006472018,-1.52E-06,-1.44E-06
609.1333333,0.006468984,-1.52E-06,-1.44E-06
609.1666667,0.006465951,-1.52E-06,-1.44E-06
609.2,0.00646292,-1.52E-06,-1.44E-06
609.2333333,0.006459889,-1.52E-06,-1.44E-06
609.2666667,0.00645686,-1.51E-06,-1.43E-06
609.3,0.006453833,-1.51E-06,-1.43E-06
609.3333333,0.006450806,-1.51E-06,-1.43E-06
609.3666667,0.006447781,-1.51E-06,-1.43E-06
609.4,0.006444758,-1.51E-06,-1.43E-06
609.4333333,0.006441735,-1.51E-06,-1.43E-06
609.4666667,0.006438714,-1.51E-06,-1.43E-06
609.5,0.006435694,-1.51E-06,-1.43E-06
609.5333333,0.006432676,-1.51E-06,-1.43E-06
609.5666667,0.006429659,-1.51E-06,-1.43E-06
609.6,0.006426643,-1.51E-06,-1.43E-06
609.6333333,0.006423628,-1.51E-06,-1.43E-06
609.6666667,0.006420615,-1.51E-06,-1.43E-06
609.7,0.006417603,-1.51E-06,-1.43E-06
609.7333333,0.006414592,-1.51E-06,-1.43E-06
609.7666667,0.006411583,-1.50E-06,-1.43E-06
609.8,0.006408574,-1.50E-06,-1.42E-06
609.8333333,0.006405568,-1.50E-06,-1.42E-06
609.8666667,0.006402562,-1.50E-06,-1.42E-06
609.9,0.006399558,-1.50E-06,-1.42E-06
609.9333333,0.006396555,-1.50E-06,-1.42E-06
609.9666667,0.006393553,-1.50E-06,-1.42E-06
610,0.006390553,-1.50E-06,-1.42E-06
610.0333333,0.006387554,-1.50E-06,-1.42E-06
610.0666667,0.006384556,-1.50E-06,-1.42E-06
610.1,0.00638156,-1.50E-06,-1.42E-06
610.1333333,0.006378564,-1.50E-06,-1.42E-06
610.1666667,0.00637557,-1.50E-06,-1.42E-06
610.2,0.006372578,-1.50E-06,-1.42E-06
610.2333333,0.006369587,-1.50E-06,-1.42E-06
610.2666667,0.006366596,-1.50E-06,-1.42E-06
610.3,0.006363608,-1.49E-06,-1.42E-06
610.3333333,0.00636062,-1.49E-06,-1.42E-06
610.3666667,0.006357634,-1.49E-06,-1.41E-06
610.4,0.006354649,-1.49E-06,-1.41E-06
610.4333333,0.006351666,-1.49E-06,-1.41E-06
610.4666667,0.006348683,-1.49E-06,-1.41E-06
610.5,0.006345702,-1.49E-06,-1.41E-06
610.5333333,0.006342723,-1.49E-06,-1.41E-06
610.5666667,0.006339744,-1.49E-06,-1.41E-06
610.6,0.006336767,-1.49E-06,-1.41E-06
610.6333333,0.006333791,-1.49E-06,-1.41E-06
610.6666667,0.006330817,-1.49E-06,-1.41E-06
610.7,0.006327843,-1.49E-06,-1.41E-06
610.7333333,0.006324871,-1.49E-06,-1.41E-06
610.7666667,0.006321901,-1.49E-06,-1.41E-06
610.8,0.006318931,-1.48E-06,-1.41E-06
610.8333333,0.006315963,-1.48E-06,-1.41E-06
610.8666667,0.006312996,-1.48E-06,-1.41E-06
610.9,0.00631003,-1.48E-06,-1.40E-06
610.9333333,0.006307066,-1.48E-06,-1.40E-06
610.9666667,0.006304103,-1.48E-06,-1.40E-06
611,0.006301141,-1.48E-06,-1.40E-06
611.0333333,0.006298181,-1.48E-06,-1.40E-06
611.0666667,0.006295221,-1.48E-06,-1.40E-06
611.1,0.006292264,-1.48E-06,-1.40E-06
611.1333333,0.006289307,-1.48E-06,-1.40E-06
611.1666667,0.006286351,-1.48E-06,-1.40E-06
611.2,0.006283397,-1.48E-06,-1.40E-06
611.2333333,0.006280445,-1.48E-06,-1.40E-06
611.2666667,0.006277493,-1.48E-06,-1.40E-06
611.3,0.006274543,-1.48E-06,-1.40E-06
611.3333333,0.006271594,-1.47E-06,-1.40E-06
611.3666667,0.006268646,-1.47E-06,-1.40E-06
611.4,0.006265699,-1.47E-06,-1.40E-06
611.4333333,0.006262754,-1.47E-06,-1.40E-06
611.4666667,0.00625981,-1.47E-06,-1.39E-06
611.5,0.006256868,-1.47E-06,-1.39E-06
611.5333333,0.006253926,-1.47E-06,-1.39E-06
611.5666667,0.006250986,-1.47E-06,-1.39E-06
611.6,0.006248047,-1.47E-06,-1.39E-06
611.6333333,0.00624511,-1.47E-06,-1.39E-06
611.6666667,0.006242173,-1.47E-06,-1.39E-06
611.7,0.006239238,-1.47E-06,-1.39E-06
611.7333333,0.006236305,-1.47E-06,-1.39E-06
611.7666667,0.006233372,-1.47E-06,-1.39E-06
611.8,0.006230441,-1.47E-06,-1.39E-06
611.8333333,0.006227511,-1.46E-06,-1.39E-06
611.8666667,0.006224582,-1.46E-06,-1.39E-06
611.9,0.006221655,-1.46E-06,-1.39E-06
611.9333333,0.006218729,-1.46E-06,-1.39E-06
611.9666667,0.006215804,-1.46E-06,-1.39E-06
612,0.00621288,-1.46E-06,-1.38E-06
612.0333333,0.006209958,-1.46E-06,-1.38E-06
612.0666667,0.006207037,-1.46E-06,-1.38E-06
612.1,0.006204117,-1.46E-06,-1.38E-06
612.1333333,0.006201198,-1.46E-06,-1.38E-06
612.1666667,0.006198281,-1.46E-06,-1.38E-06
612.2,0.006195365,-1.46E-06,-1.38E-06
612.2333333,0.00619245,-1.46E-06,-1.38E-06
612.2666667,0.006189536,-1.46E-06,-1.38E-06
612.3,0.006186624,-1.46E-06,-1.38E-06
612.3333333,0.006183713,-1.46E-06,-1.38E-06
612.3666667,0.006180803,-1.45E-06,-1.38E-06
612.4,0.006177895,-1.45E-06,-1.38E-06
612.4333333,0.006174988,-1.45E-06,-1.38E-06
612.4666667,0.006172082,-1.45E-06,-1.38E-06
612.5,0.006169177,-1.45E-06,-1.38E-06
612.5333333,0.006166273,-1.45E-06,-1.38E-06
612.5666667,0.006163371,-1.45E-06,-1.37E-06
612.6,0.00616047,-1.45E-06,-1.37E-06
612.6333333,0.006157571,-1.45E-06,-1.37E-06
612.6666667,0.006154672,-1.45E-06,-1.37E-06
612.7,0.006151775,-1.45E-06,-1.37E-06
612.7333333,0.006148879,-1.45E-06,-1.37E-06
612.7666667,0.006145984,-1.45E-06,-1.37E-06
612.8,0.006143091,-1.45E-06,-1.37E-06
612.8333333,0.006140199,-1.45E-06,-1.37E-06
612.8666667,0.006137308,-1.45E-06,-1.37E-06
612.9,0.006134418,-1.44E-06,-1.37E-06
612.9333333,0.00613153,-1.44E-06,-1.37E-06
612.9666667,0.006128642,-1.44E-06,-1.37E-06
613,0.006125756,-1.44E-06,-1.37E-06
613.0333333,0.006122872,-1.44E-06,-1.37E-06
613.0666667,0.006119988,-1.44E-06,-1.37E-06
613.1,0.006117106,-1.44E-06,-1.37E-06
613.1333333,0.006114225,-1.44E-06,-1.36E-06
613.1666667,0.006111346,-1.44E-06,-1.36E-06
613.2,0.006108467,-1.44E-06,-1.36E-06
613.2333333,0.00610559,-1.44E-06,-1.36E-06
613.2666667,0.006102714,-1.44E-06,-1.36E-06
613.3,0.006099839,-1.44E-06,-1.36E-06
613.3333333,0.006096966,-1.44E-06,-1.36E-06
613.3666667,0.006094094,-1.44E-06,-1.36E-06
613.4,0.006091223,-1.44E-06,-1.36E-06
613.4333333,0.006088353,-1.43E-06,-1.36E-06
613.4666667,0.006085484,-1.43E-06,-1.36E-06
613.5,0.006082617,-1.43E-06,-1.36E-06
613.5333333,0.006079751,-1.43E-06,-1.36E-06
613.5666667,0.006076886,-1.43E-06,-1.36E-06
613.6,0.006074023,-1.43E-06,-1.36E-06
613.6333333,0.006071161,-1.43E-06,-1.36E-06
613.6666667,0.006068299,-1.43E-06,-1.36E-06
613.7,0.00606544,-1.43E-06,-1.35E-06
613.7333333,0.006062581,-1.43E-06,-1.35E-06
613.7666667,0.006059724,-1.43E-06,-1.35E-06
613.8,0.006056868,-1.43E-06,-1.35E-06
613.8333333,0.006054013,-1.43E-06,-1.35E-06
613.8666667,0.006051159,-1.43E-06,-1.35E-06
613.9,0.006048307,-1.43E-06,-1.35E-06
613.9333333,0.006045456,-1.43E-06,-1.35E-06
613.9666667,0.006042606,-1.42E-06,-1.35E-06
614,0.006039757,-1.42E-06,-1.35E-06
614.0333333,0.00603691,-1.42E-06,-1.35E-06
614.0666667,0.006034063,-1.42E-06,-1.35E-06
614.1,0.006031219,-1.42E-06,-1.35E-06
614.1333333,0.006028375,-1.42E-06,-1.35E-06
614.1666667,0.006025532,-1.42E-06,-1.35E-06
614.2,0.006022691,-1.42E-06,-1.35E-06
614.2333333,0.006019851,-1.42E-06,-1.35E-06
614.2666667,0.006017012,-1.42E-06,-1.34E-06
614.3,0.006014175,-1.42E-06,-1.34E-06
614.3333333,0.006011338,-1.42E-06,-1.34E-06
614.3666667,0.006008503,-1.42E-06,-1.34E-06
614.4,0.006005669,-1.42E-06,-1.34E-06
614.4333333,0.006002837,-1.42E-06,-1.34E-06
614.4666667,0.006000005,-1.42E-06,-1.34E-06
614.5,0.005997175,-1.42E-06,-1.34E-06
614.5333333,0.005994346,-1.41E-06,-1.34E-06
614.5666667,0.005991518,-1.41E-06,-1.34E-06
614.6,0.005988692,-1.41E-06,-1.34E-06
614.6333333,0.005985866,-1.41E-06,-1.34E-06
614.6666667,0.005983042,-1.41E-06,-1.34E-06
614.7,0.00598022,-1.41E-06,-1.34E-06
614.7333333,0.005977398,-1.41E-06,-1.34E-06
614.7666667,0.005974578,-1.41E-06,-1.34E-06
614.8,0.005971758,-1.41E-06,-1.34E-06
614.8333333,0.00596894,-1.41E-06,-1.33E-06
614.8666667,0.005966124,-1.41E-06,-1.33E-06
614.9,0.005963308,-1.41E-06,-1.33E-06
614.9333333,0.005960494,-1.41E-06,-1.33E-06
614.9666667,0.005957681,-1.41E-06,-1.33E-06
615,0.005954869,-1.41E-06,-1.33E-06
615.0333333,0.005952058,-1.41E-06,-1.33E-06
615.0666667,0.005949249,-1.40E-06,-1.33E-06
615.1,0.005946441,-1.40E-06,-1.33E-06
615.1333333,0.005943634,-1.40E-06,-1.33E-06
615.1666667,0.005940828,-1.40E-06,-1.33E-06
615.2,0.005938024,-1.40E-06,-1.33E-06
615.2333333,0.00593522,-1.40E-06,-1.33E-06
615.2666667,0.005932418,-1.40E-06,-1.33E-06
615.3,0.005929617,-1.40E-06,-1.33E-06
615.3333333,0.005926818,-1.40E-06,-1.33E-06
615.3666667,0.005924019,-1.40E-06,-1.33E-06
615.4,0.005921222,-1.40E-06,-1.32E-06
615.4333333,0.005918426,-1.40E-06,-1.32E-06
615.4666667,0.005915631,-1.40E-06,-1.32E-06
615.5,0.005912838,-1.40E-06,-1.32E-06
615.5333333,0.005910045,-1.40E-06,-1.32E-06
615.5666667,0.005907254,-1.40E-06,-1.32E-06
615.6,0.005904464,-1.39E-06,-1.32E-06
615.6333333,0.005901676,-1.39E-06,-1.32E-06
615.6666667,0.005898888,-1.39E-06,-1.32E-06
615.7,0.005896102,-1.39E-06,-1.32E-06
615.7333333,0.005893317,-1.39E-06,-1.32E-06
615.7666667,0.005890533,-1.39E-06,-1.32E-06
615.8,0.00588775,-1.39E-06,-1.32E-06
615.8333333,0.005884969,-1.39E-06,-1.32E-06
615.8666667,0.005882188,-1.39E-06,-1.32E-06
615.9,0.005879409,-1.39E-06,-1.32E-06
615.9333333,0.005876631,-1.39E-06,-1.32E-06
615.9666667,0.005873855,-1.39E-06,-1.31E-06
616,0.005871079,-1.39E-06,-1.31E-06
616.0333333,0.005868305,-1.39E-06,-1.31E-06
616.0666667,0.005865532,-1.39E-06,-1.31E-06
616.1,0.00586276,-1.39E-06,-1.31E-06
616.1333333,0.00585999,-1.39E-06,-1.31E-06
616.1666667,0.00585722,-1.38E-06,-1.31E-06
616.2,0.005854452,-1.38E-06,-1.31E-06
616.2333333,0.005851685,-1.38E-06,-1.31E-06
616.2666667,0.005848919,-1.38E-06,-1.31E-06
616.3,0.005846155,-1.38E-06,-1.31E-06
616.3333333,0.005843391,-1.38E-06,-1.31E-06
616.3666667,0.005840629,-1.38E-06,-1.31E-06
616.4,0.005837868,-1.38E-06,-1.31E-06
616.4333333,0.005835109,-1.38E-06,-1.31E-06
616.4666667,0.00583235,-1.38E-06,-1.31E-06
616.5,0.005829593,-1.38E-06,-1.31E-06
616.5333333,0.005826836,-1.38E-06,-1.31E-06
616.5666667,0.005824081,-1.38E-06,-1.30E-06
616.6,0.005821328,-1.38E-06,-1.30E-06
616.6333333,0.005818575,-1.38E-06,-1.30E-06
616.6666667,0.005815824,-1.38E-06,-1.30E-06
616.7,0.005813073,-1.38E-06,-1.30E-06
616.7333333,0.005810324,-1.37E-06,-1.30E-06
616.7666667,0.005807577,-1.37E-06,-1.30E-06
616.8,0.00580483,-1.37E-06,-1.30E-06
616.8333333,0.005802085,-1.37E-06,-1.30E-06
616.8666667,0.00579934,-1.37E-06,-1.30E-06
616.9,0.005796597,-1.37E-06,-1.30E-06
616.9333333,0.005793856,-1.37E-06,-1.30E-06
616.9666667,0.005791115,-1.37E-06,-1.30E-06
617,0.005788376,-1.37E-06,-1.30E-06
617.0333333,0.005785637,-1.37E-06,-1.30E-06
617.0666667,0.0057829,-1.37E-06,-1.30E-06
617.1,0.005780164,-1.37E-06,-1.30E-06
617.1333333,0.00577743,-1.37E-06,-1.29E-06
617.1666667,0.005774696,-1.37E-06,-1.29E-06
617.2,0.005771964,-1.37E-06,-1.29E-06
617.2333333,0.005769233,-1.37E-06,-1.29E-06
617.2666667,0.005766503,-1.36E-06,-1.29E-06
617.3,0.005763774,-1.36E-06,-1.29E-06
617.3333333,0.005761047,-1.36E-06,-1.29E-06
617.3666667,0.00575832,-1.36E-06,-1.29E-06
617.4,0.005755595,-1.36E-06,-1.29E-06
617.4333333,0.005752871,-1.36E-06,-1.29E-06
617.4666667,0.005750148,-1.36E-06,-1.29E-06
617.5,0.005747427,-1.36E-06,-1.29E-06
617.5333333,0.005744706,-1.36E-06,-1.29E-06
617.5666667,0.005741987,-1.36E-06,-1.29E-06
617.6,0.005739269,-1.36E-06,-1.29E-06
617.6333333,0.005736552,-1.36E-06,-1.29E-06
617.6666667,0.005733837,-1.36E-06,-1.29E-06
617.7,0.005731122,-1.36E-06,-1.29E-06
617.7333333,0.005728409,-1.36E-06,-1.28E-06
617.7666667,0.005725697,-1.36E-06,-1.28E-06
617.8,0.005722986,-1.36E-06,-1.28E-06
617.8333333,0.005720276,-1.35E-06,-1.28E-06
617.8666667,0.005717567,-1.35E-06,-1.28E-06
617.9,0.00571486,-1.35E-06,-1.28E-06
617.9333333,0.005712154,-1.35E-06,-1.28E-06
617.9666667,0.005709449,-1.35E-06,-1.28E-06
618,0.005706745,-1.35E-06,-1.28E-06
618.0333333,0.005704042,-1.35E-06,-1.28E-06
618.0666667,0.005701341,-1.35E-06,-1.28E-06
618.1,0.00569864,-1.35E-06,-1.28E-06
618.1333333,0.005695941,-1.35E-06,-1.28E-06
618.1666667,0.005693243,-1.35E-06,-1.28E-06
618.2,0.005690546,-1.35E-06,-1.28E-06
618.2333333,0.005687851,-1.35E-06,-1.28E-06
618.2666667,0.005685156,-1.35E-06,-1.28E-06
618.3,0.005682463,-1.35E-06,-1.28E-06
618.3333333,0.005679771,-1.35E-06,-1.27E-06
618.3666667,0.00567708,-1.35E-06,-1.27E-06
618.4,0.00567439,-1.34E-06,-1.27E-06
618.4333333,0.005671702,-1.34E-06,-1.27E-06
618.4666667,0.005669014,-1.34E-06,-1.27E-06
618.5,0.005666328,-1.34E-06,-1.27E-06
618.5333333,0.005663643,-1.34E-06,-1.27E-06
618.5666667,0.005660959,-1.34E-06,-1.27E-06
618.6,0.005658276,-1.34E-06,-1.27E-06
618.6333333,0.005655595,-1.34E-06,-1.27E-06
618.6666667,0.005652914,-1.34E-06,-1.27E-06
618.7,0.005650235,-1.34E-06,-1.27E-06
618.7333333,0.005647557,-1.34E-06,-1.27E-06
618.7666667,0.00564488,-1.34E-06,-1.27E-06
618.8,0.005642204,-1.34E-06,-1.27E-06
618.8333333,0.00563953,-1.34E-06,-1.27E-06
618.8666667,0.005636856,-1.34E-06,-1.27E-06
618.9,0.005634184,-1.34E-06,-1.27E-06
618.9333333,0.005631513,-1.34E-06,-1.26E-06
618.9666667,0.005628843,-1.33E-06,-1.26E-06
619,0.005626175,-1.33E-06,-1.26E-06
619.0333333,0.005623507,-1.33E-06,-1.26E-06
619.0666667,0.005620841,-1.33E-06,-1.26E-06
619.1,0.005618175,-1.33E-06,-1.26E-06
619.1333333,0.005615511,-1.33E-06,-1.26E-06
619.1666667,0.005612848,-1.33E-06,-1.26E-06
619.2,0.005610187,-1.33E-06,-1.26E-06
619.2333333,0.005607526,-1.33E-06,-1.26E-06
619.2666667,0.005604867,-1.33E-06,-1.26E-06
619.3,0.005602209,-1.33E-06,-1.26E-06
619.3333333,0.005599551,-1.33E-06,-1.26E-06
619.3666667,0.005596896,-1.33E-06,-1.26E-06
619.4,0.005594241,-1.33E-06,-1.26E-06
619.4333333,0.005591587,-1.33E-06,-1.26E-06
619.4666667,0.005588935,-1.33E-06,-1.26E-06
619.5,0.005586283,-1.33E-06,-1.26E-06
619.5333333,0.005583633,-1.33E-06,-1.25E-06
619.5666667,0.005580984,-1.32E-06,-1.25E-06
619.6,0.005578336,-1.32E-06,-1.25E-06
619.6333333,0.00557569,-1.32E-06,-1.25E-06
619.6666667,0.005573044,-1.32E-06,-1.25E-06
619.7,0.0055704,-1.32E-06,-1.25E-06
619.7333333,0.005567757,-1.32E-06,-1.25E-06
619.7666667,0.005565115,-1.32E-06,-1.25E-06
619.8,0.005562474,-1.32E-06,-1.25E-06
619.8333333,0.005559834,-1.32E-06,-1.25E-06
619.8666667,0.005557196,-1.32E-06,-1.25E-06
619.9,0.005554558,-1.32E-06,-1.25E-06
619.9333333,0.005551922,-1.32E-06,-1.25E-06
619.9666667,0.005549287,-1.32E-06,-1.25E-06
620,0.005546653,-1.32E-06,-1.25E-06
620.0333333,0.00554402,-1.32E-06,-1.25E-06
620.0666667,0.005541388,-1.32E-06,-1.25E-06
620.1,0.005538758,-1.32E-06,-1.25E-06
620.1333333,0.005536128,-1.31E-06,-1.24E-06
620.1666667,0.0055335,-1.31E-06,-1.24E-06
620.2,0.005530873,-1.31E-06,-1.24E-06
620.2333333,0.005528247,-1.31E-06,-1.24E-06
620.2666667,0.005525622,-1.31E-06,-1.24E-06
620.3,0.005522999,-1.31E-06,-1.24E-06
620.3333333,0.005520376,-1.31E-06,-1.24E-06
620.3666667,0.005517755,-1.31E-06,-1.24E-06
620.4,0.005515135,-1.31E-06,-1.24E-06
620.4333333,0.005512516,-1.31E-06,-1.24E-06
620.4666667,0.005509898,-1.31E-06,-1.24E-06
620.5,0.005507281,-1.31E-06,-1.24E-06
620.5333333,0.005504665,-1.31E-06,-1.24E-06
620.5666667,0.005502051,-1.31E-06,-1.24E-06
620.6,0.005499438,-1.31E-06,-1.24E-06
620.6333333,0.005496826,-1.31E-06,-1.24E-06
620.6666667,0.005494215,-1.31E-06,-1.24E-06
620.7,0.005491605,-1.30E-06,-1.24E-06
620.7333333,0.005488996,-1.30E-06,-1.24E-06
620.7666667,0.005486388,-1.30E-06,-1.23E-06
620.8,0.005483782,-1.30E-06,-1.23E-06
620.8333333,0.005481176,-1.30E-06,-1.23E-06
620.8666667,0.005478572,-1.30E-06,-1.23E-06
620.9,0.005475969,-1.30E-06,-1.23E-06
620.9333333,0.005473367,-1.30E-06,-1.23E-06
620.9666667,0.005470767,-1.30E-06,-1.23E-06
621,0.005468167,-1.30E-06,-1.23E-06
621.0333333,0.005465568,-1.30E-06,-1.23E-06
621.0666667,0.005462971,-1.30E-06,-1.23E-06
621.1,0.005460375,-1.30E-06,-1.23E-06
621.1333333,0.00545778,-1.30E-06,-1.23E-06
621.1666667,0.005455186,-1.30E-06,-1.23E-06
621.2,0.005452593,-1.30E-06,-1.23E-06
621.2333333,0.005450001,-1.30E-06,-1.23E-06
621.2666667,0.005447411,-1.30E-06,-1.23E-06
621.3,0.005444821,-1.29E-06,-1.23E-06
621.3333333,0.005442233,-1.29E-06,-1.23E-06
621.3666667,0.005439646,-1.29E-06,-1.22E-06
621.4,0.00543706,-1.29E-06,-1.22E-06
621.4333333,0.005434475,-1.29E-06,-1.22E-06
621.4666667,0.005431891,-1.29E-06,-1.22E-06
621.5,0.005429309,-1.29E-06,-1.22E-06
621.5333333,0.005426727,-1.29E-06,-1.22E-06
621.5666667,0.005424147,-1.29E-06,-1.22E-06
621.6,0.005421568,-1.29E-06,-1.22E-06
621.6333333,0.00541899,-1.29E-06,-1.22E-06
621.6666667,0.005416413,-1.29E-06,-1.22E-06
621.7,0.005413837,-1.29E-06,-1.22E-06
621.7333333,0.005411262,-1.29E-06,-1.22E-06
621.7666667,0.005408689,-1.29E-06,-1.22E-06
621.8,0.005406116,-1.29E-06,-1.22E-06
621.8333333,0.005403545,-1.29E-06,-1.22E-06
621.8666667,0.005400975,-1.29E-06,-1.22E-06
621.9,0.005398406,-1.28E-06,-1.22E-06
621.9333333,0.005395838,-1.28E-06,-1.22E-06
621.9666667,0.005393271,-1.28E-06,-1.22E-06
622,0.005390705,-1.28E-06,-1.21E-06
622.0333333,0.00538814,-1.28E-06,-1.21E-06
622.0666667,0.005385577,-1.28E-06,-1.21E-06
622.1,0.005383015,-1.28E-06,-1.21E-06
622.1333333,0.005380454,-1.28E-06,-1.21E-06
622.1666667,0.005377893,-1.28E-06,-1.21E-06
622.2,0.005375334,-1.28E-06,-1.21E-06
622.2333333,0.005372777,-1.28E-06,-1.21E-06
622.2666667,0.00537022,-1.28E-06,-1.21E-06
622.3,0.005367664,-1.28E-06,-1.21E-06
622.3333333,0.00536511,-1.28E-06,-1.21E-06
622.3666667,0.005362557,-1.28E-06,-1.21E-06
622.4,0.005360004,-1.28E-06,-1.21E-06
622.4333333,0.005357453,-1.28E-06,-1.21E-06
622.4666667,0.005354903,-1.27E-06,-1.21E-06
622.5,0.005352354,-1.27E-06,-1.21E-06
622.5333333,0.005349807,-1.27E-06,-1.21E-06
622.5666667,0.00534726,-1.27E-06,-1.21E-06
622.6,0.005344714,-1.27E-06,-1.21E-06
622.6333333,0.00534217,-1.27E-06,-1.20E-06
622.6666667,0.005339627,-1.27E-06,-1.20E-06
622.7,0.005337085,-1.27E-06,-1.20E-06
622.7333333,0.005334544,-1.27E-06,-1.20E-06
622.7666667,0.005332004,-1.27E-06,-1.20E-06
622.8,0.005329465,-1.27E-06,-1.20E-06
622.8333333,0.005326927,-1.27E-06,-1.20E-06
622.8666667,0.00532439,-1.27E-06,-1.20E-06
622.9,0.005321855,-1.27E-06,-1.20E-06
622.9333333,0.005319321,-1.27E-06,-1.20E-06
622.9666667,0.005316787,-1.27E-06,-1.20E-06
623,0.005314255,-1.27E-06,-1.20E-06
623.0333333,0.005311724,-1.27E-06,-1.20E-06
623.0666667,0.005309194,-1.26E-06,-1.20E-06
623.1,0.005306665,-1.26E-06,-1.20E-06
623.1333333,0.005304138,-1.26E-06,-1.20E-06
623.1666667,0.005301611,-1.26E-06,-1.20E-06
623.2,0.005299086,-1.26E-06,-1.20E-06
623.2333333,0.005296561,-1.26E-06,-1.20E-06
623.2666667,0.005294038,-1.26E-06,-1.19E-06
623.3,0.005291516,-1.26E-06,-1.19E-06
623.3333333,0.005288995,-1.26E-06,-1.19E-06
623.3666667,0.005286475,-1.26E-06,-1.19E-06
623.4,0.005283956,-1.26E-06,-1.19E-06
623.4333333,0.005281438,-1.26E-06,-1.19E-06
623.4666667,0.005278921,-1.26E-06,-1.19E-06
623.5,0.005276406,-1.26E-06,-1.19E-06
623.5333333,0.005273892,-1.26E-06,-1.19E-06
623.5666667,0.005271378,-1.26E-06,-1.19E-06
623.6,0.005268866,-1.26E-06,-1.19E-06
623.6333333,0.005266355,-1.26E-06,-1.19E-06
623.6666667,0.005263845,-1.26E-06,-1.19E-06
623.7,0.005261336,-1.25E-06,-1.19E-06
623.7333333,0.005258828,-1.25E-06,-1.19E-06
623.7666667,0.005256321,-1.25E-06,-1.19E-06
623.8,0.005253816,-1.25E-06,-1.19E-06
623.8333333,0.005251311,-1.25E-06,-1.19E-06
623.8666667,0.005248808,-1.25E-06,-1.19E-06
623.9,0.005246306,-1.25E-06,-1.18E-06
623.9333333,0.005243804,-1.25E-06,-1.18E-06
623.9666667,0.005241304,-1.25E-06,-1.18E-06
624,0.005238805,-1.25E-06,-1.18E-06
624.0333333,0.005236307,-1.25E-06,-1.18E-06
624.0666667,0.005233811,-1.25E-06,-1.18E-06
624.1,0.005231315,-1.25E-06,-1.18E-06
624.1333333,0.00522882,-1.25E-06,-1.18E-06
624.1666667,0.005226327,-1.25E-06,-1.18E-06
624.2,0.005223834,-1.25E-06,-1.18E-06
624.2333333,0.005221343,-1.25E-06,-1.18E-06
624.2666667,0.005218853,-1.25E-06,-1.18E-06
624.3,0.005216364,-1.24E-06,-1.18E-06
624.3333333,0.005213876,-1.24E-06,-1.18E-06
624.3666667,0.005211389,-1.24E-06,-1.18E-06
624.4,0.005208903,-1.24E-06,-1.18E-06
624.4333333,0.005206418,-1.24E-06,-1.18E-06
624.4666667,0.005203934,-1.24E-06,-1.18E-06
624.5,0.005201452,-1.24E-06,-1.18E-06
624.5333333,0.00519897,-1.24E-06,-1.17E-06
624.5666667,0.00519649,-1.24E-06,-1.17E-06
624.6,0.005194011,-1.24E-06,-1.17E-06
624.6333333,0.005191532,-1.24E-06,-1.17E-06
624.6666667,0.005189055,-1.24E-06,-1.17E-06
624.7,0.005186579,-1.24E-06,-1.17E-06
624.7333333,0.005184104,-1.24E-06,-1.17E-06
624.7666667,0.00518163,-1.24E-06,-1.17E-06
624.8,0.005179158,-1.24E-06,-1.17E-06
624.8333333,0.005176686,-1.24E-06,-1.17E-06
624.8666667,0.005174215,-1.24E-06,-1.17E-06
624.9,0.005171746,-1.23E-06,-1.17E-06
624.9333333,0.005169277,-1.23E-06,-1.17E-06
624.9666667,0.00516681,-1.23E-06,-1.17E-06
625,0.005164344,-1.23E-06,-1.17E-06
625.0333333,0.005161879,-1.23E-06,-1.17E-06
625.0666667,0.005159414,-1.23E-06,-1.17E-06
625.1,0.005156951,-1.23E-06,-1.17E-06
625.1333333,0.00515449,-1.23E-06,-1.17E-06
625.1666667,0.005152029,-1.23E-06,-1.16E-06
625.2,0.005149569,-1.23E-06,-1.16E-06
625.2333333,0.00514711,-1.23E-06,-1.16E-06
625.2666667,0.005144653,-1.23E-06,-1.16E-06
625.3,0.005142196,-1.23E-06,-1.16E-06
625.3333333,0.005139741,-1.23E-06,-1.16E-06
625.3666667,0.005137287,-1.23E-06,-1.16E-06
625.4,0.005134833,-1.23E-06,-1.16E-06
625.4333333,0.005132381,-1.23E-06,-1.16E-06
625.4666667,0.00512993,-1.23E-06,-1.16E-06
625.5,0.00512748,-1.23E-06,-1.16E-06
625.5333333,0.005125031,-1.22E-06,-1.16E-06
625.5666667,0.005122583,-1.22E-06,-1.16E-06
625.6,0.005120136,-1.22E-06,-1.16E-06
625.6333333,0.005117691,-1.22E-06,-1.16E-06
625.6666667,0.005115246,-1.22E-06,-1.16E-06
625.7,0.005112802,-1.22E-06,-1.16E-06
625.7333333,0.00511036,-1.22E-06,-1.16E-06
625.7666667,0.005107919,-1.22E-06,-1.16E-06
625.8,0.005105478,-1.22E-06,-1.16E-06
625.8333333,0.005103039,-1.22E-06,-1.15E-06
625.8666667,0.005100601,-1.22E-06,-1.15E-06
625.9,0.005098164,-1.22E-06,-1.15E-06
625.9333333,0.005095728,-1.22E-06,-1.15E-06
625.9666667,0.005093293,-1.22E-06,-1.15E-06
626,0.005090859,-1.22E-06,-1.15E-06
626.0333333,0.005088426,-1.22E-06,-1.15E-06
626.0666667,0.005085994,-1.22E-06,-1.15E-06
626.1,0.005083564,-1.22E-06,-1.15E-06
626.1333333,0.005081134,-1.21E-06,-1.15E-06
626.1666667,0.005078706,-1.21E-06,-1.15E-06
626.2,0.005076278,-1.21E-06,-1.15E-06
626.2333333,0.005073852,-1.21E-06,-1.15E-06
626.2666667,0.005071426,-1.21E-06,-1.15E-06
626.3,0.005069002,-1.21E-06,-1.15E-06
626.3333333,0.005066579,-1.21E-06,-1.15E-06
626.3666667,0.005064157,-1.21E-06,-1.15E-06
626.4,0.005061736,-1.21E-06,-1.15E-06
626.4333333,0.005059316,-1.21E-06,-1.15E-06
626.4666667,0.005056897,-1.21E-06,-1.14E-06
626.5,0.005054479,-1.21E-06,-1.14E-06
626.5333333,0.005052062,-1.21E-06,-1.14E-06
626.5666667,0.005049647,-1.21E-06,-1.14E-06
626.6,0.005047232,-1.21E-06,-1.14E-06
626.6333333,0.005044818,-1.21E-06,-1.14E-06
626.6666667,0.005042406,-1.21E-06,-1.14E-06
626.7,0.005039994,-1.21E-06,-1.14E-06
626.7333333,0.005037584,-1.21E-06,-1.14E-06
626.7666667,0.005035175,-1.20E-06,-1.14E-06
626.8,0.005032766,-1.20E-06,-1.14E-06
626.8333333,0.005030359,-1.20E-06,-1.14E-06
626.8666667,0.005027953,-1.20E-06,-1.14E-06
626.9,0.005025548,-1.20E-06,-1.14E-06
626.9333333,0.005023144,-1.20E-06,-1.14E-06
626.9666667,0.005020741,-1.20E-06,-1.14E-06
627,0.005018339,-1.20E-06,-1.14E-06
627.0333333,0.005015938,-1.20E-06,-1.14E-06
627.0666667,0.005013539,-1.20E-06,-1.14E-06
627.1,0.00501114,-1.20E-06,-1.14E-06
627.1333333,0.005008742,-1.20E-06,-1.13E-06
627.1666667,0.005006346,-1.20E-06,-1.13E-06
627.2,0.00500395,-1.20E-06,-1.13E-06
627.2333333,0.005001556,-1.20E-06,-1.13E-06
627.2666667,0.004999162,-1.20E-06,-1.13E-06
627.3,0.00499677,-1.20E-06,-1.13E-06
627.3333333,0.004994378,-1.20E-06,-1.13E-06
627.3666667,0.004991988,-1.20E-06,-1.13E-06
627.4,0.004989599,-1.19E-06,-1.13E-06
627.4333333,0.004987211,-1.19E-06,-1.13E-06
627.4666667,0.004984824,-1.19E-06,-1.13E-06
627.5,0.004982438,-1.19E-06,-1.13E-06
627.5333333,0.004980053,-1.19E-06,-1.13E-06
627.5666667,0.004977669,-1.19E-06,-1.13E-06
627.6,0.004975286,-1.19E-06,-1.13E-06
627.6333333,0.004972904,-1.19E-06,-1.13E-06
627.6666667,0.004970523,-1.19E-06,-1.13E-06
627.7,0.004968144,-1.19E-06,-1.13E-06
627.7333333,0.004965765,-1.19E-06,-1.13E-06
627.7666667,0.004963387,-1.19E-06,-1.13E-06
627.8,0.004961011,-1.19E-06,-1.12E-06
627.8333333,0.004958635,-1.19E-06,-1.12E-06
627.8666667,0.004956261,-1.19E-06,-1.12E-06
627.9,0.004953887,-1.19E-06,-1.12E-06
627.9333333,0.004951515,-1.19E-06,-1.12E-06
627.9666667,0.004949144,-1.19E-06,-1.12E-06
628,0.004946773,-1.19E-06,-1.12E-06
628.0333333,0.004944404,-1.18E-06,-1.12E-06
628.0666667,0.004942036,-1.18E-06,-1.12E-06
628.1,0.004939669,-1.18E-06,-1.12E-06
628.1333333,0.004937303,-1.18E-06,-1.12E-06
628.1666667,0.004934938,-1.18E-06,-1.12E-06
628.2,0.004932574,-1.18E-06,-1.12E-06
628.2333333,0.004930211,-1.18E-06,-1.12E-06
628.2666667,0.004927849,-1.18E-06,-1.12E-06
628.3,0.004925488,-1.18E-06,-1.12E-06
628.3333333,0.004923128,-1.18E-06,-1.12E-06
628.3666667,0.004920769,-1.18E-06,-1.12E-06
628.4,0.004918411,-1.18E-06,-1.12E-06
628.4333333,0.004916055,-1.18E-06,-1.12E-06
628.4666667,0.004913699,-1.18E-06,-1.11E-06
628.5,0.004911344,-1.18E-06,-1.11E-06
628.5333333,0.004908991,-1.18E-06,-1.11E-06
628.5666667,0.004906638,-1.18E-06,-1.11E-06
628.6,0.004904287,-1.18E-06,-1.11E-06
628.6333333,0.004901936,-1.18E-06,-1.11E-06
628.6666667,0.004899587,-1.17E-06,-1.11E-06
628.7,0.004897239,-1.17E-06,-1.11E-06
628.7333333,0.004894891,-1.17E-06,-1.11E-06
628.7666667,0.004892545,-1.17E-06,-1.11E-06
628.8,0.0048902,-1.17E-06,-1.11E-06
628.8333333,0.004887855,-1.17E-06,-1.11E-06
628.8666667,0.004885512,-1.17E-06,-1.11E-06
628.9,0.00488317,-1.17E-06,-1.11E-06
628.9333333,0.004880829,-1.17E-06,-1.11E-06
628.9666667,0.004878489,-1.17E-06,-1.11E-06
629,0.00487615,-1.17E-06,-1.11E-06
629.0333333,0.004873812,-1.17E-06,-1.11E-06
629.0666667,0.004871475,-1.17E-06,-1.11E-06
629.1,0.004869139,-1.17E-06,-1.11E-06
629.1333333,0.004866804,-1.17E-06,-1.11E-06
629.1666667,0.00486447,-1.17E-06,-1.10E-06
629.2,0.004862137,-1.17E-06,-1.10E-06
629.2333333,0.004859805,-1.17E-06,-1.10E-06
629.2666667,0.004857475,-1.17E-06,-1.10E-06
629.3,0.004855145,-1.16E-06,-1.10E-06
629.3333333,0.004852816,-1.16E-06,-1.10E-06
629.3666667,0.004850489,-1.16E-06,-1.10E-06
629.4,0.004848162,-1.16E-06,-1.10E-06
629.4333333,0.004845836,-1.16E-06,-1.10E-06
629.4666667,0.004843512,-1.16E-06,-1.10E-06
629.5,0.004841188,-1.16E-06,-1.10E-06
629.5333333,0.004838866,-1.16E-06,-1.10E-06
629.5666667,0.004836544,-1.16E-06,-1.10E-06
629.6,0.004834224,-1.16E-06,-1.10E-06
629.6333333,0.004831904,-1.16E-06,-1.10E-06
629.6666667,0.004829586,-1.16E-06,-1.10E-06
629.7,0.004827268,-1.16E-06,-1.10E-06
629.7333333,0.004824952,-1.16E-06,-1.10E-06
629.7666667,0.004822637,-1.16E-06,-1.10E-06
629.8,0.004820322,-1.16E-06,-1.10E-06
629.8333333,0.004818009,-1.16E-06,-1.09E-06
629.8666667,0.004815697,-1.16E-06,-1.09E-06
629.9,0.004813385,-1.16E-06,-1.09E-06
629.9333333,0.004811075,-1.16E-06,-1.09E-06
629.9666667,0.004808766,-1.15E-06,-1.09E-06
630,0.004806458,-1.15E-06,-1.09E-06
630.0333333,0.004804151,-1.15E-06,-1.09E-06
630.0666667,0.004801844,-1.15E-06,-1.09E-06
630.1,0.004799539,-1.15E-06,-1.09E-06
630.1333333,0.004797235,-1.15E-06,-1.09E-06
630.1666667,0.004794932,-1.15E-06,-1.09E-06
630.2,0.00479263,-1.15E-06,-1.09E-06
630.2333333,0.004790329,-1.15E-06,-1.09E-06
630.2666667,0.004788029,-1.15E-06,-1.09E-06
630.3,0.00478573,-1.15E-06,-1.09E-06
630.3333333,0.004783432,-1.15E-06,-1.09E-06
630.3666667,0.004781135,-1.15E-06,-1.09E-06
630.4,0.004778839,-1.15E-06,-1.09E-06
630.4333333,0.004776544,-1.15E-06,-1.09E-06
630.4666667,0.00477425,-1.15E-06,-1.09E-06
630.5,0.004771957,-1.15E-06,-1.09E-06
630.5333333,0.004769666,-1.15E-06,-1.08E-06
630.5666667,0.004767375,-1.15E-06,-1.08E-06
630.6,0.004765085,-1.14E-06,-1.08E-06
630.6333333,0.004762796,-1.14E-06,-1.08E-06
630.6666667,0.004760508,-1.14E-06,-1.08E-06
630.7,0.004758221,-1.14E-06,-1.08E-06
630.7333333,0.004755936,-1.14E-06,-1.08E-06
630.7666667,0.004753651,-1.14E-06,-1.08E-06
630.8,0.004751367,-1.14E-06,-1.08E-06
630.8333333,0.004749084,-1.14E-06,-1.08E-06
630.8666667,0.004746803,-1.14E-06,-1.08E-06
630.9,0.004744522,-1.14E-06,-1.08E-06
630.9333333,0.004742242,-1.14E-06,-1.08E-06
630.9666667,0.004739964,-1.14E-06,-1.08E-06
631,0.004737686,-1.14E-06,-1.08E-06
631.0333333,0.004735409,-1.14E-06,-1.08E-06
631.0666667,0.004733134,-1.14E-06,-1.08E-06
631.1,0.004730859,-1.14E-06,-1.08E-06
631.1333333,0.004728585,-1.14E-06,-1.08E-06
631.1666667,0.004726313,-1.14E-06,-1.08E-06
631.2,0.004724041,-1.14E-06,-1.07E-06
631.2333333,0.00472177,-1.14E-06,-1.07E-06
631.2666667,0.004719501,-1.13E-06,-1.07E-06
631.3,0.004717232,-1.13E-06,-1.07E-06
631.3333333,0.004714965,-1.13E-06,-1.07E-06
631.3666667,0.004712698,-1.13E-06,-1.07E-06
631.4,0.004710432,-1.13E-06,-1.07E-06
631.4333333,0.004708168,-1.13E-06,-1.07E-06
631.4666667,0.004705904,-1.13E-06,-1.07E-06
631.5,0.004703642,-1.13E-06,-1.07E-06
631.5333333,0.00470138,-1.13E-06,-1.07E-06
631.5666667,0.004699119,-1.13E-06,-1.07E-06
631.6,0.00469686,-1.13E-06,-1.07E-06
631.6333333,0.004694601,-1.13E-06,-1.07E-06
631.6666667,0.004692344,-1.13E-06,-1.07E-06
631.7,0.004690087,-1.13E-06,-1.07E-06
631.7333333,0.004687832,-1.13E-06,-1.07E-06
631.7666667,0.004685577,-1.13E-06,-1.07E-06
631.8,0.004683324,-1.13E-06,-1.07E-06
631.8333333,0.004681071,-1.13E-06,-1.07E-06
631.8666667,0.004678819,-1.13E-06,-1.07E-06
631.9,0.004676569,-1.13E-06,-1.06E-06
631.9333333,0.004674319,-1.12E-06,-1.06E-06
631.9666667,0.004672071,-1.12E-06,-1.06E-06
632,0.004669823,-1.12E-06,-1.06E-06
632.0333333,0.004667577,-1.12E-06,-1.06E-06
632.0666667,0.004665331,-1.12E-06,-1.06E-06
632.1,0.004663087,-1.12E-06,-1.06E-06
632.1333333,0.004660843,-1.12E-06,-1.06E-06
632.1666667,0.004658601,-1.12E-06,-1.06E-06
632.2,0.004656359,-1.12E-06,-1.06E-06
632.2333333,0.004654118,-1.12E-06,-1.06E-06
632.2666667,0.004651879,-1.12E-06,-1.06E-06
632.3,0.00464964,-1.12E-06,-1.06E-06
632.3333333,0.004647403,-1.12E-06,-1.06E-06
632.3666667,0.004645166,-1.12E-06,-1.06E-06
632.4,0.00464293,-1.12E-06,-1.06E-06
632.4333333,0.004640696,-1.12E-06,-1.06E-06
632.4666667,0.004638462,-1.12E-06,-1.06E-06
632.5,0.00463623,-1.12E-06,-1.06E-06
632.5333333,0.004633998,-1.12E-06,-1.06E-06
632.5666667,0.004631767,-1.12E-06,-1.06E-06
632.6,0.004629538,-1.11E-06,-1.06E-06
632.6333333,0.004627309,-1.11E-06,-1.05E-06
632.6666667,0.004625081,-1.11E-06,-1.05E-06
632.7,0.004622855,-1.11E-06,-1.05E-06
632.7333333,0.004620629,-1.11E-06,-1.05E-06
632.7666667,0.004618404,-1.11E-06,-1.05E-06
632.8,0.004616181,-1.11E-06,-1.05E-06
632.8333333,0.004613958,-1.11E-06,-1.05E-06
632.8666667,0.004611736,-1.11E-06,-1.05E-06
632.9,0.004609515,-1.11E-06,-1.05E-06
632.9333333,0.004607296,-1.11E-06,-1.05E-06
632.9666667,0.004605077,-1.11E-06,-1.05E-06
633,0.004602859,-1.11E-06,-1.05E-06
633.0333333,0.004600642,-1.11E-06,-1.05E-06
633.0666667,0.004598427,-1.11E-06,-1.05E-06
633.1,0.004596212,-1.11E-06,-1.05E-06
633.1333333,0.004593998,-1.11E-06,-1.05E-06
633.1666667,0.004591785,-1.11E-06,-1.05E-06
633.2,0.004589573,-1.11E-06,-1.05E-06
633.2333333,0.004587362,-1.11E-06,-1.05E-06
633.2666667,0.004585152,-1.10E-06,-1.05E-06
633.3,0.004582944,-1.10E-06,-1.05E-06
633.3333333,0.004580736,-1.10E-06,-1.04E-06
633.3666667,0.004578529,-1.10E-06,-1.04E-06
633.4,0.004576323,-1.10E-06,-1.04E-06
633.4333333,0.004574118,-1.10E-06,-1.04E-06
633.4666667,0.004571914,-1.10E-06,-1.04E-06
633.5,0.004569711,-1.10E-06,-1.04E-06
633.5333333,0.004567509,-1.10E-06,-1.04E-06
633.5666667,0.004565308,-1.10E-06,-1.04E-06
633.6,0.004563108,-1.10E-06,-1.04E-06
633.6333333,0.004560908,-1.10E-06,-1.04E-06
633.6666667,0.00455871,-1.10E-06,-1.04E-06
633.7,0.004556513,-1.10E-06,-1.04E-06
633.7333333,0.004554317,-1.10E-06,-1.04E-06
633.7666667,0.004552122,-1.10E-06,-1.04E-06
633.8,0.004549928,-1.10E-06,-1.04E-06
633.8333333,0.004547734,-1.10E-06,-1.04E-06
633.8666667,0.004545542,-1.10E-06,-1.04E-06
633.9,0.004543351,-1.10E-06,-1.04E-06
633.9333333,0.004541161,-1.10E-06,-1.04E-06
633.9666667,0.004538971,-1.09E-06,-1.04E-06
634,0.004536783,-1.09E-06,-1.04E-06
634.0333333,0.004534595,-1.09E-06,-1.03E-06
634.0666667,0.004532409,-1.09E-06,-1.03E-06
634.1,0.004530224,-1.09E-06,-1.03E-06
634.1333333,0.004528039,-1.09E-06,-1.03E-06
634.1666667,0.004525856,-1.09E-06,-1.03E-06
634.2,0.004523673,-1.09E-06,-1.03E-06
634.2333333,0.004521492,-1.09E-06,-1.03E-06
634.2666667,0.004519311,-1.09E-06,-1.03E-06
634.3,0.004517131,-1.09E-06,-1.03E-06
634.3333333,0.004514953,-1.09E-06,-1.03E-06
634.3666667,0.004512775,-1.09E-06,-1.03E-06
634.4,0.004510598,-1.09E-06,-1.03E-06
634.4333333,0.004508423,-1.09E-06,-1.03E-06
634.4666667,0.004506248,-1.09E-06,-1.03E-06
634.5,0.004504074,-1.09E-06,-1.03E-06
634.5333333,0.004501901,-1.09E-06,-1.03E-06
634.5666667,0.00449973,-1.09E-06,-1.03E-06
634.6,0.004497559,-1.09E-06,-1.03E-06
634.6333333,0.004495389,-1.08E-06,-1.03E-06
634.6666667,0.00449322,-1.08E-06,-1.03E-06
634.7,0.004491052,-1.08E-06,-1.03E-06
634.7333333,0.004488885,-1.08E-06,-1.03E-06
634.7666667,0.004486719,-1.08E-06,-1.02E-06
634.8,0.004484554,-1.08E-06,-1.02E-06
634.8333333,0.00448239,-1.08E-06,-1.02E-06
634.8666667,0.004480227,-1.08E-06,-1.02E-06
634.9,0.004478064,-1.08E-06,-1.02E-06
634.9333333,0.004475903,-1.08E-06,-1.02E-06
634.9666667,0.004473743,-1.08E-06,-1.02E-06
635,0.004471584,-1.08E-06,-1.02E-06
635.0333333,0.004469425,-1.08E-06,-1.02E-06
635.0666667,0.004467268,-1.08E-06,-1.02E-06
635.1,0.004465112,-1.08E-06,-1.02E-06
635.1333333,0.004462956,-1.08E-06,-1.02E-06
635.1666667,0.004460802,-1.08E-06,-1.02E-06
635.2,0.004458648,-1.08E-06,-1.02E-06
635.2333333,0.004456496,-1.08E-06,-1.02E-06
635.2666667,0.004454344,-1.08E-06,-1.02E-06
635.3,0.004452193,-1.08E-06,-1.02E-06
635.3333333,0.004450044,-1.07E-06,-1.02E-06
635.3666667,0.004447895,-1.07E-06,-1.02E-06
635.4,0.004445747,-1.07E-06,-1.02E-06
635.4333333,0.0044436,-1.07E-06,-1.02E-06
635.4666667,0.004441454,-1.07E-06,-1.02E-06
635.5,0.00443931,-1.07E-06,-1.01E-06
635.5333333,0.004437166,-1.07E-06,-1.01E-06
635.5666667,0.004435023,-1.07E-06,-1.01E-06
635.6,0.004432881,-1.07E-06,-1.01E-06
635.6333333,0.00443074,-1.07E-06,-1.01E-06
635.6666667,0.0044286,-1.07E-06,-1.01E-06
635.7,0.00442646,-1.07E-06,-1.01E-06
635.7333333,0.004424322,-1.07E-06,-1.01E-06
635.7666667,0.004422185,-1.07E-06,-1.01E-06
635.8,0.004420049,-1.07E-06,-1.01E-06
635.8333333,0.004417913,-1.07E-06,-1.01E-06
635.8666667,0.004415779,-1.07E-06,-1.01E-06
635.9,0.004413646,-1.07E-06,-1.01E-06
635.9333333,0.004411513,-1.07E-06,-1.01E-06
635.9666667,0.004409382,-1.07E-06,-1.01E-06
636,0.004407251,-1.07E-06,-1.01E-06
636.0333333,0.004405121,-1.06E-06,-1.01E-06
636.0666667,0.004402993,-1.06E-06,-1.01E-06
636.1,0.004400865,-1.06E-06,-1.01E-06
636.1333333,0.004398738,-1.06E-06,-1.01E-06
636.1666667,0.004396612,-1.06E-06,-1.01E-06
636.2,0.004394488,-1.06E-06,-1.01E-06
636.2333333,0.004392364,-1.06E-06,-1.00E-06
636.2666667,0.004390241,-1.06E-06,-1.00E-06
636.3,0.004388119,-1.06E-06,-1.00E-06
636.3333333,0.004385998,-1.06E-06,-1.00E-06
636.3666667,0.004383877,-1.06E-06,-1.00E-06
636.4,0.004381758,-1.06E-06,-1.00E-06
636.4333333,0.00437964,-1.06E-06,-1.00E-06
636.4666667,0.004377523,-1.06E-06,-1.00E-06
636.5,0.004375406,-1.06E-06,-1.00E-06
636.5333333,0.004373291,-1.06E-06,-1.00E-06
636.5666667,0.004371177,-1.06E-06,-1.00E-06
636.6,0.004369063,-1.06E-06,-1.00E-06
636.6333333,0.004366951,-1.06E-06,-9.99E-07
636.6666667,0.004364839,-1.06E-06,-9.99E-07
636.7,0.004362728,-1.06E-06,-9.99E-07
636.7333333,0.004360619,-1.05E-06,-9.98E-07
636.7666667,0.00435851,-1.05E-06,-9.98E-07
636.8,0.004356402,-1.05E-06,-9.97E-07
636.8333333,0.004354295,-1.05E-06,-9.97E-07
636.8666667,0.004352189,-1.05E-06,-9.96E-07
636.9,0.004350084,-1.05E-06,-9.96E-07
636.9333333,0.00434798,-1.05E-06,-9.95E-07
636.9666667,0.004345877,-1.05E-06,-9.95E-07
637,0.004343775,-1.05E-06,-9.95E-07
637.0333333,0.004341673,-1.05E-06,-9.94E-07
637.0666667,0.004339573,-1.05E-06,-9.94E-07
637.1,0.004337474,-1.05E-06,-9.93E-07
637.1333333,0.004335375,-1.05E-06,-9.93E-07
637.1666667,0.004333278,-1.05E-06,-9.92E-07
637.2,0.004331181,-1.05E-06,-9.92E-07
637.2333333,0.004329086,-1.05E-06,-9.91E-07
637.2666667,0.004326991,-1.05E-06,-9.91E-07
637.3,0.004324897,-1.05E-06,-9.91E-07
637.3333333,0.004322804,-1.05E-06,-9.90E-07
637.3666667,0.004320712,-1.05E-06,-9.90E-07
637.4,0.004318622,-1.05E-06,-9.89E-07
637.4333333,0.004316532,-1.05E-06,-9.89E-07
637.4666667,0.004314442,-1.04E-06,-9.88E-07
637.5,0.004312354,-1.04E-06,-9.88E-07
637.5333333,0.004310267,-1.04E-06,-9.87E-07
637.5666667,0.004308181,-1.04E-06,-9.87E-07
637.6,0.004306096,-1.04E-06,-9.87E-07
637.6333333,0.004304011,-1.04E-06,-9.86E-07
637.6666667,0.004301928,-1.04E-06,-9.86E-07
637.7,0.004299845,-1.04E-06,-9.85E-07
637.7333333,0.004297764,-1.04E-06,-9.85E-07
637.7666667,0.004295683,-1.04E-06,-9.84E-07
637.8,0.004293603,-1.04E-06,-9.84E-07
637.8333333,0.004291524,-1.04E-06,-9.83E-07
637.8666667,0.004289446,-1.04E-06,-9.83E-07
637.9,0.004287369,-1.04E-06,-9.83E-07
637.9333333,0.004285293,-1.04E-06,-9.82E-07
637.9666667,0.004283218,-1.04E-06,-9.82E-07
638,0.004281144,-1.04E-06,-9.81E-07
638.0333333,0.004279071,-1.04E-06,-9.81E-07
638.0666667,0.004276999,-1.04E-06,-9.80E-07
638.1,0.004274927,-1.04E-06,-9.80E-07
638.1333333,0.004272857,-1.04E-06,-9.79E-07
638.1666667,0.004270787,-1.03E-06,-9.79E-07
638.2,0.004268719,-1.03E-06,-9.79E-07
638.2333333,0.004266651,-1.03E-06,-9.78E-07
638.2666667,0.004264584,-1.03E-06,-9.78E-07
638.3,0.004262518,-1.03E-06,-9.77E-07
638.3333333,0.004260454,-1.03E-06,-9.77E-07
638.3666667,0.00425839,-1.03E-06,-9.76E-07
638.4,0.004256327,-1.03E-06,-9.76E-07
638.4333333,0.004254264,-1.03E-06,-9.76E-07
638.4666667,0.004252203,-1.03E-06,-9.75E-07
638.5,0.004250143,-1.03E-06,-9.75E-07
638.5333333,0.004248084,-1.03E-06,-9.74E-07
638.5666667,0.004246025,-1.03E-06,-9.74E-07
638.6,0.004243968,-1.03E-06,-9.73E-07
638.6333333,0.004241911,-1.03E-06,-9.73E-07
638.6666667,0.004239856,-1.03E-06,-9.72E-07
638.7,0.004237801,-1.03E-06,-9.72E-07
638.7333333,0.004235747,-1.03E-06,-9.72E-07
638.7666667,0.004233694,-1.03E-06,-9.71E-07
638.8,0.004231642,-1.03E-06,-9.71E-07
638.8333333,0.004229591,-1.03E-06,-9.70E-07
638.8666667,0.004227541,-1.03E-06,-9.70E-07
638.9,0.004225492,-1.02E-06,-9.69E-07
638.9333333,0.004223443,-1.02E-06,-9.69E-07
638.9666667,0.004221396,-1.02E-06,-9.69E-07
639,0.00421935,-1.02E-06,-9.68E-07
639.0333333,0.004217304,-1.02E-06,-9.68E-07
639.0666667,0.004215259,-1.02E-06,-9.67E-07
639.1,0.004213216,-1.02E-06,-9.67E-07
639.1333333,0.004211173,-1.02E-06,-9.66E-07
639.1666667,0.004209131,-1.02E-06,-9.66E-07
639.2,0.00420709,-1.02E-06,-9.65E-07
639.2333333,0.00420505,-1.02E-06,-9.65E-07
639.2666667,0.004203011,-1.02E-06,-9.65E-07
639.3,0.004200973,-1.02E-06,-9.64E-07
639.3333333,0.004198935,-1.02E-06,-9.64E-07
639.3666667,0.004196899,-1.02E-06,-9.63E-07
639.4,0.004194863,-1.02E-06,-9.63E-07
639.4333333,0.004192829,-1.02E-06,-9.62E-07
639.4666667,0.004190795,-1.02E-06,-9.62E-07
639.5,0.004188762,-1.02E-06,-9.62E-07
639.5333333,0.004186731,-1.02E-06,-9.61E-07
639.5666667,0.0041847,-1.02E-06,-9.61E-07
639.6,0.00418267,-1.02E-06,-9.60E-07
639.6333333,0.004180641,-1.01E-06,-9.60E-07
639.6666667,0.004178612,-1.01E-06,-9.59E-07
639.7,0.004176585,-1.01E-06,-9.59E-07
639.7333333,0.004174559,-1.01E-06,-9.59E-07
639.7666667,0.004172533,-1.01E-06,-9.58E-07
639.8,0.004170509,-1.01E-06,-9.58E-07
639.8333333,0.004168485,-1.01E-06,-9.57E-07
639.8666667,0.004166462,-1.01E-06,-9.57E-07
639.9,0.004164441,-1.01E-06,-9.56E-07
639.9333333,0.00416242,-1.01E-06,-9.56E-07
639.9666667,0.0041604,-1.01E-06,-9.56E-07
640,0.004158381,-1.01E-06,-9.55E-07
640.0333333,0.004156362,-1.01E-06,-9.55E-07
640.0666667,0.004154345,-1.01E-06,-9.54E-07
640.1,0.004152329,-1.01E-06,-9.54E-07
640.1333333,0.004150313,-1.01E-06,-9.53E-07
640.1666667,0.004148299,-1.01E-06,-9.53E-07
640.2,0.004146285,-1.01E-06,-9.53E-07
640.2333333,0.004144272,-1.01E-06,-9.52E-07
640.2666667,0.00414226,-1.01E-06,-9.52E-07
640.3,0.004140249,-1.01E-06,-9.51E-07
640.3333333,0.004138239,-1.01E-06,-9.51E-07
640.3666667,0.00413623,-1.00E-06,-9.50E-07
640.4,0.004134222,-1.00E-06,-9.50E-07
640.4333333,0.004132215,-1.00E-06,-9.50E-07
640.4666667,0.004130208,-1.00E-06,-9.49E-07
640.5,0.004128203,-1.00E-06,-9.49E-07
640.5333333,0.004126198,-1.00E-06,-9.48E-07
640.5666667,0.004124194,-1.00E-06,-9.48E-07
640.6,0.004122191,-1.00E-06,-9.47E-07
640.6333333,0.004120189,-1.00E-06,-9.47E-07
640.6666667,0.004118188,-1.00E-06,-9.47E-07
640.7,0.004116188,-1.00E-06,-9.46E-07
640.7333333,0.004114189,-1.00E-06,-9.46E-07
640.7666667,0.004112191,-9.99E-07,-9.45E-07
640.8,0.004110193,-9.99E-07,-9.45E-07
640.8333333,0.004108197,-9.98E-07,-9.44E-07
640.8666667,0.004106201,-9.98E-07,-9.44E-07
640.9,0.004104206,-9.97E-07,-9.44E-07
640.9333333,0.004102212,-9.97E-07,-9.43E-07
640.9666667,0.004100219,-9.96E-07,-9.43E-07
641,0.004098227,-9.96E-07,-9.42E-07
641.0333333,0.004096236,-9.96E-07,-9.42E-07
641.0666667,0.004094246,-9.95E-07,-9.41E-07
641.1,0.004092256,-9.95E-07,-9.41E-07
641.1333333,0.004090268,-9.94E-07,-9.41E-07
641.1666667,0.00408828,-9.94E-07,-9.40E-07
641.2,0.004086294,-9.93E-07,-9.40E-07
641.2333333,0.004084308,-9.93E-07,-9.39E-07
641.2666667,0.004082323,-9.92E-07,-9.39E-07
641.3,0.004080339,-9.92E-07,-9.38E-07
641.3333333,0.004078356,-9.92E-07,-9.38E-07
641.3666667,0.004076374,-9.91E-07,-9.38E-07
641.4,0.004074392,-9.91E-07,-9.37E-07
641.4333333,0.004072412,-9.90E-07,-9.37E-07
641.4666667,0.004070432,-9.90E-07,-9.36E-07
641.5,0.004068453,-9.89E-07,-9.36E-07
641.5333333,0.004066476,-9.89E-07,-9.35E-07
641.5666667,0.004064499,-9.88E-07,-9.35E-07
641.6,0.004062523,-9.88E-07,-9.35E-07
641.6333333,0.004060548,-9.88E-07,-9.34E-07
641.6666667,0.004058573,-9.87E-07,-9.34E-07
641.7,0.0040566,-9.87E-07,-9.33E-07
641.7333333,0.004054628,-9.86E-07,-9.33E-07
641.7666667,0.004052656,-9.86E-07,-9.33E-07
641.8,0.004050685,-9.85E-07,-9.32E-07
641.8333333,0.004048716,-9.85E-07,-9.32E-07
641.8666667,0.004046747,-9.84E-07,-9.31E-07
641.9,0.004044779,-9.84E-07,-9.31E-07
641.9333333,0.004042811,-9.84E-07,-9.30E-07
641.9666667,0.004040845,-9.83E-07,-9.30E-07
642,0.00403888,-9.83E-07,-9.30E-07
642.0333333,0.004036915,-9.82E-07,-9.29E-07
642.0666667,0.004034952,-9.82E-07,-9.29E-07
642.1,0.004032989,-9.81E-07,-9.28E-07
642.1333333,0.004031027,-9.81E-07,-9.28E-07
642.1666667,0.004029066,-9.80E-07,-9.27E-07
642.2,0.004027106,-9.80E-07,-9.27E-07
642.2333333,0.004025147,-9.80E-07,-9.27E-07
642.2666667,0.004023189,-9.79E-07,-9.26E-07
642.3,0.004021231,-9.79E-07,-9.26E-07
642.3333333,0.004019275,-9.78E-07,-9.25E-07
642.3666667,0.004017319,-9.78E-07,-9.25E-07
642.4,0.004015364,-9.77E-07,-9.25E-07
642.4333333,0.00401341,-9.77E-07,-9.24E-07
642.4666667,0.004011457,-9.77E-07,-9.24E-07
642.5,0.004009505,-9.76E-07,-9.23E-07
642.5333333,0.004007554,-9.76E-07,-9.23E-07
642.5666667,0.004005604,-9.75E-07,-9.22E-07
642.6,0.004003654,-9.75E-07,-9.22E-07
642.6333333,0.004001706,-9.74E-07,-9.22E-07
642.6666667,0.003999758,-9.74E-07,-9.21E-07
642.7,0.003997811,-9.73E-07,-9.21E-07
642.7333333,0.003995865,-9.73E-07,-9.20E-07
642.7666667,0.00399392,-9.73E-07,-9.20E-07
642.8,0.003991976,-9.72E-07,-9.20E-07
642.8333333,0.003990032,-9.72E-07,-9.19E-07
642.8666667,0.00398809,-9.71E-07,-9.19E-07
642.9,0.003986148,-9.71E-07,-9.18E-07
642.9333333,0.003984207,-9.70E-07,-9.18E-07
642.9666667,0.003982267,-9.70E-07,-9.17E-07
643,0.003980329,-9.69E-07,-9.17E-07
643.0333333,0.00397839,-9.69E-07,-9.17E-07
643.0666667,0.003976453,-9.69E-07,-9.16E-07
643.1,0.003974517,-9.68E-07,-9.16E-07
643.1333333,0.003972581,-9.68E-07,-9.15E-07
643.1666667,0.003970647,-9.67E-07,-9.15E-07
643.2,0.003968713,-9.67E-07,-9.15E-07
643.2333333,0.00396678,-9.66E-07,-9.14E-07
643.2666667,0.003964848,-9.66E-07,-9.14E-07
643.3,0.003962917,-9.66E-07,-9.13E-07
643.3333333,0.003960987,-9.65E-07,-9.13E-07
643.3666667,0.003959057,-9.65E-07,-9.13E-07
643.4,0.003957129,-9.64E-07,-9.12E-07
643.4333333,0.003955201,-9.64E-07,-9.12E-07
643.4666667,0.003953274,-9.63E-07,-9.11E-07
643.5,0.003951348,-9.63E-07,-9.11E-07
643.5333333,0.003949423,-9.63E-07,-9.10E-07
643.5666667,0.003947499,-9.62E-07,-9.10E-07
643.6,0.003945576,-9.62E-07,-9.10E-07
643.6333333,0.003943653,-9.61E-07,-9.09E-07
643.6666667,0.003941732,-9.61E-07,-9.09E-07
643.7,0.003939811,-9.60E-07,-9.08E-07
643.7333333,0.003937891,-9.60E-07,-9.08E-07
643.7666667,0.003935972,-9.59E-07,-9.08E-07
643.8,0.003934054,-9.59E-07,-9.07E-07
643.8333333,0.003932137,-9.59E-07,-9.07E-07
643.8666667,0.00393022,-9.58E-07,-9.06E-07
643.9,0.003928305,-9.58E-07,-9.06E-07
643.9333333,0.00392639,-9.57E-07,-9.06E-07
643.9666667,0.003924477,-9.57E-07,-9.05E-07
644,0.003922564,-9.56E-07,-9.05E-07
644.0333333,0.003920652,-9.56E-07,-9.04E-07
644.0666667,0.00391874,-9.56E-07,-9.04E-07
644.1,0.00391683,-9.55E-07,-9.03E-07
644.1333333,0.003914921,-9.55E-07,-9.03E-07
644.1666667,0.003913012,-9.54E-07,-9.03E-07
644.2,0.003911104,-9.54E-07,-9.02E-07
644.2333333,0.003909197,-9.53E-07,-9.02E-07
644.2666667,0.003907291,-9.53E-07,-9.01E-07
644.3,0.003905386,-9.53E-07,-9.01E-07
644.3333333,0.003903482,-9.52E-07,-9.01E-07
644.3666667,0.003901578,-9.52E-07,-9.00E-07
644.4,0.003899676,-9.51E-07,-9.00E-07
644.4333333,0.003897774,-9.51E-07,-8.99E-07
644.4666667,0.003895873,-9.50E-07,-8.99E-07
644.5,0.003893973,-9.50E-07,-8.99E-07
644.5333333,0.003892074,-9.50E-07,-8.98E-07
644.5666667,0.003890176,-9.49E-07,-8.98E-07
644.6,0.003888278,-9.49E-07,-8.97E-07
644.6333333,0.003886382,-9.48E-07,-8.97E-07
644.6666667,0.003884486,-9.48E-07,-8.97E-07
644.7,0.003882591,-9.47E-07,-8.96E-07
644.7333333,0.003880697,-9.47E-07,-8.96E-07
644.7666667,0.003878804,-9.47E-07,-8.95E-07
644.8,0.003876911,-9.46E-07,-8.95E-07
644.8333333,0.00387502,-9.46E-07,-8.95E-07
644.8666667,0.003873129,-9.45E-07,-8.94E-07
644.9,0.00387124,-9.45E-07,-8.94E-07
644.9333333,0.003869351,-9.44E-07,-8.93E-07
644.9666667,0.003867463,-9.44E-07,-8.93E-07
645,0.003865576,-9.44E-07,-8.92E-07
645.0333333,0.003863689,-9.43E-07,-8.92E-07
645.0666667,0.003861804,-9.43E-07,-8.92E-07
645.1,0.003859919,-9.42E-07,-8.91E-07
645.1333333,0.003858035,-9.42E-07,-8.91E-07
645.1666667,0.003856152,-9.41E-07,-8.90E-07
645.2,0.00385427,-9.41E-07,-8.90E-07
645.2333333,0.003852389,-9.41E-07,-8.90E-07
645.2666667,0.003850509,-9.40E-07,-8.89E-07
645.3,0.003848629,-9.40E-07,-8.89E-07
645.3333333,0.003846751,-9.39E-07,-8.88E-07
645.3666667,0.003844873,-9.39E-07,-8.88E-07
645.4,0.003842996,-9.38E-07,-8.88E-07
645.4333333,0.00384112,-9.38E-07,-8.87E-07
645.4666667,0.003839244,-9.38E-07,-8.87E-07
645.5,0.00383737,-9.37E-07,-8.86E-07
645.5333333,0.003835496,-9.37E-07,-8.86E-07
645.5666667,0.003833624,-9.36E-07,-8.86E-07
645.6,0.003831752,-9.36E-07,-8.85E-07
645.6333333,0.003829881,-9.36E-07,-8.85E-07
645.6666667,0.00382801,-9.35E-07,-8.84E-07
645.7,0.003826141,-9.35E-07,-8.84E-07
645.7333333,0.003824273,-9.34E-07,-8.84E-07
645.7666667,0.003822405,-9.34E-07,-8.83E-07
645.8,0.003820538,-9.33E-07,-8.83E-07
645.8333333,0.003818672,-9.33E-07,-8.82E-07
645.8666667,0.003816807,-9.33E-07,-8.82E-07
645.9,0.003814943,-9.32E-07,-8.82E-07
645.9333333,0.003813079,-9.32E-07,-8.81E-07
645.9666667,0.003811217,-9.31E-07,-8.81E-07
646,0.003809355,-9.31E-07,-8.80E-07
646.0333333,0.003807494,-9.30E-07,-8.80E-07
646.0666667,0.003805634,-9.30E-07,-8.80E-07
646.1,0.003803775,-9.30E-07,-8.79E-07
646.1333333,0.003801916,-9.29E-07,-8.79E-07
646.1666667,0.003800059,-9.29E-07,-8.78E-07
646.2,0.003798202,-9.28E-07,-8.78E-07
646.2333333,0.003796346,-9.28E-07,-8.78E-07
646.2666667,0.003794491,-9.28E-07,-8.77E-07
646.3,0.003792637,-9.27E-07,-8.77E-07
646.3333333,0.003790784,-9.27E-07,-8.76E-07
646.3666667,0.003788931,-9.26E-07,-8.76E-07
646.4,0.003787079,-9.26E-07,-8.76E-07
646.4333333,0.003785229,-9.25E-07,-8.75E-07
646.4666667,0.003783379,-9.25E-07,-8.75E-07
646.5,0.003781529,-9.25E-07,-8.74E-07
646.5333333,0.003779681,-9.24E-07,-8.74E-07
646.5666667,0.003777834,-9.24E-07,-8.74E-07
646.6,0.003775987,-9.23E-07,-8.73E-07
646.6333333,0.003774141,-9.23E-07,-8.73E-07
646.6666667,0.003772296,-9.22E-07,-8.72E-07
646.7,0.003770452,-9.22E-07,-8.72E-07
646.7333333,0.003768609,-9.22E-07,-8.72E-07
646.7666667,0.003766766,-9.21E-07,-8.71E-07
646.8,0.003764925,-9.21E-07,-8.71E-07
646.8333333,0.003763084,-9.20E-07,-8.70E-07
646.8666667,0.003761244,-9.20E-07,-8.70E-07
646.9,0.003759405,-9.20E-07,-8.70E-07
646.9333333,0.003757566,-9.19E-07,-8.69E-07
646.9666667,0.003755729,-9.19E-07,-8.69E-07
647,0.003753892,-9.18E-07,-8.68E-07
647.0333333,0.003752056,-9.18E-07,-8.68E-07
647.0666667,0.003750221,-9.17E-07,-8.68E-07
647.1,0.003748387,-9.17E-07,-8.67E-07
647.1333333,0.003746554,-9.17E-07,-8.67E-07
647.1666667,0.003744722,-9.16E-07,-8.67E-07
647.2,0.00374289,-9.16E-07,-8.66E-07
647.2333333,0.003741059,-9.15E-07,-8.66E-07
647.2666667,0.003739229,-9.15E-07,-8.65E-07
647.3,0.0037374,-9.15E-07,-8.65E-07
647.3333333,0.003735572,-9.14E-07,-8.65E-07
647.3666667,0.003733744,-9.14E-07,-8.64E-07
647.4,0.003731917,-9.13E-07,-8.64E-07
647.4333333,0.003730092,-9.13E-07,-8.63E-07
647.4666667,0.003728267,-9.13E-07,-8.63E-07
647.5,0.003726442,-9.12E-07,-8.63E-07
647.5333333,0.003724619,-9.12E-07,-8.62E-07
647.5666667,0.003722796,-9.11E-07,-8.62E-07
647.6,0.003720975,-9.11E-07,-8.61E-07
647.6333333,0.003719154,-9.10E-07,-8.61E-07
647.6666667,0.003717334,-9.10E-07,-8.61E-07
647.7,0.003715515,-9.10E-07,-8.60E-07
647.7333333,0.003713696,-9.09E-07,-8.60E-07
647.7666667,0.003711878,-9.09E-07,-8.59E-07
647.8,0.003710062,-9.08E-07,-8.59E-07
647.8333333,0.003708246,-9.08E-07,-8.59E-07
647.8666667,0.003706431,-9.08E-07,-8.58E-07
647.9,0.003704616,-9.07E-07,-8.58E-07
647.9333333,0.003702803,-9.07E-07,-8.58E-07
647.9666667,0.00370099,-9.06E-07,-8.57E-07
648,0.003699178,-9.06E-07,-8.57E-07
648.0333333,0.003697367,-9.06E-07,-8.56E-07
648.0666667,0.003695557,-9.05E-07,-8.56E-07
648.1,0.003693748,-9.05E-07,-8.56E-07
648.1333333,0.003691939,-9.04E-07,-8.55E-07
648.1666667,0.003690132,-9.04E-07,-8.55E-07
648.2,0.003688325,-9.03E-07,-8.54E-07
648.2333333,0.003686519,-9.03E-07,-8.54E-07
648.2666667,0.003684713,-9.03E-07,-8.54E-07
648.3,0.003682909,-9.02E-07,-8.53E-07
648.3333333,0.003681105,-9.02E-07,-8.53E-07
648.3666667,0.003679302,-9.01E-07,-8.52E-07
648.4,0.0036775,-9.01E-07,-8.52E-07
648.4333333,0.003675699,-9.01E-07,-8.52E-07
648.4666667,0.003673899,-9.00E-07,-8.51E-07
648.5,0.003672099,-9.00E-07,-8.51E-07
648.5333333,0.003670301,-8.99E-07,-8.51E-07
648.5666667,0.003668503,-8.99E-07,-8.50E-07
648.6,0.003666706,-8.99E-07,-8.50E-07
648.6333333,0.003664909,-8.98E-07,-8.49E-07
648.6666667,0.003663114,-8.98E-07,-8.49E-07
648.7,0.003661319,-8.97E-07,-8.49E-07
648.7333333,0.003659526,-8.97E-07,-8.48E-07
648.7666667,0.003657733,-8.97E-07,-8.48E-07
648.8,0.00365594,-8.96E-07,-8.47E-07
648.8333333,0.003654149,-8.96E-07,-8.47E-07
648.8666667,0.003652358,-8.95E-07,-8.47E-07
648.9,0.003650569,-8.95E-07,-8.46E-07
648.9333333,0.00364878,-8.94E-07,-8.46E-07
648.9666667,0.003646992,-8.94E-07,-8.45E-07
649,0.003645204,-8.94E-07,-8.45E-07
649.0333333,0.003643418,-8.93E-07,-8.45E-07
649.0666667,0.003641632,-8.93E-07,-8.44E-07
649.1,0.003639847,-8.92E-07,-8.44E-07
649.1333333,0.003638063,-8.92E-07,-8.44E-07
649.1666667,0.00363628,-8.92E-07,-8.43E-07
649.2,0.003634497,-8.91E-07,-8.43E-07
649.2333333,0.003632716,-8.91E-07,-8.42E-07
649.2666667,0.003630935,-8.90E-07,-8.42E-07
649.3,0.003629155,-8.90E-07,-8.42E-07
649.3333333,0.003627376,-8.90E-07,-8.41E-07
649.3666667,0.003625597,-8.89E-07,-8.41E-07
649.4,0.00362382,-8.89E-07,-8.40E-07
649.4333333,0.003622043,-8.88E-07,-8.40E-07
649.4666667,0.003620267,-8.88E-07,-8.40E-07
649.5,0.003618492,-8.88E-07,-8.39E-07
649.5333333,0.003616717,-8.87E-07,-8.39E-07
649.5666667,0.003614944,-8.87E-07,-8.39E-07
649.6,0.003613171,-8.86E-07,-8.38E-07
649.6333333,0.003611399,-8.86E-07,-8.38E-07
649.6666667,0.003609628,-8.86E-07,-8.37E-07
649.7,0.003607857,-8.85E-07,-8.37E-07
649.7333333,0.003606088,-8.85E-07,-8.37E-07
649.7666667,0.003604319,-8.84E-07,-8.36E-07
649.8,0.003602551,-8.84E-07,-8.36E-07
649.8333333,0.003600784,-8.84E-07,-8.36E-07
649.8666667,0.003599018,-8.83E-07,-8.35E-07
649.9,0.003597252,-8.83E-07,-8.35E-07
649.9333333,0.003595488,-8.82E-07,-8.34E-07
649.9666667,0.003593724,-8.82E-07,-8.34E-07
650,0.003591961,-8.82E-07,-8.34E-07
650.0333333,0.003590198,-8.81E-07,-8.33E-07
650.0666667,0.003588437,-8.81E-07,-8.33E-07
650.1,0.003586676,-8.80E-07,-8.32E-07
650.1333333,0.003584916,-8.80E-07,-8.32E-07
650.1666667,0.003583157,-8.80E-07,-8.32E-07
650.2,0.003581399,-8.79E-07,-8.31E-07
650.2333333,0.003579641,-8.79E-07,-8.31E-07
650.2666667,0.003577884,-8.78E-07,-8.31E-07
650.3,0.003576129,-8.78E-07,-8.30E-07
650.3333333,0.003574373,-8.78E-07,-8.30E-07
650.3666667,0.003572619,-8.77E-07,-8.29E-07
650.4,0.003570866,-8.77E-07,-8.29E-07
650.4333333,0.003569113,-8.76E-07,-8.29E-07
650.4666667,0.003567361,-8.76E-07,-8.28E-07
650.5,0.00356561,-8.76E-07,-8.28E-07
650.5333333,0.00356386,-8.75E-07,-8.28E-07
650.5666667,0.00356211,-8.75E-07,-8.27E-07
650.6,0.003560361,-8.74E-07,-8.27E-07
650.6333333,0.003558613,-8.74E-07,-8.26E-07
650.6666667,0.003556866,-8.74E-07,-8.26E-07
650.7,0.00355512,-8.73E-07,-8.26E-07
650.7333333,0.003553374,-8.73E-07,-8.25E-07
650.7666667,0.00355163,-8.72E-07,-8.25E-07
650.8,0.003549886,-8.72E-07,-8.25E-07
650.8333333,0.003548142,-8.72E-07,-8.24E-07
650.8666667,0.0035464,-8.71E-07,-8.24E-07
650.9,0.003544658,-8.71E-07,-8.23E-07
650.9333333,0.003542918,-8.70E-07,-8.23E-07
650.9666667,0.003541178,-8.70E-07,-8.23E-07
651,0.003539438,-8.70E-07,-8.22E-07
651.0333333,0.0035377,-8.69E-07,-8.22E-07
651.0666667,0.003535962,-8.69E-07,-8.22E-07
651.1,0.003534226,-8.68E-07,-8.21E-07
651.1333333,0.00353249,-8.68E-07,-8.21E-07
651.1666667,0.003530754,-8.68E-07,-8.20E-07
651.2,0.00352902,-8.67E-07,-8.20E-07
651.2333333,0.003527286,-8.67E-07,-8.20E-07
651.2666667,0.003525553,-8.66E-07,-8.19E-07
651.3,0.003523821,-8.66E-07,-8.19E-07
651.3333333,0.00352209,-8.66E-07,-8.19E-07
651.3666667,0.003520359,-8.65E-07,-8.18E-07
651.4,0.00351863,-8.65E-07,-8.18E-07
651.4333333,0.003516901,-8.64E-07,-8.17E-07
651.4666667,0.003515173,-8.64E-07,-8.17E-07
651.5,0.003513445,-8.64E-07,-8.17E-07
651.5333333,0.003511719,-8.63E-07,-8.16E-07
651.5666667,0.003509993,-8.63E-07,-8.16E-07
651.6,0.003508268,-8.62E-07,-8.16E-07
651.6333333,0.003506544,-8.62E-07,-8.15E-07
651.6666667,0.00350482,-8.62E-07,-8.15E-07
651.7,0.003503098,-8.61E-07,-8.14E-07
651.7333333,0.003501376,-8.61E-07,-8.14E-07
651.7666667,0.003499655,-8.61E-07,-8.14E-07
651.8,0.003497934,-8.60E-07,-8.13E-07
651.8333333,0.003496215,-8.60E-07,-8.13E-07
651.8666667,0.003494496,-8.59E-07,-8.13E-07
651.9,0.003492778,-8.59E-07,-8.12E-07
651.9333333,0.003491061,-8.59E-07,-8.12E-07
651.9666667,0.003489345,-8.58E-07,-8.11E-07
652,0.003487629,-8.58E-07,-8.11E-07
652.0333333,0.003485914,-8.57E-07,-8.11E-07
652.0666667,0.0034842,-8.57E-07,-8.10E-07
652.1,0.003482487,-8.57E-07,-8.10E-07
652.1333333,0.003480775,-8.56E-07,-8.10E-07
652.1666667,0.003479063,-8.56E-07,-8.09E-07
652.2,0.003477352,-8.55E-07,-8.09E-07
652.2333333,0.003475642,-8.55E-07,-8.08E-07
652.2666667,0.003473933,-8.55E-07,-8.08E-07
652.3,0.003472224,-8.54E-07,-8.08E-07
652.3333333,0.003470516,-8.54E-07,-8.07E-07
652.3666667,0.003468809,-8.54E-07,-8.07E-07
652.4,0.003467103,-8.53E-07,-8.07E-07
652.4333333,0.003465398,-8.53E-07,-8.06E-07
652.4666667,0.003463693,-8.52E-07,-8.06E-07
652.5,0.003461989,-8.52E-07,-8.06E-07
652.5333333,0.003460286,-8.52E-07,-8.05E-07
652.5666667,0.003458584,-8.51E-07,-8.05E-07
652.6,0.003456882,-8.51E-07,-8.04E-07
652.6333333,0.003455181,-8.50E-07,-8.04E-07
652.6666667,0.003453481,-8.50E-07,-8.04E-07
652.7,0.003451782,-8.50E-07,-8.03E-07
652.7333333,0.003450083,-8.49E-07,-8.03E-07
652.7666667,0.003448386,-8.49E-07,-8.03E-07
652.8,0.003446689,-8.48E-07,-8.02E-07
652.8333333,0.003444993,-8.48E-07,-8.02E-07
652.8666667,0.003443297,-8.48E-07,-8.01E-07
652.9,0.003441603,-8.47E-07,-8.01E-07
652.9333333,0.003439909,-8.47E-07,-8.01E-07
652.9666667,0.003438216,-8.47E-07,-8.00E-07
653,0.003436524,-8.46E-07,-8.00E-07
653.0333333,0.003434832,-8.46E-07,-8.00E-07
653.0666667,0.003433141,-8.45E-07,-7.99E-07
653.1,0.003431452,-8.45E-07,-7.99E-07
653.1333333,0.003429762,-8.45E-07,-7.99E-07
653.1666667,0.003428074,-8.44E-07,-7.98E-07
653.2,0.003426386,-8.44E-07,-7.98E-07
653.2333333,0.003424699,-8.43E-07,-7.97E-07
653.2666667,0.003423013,-8.43E-07,-7.97E-07
653.3,0.003421328,-8.43E-07,-7.97E-07
653.3333333,0.003419643,-8.42E-07,-7.96E-07
653.3666667,0.00341796,-8.42E-07,-7.96E-07
653.4,0.003416277,-8.42E-07,-7.96E-07
653.4333333,0.003414594,-8.41E-07,-7.95E-07
653.4666667,0.003412913,-8.41E-07,-7.95E-07
653.5,0.003411232,-8.40E-07,-7.95E-07
653.5333333,0.003409552,-8.40E-07,-7.94E-07
653.5666667,0.003407873,-8.40E-07,-7.94E-07
653.6,0.003406195,-8.39E-07,-7.93E-07
653.6333333,0.003404517,-8.39E-07,-7.93E-07
653.6666667,0.00340284,-8.38E-07,-7.93E-07
653.7,0.003401164,-8.38E-07,-7.92E-07
653.7333333,0.003399489,-8.38E-07,-7.92E-07
653.7666667,0.003397814,-8.37E-07,-7.92E-07
653.8,0.00339614,-8.37E-07,-7.91E-07
653.8333333,0.003394467,-8.37E-07,-7.91E-07
653.8666667,0.003392795,-8.36E-07,-7.91E-07
653.9,0.003391124,-8.36E-07,-7.90E-07
653.9333333,0.003389453,-8.35E-07,-7.90E-07
653.9666667,0.003387783,-8.35E-07,-7.89E-07
654,0.003386114,-8.35E-07,-7.89E-07
654.0333333,0.003384445,-8.34E-07,-7.89E-07
654.0666667,0.003382777,-8.34E-07,-7.88E-07
654.1,0.00338111,-8.33E-07,-7.88E-07
654.1333333,0.003379444,-8.33E-07,-7.88E-07
654.1666667,0.003377779,-8.33E-07,-7.87E-07
654.2,0.003376114,-8.32E-07,-7.87E-07
654.2333333,0.00337445,-8.32E-07,-7.87E-07
654.2666667,0.003372787,-8.32E-07,-7.86E-07
654.3,0.003371125,-8.31E-07,-7.86E-07
654.3333333,0.003369463,-8.31E-07,-7.85E-07
654.3666667,0.003367802,-8.30E-07,-7.85E-07
654.4,0.003366142,-8.30E-07,-7.85E-07
654.4333333,0.003364483,-8.30E-07,-7.84E-07
654.4666667,0.003362824,-8.29E-07,-7.84E-07
654.5,0.003361166,-8.29E-07,-7.84E-07
654.5333333,0.003359509,-8.29E-07,-7.83E-07
654.5666667,0.003357853,-8.28E-07,-7.83E-07
654.6,0.003356198,-8.28E-07,-7.83E-07
654.6333333,0.003354543,-8.27E-07,-7.82E-07
654.6666667,0.003352889,-8.27E-07,-7.82E-07
654.7,0.003351235,-8.27E-07,-7.82E-07
654.7333333,0.003349583,-8.26E-07,-7.81E-07
654.7666667,0.003347931,-8.26E-07,-7.81E-07
654.8,0.00334628,-8.26E-07,-7.80E-07
654.8333333,0.00334463,-8.25E-07,-7.80E-07
654.8666667,0.00334298,-8.25E-07,-7.80E-07
654.9,0.003341332,-8.24E-07,-7.79E-07
654.9333333,0.003339684,-8.24E-07,-7.79E-07
654.9666667,0.003338037,-8.24E-07,-7.79E-07
655,0.00333639,-8.23E-07,-7.78E-07
655.0333333,0.003334744,-8.23E-07,-7.78E-07
655.0666667,0.003333099,-8.22E-07,-7.78E-07
655.1,0.003331455,-8.22E-07,-7.77E-07
655.1333333,0.003329812,-8.22E-07,-7.77E-07
655.1666667,0.003328169,-8.21E-07,-7.77E-07
655.2,0.003326527,-8.21E-07,-7.76E-07
655.2333333,0.003324886,-8.21E-07,-7.76E-07
655.2666667,0.003323245,-8.20E-07,-7.75E-07
655.3,0.003321606,-8.20E-07,-7.75E-07
655.3333333,0.003319967,-8.19E-07,-7.75E-07
655.3666667,0.003318328,-8.19E-07,-7.74E-07
655.4,0.003316691,-8.19E-07,-7.74E-07
655.4333333,0.003315054,-8.18E-07,-7.74E-07
655.4666667,0.003313418,-8.18E-07,-7.73E-07
655.5,0.003311783,-8.18E-07,-7.73E-07
655.5333333,0.003310149,-8.17E-07,-7.73E-07
655.5666667,0.003308515,-8.17E-07,-7.72E-07
655.6,0.003306882,-8.16E-07,-7.72E-07
655.6333333,0.00330525,-8.16E-07,-7.72E-07
655.6666667,0.003303618,-8.16E-07,-7.71E-07
655.7,0.003301988,-8.15E-07,-7.71E-07
655.7333333,0.003300358,-8.15E-07,-7.70E-07
655.7666667,0.003298728,-8.15E-07,-7.70E-07
655.8,0.0032971,-8.14E-07,-7.70E-07
655.8333333,0.003295472,-8.14E-07,-7.69E-07
655.8666667,0.003293845,-8.13E-07,-7.69E-07
655.9,0.003292219,-8.13E-07,-7.69E-07
655.9333333,0.003290593,-8.13E-07,-7.68E-07
655.9666667,0.003288969,-8.12E-07,-7.68E-07
656,0.003287345,-8.12E-07,-7.68E-07
656.0333333,0.003285721,-8.12E-07,-7.67E-07
656.0666667,0.003284099,-8.11E-07,-7.67E-07
656.1,0.003282477,-8.11E-07,-7.67E-07
656.1333333,0.003280856,-8.11E-07,-7.66E-07
656.1666667,0.003279236,-8.10E-07,-7.66E-07
656.2,0.003277616,-8.10E-07,-7.66E-07
656.2333333,0.003275997,-8.09E-07,-7.65E-07
656.2666667,0.003274379,-8.09E-07,-7.65E-07
656.3,0.003272762,-8.09E-07,-7.64E-07
656.3333333,0.003271145,-8.08E-07,-7.64E-07
656.3666667,0.00326953,-8.08E-07,-7.64E-07
656.4,0.003267915,-8.08E-07,-7.63E-07
656.4333333,0.0032663,-8.07E-07,-7.63E-07
656.4666667,0.003264687,-8.07E-07,-7.63E-07
656.5,0.003263074,-8.06E-07,-7.62E-07
656.5333333,0.003261462,-8.06E-07,-7.62E-07
656.5666667,0.00325985,-8.06E-07,-7.62E-07
656.6,0.00325824,-8.05E-07,-7.61E-07
656.6333333,0.00325663,-8.05E-07,-7.61E-07
656.6666667,0.00325502,-8.05E-07,-7.61E-07
656.7,0.003253412,-8.04E-07,-7.60E-07
656.7333333,0.003251804,-8.04E-07,-7.60E-07
656.7666667,0.003250197,-8.03E-07,-7.60E-07
656.8,0.003248591,-8.03E-07,-7.59E-07
656.8333333,0.003246986,-8.03E-07,-7.59E-07
656.8666667,0.003245381,-8.02E-07,-7.59E-07
656.9,0.003243777,-8.02E-07,-7.58E-07
656.9333333,0.003242173,-8.02E-07,-7.58E-07
656.9666667,0.003240571,-8.01E-07,-7.57E-07
657,0.003238969,-8.01E-07,-7.57E-07
657.0333333,0.003237368,-8.01E-07,-7.57E-07
657.0666667,0.003235768,-8.00E-07,-7.56E-07
657.1,0.003234168,-8.00E-07,-7.56E-07
657.1333333,0.003232569,-7.99E-07,-7.56E-07
657.1666667,0.003230971,-7.99E-07,-7.55E-07
657.2,0.003229374,-7.99E-07,-7.55E-07
657.2333333,0.003227777,-7.98E-07,-7.55E-07
657.2666667,0.003226181,-7.98E-07,-7.54E-07
657.3,0.003224586,-7.98E-07,-7.54E-07
657.3333333,0.003222991,-7.97E-07,-7.54E-07
657.3666667,0.003221398,-7.97E-07,-7.53E-07
657.4,0.003219805,-7.97E-07,-7.53E-07
657.4333333,0.003218212,-7.96E-07,-7.53E-07
657.4666667,0.003216621,-7.96E-07,-7.52E-07
657.5,0.00321503,-7.95E-07,-7.52E-07
657.5333333,0.00321344,-7.95E-07,-7.52E-07
657.5666667,0.00321185,-7.95E-07,-7.51E-07
657.6,0.003210262,-7.94E-07,-7.51E-07
657.6333333,0.003208674,-7.94E-07,-7.51E-07
657.6666667,0.003207087,-7.94E-07,-7.50E-07
657.7,0.0032055,-7.93E-07,-7.50E-07
657.7333333,0.003203915,-7.93E-07,-7.49E-07
657.7666667,0.00320233,-7.92E-07,-7.49E-07
657.8,0.003200745,-7.92E-07,-7.49E-07
657.8333333,0.003199162,-7.92E-07,-7.48E-07
657.8666667,0.003197579,-7.91E-07,-7.48E-07
657.9,0.003195997,-7.91E-07,-7.48E-07
657.9333333,0.003194416,-7.91E-07,-7.47E-07
657.9666667,0.003192835,-7.90E-07,-7.47E-07
658,0.003191255,-7.90E-07,-7.47E-07
658.0333333,0.003189676,-7.90E-07,-7.46E-07
658.0666667,0.003188097,-7.89E-07,-7.46E-07
658.1,0.00318652,-7.89E-07,-7.46E-07
658.1333333,0.003184943,-7.89E-07,-7.45E-07
658.1666667,0.003183366,-7.88E-07,-7.45E-07
658.2,0.003181791,-7.88E-07,-7.45E-07
658.2333333,0.003180216,-7.87E-07,-7.44E-07
658.2666667,0.003178642,-7.87E-07,-7.44E-07
658.3,0.003177068,-7.87E-07,-7.44E-07
658.3333333,0.003175496,-7.86E-07,-7.43E-07
658.3666667,0.003173924,-7.86E-07,-7.43E-07
658.4,0.003172353,-7.86E-07,-7.43E-07
658.4333333,0.003170782,-7.85E-07,-7.42E-07
658.4666667,0.003169212,-7.85E-07,-7.42E-07
658.5,0.003167643,-7.85E-07,-7.42E-07
658.5333333,0.003166075,-7.84E-07,-7.41E-07
658.5666667,0.003164507,-7.84E-07,-7.41E-07
658.6,0.003162941,-7.83E-07,-7.41E-07
658.6333333,0.003161374,-7.83E-07,-7.40E-07
658.6666667,0.003159809,-7.83E-07,-7.40E-07
658.7,0.003158244,-7.82E-07,-7.40E-07
658.7333333,0.00315668,-7.82E-07,-7.39E-07
658.7666667,0.003155117,-7.82E-07,-7.39E-07
658.8,0.003153554,-7.81E-07,-7.39E-07
658.8333333,0.003151993,-7.81E-07,-7.38E-07
658.8666667,0.003150431,-7.81E-07,-7.38E-07
658.9,0.003148871,-7.80E-07,-7.37E-07
658.9333333,0.003147311,-7.80E-07,-7.37E-07
658.9666667,0.003145752,-7.79E-07,-7.37E-07
659,0.003144194,-7.79E-07,-7.36E-07
659.0333333,0.003142637,-7.79E-07,-7.36E-07
659.0666667,0.00314108,-7.78E-07,-7.36E-07
659.1,0.003139524,-7.78E-07,-7.35E-07
659.1333333,0.003137968,-7.78E-07,-7.35E-07
659.1666667,0.003136414,-7.77E-07,-7.35E-07
659.2,0.00313486,-7.77E-07,-7.34E-07
659.2333333,0.003133306,-7.77E-07,-7.34E-07
659.2666667,0.003131754,-7.76E-07,-7.34E-07
659.3,0.003130202,-7.76E-07,-7.33E-07
659.3333333,0.003128651,-7.76E-07,-7.33E-07
659.3666667,0.0031271,-7.75E-07,-7.33E-07
659.4,0.003125551,-7.75E-07,-7.32E-07
659.4333333,0.003124002,-7.74E-07,-7.32E-07
659.4666667,0.003122454,-7.74E-07,-7.32E-07
659.5,0.003120906,-7.74E-07,-7.31E-07
659.5333333,0.003119359,-7.73E-07,-7.31E-07
659.5666667,0.003117813,-7.73E-07,-7.31E-07
659.6,0.003116268,-7.73E-07,-7.30E-07
659.6333333,0.003114723,-7.72E-07,-7.30E-07
659.6666667,0.003113179,-7.72E-07,-7.30E-07
659.7,0.003111636,-7.72E-07,-7.29E-07
659.7333333,0.003110093,-7.71E-07,-7.29E-07
659.7666667,0.003108551,-7.71E-07,-7.29E-07
659.8,0.00310701,-7.71E-07,-7.28E-07
659.8333333,0.00310547,-7.70E-07,-7.28E-07
659.8666667,0.00310393,-7.70E-07,-7.28E-07
659.9,0.003102391,-7.70E-07,-7.27E-07
659.9333333,0.003100853,-7.69E-07,-7.27E-07
659.9666667,0.003099315,-7.69E-07,-7.27E-07
660,0.003097778,-7.68E-07,-7.26E-07
660.0333333,0.003096242,-7.68E-07,-7.26E-07
660.0666667,0.003094707,-7.68E-07,-7.26E-07
660.1,0.003093172,-7.67E-07,-7.25E-07
660.1333333,0.003091638,-7.67E-07,-7.25E-07
660.1666667,0.003090104,-7.67E-07,-7.25E-07
660.2,0.003088572,-7.66E-07,-7.24E-07
660.2333333,0.00308704,-7.66E-07,-7.24E-07
660.2666667,0.003085509,-7.66E-07,-7.24E-07
660.3,0.003083978,-7.65E-07,-7.23E-07
660.3333333,0.003082448,-7.65E-07,-7.23E-07
660.3666667,0.003080919,-7.65E-07,-7.23E-07
660.4,0.003079391,-7.64E-07,-7.22E-07
660.4333333,0.003077863,-7.64E-07,-7.22E-07
660.4666667,0.003076336,-7.64E-07,-7.22E-07
660.5,0.00307481,-7.63E-07,-7.21E-07
660.5333333,0.003073284,-7.63E-07,-7.21E-07
660.5666667,0.003071759,-7.62E-07,-7.21E-07
660.6,0.003070235,-7.62E-07,-7.20E-07
660.6333333,0.003068712,-7.62E-07,-7.20E-07
660.6666667,0.003067189,-7.61E-07,-7.20E-07
660.7,0.003065667,-7.61E-07,-7.19E-07
660.7333333,0.003064145,-7.61E-07,-7.19E-07
660.7666667,0.003062625,-7.60E-07,-7.19E-07
660.8,0.003061105,-7.60E-07,-7.18E-07
660.8333333,0.003059585,-7.60E-07,-7.18E-07
660.8666667,0.003058067,-7.59E-07,-7.18E-07
660.9,0.003056549,-7.59E-07,-7.17E-07
660.9333333,0.003055032,-7.59E-07,-7.17E-07
660.9666667,0.003053515,-7.58E-07,-7.17E-07
661,0.003051999,-7.58E-07,-7.16E-07
661.0333333,0.003050484,-7.58E-07,-7.16E-07
661.0666667,0.00304897,-7.57E-07,-7.16E-07
661.1,0.003047456,-7.57E-07,-7.15E-07
661.1333333,0.003045943,-7.56E-07,-7.15E-07
661.1666667,0.003044431,-7.56E-07,-7.15E-07
661.2,0.003042919,-7.56E-07,-7.14E-07
661.2333333,0.003041409,-7.55E-07,-7.14E-07
661.2666667,0.003039898,-7.55E-07,-7.14E-07
661.3,0.003038389,-7.55E-07,-7.13E-07
661.3333333,0.00303688,-7.54E-07,-7.13E-07
661.3666667,0.003035372,-7.54E-07,-7.13E-07
661.4,0.003033865,-7.54E-07,-7.12E-07
661.4333333,0.003032358,-7.53E-07,-7.12E-07
661.4666667,0.003030852,-7.53E-07,-7.12E-07
661.5,0.003029346,-7.53E-07,-7.11E-07
661.5333333,0.003027842,-7.52E-07,-7.11E-07
661.5666667,0.003026338,-7.52E-07,-7.11E-07
661.6,0.003024835,-7.52E-07,-7.10E-07
661.6333333,0.003023332,-7.51E-07,-7.10E-07
661.6666667,0.00302183,-7.51E-07,-7.10E-07
661.7,0.003020329,-7.51E-07,-7.09E-07
661.7333333,0.003018829,-7.50E-07,-7.09E-07
661.7666667,0.003017329,-7.50E-07,-7.09E-07
661.8,0.00301583,-7.50E-07,-7.08E-07
661.8333333,0.003014331,-7.49E-07,-7.08E-07
661.8666667,0.003012834,-7.49E-07,-7.08E-07
661.9,0.003011337,-7.49E-07,-7.07E-07
661.9333333,0.00300984,-7.48E-07,-7.07E-07
661.9666667,0.003008345,-7.48E-07,-7.07E-07
662,0.00300685,-7.47E-07,-7.06E-07
662.0333333,0.003005356,-7.47E-07,-7.06E-07
662.0666667,0.003003862,-7.47E-07,-7.06E-07
662.1,0.003002369,-7.46E-07,-7.05E-07
662.1333333,0.003000877,-7.46E-07,-7.05E-07
662.1666667,0.002999385,-7.46E-07,-7.05E-07
662.2,0.002997895,-7.45E-07,-7.04E-07
662.2333333,0.002996405,-7.45E-07,-7.04E-07
662.2666667,0.002994915,-7.45E-07,-7.04E-07
662.3,0.002993426,-7.44E-07,-7.03E-07
662.3333333,0.002991938,-7.44E-07,-7.03E-07
662.3666667,0.002990451,-7.44E-07,-7.03E-07
662.4,0.002988964,-7.43E-07,-7.03E-07
662.4333333,0.002987478,-7.43E-07,-7.02E-07
662.4666667,0.002985993,-7.43E-07,-7.02E-07
662.5,0.002984508,-7.42E-07,-7.02E-07
662.5333333,0.002983024,-7.42E-07,-7.01E-07
662.5666667,0.002981541,-7.42E-07,-7.01E-07
662.6,0.002980059,-7.41E-07,-7.01E-07
662.6333333,0.002978577,-7.41E-07,-7.00E-07
662.6666667,0.002977096,-7.41E-07,-7.00E-07
662.7,0.002975615,-7.40E-07,-7.00E-07
662.7333333,0.002974135,-7.40E-07,-6.99E-07
662.7666667,0.002972656,-7.40E-07,-6.99E-07
662.8,0.002971178,-7.39E-07,-6.99E-07
662.8333333,0.0029697,-7.39E-07,-6.98E-07
662.8666667,0.002968223,-7.39E-07,-6.98E-07
662.9,0.002966746,-7.38E-07,-6.98E-07
662.9333333,0.002965271,-7.38E-07,-6.97E-07
662.9666667,0.002963796,-7.38E-07,-6.97E-07
663,0.002962321,-7.37E-07,-6.97E-07
663.0333333,0.002960848,-7.37E-07,-6.96E-07
663.0666667,0.002959375,-7.36E-07,-6.96E-07
663.1,0.002957902,-7.36E-07,-6.96E-07
663.1333333,0.002956431,-7.36E-07,-6.95E-07
663.1666667,0.00295496,-7.35E-07,-6.95E-07
663.2,0.002953489,-7.35E-07,-6.95E-07
663.2333333,0.00295202,-7.35E-07,-6.94E-07
663.2666667,0.002950551,-7.34E-07,-6.94E-07
663.3,0.002949083,-7.34E-07,-6.94E-07
663.3333333,0.002947615,-7.34E-07,-6.93E-07
663.3666667,0.002946148,-7.33E-07,-6.93E-07
663.4,0.002944682,-7.33E-07,-6.93E-07
663.4333333,0.002943217,-7.33E-07,-6.92E-07
663.4666667,0.002941752,-7.32E-07,-6.92E-07
663.5,0.002940288,-7.32E-07,-6.92E-07
663.5333333,0.002938824,-7.32E-07,-6.92E-07
663.5666667,0.002937361,-7.31E-07,-6.91E-07
663.6,0.002935899,-7.31E-07,-6.91E-07
663.6333333,0.002934438,-7.31E-07,-6.91E-07
663.6666667,0.002932977,-7.30E-07,-6.90E-07
663.7,0.002931517,-7.30E-07,-6.90E-07
663.7333333,0.002930057,-7.30E-07,-6.90E-07
663.7666667,0.002928599,-7.29E-07,-6.89E-07
663.8,0.002927141,-7.29E-07,-6.89E-07
663.8333333,0.002925683,-7.29E-07,-6.89E-07
663.8666667,0.002924226,-7.28E-07,-6.88E-07
663.9,0.00292277,-7.28E-07,-6.88E-07
663.9333333,0.002921315,-7.28E-07,-6.88E-07
663.9666667,0.00291986,-7.27E-07,-6.87E-07
664,0.002918406,-7.27E-07,-6.87E-07
664.0333333,0.002916953,-7.27E-07,-6.87E-07
664.0666667,0.0029155,-7.26E-07,-6.86E-07
664.1,0.002914048,-7.26E-07,-6.86E-07
664.1333333,0.002912597,-7.26E-07,-6.86E-07
664.1666667,0.002911146,-7.25E-07,-6.85E-07
664.2,0.002909696,-7.25E-07,-6.85E-07
664.2333333,0.002908247,-7.25E-07,-6.85E-07
664.2666667,0.002906798,-7.24E-07,-6.85E-07
664.3,0.00290535,-7.24E-07,-6.84E-07
664.3333333,0.002903903,-7.24E-07,-6.84E-07
664.3666667,0.002902456,-7.23E-07,-6.84E-07
664.4,0.00290101,-7.23E-07,-6.83E-07
664.4333333,0.002899565,-7.23E-07,-6.83E-07
664.4666667,0.00289812,-7.22E-07,-6.83E-07
664.5,0.002896676,-7.22E-07,-6.82E-07
664.5333333,0.002895233,-7.22E-07,-6.82E-07
664.5666667,0.00289379,-7.21E-07,-6.82E-07
664.6,0.002892348,-7.21E-07,-6.81E-07
664.6333333,0.002890907,-7.21E-07,-6.81E-07
664.6666667,0.002889466,-7.20E-07,-6.81E-07
664.7,0.002888027,-7.20E-07,-6.80E-07
664.7333333,0.002886587,-7.20E-07,-6.80E-07
664.7666667,0.002885149,-7.19E-07,-6.80E-07
664.8,0.002883711,-7.19E-07,-6.79E-07
664.8333333,0.002882273,-7.19E-07,-6.79E-07
664.8666667,0.002880837,-7.18E-07,-6.79E-07
664.9,0.002879401,-7.18E-07,-6.78E-07
664.9333333,0.002877965,-7.18E-07,-6.78E-07
664.9666667,0.002876531,-7.17E-07,-6.78E-07
665,0.002875097,-7.17E-07,-6.78E-07
665.0333333,0.002873664,-7.17E-07,-6.77E-07
665.0666667,0.002872231,-7.16E-07,-6.77E-07
665.1,0.002870799,-7.16E-07,-6.77E-07
665.1333333,0.002869368,-7.16E-07,-6.76E-07
665.1666667,0.002867937,-7.15E-07,-6.76E-07
665.2,0.002866507,-7.15E-07,-6.76E-07
665.2333333,0.002865078,-7.15E-07,-6.75E-07
665.2666667,0.002863649,-7.14E-07,-6.75E-07
665.3,0.002862221,-7.14E-07,-6.75E-07
665.3333333,0.002860794,-7.14E-07,-6.74E-07
665.3666667,0.002859367,-7.13E-07,-6.74E-07
665.4,0.002857941,-7.13E-07,-6.74E-07
665.4333333,0.002856516,-7.13E-07,-6.73E-07
665.4666667,0.002855091,-7.12E-07,-6.73E-07
665.5,0.002853667,-7.12E-07,-6.73E-07
665.5333333,0.002852244,-7.12E-07,-6.73E-07
665.5666667,0.002850821,-7.11E-07,-6.72E-07
665.6,0.002849399,-7.11E-07,-6.72E-07
665.6333333,0.002847977,-7.11E-07,-6.72E-07
665.6666667,0.002846557,-7.10E-07,-6.71E-07
665.7,0.002845137,-7.10E-07,-6.71E-07
665.7333333,0.002843717,-7.10E-07,-6.71E-07
665.7666667,0.002842299,-7.09E-07,-6.70E-07
665.8,0.00284088,-7.09E-07,-6.70E-07
665.8333333,0.002839463,-7.09E-07,-6.70E-07
665.8666667,0.002838046,-7.08E-07,-6.69E-07
665.9,0.00283663,-7.08E-07,-6.69E-07
665.9333333,0.002835215,-7.08E-07,-6.69E-07
665.9666667,0.0028338,-7.07E-07,-6.68E-07
666,0.002832386,-7.07E-07,-6.68E-07
666.0333333,0.002830972,-7.07E-07,-6.68E-07
666.0666667,0.002829559,-7.06E-07,-6.68E-07
666.1,0.002828147,-7.06E-07,-6.67E-07
666.1333333,0.002826736,-7.06E-07,-6.67E-07
666.1666667,0.002825325,-7.05E-07,-6.67E-07
666.2,0.002823915,-7.05E-07,-6.66E-07
666.2333333,0.002822505,-7.05E-07,-6.66E-07
666.2666667,0.002821096,-7.04E-07,-6.66E-07
666.3,0.002819688,-7.04E-07,-6.65E-07
666.3333333,0.00281828,-7.04E-07,-6.65E-07
666.3666667,0.002816873,-7.03E-07,-6.65E-07
666.4,0.002815467,-7.03E-07,-6.64E-07
666.4333333,0.002814061,-7.03E-07,-6.64E-07
666.4666667,0.002812656,-7.02E-07,-6.64E-07
666.5,0.002811252,-7.02E-07,-6.63E-07
666.5333333,0.002809848,-7.02E-07,-6.63E-07
666.5666667,0.002808445,-7.02E-07,-6.63E-07
666.6,0.002807043,-7.01E-07,-6.63E-07
666.6333333,0.002805641,-7.01E-07,-6.62E-07
666.6666667,0.00280424,-7.01E-07,-6.62E-07
666.7,0.00280284,-7.00E-07,-6.62E-07
666.7333333,0.00280144,-7.00E-07,-6.61E-07
666.7666667,0.002800041,-7.00E-07,-6.61E-07
666.8,0.002798642,-6.99E-07,-6.61E-07
666.8333333,0.002797244,-6.99E-07,-6.60E-07
666.8666667,0.002795847,-6.99E-07,-6.60E-07
666.9,0.002794451,-6.98E-07,-6.60E-07
666.9333333,0.002793055,-6.98E-07,-6.59E-07
666.9666667,0.00279166,-6.98E-07,-6.59E-07
667,0.002790265,-6.97E-07,-6.59E-07
667.0333333,0.002788871,-6.97E-07,-6.59E-07
667.0666667,0.002787478,-6.97E-07,-6.58E-07
667.1,0.002786085,-6.96E-07,-6.58E-07
667.1333333,0.002784693,-6.96E-07,-6.58E-07
667.1666667,0.002783302,-6.96E-07,-6.57E-07
667.2,0.002781911,-6.95E-07,-6.57E-07
667.2333333,0.002780521,-6.95E-07,-6.57E-07
667.2666667,0.002779132,-6.95E-07,-6.56E-07
667.3,0.002777743,-6.94E-07,-6.56E-07
667.3333333,0.002776355,-6.94E-07,-6.56E-07
667.3666667,0.002774967,-6.94E-07,-6.56E-07
667.4,0.00277358,-6.93E-07,-6.55E-07
667.4333333,0.002772194,-6.93E-07,-6.55E-07
667.4666667,0.002770809,-6.93E-07,-6.55E-07
667.5,0.002769424,-6.92E-07,-6.54E-07
667.5333333,0.00276804,-6.92E-07,-6.54E-07
667.5666667,0.002766656,-6.92E-07,-6.54E-07
667.6,0.002765273,-6.91E-07,-6.53E-07
667.6333333,0.002763891,-6.91E-07,-6.53E-07
667.6666667,0.002762509,-6.91E-07,-6.53E-07
667.7,0.002761128,-6.91E-07,-6.52E-07
667.7333333,0.002759748,-6.90E-07,-6.52E-07
667.7666667,0.002758368,-6.90E-07,-6.52E-07
667.8,0.002756989,-6.90E-07,-6.52E-07
667.8333333,0.00275561,-6.89E-07,-6.51E-07
667.8666667,0.002754232,-6.89E-07,-6.51E-07
667.9,0.002752855,-6.89E-07,-6.51E-07
667.9333333,0.002751479,-6.88E-07,-6.50E-07
667.9666667,0.002750103,-6.88E-07,-6.50E-07
668,0.002748728,-6.88E-07,-6.50E-07
668.0333333,0.002747353,-6.87E-07,-6.49E-07
668.0666667,0.002745979,-6.87E-07,-6.49E-07
668.1,0.002744606,-6.87E-07,-6.49E-07
668.1333333,0.002743233,-6.86E-07,-6.49E-07
668.1666667,0.002741861,-6.86E-07,-6.48E-07
668.2,0.002740489,-6.86E-07,-6.48E-07
668.2333333,0.002739119,-6.85E-07,-6.48E-07
668.2666667,0.002737748,-6.85E-07,-6.47E-07
668.3,0.002736379,-6.85E-07,-6.47E-07
668.3333333,0.00273501,-6.84E-07,-6.47E-07
668.3666667,0.002733642,-6.84E-07,-6.46E-07
668.4,0.002732274,-6.84E-07,-6.46E-07
668.4333333,0.002730907,-6.83E-07,-6.46E-07
668.4666667,0.002729541,-6.83E-07,-6.45E-07
668.5,0.002728175,-6.83E-07,-6.45E-07
668.5333333,0.00272681,-6.83E-07,-6.45E-07
668.5666667,0.002725446,-6.82E-07,-6.45E-07
668.6,0.002724082,-6.82E-07,-6.44E-07
668.6333333,0.002722719,-6.82E-07,-6.44E-07
668.6666667,0.002721356,-6.81E-07,-6.44E-07
668.7,0.002719994,-6.81E-07,-6.43E-07
668.7333333,0.002718633,-6.81E-07,-6.43E-07
668.7666667,0.002717272,-6.80E-07,-6.43E-07
668.8,0.002715912,-6.80E-07,-6.42E-07
668.8333333,0.002714553,-6.80E-07,-6.42E-07
668.8666667,0.002713194,-6.79E-07,-6.42E-07
668.9,0.002711836,-6.79E-07,-6.42E-07
668.9333333,0.002710479,-6.79E-07,-6.41E-07
668.9666667,0.002709122,-6.78E-07,-6.41E-07
669,0.002707766,-6.78E-07,-6.41E-07
669.0333333,0.00270641,-6.78E-07,-6.40E-07
669.0666667,0.002705055,-6.77E-07,-6.40E-07
669.1,0.002703701,-6.77E-07,-6.40E-07
669.1333333,0.002702347,-6.77E-07,-6.39E-07
669.1666667,0.002700994,-6.77E-07,-6.39E-07
669.2,0.002699642,-6.76E-07,-6.39E-07
669.2333333,0.00269829,-6.76E-07,-6.39E-07
669.2666667,0.002696939,-6.76E-07,-6.38E-07
669.3,0.002695588,-6.75E-07,-6.38E-07
669.3333333,0.002694239,-6.75E-07,-6.38E-07
669.3666667,0.002692889,-6.75E-07,-6.37E-07
669.4,0.002691541,-6.74E-07,-6.37E-07
669.4333333,0.002690193,-6.74E-07,-6.37E-07
669.4666667,0.002688845,-6.74E-07,-6.36E-07
669.5,0.002687499,-6.73E-07,-6.36E-07
669.5333333,0.002686152,-6.73E-07,-6.36E-07
669.5666667,0.002684807,-6.73E-07,-6.36E-07
669.6,0.002683462,-6.72E-07,-6.35E-07
669.6333333,0.002682118,-6.72E-07,-6.35E-07
669.6666667,0.002680774,-6.72E-07,-6.35E-07
669.7,0.002679431,-6.71E-07,-6.34E-07
669.7333333,0.002678089,-6.71E-07,-6.34E-07
669.7666667,0.002676747,-6.71E-07,-6.34E-07
669.8,0.002675406,-6.71E-07,-6.34E-07
669.8333333,0.002674066,-6.70E-07,-6.33E-07
669.8666667,0.002672726,-6.70E-07,-6.33E-07
669.9,0.002671386,-6.70E-07,-6.33E-07
669.9333333,0.002670048,-6.69E-07,-6.32E-07
669.9666667,0.00266871,-6.69E-07,-6.32E-07
670,0.002667373,-6.69E-07,-6.32E-07
670.0333333,0.002666036,-6.68E-07,-6.31E-07
670.0666667,0.0026647,-6.68E-07,-6.31E-07
670.1,0.002663364,-6.68E-07,-6.31E-07
670.1333333,0.002662029,-6.67E-07,-6.31E-07
670.1666667,0.002660695,-6.67E-07,-6.30E-07
670.2,0.002659361,-6.67E-07,-6.30E-07
670.2333333,0.002658028,-6.66E-07,-6.30E-07
670.2666667,0.002656696,-6.66E-07,-6.29E-07
670.3,0.002655364,-6.66E-07,-6.29E-07
670.3333333,0.002654033,-6.66E-07,-6.29E-07
670.3666667,0.002652703,-6.65E-07,-6.29E-07
670.4,0.002651373,-6.65E-07,-6.28E-07
670.4333333,0.002650044,-6.65E-07,-6.28E-07
670.4666667,0.002648715,-6.64E-07,-6.28E-07
670.5,0.002647387,-6.64E-07,-6.27E-07
670.5333333,0.002646059,-6.64E-07,-6.27E-07
670.5666667,0.002644733,-6.63E-07,-6.27E-07
670.6,0.002643406,-6.63E-07,-6.26E-07
670.6333333,0.002642081,-6.63E-07,-6.26E-07
670.6666667,0.002640756,-6.62E-07,-6.26E-07
670.7,0.002639432,-6.62E-07,-6.26E-07
670.7333333,0.002638108,-6.62E-07,-6.25E-07
670.7666667,0.002636785,-6.62E-07,-6.25E-07
670.8,0.002635462,-6.61E-07,-6.25E-07
670.8333333,0.002634141,-6.61E-07,-6.24E-07
670.8666667,0.002632819,-6.61E-07,-6.24E-07
670.9,0.002631499,-6.60E-07,-6.24E-07
670.9333333,0.002630179,-6.60E-07,-6.24E-07
670.9666667,0.002628859,-6.60E-07,-6.23E-07
671,0.002627541,-6.59E-07,-6.23E-07
671.0333333,0.002626222,-6.59E-07,-6.23E-07
671.0666667,0.002624905,-6.59E-07,-6.22E-07
671.1,0.002623588,-6.58E-07,-6.22E-07
671.1333333,0.002622272,-6.58E-07,-6.22E-07
671.1666667,0.002620956,-6.58E-07,-6.21E-07
671.2,0.002619641,-6.58E-07,-6.21E-07
671.2333333,0.002618326,-6.57E-07,-6.21E-07
671.2666667,0.002617013,-6.57E-07,-6.21E-07
671.3,0.002615699,-6.57E-07,-6.20E-07
671.3333333,0.002614387,-6.56E-07,-6.20E-07
671.3666667,0.002613075,-6.56E-07,-6.20E-07
671.4,0.002611763,-6.56E-07,-6.19E-07
671.4333333,0.002610453,-6.55E-07,-6.19E-07
671.4666667,0.002609142,-6.55E-07,-6.19E-07
671.5,0.002607833,-6.55E-07,-6.19E-07
671.5333333,0.002606524,-6.54E-07,-6.18E-07
671.5666667,0.002605216,-6.54E-07,-6.18E-07
671.6,0.002603908,-6.54E-07,-6.18E-07
671.6333333,0.002602601,-6.54E-07,-6.17E-07
671.6666667,0.002601294,-6.53E-07,-6.17E-07
671.7,0.002599988,-6.53E-07,-6.17E-07
671.7333333,0.002598683,-6.53E-07,-6.17E-07
671.7666667,0.002597378,-6.52E-07,-6.16E-07
671.8,0.002596074,-6.52E-07,-6.16E-07
671.8333333,0.002594771,-6.52E-07,-6.16E-07
671.8666667,0.002593468,-6.51E-07,-6.15E-07
671.9,0.002592166,-6.51E-07,-6.15E-07
671.9333333,0.002590864,-6.51E-07,-6.15E-07
671.9666667,0.002589563,-6.51E-07,-6.15E-07
672,0.002588263,-6.50E-07,-6.14E-07
672.0333333,0.002586963,-6.50E-07,-6.14E-07
672.0666667,0.002585664,-6.50E-07,-6.14E-07
672.1,0.002584365,-6.49E-07,-6.13E-07
672.1333333,0.002583067,-6.49E-07,-6.13E-07
672.1666667,0.00258177,-6.49E-07,-6.13E-07
672.2,0.002580473,-6.48E-07,-6.13E-07
672.2333333,0.002579177,-6.48E-07,-6.12E-07
672.2666667,0.002577881,-6.48E-07,-6.12E-07
672.3,0.002576586,-6.47E-07,-6.12E-07
672.3333333,0.002575292,-6.47E-07,-6.11E-07
672.3666667,0.002573998,-6.47E-07,-6.11E-07
672.4,0.002572705,-6.47E-07,-6.11E-07
672.4333333,0.002571413,-6.46E-07,-6.11E-07
672.4666667,0.002570121,-6.46E-07,-6.10E-07
672.5,0.002568829,-6.46E-07,-6.10E-07
672.5333333,0.002567539,-6.45E-07,-6.10E-07
672.5666667,0.002566249,-6.45E-07,-6.09E-07
672.6,0.002564959,-6.45E-07,-6.09E-07
672.6333333,0.00256367,-6.44E-07,-6.09E-07
672.6666667,0.002562382,-6.44E-07,-6.09E-07
672.7,0.002561094,-6.44E-07,-6.08E-07
672.7333333,0.002559807,-6.44E-07,-6.08E-07
672.7666667,0.002558521,-6.43E-07,-6.08E-07
672.8,0.002557235,-6.43E-07,-6.07E-07
672.8333333,0.00255595,-6.43E-07,-6.07E-07
672.8666667,0.002554665,-6.42E-07,-6.07E-07
672.9,0.002553381,-6.42E-07,-6.07E-07
672.9333333,0.002552097,-6.42E-07,-6.06E-07
672.9666667,0.002550814,-6.41E-07,-6.06E-07
673,0.002549532,-6.41E-07,-6.06E-07
673.0333333,0.00254825,-6.41E-07,-6.05E-07
673.0666667,0.002546969,-6.41E-07,-6.05E-07
673.1,0.002545689,-6.40E-07,-6.05E-07
673.1333333,0.002544409,-6.40E-07,-6.05E-07
673.1666667,0.00254313,-6.40E-07,-6.04E-07
673.2,0.002541851,-6.39E-07,-6.04E-07
673.2333333,0.002540573,-6.39E-07,-6.04E-07
673.2666667,0.002539295,-6.39E-07,-6.03E-07
673.3,0.002538019,-6.38E-07,-6.03E-07
673.3333333,0.002536742,-6.38E-07,-6.03E-07
673.3666667,0.002535467,-6.38E-07,-6.03E-07
673.4,0.002534191,-6.38E-07,-6.02E-07
673.4333333,0.002532917,-6.37E-07,-6.02E-07
673.4666667,0.002531643,-6.37E-07,-6.02E-07
673.5,0.00253037,-6.37E-07,-6.01E-07
673.5333333,0.002529097,-6.36E-07,-6.01E-07
673.5666667,0.002527825,-6.36E-07,-6.01E-07
673.6,0.002526553,-6.36E-07,-6.01E-07
673.6333333,0.002525283,-6.35E-07,-6.00E-07
673.6666667,0.002524012,-6.35E-07,-6.00E-07
673.7,0.002522742,-6.35E-07,-6.00E-07
673.7333333,0.002521473,-6.35E-07,-5.99E-07
673.7666667,0.002520205,-6.34E-07,-5.99E-07
673.8,0.002518937,-6.34E-07,-5.99E-07
673.8333333,0.002517669,-6.34E-07,-5.99E-07
673.8666667,0.002516403,-6.33E-07,-5.98E-07
673.9,0.002515137,-6.33E-07,-5.98E-07
673.9333333,0.002513871,-6.33E-07,-5.98E-07
673.9666667,0.002512606,-6.32E-07,-5.97E-07
674,0.002511342,-6.32E-07,-5.97E-07
674.0333333,0.002510078,-6.32E-07,-5.97E-07
674.0666667,0.002508815,-6.32E-07,-5.97E-07
674.1,0.002507552,-6.31E-07,-5.96E-07
674.1333333,0.00250629,-6.31E-07,-5.96E-07
674.1666667,0.002505029,-6.31E-07,-5.96E-07
674.2,0.002503768,-6.30E-07,-5.95E-07
674.2333333,0.002502507,-6.30E-07,-5.95E-07
674.2666667,0.002501248,-6.30E-07,-5.95E-07
674.3,0.002499989,-6.30E-07,-5.95E-07
674.3333333,0.00249873,-6.29E-07,-5.94E-07
674.3666667,0.002497472,-6.29E-07,-5.94E-07
674.4,0.002496215,-6.29E-07,-5.94E-07
674.4333333,0.002494958,-6.28E-07,-5.94E-07
674.4666667,0.002493702,-6.28E-07,-5.93E-07
674.5,0.002492447,-6.28E-07,-5.93E-07
674.5333333,0.002491192,-6.27E-07,-5.93E-07
674.5666667,0.002489937,-6.27E-07,-5.92E-07
674.6,0.002488684,-6.27E-07,-5.92E-07
674.6333333,0.002487431,-6.27E-07,-5.92E-07
674.6666667,0.002486178,-6.26E-07,-5.92E-07
674.7,0.002484926,-6.26E-07,-5.91E-07
674.7333333,0.002483675,-6.26E-07,-5.91E-07
674.7666667,0.002482424,-6.25E-07,-5.91E-07
674.8,0.002481173,-6.25E-07,-5.90E-07
674.8333333,0.002479924,-6.25E-07,-5.90E-07
674.8666667,0.002478675,-6.25E-07,-5.90E-07
674.9,0.002477426,-6.24E-07,-5.90E-07
674.9333333,0.002476178,-6.24E-07,-5.89E-07
674.9666667,0.002474931,-6.24E-07,-5.89E-07
675,0.002473684,-6.23E-07,-5.89E-07
675.0333333,0.002472438,-6.23E-07,-5.89E-07
675.0666667,0.002471193,-6.23E-07,-5.88E-07
675.1,0.002469948,-6.22E-07,-5.88E-07
675.1333333,0.002468703,-6.22E-07,-5.88E-07
675.1666667,0.00246746,-6.22E-07,-5.87E-07
675.2,0.002466216,-6.22E-07,-5.87E-07
675.2333333,0.002464974,-6.21E-07,-5.87E-07
675.2666667,0.002463732,-6.21E-07,-5.87E-07
675.3,0.00246249,-6.21E-07,-5.86E-07
675.3333333,0.002461249,-6.20E-07,-5.86E-07
675.3666667,0.002460009,-6.20E-07,-5.86E-07
675.4,0.002458769,-6.20E-07,-5.85E-07
675.4333333,0.00245753,-6.20E-07,-5.85E-07
675.4666667,0.002456292,-6.19E-07,-5.85E-07
675.5,0.002455054,-6.19E-07,-5.85E-07
675.5333333,0.002453816,-6.19E-07,-5.84E-07
675.5666667,0.002452579,-6.18E-07,-5.84E-07
675.6,0.002451343,-6.18E-07,-5.84E-07
675.6333333,0.002450108,-6.18E-07,-5.84E-07
675.6666667,0.002448872,-6.18E-07,-5.83E-07
675.7,0.002447638,-6.17E-07,-5.83E-07
675.7333333,0.002446404,-6.17E-07,-5.83E-07
675.7666667,0.002445171,-6.17E-07,-5.82E-07
675.8,0.002443938,-6.16E-07,-5.82E-07
675.8333333,0.002442706,-6.16E-07,-5.82E-07
675.8666667,0.002441474,-6.16E-07,-5.82E-07
675.9,0.002440243,-6.16E-07,-5.81E-07
675.9333333,0.002439013,-6.15E-07,-5.81E-07
675.9666667,0.002437783,-6.15E-07,-5.81E-07
676,0.002436554,-6.15E-07,-5.81E-07
676.0333333,0.002435325,-6.14E-07,-5.80E-07
676.0666667,0.002434097,-6.14E-07,-5.80E-07
676.1,0.002432869,-6.14E-07,-5.80E-07
676.1333333,0.002431642,-6.13E-07,-5.79E-07
676.1666667,0.002430416,-6.13E-07,-5.79E-07
676.2,0.00242919,-6.13E-07,-5.79E-07
676.2333333,0.002427965,-6.13E-07,-5.79E-07
676.2666667,0.00242674,-6.12E-07,-5.78E-07
676.3,0.002425516,-6.12E-07,-5.78E-07
676.3333333,0.002424293,-6.12E-07,-5.78E-07
676.3666667,0.00242307,-6.11E-07,-5.78E-07
676.4,0.002421847,-6.11E-07,-5.77E-07
676.4333333,0.002420625,-6.11E-07,-5.77E-07
676.4666667,0.002419404,-6.11E-07,-5.77E-07
676.5,0.002418184,-6.10E-07,-5.76E-07
676.5333333,0.002416963,-6.10E-07,-5.76E-07
676.5666667,0.002415744,-6.10E-07,-5.76E-07
676.6,0.002414525,-6.09E-07,-5.76E-07
676.6333333,0.002413307,-6.09E-07,-5.75E-07
676.6666667,0.002412089,-6.09E-07,-5.75E-07
676.7,0.002410872,-6.09E-07,-5.75E-07
676.7333333,0.002409655,-6.08E-07,-5.75E-07
676.7666667,0.002408439,-6.08E-07,-5.74E-07
676.8,0.002407224,-6.08E-07,-5.74E-07
676.8333333,0.002406009,-6.07E-07,-5.74E-07
676.8666667,0.002404794,-6.07E-07,-5.73E-07
676.9,0.00240358,-6.07E-07,-5.73E-07
676.9333333,0.002402367,-6.07E-07,-5.73E-07
676.9666667,0.002401155,-6.06E-07,-5.73E-07
677,0.002399943,-6.06E-07,-5.72E-07
677.0333333,0.002398731,-6.06E-07,-5.72E-07
677.0666667,0.00239752,-6.05E-07,-5.72E-07
677.1,0.00239631,-6.05E-07,-5.72E-07
677.1333333,0.0023951,-6.05E-07,-5.71E-07
677.1666667,0.002393891,-6.05E-07,-5.71E-07
677.2,0.002392682,-6.04E-07,-5.71E-07
677.2333333,0.002391474,-6.04E-07,-5.71E-07
677.2666667,0.002390267,-6.04E-07,-5.70E-07
677.3,0.00238906,-6.03E-07,-5.70E-07
677.3333333,0.002387853,-6.03E-07,-5.70E-07
677.3666667,0.002386647,-6.03E-07,-5.69E-07
677.4,0.002385442,-6.03E-07,-5.69E-07
677.4333333,0.002384238,-6.02E-07,-5.69E-07
677.4666667,0.002383033,-6.02E-07,-5.69E-07
677.5,0.00238183,-6.02E-07,-5.68E-07
677.5333333,0.002380627,-6.01E-07,-5.68E-07
677.5666667,0.002379425,-6.01E-07,-5.68E-07
677.6,0.002378223,-6.01E-07,-5.68E-07
677.6333333,0.002377021,-6.01E-07,-5.67E-07
677.6666667,0.002375821,-6.00E-07,-5.67E-07
677.7,0.002374621,-6.00E-07,-5.67E-07
677.7333333,0.002373421,-6.00E-07,-5.66E-07
677.7666667,0.002372222,-6.00E-07,-5.66E-07
677.8,0.002371024,-5.99E-07,-5.66E-07
677.8333333,0.002369826,-5.99E-07,-5.66E-07
677.8666667,0.002368628,-5.99E-07,-5.65E-07
677.9,0.002367432,-5.98E-07,-5.65E-07
677.9333333,0.002366235,-5.98E-07,-5.65E-07
677.9666667,0.00236504,-5.98E-07,-5.65E-07
678,0.002363845,-5.98E-07,-5.64E-07
678.0333333,0.00236265,-5.97E-07,-5.64E-07
678.0666667,0.002361456,-5.97E-07,-5.64E-07
678.1,0.002360263,-5.97E-07,-5.64E-07
678.1333333,0.00235907,-5.96E-07,-5.63E-07
678.1666667,0.002357878,-5.96E-07,-5.63E-07
678.2,0.002356686,-5.96E-07,-5.63E-07
678.2333333,0.002355495,-5.96E-07,-5.62E-07
678.2666667,0.002354304,-5.95E-07,-5.62E-07
678.3,0.002353114,-5.95E-07,-5.62E-07
678.3333333,0.002351925,-5.95E-07,-5.62E-07
678.3666667,0.002350736,-5.94E-07,-5.61E-07
678.4,0.002349548,-5.94E-07,-5.61E-07
678.4333333,0.00234836,-5.94E-07,-5.61E-07
678.4666667,0.002347173,-5.94E-07,-5.61E-07
678.5,0.002345986,-5.93E-07,-5.60E-07
678.5333333,0.0023448,-5.93E-07,-5.60E-07
678.5666667,0.002343614,-5.93E-07,-5.60E-07
678.6,0.002342429,-5.92E-07,-5.60E-07
678.6333333,0.002341245,-5.92E-07,-5.59E-07
678.6666667,0.002340061,-5.92E-07,-5.59E-07
678.7,0.002338878,-5.92E-07,-5.59E-07
678.7333333,0.002337695,-5.91E-07,-5.59E-07
678.7666667,0.002336513,-5.91E-07,-5.58E-07
678.8,0.002335331,-5.91E-07,-5.58E-07
678.8333333,0.00233415,-5.91E-07,-5.58E-07
678.8666667,0.00233297,-5.90E-07,-5.57E-07
678.9,0.00233179,-5.90E-07,-5.57E-07
678.9333333,0.00233061,-5.90E-07,-5.57E-07
678.9666667,0.002329431,-5.89E-07,-5.57E-07
679,0.002328253,-5.89E-07,-5.56E-07
679.0333333,0.002327075,-5.89E-07,-5.56E-07
679.0666667,0.002325898,-5.89E-07,-5.56E-07
679.1,0.002324722,-5.88E-07,-5.56E-07
679.1333333,0.002323546,-5.88E-07,-5.55E-07
679.1666667,0.00232237,-5.88E-07,-5.55E-07
679.2,0.002321195,-5.87E-07,-5.55E-07
679.2333333,0.002320021,-5.87E-07,-5.55E-07
679.2666667,0.002318847,-5.87E-07,-5.54E-07
679.3,0.002317674,-5.87E-07,-5.54E-07
679.3333333,0.002316501,-5.86E-07,-5.54E-07
679.3666667,0.002315329,-5.86E-07,-5.54E-07
679.4,0.002314157,-5.86E-07,-5.53E-07
679.4333333,0.002312986,-5.86E-07,-5.53E-07
679.4666667,0.002311815,-5.85E-07,-5.53E-07
679.5,0.002310645,-5.85E-07,-5.52E-07
679.5333333,0.002309476,-5.85E-07,-5.52E-07
679.5666667,0.002308307,-5.84E-07,-5.52E-07
679.6,0.002307139,-5.84E-07,-5.52E-07
679.6333333,0.002305971,-5.84E-07,-5.51E-07
679.6666667,0.002304804,-5.84E-07,-5.51E-07
679.7,0.002303637,-5.83E-07,-5.51E-07
679.7333333,0.002302471,-5.83E-07,-5.51E-07
679.7666667,0.002301305,-5.83E-07,-5.50E-07
679.8,0.00230014,-5.83E-07,-5.50E-07
679.8333333,0.002298976,-5.82E-07,-5.50E-07
679.8666667,0.002297812,-5.82E-07,-5.50E-07
679.9,0.002296649,-5.82E-07,-5.49E-07
679.9333333,0.002295486,-5.81E-07,-5.49E-07
679.9666667,0.002294324,-5.81E-07,-5.49E-07
680,0.002293162,-5.81E-07,-5.49E-07
680.0333333,0.002292001,-5.81E-07,-5.48E-07
680.0666667,0.00229084,-5.80E-07,-5.48E-07
680.1,0.00228968,-5.80E-07,-5.48E-07
680.1333333,0.00228852,-5.80E-07,-5.48E-07
680.1666667,0.002287361,-5.79E-07,-5.47E-07
680.2,0.002286203,-5.79E-07,-5.47E-07
680.2333333,0.002285045,-5.79E-07,-5.47E-07
680.2666667,0.002283888,-5.79E-07,-5.46E-07
680.3,0.002282731,-5.78E-07,-5.46E-07
680.3333333,0.002281575,-5.78E-07,-5.46E-07
680.3666667,0.002280419,-5.78E-07,-5.46E-07
680.4,0.002279264,-5.78E-07,-5.45E-07
680.4333333,0.002278109,-5.77E-07,-5.45E-07
680.4666667,0.002276955,-5.77E-07,-5.45E-07
680.5,0.002275802,-5.77E-07,-5.45E-07
680.5333333,0.002274649,-5.76E-07,-5.44E-07
680.5666667,0.002273496,-5.76E-07,-5.44E-07
680.6,0.002272344,-5.76E-07,-5.44E-07
680.6333333,0.002271193,-5.76E-07,-5.44E-07
680.6666667,0.002270042,-5.75E-07,-5.43E-07
680.7,0.002268892,-5.75E-07,-5.43E-07
680.7333333,0.002267742,-5.75E-07,-5.43E-07
680.7666667,0.002266593,-5.75E-07,-5.43E-07
680.8,0.002265444,-5.74E-07,-5.42E-07
680.8333333,0.002264296,-5.74E-07,-5.42E-07
680.8666667,0.002263149,-5.74E-07,-5.42E-07
680.9,0.002262002,-5.74E-07,-5.42E-07
680.9333333,0.002260855,-5.73E-07,-5.41E-07
680.9666667,0.002259709,-5.73E-07,-5.41E-07
681,0.002258564,-5.73E-07,-5.41E-07
681.0333333,0.002257419,-5.72E-07,-5.41E-07
681.0666667,0.002256275,-5.72E-07,-5.40E-07
681.1,0.002255131,-5.72E-07,-5.40E-07
681.1333333,0.002253988,-5.72E-07,-5.40E-07
681.1666667,0.002252845,-5.71E-07,-5.40E-07
681.2,0.002251703,-5.71E-07,-5.39E-07
681.2333333,0.002250561,-5.71E-07,-5.39E-07
681.2666667,0.00224942,-5.71E-07,-5.39E-07
681.3,0.00224828,-5.70E-07,-5.38E-07
681.3333333,0.00224714,-5.70E-07,-5.38E-07
681.3666667,0.002246,-5.70E-07,-5.38E-07
681.4,0.002244862,-5.69E-07,-5.38E-07
681.4333333,0.002243723,-5.69E-07,-5.37E-07
681.4666667,0.002242585,-5.69E-07,-5.37E-07
681.5,0.002241448,-5.69E-07,-5.37E-07
681.5333333,0.002240311,-5.68E-07,-5.37E-07
681.5666667,0.002239175,-5.68E-07,-5.36E-07
681.6,0.002238039,-5.68E-07,-5.36E-07
681.6333333,0.002236904,-5.68E-07,-5.36E-07
681.6666667,0.00223577,-5.67E-07,-5.36E-07
681.7,0.002234636,-5.67E-07,-5.35E-07
681.7333333,0.002233502,-5.67E-07,-5.35E-07
681.7666667,0.002232369,-5.66E-07,-5.35E-07
681.8,0.002231237,-5.66E-07,-5.35E-07
681.8333333,0.002230105,-5.66E-07,-5.34E-07
681.8666667,0.002228973,-5.66E-07,-5.34E-07
681.9,0.002227843,-5.65E-07,-5.34E-07
681.9333333,0.002226712,-5.65E-07,-5.34E-07
681.9666667,0.002225583,-5.65E-07,-5.33E-07
682,0.002224453,-5.65E-07,-5.33E-07
682.0333333,0.002223325,-5.64E-07,-5.33E-07
682.0666667,0.002222196,-5.64E-07,-5.33E-07
682.1,0.002221069,-5.64E-07,-5.32E-07
682.1333333,0.002219942,-5.64E-07,-5.32E-07
682.1666667,0.002218815,-5.63E-07,-5.32E-07
682.2,0.002217689,-5.63E-07,-5.32E-07
682.2333333,0.002216564,-5.63E-07,-5.31E-07
682.2666667,0.002215439,-5.62E-07,-5.31E-07
682.3,0.002214314,-5.62E-07,-5.31E-07
682.3333333,0.00221319,-5.62E-07,-5.31E-07
682.3666667,0.002212067,-5.62E-07,-5.30E-07
682.4,0.002210944,-5.61E-07,-5.30E-07
682.4333333,0.002209822,-5.61E-07,-5.30E-07
682.4666667,0.0022087,-5.61E-07,-5.30E-07
682.5,0.002207579,-5.61E-07,-5.29E-07
682.5333333,0.002206458,-5.60E-07,-5.29E-07
682.5666667,0.002205338,-5.60E-07,-5.29E-07
682.6,0.002204218,-5.60E-07,-5.29E-07
682.6333333,0.002203099,-5.60E-07,-5.28E-07
682.6666667,0.00220198,-5.59E-07,-5.28E-07
682.7,0.002200862,-5.59E-07,-5.28E-07
682.7333333,0.002199745,-5.59E-07,-5.28E-07
682.7666667,0.002198628,-5.59E-07,-5.27E-07
682.8,0.002197511,-5.58E-07,-5.27E-07
682.8333333,0.002196395,-5.58E-07,-5.27E-07
682.8666667,0.00219528,-5.58E-07,-5.27E-07
682.9,0.002194165,-5.57E-07,-5.26E-07
682.9333333,0.002193051,-5.57E-07,-5.26E-07
682.9666667,0.002191937,-5.57E-07,-5.26E-07
683,0.002190824,-5.57E-07,-5.26E-07
683.0333333,0.002189711,-5.56E-07,-5.25E-07
683.0666667,0.002188599,-5.56E-07,-5.25E-07
683.1,0.002187487,-5.56E-07,-5.25E-07
683.1333333,0.002186376,-5.56E-07,-5.25E-07
683.1666667,0.002185265,-5.55E-07,-5.24E-07
683.2,0.002184155,-5.55E-07,-5.24E-07
683.2333333,0.002183045,-5.55E-07,-5.24E-07
683.2666667,0.002181936,-5.55E-07,-5.24E-07
683.3,0.002180827,-5.54E-07,-5.23E-07
683.3333333,0.002179719,-5.54E-07,-5.23E-07
683.3666667,0.002178612,-5.54E-07,-5.23E-07
683.4,0.002177505,-5.53E-07,-5.23E-07
683.4333333,0.002176398,-5.53E-07,-5.22E-07
683.4666667,0.002175293,-5.53E-07,-5.22E-07
683.5,0.002174187,-5.53E-07,-5.22E-07
683.5333333,0.002173082,-5.52E-07,-5.22E-07
683.5666667,0.002171978,-5.52E-07,-5.21E-07
683.6,0.002170874,-5.52E-07,-5.21E-07
683.6333333,0.002169771,-5.52E-07,-5.21E-07
683.6666667,0.002168668,-5.51E-07,-5.21E-07
683.7,0.002167566,-5.51E-07,-5.20E-07
683.7333333,0.002166464,-5.51E-07,-5.20E-07
683.7666667,0.002165363,-5.51E-07,-5.20E-07
683.8,0.002164262,-5.50E-07,-5.20E-07
683.8333333,0.002163162,-5.50E-07,-5.19E-07
683.8666667,0.002162062,-5.50E-07,-5.19E-07
683.9,0.002160963,-5.50E-07,-5.19E-07
683.9333333,0.002159864,-5.49E-07,-5.19E-07
683.9666667,0.002158766,-5.49E-07,-5.18E-07
684,0.002157669,-5.49E-07,-5.18E-07
684.0333333,0.002156571,-5.49E-07,-5.18E-07
684.0666667,0.002155475,-5.48E-07,-5.18E-07
684.1,0.002154379,-5.48E-07,-5.17E-07
684.1333333,0.002153283,-5.48E-07,-5.17E-07
684.1666667,0.002152188,-5.47E-07,-5.17E-07
684.2,0.002151094,-5.47E-07,-5.17E-07
684.2333333,0.00215,-5.47E-07,-5.16E-07
684.2666667,0.002148907,-5.47E-07,-5.16E-07
684.3,0.002147814,-5.46E-07,-5.16E-07
684.3333333,0.002146721,-5.46E-07,-5.16E-07
684.3666667,0.002145629,-5.46E-07,-5.15E-07
684.4,0.002144538,-5.46E-07,-5.15E-07
684.4333333,0.002143447,-5.45E-07,-5.15E-07
684.4666667,0.002142357,-5.45E-07,-5.15E-07
684.5,0.002141267,-5.45E-07,-5.14E-07
684.5333333,0.002140178,-5.45E-07,-5.14E-07
684.5666667,0.002139089,-5.44E-07,-5.14E-07
684.6,0.002138001,-5.44E-07,-5.14E-07
684.6333333,0.002136913,-5.44E-07,-5.14E-07
684.6666667,0.002135826,-5.44E-07,-5.13E-07
684.7,0.002134739,-5.43E-07,-5.13E-07
684.7333333,0.002133653,-5.43E-07,-5.13E-07
684.7666667,0.002132567,-5.43E-07,-5.13E-07
684.8,0.002131482,-5.43E-07,-5.12E-07
684.8333333,0.002130398,-5.42E-07,-5.12E-07
684.8666667,0.002129313,-5.42E-07,-5.12E-07
684.9,0.00212823,-5.42E-07,-5.12E-07
684.9333333,0.002127147,-5.42E-07,-5.11E-07
684.9666667,0.002126064,-5.41E-07,-5.11E-07
685,0.002124982,-5.41E-07,-5.11E-07
685.0333333,0.002123901,-5.41E-07,-5.11E-07
685.0666667,0.00212282,-5.41E-07,-5.10E-07
685.1,0.002121739,-5.40E-07,-5.10E-07
685.1333333,0.002120659,-5.40E-07,-5.10E-07
685.1666667,0.002119579,-5.40E-07,-5.10E-07
685.2,0.002118501,-5.39E-07,-5.09E-07
685.2333333,0.002117422,-5.39E-07,-5.09E-07
685.2666667,0.002116344,-5.39E-07,-5.09E-07
685.3,0.002115267,-5.39E-07,-5.09E-07
685.3333333,0.00211419,-5.38E-07,-5.08E-07
685.3666667,0.002113113,-5.38E-07,-5.08E-07
685.4,0.002112037,-5.38E-07,-5.08E-07
685.4333333,0.002110962,-5.38E-07,-5.08E-07
685.4666667,0.002109887,-5.37E-07,-5.07E-07
685.5,0.002108813,-5.37E-07,-5.07E-07
685.5333333,0.002107739,-5.37E-07,-5.07E-07
685.5666667,0.002106665,-5.37E-07,-5.07E-07
685.6,0.002105593,-5.36E-07,-5.06E-07
685.6333333,0.00210452,-5.36E-07,-5.06E-07
685.6666667,0.002103448,-5.36E-07,-5.06E-07
685.7,0.002102377,-5.36E-07,-5.06E-07
685.7333333,0.002101306,-5.35E-07,-5.05E-07
685.7666667,0.002100236,-5.35E-07,-5.05E-07
685.8,0.002099166,-5.35E-07,-5.05E-07
685.8333333,0.002098097,-5.35E-07,-5.05E-07
685.8666667,0.002097028,-5.34E-07,-5.05E-07
685.9,0.00209596,-5.34E-07,-5.04E-07
685.9333333,0.002094892,-5.34E-07,-5.04E-07
685.9666667,0.002093825,-5.34E-07,-5.04E-07
686,0.002092758,-5.33E-07,-5.04E-07
686.0333333,0.002091692,-5.33E-07,-5.03E-07
686.0666667,0.002090626,-5.33E-07,-5.03E-07
686.1,0.002089561,-5.33E-07,-5.03E-07
686.1333333,0.002088496,-5.32E-07,-5.03E-07
686.1666667,0.002087432,-5.32E-07,-5.02E-07
686.2,0.002086368,-5.32E-07,-5.02E-07
686.2333333,0.002085305,-5.32E-07,-5.02E-07
686.2666667,0.002084242,-5.31E-07,-5.02E-07
686.3,0.00208318,-5.31E-07,-5.01E-07
686.3333333,0.002082119,-5.31E-07,-5.01E-07
686.3666667,0.002081057,-5.31E-07,-5.01E-07
686.4,0.002079997,-5.30E-07,-5.01E-07
686.4333333,0.002078937,-5.30E-07,-5.00E-07
686.4666667,0.002077877,-5.30E-07,-5.00E-07
686.5,0.002076818,-5.30E-07,-5.00E-07
686.5333333,0.002075759,-5.29E-07,-5.00E-07
686.5666667,0.002074701,-5.29E-07,-4.99E-07
686.6,0.002073643,-5.29E-07,-4.99E-07
686.6333333,0.002072586,-5.29E-07,-4.99E-07
686.6666667,0.00207153,-5.28E-07,-4.99E-07
686.7,0.002070473,-5.28E-07,-4.99E-07
686.7333333,0.002069418,-5.28E-07,-4.98E-07
686.7666667,0.002068363,-5.28E-07,-4.98E-07
686.8,0.002067308,-5.27E-07,-4.98E-07
686.8333333,0.002066254,-5.27E-07,-4.98E-07
686.8666667,0.0020652,-5.27E-07,-4.97E-07
686.9,0.002064147,-5.27E-07,-4.97E-07
686.9333333,0.002063094,-5.26E-07,-4.97E-07
686.9666667,0.002062042,-5.26E-07,-4.97E-07
687,0.002060991,-5.26E-07,-4.96E-07
687.0333333,0.00205994,-5.26E-07,-4.96E-07
687.0666667,0.002058889,-5.25E-07,-4.96E-07
687.1,0.002057839,-5.25E-07,-4.96E-07
687.1333333,0.002056789,-5.25E-07,-4.95E-07
687.1666667,0.00205574,-5.25E-07,-4.95E-07
687.2,0.002054692,-5.24E-07,-4.95E-07
687.2333333,0.002053643,-5.24E-07,-4.95E-07
687.2666667,0.002052596,-5.24E-07,-4.95E-07
687.3,0.002051549,-5.24E-07,-4.94E-07
687.3333333,0.002050502,-5.23E-07,-4.94E-07
687.3666667,0.002049456,-5.23E-07,-4.94E-07
687.4,0.00204841,-5.23E-07,-4.94E-07
687.4333333,0.002047365,-5.23E-07,-4.93E-07
687.4666667,0.002046321,-5.22E-07,-4.93E-07
687.5,0.002045276,-5.22E-07,-4.93E-07
687.5333333,0.002044233,-5.22E-07,-4.93E-07
687.5666667,0.00204319,-5.22E-07,-4.92E-07
687.6,0.002042147,-5.21E-07,-4.92E-07
687.6333333,0.002041105,-5.21E-07,-4.92E-07
687.6666667,0.002040063,-5.21E-07,-4.92E-07
687.7,0.002039022,-5.21E-07,-4.91E-07
687.7333333,0.002037981,-5.20E-07,-4.91E-07
687.7666667,0.002036941,-5.20E-07,-4.91E-07
687.8,0.002035902,-5.20E-07,-4.91E-07
687.8333333,0.002034862,-5.20E-07,-4.91E-07
687.8666667,0.002033824,-5.19E-07,-4.90E-07
687.9,0.002032785,-5.19E-07,-4.90E-07
687.9333333,0.002031748,-5.19E-07,-4.90E-07
687.9666667,0.002030711,-5.19E-07,-4.90E-07
688,0.002029674,-5.18E-07,-4.89E-07
688.0333333,0.002028638,-5.18E-07,-4.89E-07
688.0666667,0.002027602,-5.18E-07,-4.89E-07
688.1,0.002026567,-5.18E-07,-4.89E-07
688.1333333,0.002025532,-5.17E-07,-4.88E-07
688.1666667,0.002024498,-5.17E-07,-4.88E-07
688.2,0.002023464,-5.17E-07,-4.88E-07
688.2333333,0.002022431,-5.17E-07,-4.88E-07
688.2666667,0.002021398,-5.16E-07,-4.87E-07
688.3,0.002020366,-5.16E-07,-4.87E-07
688.3333333,0.002019334,-5.16E-07,-4.87E-07
688.3666667,0.002018303,-5.16E-07,-4.87E-07
688.4,0.002017272,-5.15E-07,-4.87E-07
688.4333333,0.002016242,-5.15E-07,-4.86E-07
688.4666667,0.002015212,-5.15E-07,-4.86E-07
688.5,0.002014183,-5.15E-07,-4.86E-07
688.5333333,0.002013154,-5.14E-07,-4.86E-07
688.5666667,0.002012125,-5.14E-07,-4.85E-07
688.6,0.002011098,-5.14E-07,-4.85E-07
688.6333333,0.00201007,-5.14E-07,-4.85E-07
688.6666667,0.002009043,-5.13E-07,-4.85E-07
688.7,0.002008017,-5.13E-07,-4.84E-07
688.7333333,0.002006991,-5.13E-07,-4.84E-07
688.7666667,0.002005966,-5.13E-07,-4.84E-07
688.8,0.002004941,-5.12E-07,-4.84E-07
688.8333333,0.002003916,-5.12E-07,-4.84E-07
688.8666667,0.002002893,-5.12E-07,-4.83E-07
688.9,0.002001869,-5.12E-07,-4.83E-07
688.9333333,0.002000846,-5.11E-07,-4.83E-07
688.9666667,0.001999824,-5.11E-07,-4.83E-07
689,0.001998802,-5.11E-07,-4.82E-07
689.0333333,0.00199778,-5.11E-07,-4.82E-07
689.0666667,0.001996759,-5.10E-07,-4.82E-07
689.1,0.001995739,-5.10E-07,-4.82E-07
689.1333333,0.001994719,-5.10E-07,-4.81E-07
689.1666667,0.001993699,-5.10E-07,-4.81E-07
689.2,0.00199268,-5.10E-07,-4.81E-07
689.2333333,0.001991662,-5.09E-07,-4.81E-07
689.2666667,0.001990644,-5.09E-07,-4.81E-07
689.3,0.001989626,-5.09E-07,-4.80E-07
689.3333333,0.001988609,-5.09E-07,-4.80E-07
689.3666667,0.001987592,-5.08E-07,-4.80E-07
689.4,0.001986576,-5.08E-07,-4.80E-07
689.4333333,0.00198556,-5.08E-07,-4.79E-07
689.4666667,0.001984545,-5.08E-07,-4.79E-07
689.5,0.001983531,-5.07E-07,-4.79E-07
689.5333333,0.001982516,-5.07E-07,-4.79E-07
689.5666667,0.001981503,-5.07E-07,-4.78E-07
689.6,0.00198049,-5.07E-07,-4.78E-07
689.6333333,0.001979477,-5.06E-07,-4.78E-07
689.6666667,0.001978465,-5.06E-07,-4.78E-07
689.7,0.001977453,-5.06E-07,-4.78E-07
689.7333333,0.001976441,-5.06E-07,-4.77E-07
689.7666667,0.001975431,-5.05E-07,-4.77E-07
689.8,0.00197442,-5.05E-07,-4.77E-07
689.8333333,0.00197341,-5.05E-07,-4.77E-07
689.8666667,0.001972401,-5.05E-07,-4.76E-07
689.9,0.001971392,-5.04E-07,-4.76E-07
689.9333333,0.001970384,-5.04E-07,-4.76E-07
689.9666667,0.001969376,-5.04E-07,-4.76E-07
690,0.001968369,-5.04E-07,-4.75E-07
690.0333333,0.001967362,-5.03E-07,-4.75E-07
690.0666667,0.001966355,-5.03E-07,-4.75E-07
690.1,0.001965349,-5.03E-07,-4.75E-07
690.1333333,0.001964344,-5.03E-07,-4.75E-07
690.1666667,0.001963339,-5.03E-07,-4.74E-07
690.2,0.001962334,-5.02E-07,-4.74E-07
690.2333333,0.00196133,-5.02E-07,-4.74E-07
690.2666667,0.001960326,-5.02E-07,-4.74E-07
690.3,0.001959323,-5.02E-07,-4.73E-07
690.3333333,0.001958321,-5.01E-07,-4.73E-07
690.3666667,0.001957318,-5.01E-07,-4.73E-07
690.4,0.001956317,-5.01E-07,-4.73E-07
690.4333333,0.001955316,-5.01E-07,-4.73E-07
690.4666667,0.001954315,-5.00E-07,-4.72E-07
690.5,0.001953315,-5.00E-07,-4.72E-07
690.5333333,0.001952315,-5.00E-07,-4.72E-07
690.5666667,0.001951316,-5.00E-07,-4.72E-07
690.6,0.001950317,-4.99E-07,-4.71E-07
690.6333333,0.001949319,-4.99E-07,-4.71E-07
690.6666667,0.001948321,-4.99E-07,-4.71E-07
690.7,0.001947323,-4.99E-07,-4.71E-07
690.7333333,0.001946326,-4.98E-07,-4.70E-07
690.7666667,0.00194533,-4.98E-07,-4.70E-07
690.8,0.001944334,-4.98E-07,-4.70E-07
690.8333333,0.001943339,-4.98E-07,-4.70E-07
690.8666667,0.001942344,-4.97E-07,-4.70E-07
690.9,0.001941349,-4.97E-07,-4.69E-07
690.9333333,0.001940355,-4.97E-07,-4.69E-07
690.9666667,0.001939362,-4.97E-07,-4.69E-07
691,0.001938368,-4.97E-07,-4.69E-07
691.0333333,0.001937376,-4.96E-07,-4.68E-07
691.0666667,0.001936384,-4.96E-07,-4.68E-07
691.1,0.001935392,-4.96E-07,-4.68E-07
691.1333333,0.001934401,-4.96E-07,-4.68E-07
691.1666667,0.00193341,-4.95E-07,-4.68E-07
691.2,0.00193242,-4.95E-07,-4.67E-07
691.2333333,0.00193143,-4.95E-07,-4.67E-07
691.2666667,0.001930441,-4.95E-07,-4.67E-07
691.3,0.001929452,-4.94E-07,-4.67E-07
691.3333333,0.001928464,-4.94E-07,-4.66E-07
691.3666667,0.001927476,-4.94E-07,-4.66E-07
691.4,0.001926488,-4.94E-07,-4.66E-07
691.4333333,0.001925502,-4.93E-07,-4.66E-07
691.4666667,0.001924515,-4.93E-07,-4.66E-07
691.5,0.001923529,-4.93E-07,-4.65E-07
691.5333333,0.001922544,-4.93E-07,-4.65E-07
691.5666667,0.001921559,-4.93E-07,-4.65E-07
691.6,0.001920574,-4.92E-07,-4.65E-07
691.6333333,0.00191959,-4.92E-07,-4.64E-07
691.6666667,0.001918606,-4.92E-07,-4.64E-07
691.7,0.001917623,-4.92E-07,-4.64E-07
691.7333333,0.00191664,-4.91E-07,-4.64E-07
691.7666667,0.001915658,-4.91E-07,-4.64E-07
691.8,0.001914676,-4.91E-07,-4.63E-07
691.8333333,0.001913695,-4.91E-07,-4.63E-07
691.8666667,0.001912714,-4.90E-07,-4.63E-07
691.9,0.001911734,-4.90E-07,-4.63E-07
691.9333333,0.001910754,-4.90E-07,-4.62E-07
691.9666667,0.001909775,-4.90E-07,-4.62E-07
692,0.001908796,-4.89E-07,-4.62E-07
692.0333333,0.001907817,-4.89E-07,-4.62E-07
692.0666667,0.001906839,-4.89E-07,-4.62E-07
692.1,0.001905862,-4.89E-07,-4.61E-07
692.1333333,0.001904885,-4.89E-07,-4.61E-07
692.1666667,0.001903908,-4.88E-07,-4.61E-07
692.2,0.001902932,-4.88E-07,-4.61E-07
692.2333333,0.001901957,-4.88E-07,-4.60E-07
692.2666667,0.001900981,-4.88E-07,-4.60E-07
692.3,0.001900007,-4.87E-07,-4.60E-07
692.3333333,0.001899032,-4.87E-07,-4.60E-07
692.3666667,0.001898059,-4.87E-07,-4.60E-07
692.4,0.001897085,-4.87E-07,-4.59E-07
692.4333333,0.001896113,-4.86E-07,-4.59E-07
692.4666667,0.00189514,-4.86E-07,-4.59E-07
692.5,0.001894168,-4.86E-07,-4.59E-07
692.5333333,0.001893197,-4.86E-07,-4.58E-07
692.5666667,0.001892226,-4.85E-07,-4.58E-07
692.6,0.001891255,-4.85E-07,-4.58E-07
692.6333333,0.001890285,-4.85E-07,-4.58E-07
692.6666667,0.001889316,-4.85E-07,-4.58E-07
692.7,0.001888347,-4.85E-07,-4.57E-07
692.7333333,0.001887378,-4.84E-07,-4.57E-07
692.7666667,0.00188641,-4.84E-07,-4.57E-07
692.8,0.001885442,-4.84E-07,-4.57E-07
692.8333333,0.001884475,-4.84E-07,-4.56E-07
692.8666667,0.001883508,-4.83E-07,-4.56E-07
692.9,0.001882542,-4.83E-07,-4.56E-07
692.9333333,0.001881576,-4.83E-07,-4.56E-07
692.9666667,0.00188061,-4.83E-07,-4.56E-07
693,0.001879645,-4.82E-07,-4.55E-07
693.0333333,0.001878681,-4.82E-07,-4.55E-07
693.0666667,0.001877717,-4.82E-07,-4.55E-07
693.1,0.001876753,-4.82E-07,-4.55E-07
693.1333333,0.00187579,-4.82E-07,-4.55E-07
693.1666667,0.001874827,-4.81E-07,-4.54E-07
693.2,0.001873865,-4.81E-07,-4.54E-07
693.2333333,0.001872904,-4.81E-07,-4.54E-07
693.2666667,0.001871942,-4.81E-07,-4.54E-07
693.3,0.001870982,-4.80E-07,-4.53E-07
693.3333333,0.001870021,-4.80E-07,-4.53E-07
693.3666667,0.001869061,-4.80E-07,-4.53E-07
693.4,0.001868102,-4.80E-07,-4.53E-07
693.4333333,0.001867143,-4.79E-07,-4.53E-07
693.4666667,0.001866185,-4.79E-07,-4.52E-07
693.5,0.001865226,-4.79E-07,-4.52E-07
693.5333333,0.001864269,-4.79E-07,-4.52E-07
693.5666667,0.001863312,-4.79E-07,-4.52E-07
693.6,0.001862355,-4.78E-07,-4.51E-07
693.6333333,0.001861399,-4.78E-07,-4.51E-07
693.6666667,0.001860443,-4.78E-07,-4.51E-07
693.7,0.001859488,-4.78E-07,-4.51E-07
693.7333333,0.001858533,-4.77E-07,-4.51E-07
693.7666667,0.001857579,-4.77E-07,-4.50E-07
693.8,0.001856625,-4.77E-07,-4.50E-07
693.8333333,0.001855671,-4.77E-07,-4.50E-07
693.8666667,0.001854718,-4.76E-07,-4.50E-07
693.9,0.001853766,-4.76E-07,-4.49E-07
693.9333333,0.001852814,-4.76E-07,-4.49E-07
693.9666667,0.001851862,-4.76E-07,-4.49E-07
694,0.001850911,-4.76E-07,-4.49E-07
694.0333333,0.00184996,-4.75E-07,-4.49E-07
694.0666667,0.00184901,-4.75E-07,-4.48E-07
694.1,0.00184806,-4.75E-07,-4.48E-07
694.1333333,0.001847111,-4.75E-07,-4.48E-07
694.1666667,0.001846162,-4.74E-07,-4.48E-07
694.2,0.001845214,-4.74E-07,-4.48E-07
694.2333333,0.001844266,-4.74E-07,-4.47E-07
694.2666667,0.001843318,-4.74E-07,-4.47E-07
694.3,0.001842371,-4.74E-07,-4.47E-07
694.3333333,0.001841425,-4.73E-07,-4.47E-07
694.3666667,0.001840478,-4.73E-07,-4.46E-07
694.4,0.001839533,-4.73E-07,-4.46E-07
694.4333333,0.001838588,-4.73E-07,-4.46E-07
694.4666667,0.001837643,-4.72E-07,-4.46E-07
694.5,0.001836698,-4.72E-07,-4.46E-07
694.5333333,0.001835755,-4.72E-07,-4.45E-07
694.5666667,0.001834811,-4.72E-07,-4.45E-07
694.6,0.001833868,-4.71E-07,-4.45E-07
694.6333333,0.001832926,-4.71E-07,-4.45E-07
694.6666667,0.001831984,-4.71E-07,-4.45E-07
694.7,0.001831042,-4.71E-07,-4.44E-07
694.7333333,0.001830101,-4.71E-07,-4.44E-07
694.7666667,0.00182916,-4.70E-07,-4.44E-07
694.8,0.00182822,-4.70E-07,-4.44E-07
694.8333333,0.00182728,-4.70E-07,-4.43E-07
694.8666667,0.001826341,-4.70E-07,-4.43E-07
694.9,0.001825402,-4.69E-07,-4.43E-07
694.9333333,0.001824463,-4.69E-07,-4.43E-07
694.9666667,0.001823525,-4.69E-07,-4.43E-07
695,0.001822588,-4.69E-07,-4.42E-07
695.0333333,0.001821651,-4.69E-07,-4.42E-07
695.0666667,0.001820714,-4.68E-07,-4.42E-07
695.1,0.001819778,-4.68E-07,-4.42E-07
695.1333333,0.001818842,-4.68E-07,-4.42E-07
695.1666667,0.001817907,-4.68E-07,-4.41E-07
695.2,0.001816972,-4.67E-07,-4.41E-07
695.2333333,0.001816038,-4.67E-07,-4.41E-07
695.2666667,0.001815104,-4.67E-07,-4.41E-07
695.3,0.00181417,-4.67E-07,-4.40E-07
695.3333333,0.001813237,-4.67E-07,-4.40E-07
695.3666667,0.001812304,-4.66E-07,-4.40E-07
695.4,0.001811372,-4.66E-07,-4.40E-07
695.4333333,0.001810441,-4.66E-07,-4.40E-07
695.4666667,0.001809509,-4.66E-07,-4.39E-07
695.5,0.001808579,-4.65E-07,-4.39E-07
695.5333333,0.001807648,-4.65E-07,-4.39E-07
695.5666667,0.001806718,-4.65E-07,-4.39E-07
695.6,0.001805789,-4.65E-07,-4.39E-07
695.6333333,0.00180486,-4.65E-07,-4.38E-07
695.6666667,0.001803931,-4.64E-07,-4.38E-07
695.7,0.001803003,-4.64E-07,-4.38E-07
695.7333333,0.001802075,-4.64E-07,-4.38E-07
695.7666667,0.001801148,-4.64E-07,-4.38E-07
695.8,0.001800221,-4.63E-07,-4.37E-07
695.8333333,0.001799295,-4.63E-07,-4.37E-07
695.8666667,0.001798369,-4.63E-07,-4.37E-07
695.9,0.001797444,-4.63E-07,-4.37E-07
695.9333333,0.001796519,-4.63E-07,-4.36E-07
695.9666667,0.001795594,-4.62E-07,-4.36E-07
696,0.00179467,-4.62E-07,-4.36E-07
696.0333333,0.001793746,-4.62E-07,-4.36E-07
696.0666667,0.001792823,-4.62E-07,-4.36E-07
696.1,0.0017919,-4.61E-07,-4.35E-07
696.1333333,0.001790978,-4.61E-07,-4.35E-07
696.1666667,0.001790056,-4.61E-07,-4.35E-07
696.2,0.001789135,-4.61E-07,-4.35E-07
696.2333333,0.001788214,-4.61E-07,-4.35E-07
696.2666667,0.001787293,-4.60E-07,-4.34E-07
696.3,0.001786373,-4.60E-07,-4.34E-07
696.3333333,0.001785453,-4.60E-07,-4.34E-07
696.3666667,0.001784534,-4.60E-07,-4.34E-07
696.4,0.001783615,-4.59E-07,-4.34E-07
696.4333333,0.001782697,-4.59E-07,-4.33E-07
696.4666667,0.001781779,-4.59E-07,-4.33E-07
696.5,0.001780862,-4.59E-07,-4.33E-07
696.5333333,0.001779945,-4.59E-07,-4.33E-07
696.5666667,0.001779028,-4.58E-07,-4.32E-07
696.6,0.001778112,-4.58E-07,-4.32E-07
696.6333333,0.001777196,-4.58E-07,-4.32E-07
696.6666667,0.001776281,-4.58E-07,-4.32E-07
696.7,0.001775366,-4.57E-07,-4.32E-07
696.7333333,0.001774452,-4.57E-07,-4.31E-07
696.7666667,0.001773538,-4.57E-07,-4.31E-07
696.8,0.001772624,-4.57E-07,-4.31E-07
696.8333333,0.001771711,-4.57E-07,-4.31E-07
696.8666667,0.001770799,-4.56E-07,-4.31E-07
696.9,0.001769886,-4.56E-07,-4.30E-07
696.9333333,0.001768975,-4.56E-07,-4.30E-07
696.9666667,0.001768063,-4.56E-07,-4.30E-07
697,0.001767152,-4.55E-07,-4.30E-07
697.0333333,0.001766242,-4.55E-07,-4.30E-07
697.0666667,0.001765332,-4.55E-07,-4.29E-07
697.1,0.001764422,-4.55E-07,-4.29E-07
697.1333333,0.001763513,-4.55E-07,-4.29E-07
697.1666667,0.001762605,-4.54E-07,-4.29E-07
697.2,0.001761696,-4.54E-07,-4.29E-07
697.2333333,0.001760789,-4.54E-07,-4.28E-07
697.2666667,0.001759881,-4.54E-07,-4.28E-07
697.3,0.001758974,-4.53E-07,-4.28E-07
697.3333333,0.001758068,-4.53E-07,-4.28E-07
697.3666667,0.001757162,-4.53E-07,-4.28E-07
697.4,0.001756256,-4.53E-07,-4.27E-07
697.4333333,0.001755351,-4.53E-07,-4.27E-07
697.4666667,0.001754446,-4.52E-07,-4.27E-07
697.5,0.001753542,-4.52E-07,-4.27E-07
697.5333333,0.001752638,-4.52E-07,-4.26E-07
697.5666667,0.001751735,-4.52E-07,-4.26E-07
697.6,0.001750832,-4.51E-07,-4.26E-07
697.6333333,0.001749929,-4.51E-07,-4.26E-07
697.6666667,0.001749027,-4.51E-07,-4.26E-07
697.7,0.001748125,-4.51E-07,-4.25E-07
697.7333333,0.001747224,-4.51E-07,-4.25E-07
697.7666667,0.001746323,-4.50E-07,-4.25E-07
697.8,0.001745423,-4.50E-07,-4.25E-07
697.8333333,0.001744523,-4.50E-07,-4.25E-07
697.8666667,0.001743623,-4.50E-07,-4.24E-07
697.9,0.001742724,-4.50E-07,-4.24E-07
697.9333333,0.001741826,-4.49E-07,-4.24E-07
697.9666667,0.001740928,-4.49E-07,-4.24E-07
698,0.00174003,-4.49E-07,-4.24E-07
698.0333333,0.001739132,-4.49E-07,-4.23E-07
698.0666667,0.001738236,-4.48E-07,-4.23E-07
698.1,0.001737339,-4.48E-07,-4.23E-07
698.1333333,0.001736443,-4.48E-07,-4.23E-07
698.1666667,0.001735547,-4.48E-07,-4.23E-07
698.2,0.001734652,-4.48E-07,-4.22E-07
698.2333333,0.001733757,-4.47E-07,-4.22E-07
698.2666667,0.001732863,-4.47E-07,-4.22E-07
698.3,0.001731969,-4.47E-07,-4.22E-07
698.3333333,0.001731076,-4.47E-07,-4.22E-07
698.3666667,0.001730183,-4.47E-07,-4.21E-07
698.4,0.00172929,-4.46E-07,-4.21E-07
698.4333333,0.001728398,-4.46E-07,-4.21E-07
698.4666667,0.001727506,-4.46E-07,-4.21E-07
698.5,0.001726615,-4.46E-07,-4.21E-07
698.5333333,0.001725724,-4.45E-07,-4.20E-07
698.5666667,0.001724834,-4.45E-07,-4.20E-07
698.6,0.001723944,-4.45E-07,-4.20E-07
698.6333333,0.001723054,-4.45E-07,-4.20E-07
698.6666667,0.001722165,-4.45E-07,-4.20E-07
698.7,0.001721276,-4.44E-07,-4.19E-07
698.7333333,0.001720388,-4.44E-07,-4.19E-07
698.7666667,0.0017195,-4.44E-07,-4.19E-07
698.8,0.001718612,-4.44E-07,-4.19E-07
698.8333333,0.001717725,-4.44E-07,-4.18E-07
698.8666667,0.001716839,-4.43E-07,-4.18E-07
698.9,0.001715953,-4.43E-07,-4.18E-07
698.9333333,0.001715067,-4.43E-07,-4.18E-07
698.9666667,0.001714182,-4.43E-07,-4.18E-07
699,0.001713297,-4.42E-07,-4.17E-07
699.0333333,0.001712412,-4.42E-07,-4.17E-07
699.0666667,0.001711528,-4.42E-07,-4.17E-07
699.1,0.001710645,-4.42E-07,-4.17E-07
699.1333333,0.001709762,-4.42E-07,-4.17E-07
699.1666667,0.001708879,-4.41E-07,-4.16E-07
699.2,0.001707997,-4.41E-07,-4.16E-07
699.2333333,0.001707115,-4.41E-07,-4.16E-07
699.2666667,0.001706233,-4.41E-07,-4.16E-07
699.3,0.001705352,-4.41E-07,-4.16E-07
699.3333333,0.001704472,-4.40E-07,-4.15E-07
699.3666667,0.001703591,-4.40E-07,-4.15E-07
699.4,0.001702712,-4.40E-07,-4.15E-07
699.4333333,0.001701832,-4.40E-07,-4.15E-07
699.4666667,0.001700953,-4.39E-07,-4.15E-07
699.5,0.001700075,-4.39E-07,-4.14E-07
699.5333333,0.001699197,-4.39E-07,-4.14E-07
699.5666667,0.001698319,-4.39E-07,-4.14E-07
699.6,0.001697442,-4.39E-07,-4.14E-07
699.6333333,0.001696565,-4.38E-07,-4.14E-07
699.6666667,0.001695689,-4.38E-07,-4.13E-07
699.7,0.001694813,-4.38E-07,-4.13E-07
699.7333333,0.001693937,-4.38E-07,-4.13E-07
699.7666667,0.001693062,-4.38E-07,-4.13E-07
699.8,0.001692188,-4.37E-07,-4.13E-07
699.8333333,0.001691313,-4.37E-07,-4.12E-07
699.8666667,0.001690439,-4.37E-07,-4.12E-07
699.9,0.001689566,-4.37E-07,-4.12E-07
699.9333333,0.001688693,-4.36E-07,-4.12E-07
699.9666667,0.00168782,-4.36E-07,-4.12E-07
700,0.001686948,-4.36E-07,-4.11E-07
700.0333333,0.001686077,-4.36E-07,-4.11E-07
700.0666667,0.001685205,-4.36E-07,-4.11E-07
700.1,0.001684334,-4.35E-07,-4.11E-07
700.1333333,0.001683464,-4.35E-07,-4.11E-07
700.1666667,0.001682594,-4.35E-07,-4.10E-07
700.2,0.001681724,-4.35E-07,-4.10E-07
700.2333333,0.001680855,-4.35E-07,-4.10E-07
700.2666667,0.001679986,-4.34E-07,-4.10E-07
700.3,0.001679118,-4.34E-07,-4.10E-07
700.3333333,0.00167825,-4.34E-07,-4.09E-07
700.3666667,0.001677383,-4.34E-07,-4.09E-07
700.4,0.001676516,-4.34E-07,-4.09E-07
700.4333333,0.001675649,-4.33E-07,-4.09E-07
700.4666667,0.001674783,-4.33E-07,-4.09E-07
700.5,0.001673917,-4.33E-07,-4.08E-07
700.5333333,0.001673051,-4.33E-07,-4.08E-07
700.5666667,0.001672186,-4.32E-07,-4.08E-07
700.6,0.001671322,-4.32E-07,-4.08E-07
700.6333333,0.001670458,-4.32E-07,-4.08E-07
700.6666667,0.001669594,-4.32E-07,-4.07E-07
700.7,0.001668731,-4.32E-07,-4.07E-07
700.7333333,0.001667868,-4.31E-07,-4.07E-07
700.7666667,0.001667005,-4.31E-07,-4.07E-07
700.8,0.001666143,-4.31E-07,-4.07E-07
700.8333333,0.001665281,-4.31E-07,-4.06E-07
700.8666667,0.00166442,-4.31E-07,-4.06E-07
700.9,0.001663559,-4.30E-07,-4.06E-07
700.9333333,0.001662699,-4.30E-07,-4.06E-07
700.9666667,0.001661839,-4.30E-07,-4.06E-07
701,0.001660979,-4.30E-07,-4.06E-07
701.0333333,0.00166012,-4.30E-07,-4.05E-07
701.0666667,0.001659261,-4.29E-07,-4.05E-07
701.1,0.001658403,-4.29E-07,-4.05E-07
701.1333333,0.001657545,-4.29E-07,-4.05E-07
701.1666667,0.001656688,-4.29E-07,-4.05E-07
701.2,0.001655831,-4.29E-07,-4.04E-07
701.2333333,0.001654974,-4.28E-07,-4.04E-07
701.2666667,0.001654118,-4.28E-07,-4.04E-07
701.3,0.001653262,-4.28E-07,-4.04E-07
701.3333333,0.001652406,-4.28E-07,-4.04E-07
701.3666667,0.001651551,-4.28E-07,-4.03E-07
701.4,0.001650697,-4.27E-07,-4.03E-07
701.4333333,0.001649843,-4.27E-07,-4.03E-07
701.4666667,0.001648989,-4.27E-07,-4.03E-07
701.5,0.001648136,-4.27E-07,-4.03E-07
701.5333333,0.001647283,-4.26E-07,-4.02E-07
701.5666667,0.00164643,-4.26E-07,-4.02E-07
701.6,0.001645578,-4.26E-07,-4.02E-07
701.6333333,0.001644726,-4.26E-07,-4.02E-07
701.6666667,0.001643875,-4.26E-07,-4.02E-07
701.7,0.001643024,-4.25E-07,-4.01E-07
701.7333333,0.001642174,-4.25E-07,-4.01E-07
701.7666667,0.001641324,-4.25E-07,-4.01E-07
701.8,0.001640474,-4.25E-07,-4.01E-07
701.8333333,0.001639625,-4.25E-07,-4.01E-07
701.8666667,0.001638776,-4.24E-07,-4.00E-07
701.9,0.001637928,-4.24E-07,-4.00E-07
701.9333333,0.00163708,-4.24E-07,-4.00E-07
701.9666667,0.001636232,-4.24E-07,-4.00E-07
702,0.001635385,-4.24E-07,-4.00E-07
702.0333333,0.001634538,-4.23E-07,-3.99E-07
702.0666667,0.001633692,-4.23E-07,-3.99E-07
702.1,0.001632846,-4.23E-07,-3.99E-07
702.1333333,0.001632,-4.23E-07,-3.99E-07
702.1666667,0.001631155,-4.23E-07,-3.99E-07
702.2,0.00163031,-4.22E-07,-3.98E-07
702.2333333,0.001629466,-4.22E-07,-3.98E-07
702.2666667,0.001628622,-4.22E-07,-3.98E-07
702.3,0.001627779,-4.22E-07,-3.98E-07
702.3333333,0.001626936,-4.22E-07,-3.98E-07
702.3666667,0.001626093,-4.21E-07,-3.98E-07
702.4,0.001625251,-4.21E-07,-3.97E-07
702.4333333,0.001624409,-4.21E-07,-3.97E-07
702.4666667,0.001623567,-4.21E-07,-3.97E-07
702.5,0.001622726,-4.21E-07,-3.97E-07
702.5333333,0.001621886,-4.20E-07,-3.97E-07
702.5666667,0.001621046,-4.20E-07,-3.96E-07
702.6,0.001620206,-4.20E-07,-3.96E-07
702.6333333,0.001619366,-4.20E-07,-3.96E-07
702.6666667,0.001618527,-4.19E-07,-3.96E-07
702.7,0.001617689,-4.19E-07,-3.96E-07
702.7333333,0.001616851,-4.19E-07,-3.95E-07
702.7666667,0.001616013,-4.19E-07,-3.95E-07
702.8,0.001615175,-4.19E-07,-3.95E-07
702.8333333,0.001614338,-4.18E-07,-3.95E-07
702.8666667,0.001613502,-4.18E-07,-3.95E-07
702.9,0.001612666,-4.18E-07,-3.94E-07
702.9333333,0.00161183,-4.18E-07,-3.94E-07
702.9666667,0.001610995,-4.18E-07,-3.94E-07
703,0.00161016,-4.17E-07,-3.94E-07
703.0333333,0.001609325,-4.17E-07,-3.94E-07
703.0666667,0.001608491,-4.17E-07,-3.93E-07
703.1,0.001607657,-4.17E-07,-3.93E-07
703.1333333,0.001606824,-4.17E-07,-3.93E-07
703.1666667,0.001605991,-4.16E-07,-3.93E-07
703.2,0.001605159,-4.16E-07,-3.93E-07
703.2333333,0.001604326,-4.16E-07,-3.93E-07
703.2666667,0.001603495,-4.16E-07,-3.92E-07
703.3,0.001602663,-4.16E-07,-3.92E-07
703.3333333,0.001601833,-4.15E-07,-3.92E-07
703.3666667,0.001601002,-4.15E-07,-3.92E-07
703.4,0.001600172,-4.15E-07,-3.92E-07
703.4333333,0.001599342,-4.15E-07,-3.91E-07
703.4666667,0.001598513,-4.15E-07,-3.91E-07
703.5,0.001597684,-4.14E-07,-3.91E-07
703.5333333,0.001596856,-4.14E-07,-3.91E-07
703.5666667,0.001596028,-4.14E-07,-3.91E-07
703.6,0.0015952,-4.14E-07,-3.90E-07
703.6333333,0.001594373,-4.14E-07,-3.90E-07
703.6666667,0.001593546,-4.13E-07,-3.90E-07
703.7,0.001592719,-4.13E-07,-3.90E-07
703.7333333,0.001591893,-4.13E-07,-3.90E-07
703.7666667,0.001591068,-4.13E-07,-3.89E-07
703.8,0.001590242,-4.13E-07,-3.89E-07
703.8333333,0.001589417,-4.12E-07,-3.89E-07
703.8666667,0.001588593,-4.12E-07,-3.89E-07
703.9,0.001587769,-4.12E-07,-3.89E-07
703.9333333,0.001586945,-4.12E-07,-3.89E-07
703.9666667,0.001586122,-4.12E-07,-3.88E-07
704,0.001585299,-4.11E-07,-3.88E-07
704.0333333,0.001584477,-4.11E-07,-3.88E-07
704.0666667,0.001583655,-4.11E-07,-3.88E-07
704.1,0.001582833,-4.11E-07,-3.88E-07
704.1333333,0.001582012,-4.11E-07,-3.87E-07
704.1666667,0.001581191,-4.10E-07,-3.87E-07
704.2,0.00158037,-4.10E-07,-3.87E-07
704.2333333,0.00157955,-4.10E-07,-3.87E-07
704.2666667,0.001578731,-4.10E-07,-3.87E-07
704.3,0.001577911,-4.10E-07,-3.86E-07
704.3333333,0.001577092,-4.09E-07,-3.86E-07
704.3666667,0.001576274,-4.09E-07,-3.86E-07
704.4,0.001575456,-4.09E-07,-3.86E-07
704.4333333,0.001574638,-4.09E-07,-3.86E-07
704.4666667,0.001573821,-4.09E-07,-3.86E-07
704.5,0.001573004,-4.08E-07,-3.85E-07
704.5333333,0.001572188,-4.08E-07,-3.85E-07
704.5666667,0.001571371,-4.08E-07,-3.85E-07
704.6,0.001570556,-4.08E-07,-3.85E-07
704.6333333,0.00156974,-4.08E-07,-3.85E-07
704.6666667,0.001568926,-4.07E-07,-3.84E-07
704.7,0.001568111,-4.07E-07,-3.84E-07
704.7333333,0.001567297,-4.07E-07,-3.84E-07
704.7666667,0.001566483,-4.07E-07,-3.84E-07
704.8,0.00156567,-4.07E-07,-3.84E-07
704.8333333,0.001564857,-4.06E-07,-3.83E-07
704.8666667,0.001564044,-4.06E-07,-3.83E-07
704.9,0.001563232,-4.06E-07,-3.83E-07
704.9333333,0.001562421,-4.06E-07,-3.83E-07
704.9666667,0.001561609,-4.06E-07,-3.83E-07
705,0.001560798,-4.05E-07,-3.83E-07
705.0333333,0.001559988,-4.05E-07,-3.82E-07
705.0666667,0.001559178,-4.05E-07,-3.82E-07
705.1,0.001558368,-4.05E-07,-3.82E-07
705.1333333,0.001557558,-4.05E-07,-3.82E-07
705.1666667,0.001556749,-4.04E-07,-3.82E-07
705.2,0.001555941,-4.04E-07,-3.81E-07
705.2333333,0.001555133,-4.04E-07,-3.81E-07
705.2666667,0.001554325,-4.04E-07,-3.81E-07
705.3,0.001553517,-4.04E-07,-3.81E-07
705.3333333,0.00155271,-4.04E-07,-3.81E-07
705.3666667,0.001551904,-4.03E-07,-3.80E-07
705.4,0.001551098,-4.03E-07,-3.80E-07
705.4333333,0.001550292,-4.03E-07,-3.80E-07
705.4666667,0.001549486,-4.03E-07,-3.80E-07
705.5,0.001548681,-4.03E-07,-3.80E-07
705.5333333,0.001547876,-4.02E-07,-3.80E-07
705.5666667,0.001547072,-4.02E-07,-3.79E-07
705.6,0.001546268,-4.02E-07,-3.79E-07
705.6333333,0.001545465,-4.02E-07,-3.79E-07
705.6666667,0.001544662,-4.02E-07,-3.79E-07
705.7,0.001543859,-4.01E-07,-3.79E-07
705.7333333,0.001543057,-4.01E-07,-3.78E-07
705.7666667,0.001542255,-4.01E-07,-3.78E-07
705.8,0.001541453,-4.01E-07,-3.78E-07
705.8333333,0.001540652,-4.01E-07,-3.78E-07
705.8666667,0.001539851,-4.00E-07,-3.78E-07
705.9,0.001539051,-4.00E-07,-3.78E-07
705.9333333,0.001538251,-4.00E-07,-3.77E-07
705.9666667,0.001537451,-4.00E-07,-3.77E-07
706,0.001536652,-4.00E-07,-3.77E-07
706.0333333,0.001535853,-3.99E-07,-3.77E-07
706.0666667,0.001535055,-3.99E-07,-3.77E-07
706.1,0.001534257,-3.99E-07,-3.76E-07
706.1333333,0.001533459,-3.99E-07,-3.76E-07
706.1666667,0.001532662,-3.99E-07,-3.76E-07
706.2,0.001531865,-3.98E-07,-3.76E-07
706.2333333,0.001531069,-3.98E-07,-3.76E-07
706.2666667,0.001530273,-3.98E-07,-3.75E-07
706.3,0.001529477,-3.98E-07,-3.75E-07
706.3333333,0.001528682,-3.98E-07,-3.75E-07
706.3666667,0.001527887,-3.97E-07,-3.75E-07
706.4,0.001527092,-3.97E-07,-3.75E-07
706.4333333,0.001526298,-3.97E-07,-3.75E-07
706.4666667,0.001525504,-3.97E-07,-3.74E-07
706.5,0.001524711,-3.97E-07,-3.74E-07
706.5333333,0.001523918,-3.96E-07,-3.74E-07
706.5666667,0.001523125,-3.96E-07,-3.74E-07
706.6,0.001522333,-3.96E-07,-3.74E-07
706.6333333,0.001521541,-3.96E-07,-3.73E-07
706.6666667,0.00152075,-3.96E-07,-3.73E-07
706.7,0.001519959,-3.96E-07,-3.73E-07
706.7333333,0.001519168,-3.95E-07,-3.73E-07
706.7666667,0.001518378,-3.95E-07,-3.73E-07
706.8,0.001517588,-3.95E-07,-3.73E-07
706.8333333,0.001516798,-3.95E-07,-3.72E-07
706.8666667,0.001516009,-3.95E-07,-3.72E-07
706.9,0.00151522,-3.94E-07,-3.72E-07
706.9333333,0.001514432,-3.94E-07,-3.72E-07
706.9666667,0.001513644,-3.94E-07,-3.72E-07
707,0.001512856,-3.94E-07,-3.71E-07
707.0333333,0.001512069,-3.94E-07,-3.71E-07
707.0666667,0.001511282,-3.93E-07,-3.71E-07
707.1,0.001510496,-3.93E-07,-3.71E-07
707.1333333,0.00150971,-3.93E-07,-3.71E-07
707.1666667,0.001508924,-3.93E-07,-3.71E-07
707.2,0.001508139,-3.93E-07,-3.70E-07
707.2333333,0.001507354,-3.92E-07,-3.70E-07
707.2666667,0.001506569,-3.92E-07,-3.70E-07
707.3,0.001505785,-3.92E-07,-3.70E-07
707.3333333,0.001505001,-3.92E-07,-3.70E-07
707.3666667,0.001504218,-3.92E-07,-3.69E-07
707.4,0.001503435,-3.92E-07,-3.69E-07
707.4333333,0.001502652,-3.91E-07,-3.69E-07
707.4666667,0.00150187,-3.91E-07,-3.69E-07
707.5,0.001501088,-3.91E-07,-3.69E-07
707.5333333,0.001500307,-3.91E-07,-3.69E-07
707.5666667,0.001499526,-3.91E-07,-3.68E-07
707.6,0.001498745,-3.90E-07,-3.68E-07
707.6333333,0.001497965,-3.90E-07,-3.68E-07
707.6666667,0.001497185,-3.90E-07,-3.68E-07
707.7,0.001496405,-3.90E-07,-3.68E-07
707.7333333,0.001495626,-3.90E-07,-3.67E-07
707.7666667,0.001494847,-3.89E-07,-3.67E-07
707.8,0.001494069,-3.89E-07,-3.67E-07
707.8333333,0.001493291,-3.89E-07,-3.67E-07
707.8666667,0.001492513,-3.89E-07,-3.67E-07
707.9,0.001491736,-3.89E-07,-3.67E-07
707.9333333,0.001490959,-3.88E-07,-3.66E-07
707.9666667,0.001490182,-3.88E-07,-3.66E-07
708,0.001489406,-3.88E-07,-3.66E-07
708.0333333,0.00148863,-3.88E-07,-3.66E-07
708.0666667,0.001487855,-3.88E-07,-3.66E-07
708.1,0.00148708,-3.88E-07,-3.66E-07
708.1333333,0.001486305,-3.87E-07,-3.65E-07
708.1666667,0.001485531,-3.87E-07,-3.65E-07
708.2,0.001484757,-3.87E-07,-3.65E-07
708.2333333,0.001483983,-3.87E-07,-3.65E-07
708.2666667,0.00148321,-3.87E-07,-3.65E-07
708.3,0.001482438,-3.86E-07,-3.64E-07
708.3333333,0.001481665,-3.86E-07,-3.64E-07
708.3666667,0.001480893,-3.86E-07,-3.64E-07
708.4,0.001480121,-3.86E-07,-3.64E-07
708.4333333,0.00147935,-3.86E-07,-3.64E-07
708.4666667,0.001478579,-3.85E-07,-3.64E-07
708.5,0.001477809,-3.85E-07,-3.63E-07
708.5333333,0.001477039,-3.85E-07,-3.63E-07
708.5666667,0.001476269,-3.85E-07,-3.63E-07
708.6,0.0014755,-3.85E-07,-3.63E-07
708.6333333,0.001474731,-3.84E-07,-3.63E-07
708.6666667,0.001473962,-3.84E-07,-3.62E-07
708.7,0.001473194,-3.84E-07,-3.62E-07
708.7333333,0.001472426,-3.84E-07,-3.62E-07
708.7666667,0.001471658,-3.84E-07,-3.62E-07
708.8,0.001470891,-3.84E-07,-3.62E-07
708.8333333,0.001470125,-3.83E-07,-3.62E-07
708.8666667,0.001469358,-3.83E-07,-3.61E-07
708.9,0.001468592,-3.83E-07,-3.61E-07
708.9333333,0.001467827,-3.83E-07,-3.61E-07
708.9666667,0.001467061,-3.83E-07,-3.61E-07
709,0.001466296,-3.82E-07,-3.61E-07
709.0333333,0.001465532,-3.82E-07,-3.61E-07
709.0666667,0.001464768,-3.82E-07,-3.60E-07
709.1,0.001464004,-3.82E-07,-3.60E-07
709.1333333,0.001463241,-3.82E-07,-3.60E-07
709.1666667,0.001462478,-3.82E-07,-3.60E-07
709.2,0.001461715,-3.81E-07,-3.60E-07
709.2333333,0.001460953,-3.81E-07,-3.59E-07
709.2666667,0.001460191,-3.81E-07,-3.59E-07
709.3,0.001459429,-3.81E-07,-3.59E-07
709.3333333,0.001458668,-3.81E-07,-3.59E-07
709.3666667,0.001457907,-3.80E-07,-3.59E-07
709.4,0.001457147,-3.80E-07,-3.59E-07
709.4333333,0.001456387,-3.80E-07,-3.58E-07
709.4666667,0.001455627,-3.80E-07,-3.58E-07
709.5,0.001454868,-3.80E-07,-3.58E-07
709.5333333,0.001454109,-3.79E-07,-3.58E-07
709.5666667,0.001453351,-3.79E-07,-3.58E-07
709.6,0.001452592,-3.79E-07,-3.58E-07
709.6333333,0.001451835,-3.79E-07,-3.57E-07
709.6666667,0.001451077,-3.79E-07,-3.57E-07
709.7,0.00145032,-3.79E-07,-3.57E-07
709.7333333,0.001449563,-3.78E-07,-3.57E-07
709.7666667,0.001448807,-3.78E-07,-3.57E-07
709.8,0.001448051,-3.78E-07,-3.56E-07
709.8333333,0.001447296,-3.78E-07,-3.56E-07
709.8666667,0.00144654,-3.78E-07,-3.56E-07
709.9,0.001445785,-3.77E-07,-3.56E-07
709.9333333,0.001445031,-3.77E-07,-3.56E-07
709.9666667,0.001444277,-3.77E-07,-3.56E-07
710,0.001443523,-3.77E-07,-3.55E-07
710.0333333,0.00144277,-3.77E-07,-3.55E-07
710.0666667,0.001442017,-3.77E-07,-3.55E-07
710.1,0.001441264,-3.76E-07,-3.55E-07
710.1333333,0.001440512,-3.76E-07,-3.55E-07
710.1666667,0.00143976,-3.76E-07,-3.55E-07
710.2,0.001439008,-3.76E-07,-3.54E-07
710.2333333,0.001438257,-3.76E-07,-3.54E-07
710.2666667,0.001437506,-3.75E-07,-3.54E-07
710.3,0.001436756,-3.75E-07,-3.54E-07
710.3333333,0.001436006,-3.75E-07,-3.54E-07
710.3666667,0.001435256,-3.75E-07,-3.54E-07
710.4,0.001434507,-3.75E-07,-3.53E-07
710.4333333,0.001433758,-3.74E-07,-3.53E-07
710.4666667,0.001433009,-3.74E-07,-3.53E-07
710.5,0.001432261,-3.74E-07,-3.53E-07
710.5333333,0.001431513,-3.74E-07,-3.53E-07
710.5666667,0.001430766,-3.74E-07,-3.52E-07
710.6,0.001430019,-3.74E-07,-3.52E-07
710.6333333,0.001429272,-3.73E-07,-3.52E-07
710.6666667,0.001428526,-3.73E-07,-3.52E-07
710.7,0.001427779,-3.73E-07,-3.52E-07
710.7333333,0.001427034,-3.73E-07,-3.52E-07
710.7666667,0.001426289,-3.73E-07,-3.51E-07
710.8,0.001425544,-3.72E-07,-3.51E-07
710.8333333,0.001424799,-3.72E-07,-3.51E-07
710.8666667,0.001424055,-3.72E-07,-3.51E-07
710.9,0.001423311,-3.72E-07,-3.51E-07
710.9333333,0.001422567,-3.72E-07,-3.51E-07
710.9666667,0.001421824,-3.72E-07,-3.50E-07
711,0.001421082,-3.71E-07,-3.50E-07
711.0333333,0.001420339,-3.71E-07,-3.50E-07
711.0666667,0.001419597,-3.71E-07,-3.50E-07
711.1,0.001418856,-3.71E-07,-3.50E-07
711.1333333,0.001418114,-3.71E-07,-3.50E-07
711.1666667,0.001417373,-3.70E-07,-3.49E-07
711.2,0.001416633,-3.70E-07,-3.49E-07
711.2333333,0.001415892,-3.70E-07,-3.49E-07
711.2666667,0.001415153,-3.70E-07,-3.49E-07
711.3,0.001414413,-3.70E-07,-3.49E-07
711.3333333,0.001413674,-3.70E-07,-3.49E-07
711.3666667,0.001412935,-3.69E-07,-3.48E-07
711.4,0.001412197,-3.69E-07,-3.48E-07
711.4333333,0.001411459,-3.69E-07,-3.48E-07
711.4666667,0.001410721,-3.69E-07,-3.48E-07
711.5,0.001409984,-3.69E-07,-3.48E-07
711.5333333,0.001409247,-3.68E-07,-3.48E-07
711.5666667,0.00140851,-3.68E-07,-3.47E-07
711.6,0.001407774,-3.68E-07,-3.47E-07
711.6333333,0.001407038,-3.68E-07,-3.47E-07
711.6666667,0.001406303,-3.68E-07,-3.47E-07
711.7,0.001405568,-3.68E-07,-3.47E-07
711.7333333,0.001404833,-3.67E-07,-3.46E-07
711.7666667,0.001404098,-3.67E-07,-3.46E-07
711.8,0.001403364,-3.67E-07,-3.46E-07
711.8333333,0.001402631,-3.67E-07,-3.46E-07
711.8666667,0.001401897,-3.67E-07,-3.46E-07
711.9,0.001401164,-3.66E-07,-3.46E-07
711.9333333,0.001400432,-3.66E-07,-3.45E-07
711.9666667,0.001399699,-3.66E-07,-3.45E-07
712,0.001398967,-3.66E-07,-3.45E-07
712.0333333,0.001398236,-3.66E-07,-3.45E-07
712.0666667,0.001397505,-3.66E-07,-3.45E-07
712.1,0.001396774,-3.65E-07,-3.45E-07
712.1333333,0.001396043,-3.65E-07,-3.44E-07
712.1666667,0.001395313,-3.65E-07,-3.44E-07
712.2,0.001394583,-3.65E-07,-3.44E-07
712.2333333,0.001393854,-3.65E-07,-3.44E-07
712.2666667,0.001393125,-3.65E-07,-3.44E-07
712.3,0.001392396,-3.64E-07,-3.44E-07
712.3333333,0.001391668,-3.64E-07,-3.43E-07
712.3666667,0.00139094,-3.64E-07,-3.43E-07
712.4,0.001390212,-3.64E-07,-3.43E-07
712.4333333,0.001389485,-3.64E-07,-3.43E-07
712.4666667,0.001388758,-3.63E-07,-3.43E-07
712.5,0.001388032,-3.63E-07,-3.43E-07
712.5333333,0.001387305,-3.63E-07,-3.42E-07
712.5666667,0.00138658,-3.63E-07,-3.42E-07
712.6,0.001385854,-3.63E-07,-3.42E-07
712.6333333,0.001385129,-3.63E-07,-3.42E-07
712.6666667,0.001384404,-3.62E-07,-3.42E-07
712.7,0.00138368,-3.62E-07,-3.42E-07
712.7333333,0.001382956,-3.62E-07,-3.41E-07
712.7666667,0.001382232,-3.62E-07,-3.41E-07
712.8,0.001381509,-3.62E-07,-3.41E-07
712.8333333,0.001380786,-3.61E-07,-3.41E-07
712.8666667,0.001380063,-3.61E-07,-3.41E-07
712.9,0.001379341,-3.61E-07,-3.41E-07
712.9333333,0.001378619,-3.61E-07,-3.40E-07
712.9666667,0.001377897,-3.61E-07,-3.40E-07
713,0.001377176,-3.61E-07,-3.40E-07
713.0333333,0.001376455,-3.60E-07,-3.40E-07
713.0666667,0.001375735,-3.60E-07,-3.40E-07
713.1,0.001375014,-3.60E-07,-3.40E-07
713.1333333,0.001374295,-3.60E-07,-3.39E-07
713.1666667,0.001373575,-3.60E-07,-3.39E-07
713.2,0.001372856,-3.60E-07,-3.39E-07
713.2333333,0.001372137,-3.59E-07,-3.39E-07
713.2666667,0.001371419,-3.59E-07,-3.39E-07
713.3,0.001370701,-3.59E-07,-3.39E-07
713.3333333,0.001369983,-3.59E-07,-3.38E-07
713.3666667,0.001369266,-3.59E-07,-3.38E-07
713.4,0.001368549,-3.58E-07,-3.38E-07
713.4333333,0.001367832,-3.58E-07,-3.38E-07
713.4666667,0.001367116,-3.58E-07,-3.38E-07
713.5,0.0013664,-3.58E-07,-3.38E-07
713.5333333,0.001365684,-3.58E-07,-3.37E-07
713.5666667,0.001364969,-3.58E-07,-3.37E-07
713.6,0.001364254,-3.57E-07,-3.37E-07
713.6333333,0.00136354,-3.57E-07,-3.37E-07
713.6666667,0.001362826,-3.57E-07,-3.37E-07
713.7,0.001362112,-3.57E-07,-3.37E-07
713.7333333,0.001361398,-3.57E-07,-3.36E-07
713.7666667,0.001360685,-3.57E-07,-3.36E-07
713.8,0.001359972,-3.56E-07,-3.36E-07
713.8333333,0.00135926,-3.56E-07,-3.36E-07
713.8666667,0.001358548,-3.56E-07,-3.36E-07
713.9,0.001357836,-3.56E-07,-3.36E-07
713.9333333,0.001357125,-3.56E-07,-3.35E-07
713.9666667,0.001356414,-3.56E-07,-3.35E-07
714,0.001355703,-3.55E-07,-3.35E-07
714.0333333,0.001354993,-3.55E-07,-3.35E-07
714.0666667,0.001354283,-3.55E-07,-3.35E-07
714.1,0.001353573,-3.55E-07,-3.35E-07
714.1333333,0.001352864,-3.55E-07,-3.34E-07
714.1666667,0.001352155,-3.54E-07,-3.34E-07
714.2,0.001351446,-3.54E-07,-3.34E-07
714.2333333,0.001350738,-3.54E-07,-3.34E-07
714.2666667,0.00135003,-3.54E-07,-3.34E-07
714.3,0.001349323,-3.54E-07,-3.34E-07
714.3333333,0.001348616,-3.54E-07,-3.33E-07
714.3666667,0.001347909,-3.53E-07,-3.33E-07
714.4,0.001347202,-3.53E-07,-3.33E-07
714.4333333,0.001346496,-3.53E-07,-3.33E-07
714.4666667,0.00134579,-3.53E-07,-3.33E-07
714.5,0.001345085,-3.53E-07,-3.33E-07
714.5333333,0.00134438,-3.53E-07,-3.32E-07
714.5666667,0.001343675,-3.52E-07,-3.32E-07
714.6,0.001342971,-3.52E-07,-3.32E-07
714.6333333,0.001342267,-3.52E-07,-3.32E-07
714.6666667,0.001341563,-3.52E-07,-3.32E-07
714.7,0.001340859,-3.52E-07,-3.32E-07
714.7333333,0.001340156,-3.52E-07,-3.31E-07
714.7666667,0.001339454,-3.51E-07,-3.31E-07
714.8,0.001338751,-3.51E-07,-3.31E-07
714.8333333,0.001338049,-3.51E-07,-3.31E-07
714.8666667,0.001337348,-3.51E-07,-3.31E-07
714.9,0.001336646,-3.51E-07,-3.31E-07
714.9333333,0.001335945,-3.50E-07,-3.30E-07
714.9666667,0.001335245,-3.50E-07,-3.30E-07
715,0.001334545,-3.50E-07,-3.30E-07
715.0333333,0.001333845,-3.50E-07,-3.30E-07
715.0666667,0.001333145,-3.50E-07,-3.30E-07
715.1,0.001332446,-3.50E-07,-3.30E-07
715.1333333,0.001331747,-3.49E-07,-3.30E-07
715.1666667,0.001331048,-3.49E-07,-3.29E-07
715.2,0.00133035,-3.49E-07,-3.29E-07
715.2333333,0.001329652,-3.49E-07,-3.29E-07
715.2666667,0.001328955,-3.49E-07,-3.29E-07
715.3,0.001328258,-3.49E-07,-3.29E-07
715.3333333,0.001327561,-3.48E-07,-3.29E-07
715.3666667,0.001326864,-3.48E-07,-3.28E-07
715.4,0.001326168,-3.48E-07,-3.28E-07
715.4333333,0.001325472,-3.48E-07,-3.28E-07
715.4666667,0.001324777,-3.48E-07,-3.28E-07
715.5,0.001324082,-3.48E-07,-3.28E-07
715.5333333,0.001323387,-3.47E-07,-3.28E-07
715.5666667,0.001322693,-3.47E-07,-3.27E-07
715.6,0.001321998,-3.47E-07,-3.27E-07
715.6333333,0.001321305,-3.47E-07,-3.27E-07
715.6666667,0.001320611,-3.47E-07,-3.27E-07
715.7,0.001319918,-3.47E-07,-3.27E-07
715.7333333,0.001319226,-3.46E-07,-3.27E-07
715.7666667,0.001318533,-3.46E-07,-3.26E-07
715.8,0.001317841,-3.46E-07,-3.26E-07
715.8333333,0.001317149,-3.46E-07,-3.26E-07
715.8666667,0.001316458,-3.46E-07,-3.26E-07
715.9,0.001315767,-3.46E-07,-3.26E-07
715.9333333,0.001315076,-3.45E-07,-3.26E-07
715.9666667,0.001314386,-3.45E-07,-3.25E-07
716,0.001313696,-3.45E-07,-3.25E-07
716.0333333,0.001313006,-3.45E-07,-3.25E-07
716.0666667,0.001312317,-3.45E-07,-3.25E-07
716.1,0.001311628,-3.44E-07,-3.25E-07
716.1333333,0.001310939,-3.44E-07,-3.25E-07
716.1666667,0.001310251,-3.44E-07,-3.25E-07
716.2,0.001309563,-3.44E-07,-3.24E-07
716.2333333,0.001308875,-3.44E-07,-3.24E-07
716.2666667,0.001308188,-3.44E-07,-3.24E-07
716.3,0.001307501,-3.43E-07,-3.24E-07
716.3333333,0.001306815,-3.43E-07,-3.24E-07
716.3666667,0.001306128,-3.43E-07,-3.24E-07
716.4,0.001305442,-3.43E-07,-3.23E-07
716.4333333,0.001304757,-3.43E-07,-3.23E-07
716.4666667,0.001304072,-3.43E-07,-3.23E-07
716.5,0.001303387,-3.42E-07,-3.23E-07
716.5333333,0.001302702,-3.42E-07,-3.23E-07
716.5666667,0.001302018,-3.42E-07,-3.23E-07
716.6,0.001301334,-3.42E-07,-3.22E-07
716.6333333,0.00130065,-3.42E-07,-3.22E-07
716.6666667,0.001299967,-3.42E-07,-3.22E-07
716.7,0.001299284,-3.41E-07,-3.22E-07
716.7333333,0.001298602,-3.41E-07,-3.22E-07
716.7666667,0.001297919,-3.41E-07,-3.22E-07
716.8,0.001297237,-3.41E-07,-3.21E-07
716.8333333,0.001296556,-3.41E-07,-3.21E-07
716.8666667,0.001295875,-3.41E-07,-3.21E-07
716.9,0.001295194,-3.40E-07,-3.21E-07
716.9333333,0.001294513,-3.40E-07,-3.21E-07
716.9666667,0.001293833,-3.40E-07,-3.21E-07
717,0.001293153,-3.40E-07,-3.21E-07
717.0333333,0.001292474,-3.40E-07,-3.20E-07
717.0666667,0.001291794,-3.40E-07,-3.20E-07
717.1,0.001291116,-3.39E-07,-3.20E-07
717.1333333,0.001290437,-3.39E-07,-3.20E-07
717.1666667,0.001289759,-3.39E-07,-3.20E-07
717.2,0.001289081,-3.39E-07,-3.20E-07
717.2333333,0.001288403,-3.39E-07,-3.19E-07
717.2666667,0.001287726,-3.39E-07,-3.19E-07
717.3,0.001287049,-3.38E-07,-3.19E-07
717.3333333,0.001286373,-3.38E-07,-3.19E-07
717.3666667,0.001285697,-3.38E-07,-3.19E-07
717.4,0.001285021,-3.38E-07,-3.19E-07
717.4333333,0.001284345,-3.38E-07,-3.18E-07
717.4666667,0.00128367,-3.38E-07,-3.18E-07
717.5,0.001282995,-3.37E-07,-3.18E-07
717.5333333,0.001282321,-3.37E-07,-3.18E-07
717.5666667,0.001281646,-3.37E-07,-3.18E-07
717.6,0.001280972,-3.37E-07,-3.18E-07
717.6333333,0.001280299,-3.37E-07,-3.18E-07
717.6666667,0.001279626,-3.37E-07,-3.17E-07
717.7,0.001278953,-3.36E-07,-3.17E-07
717.7333333,0.00127828,-3.36E-07,-3.17E-07
717.7666667,0.001277608,-3.36E-07,-3.17E-07
717.8,0.001276936,-3.36E-07,-3.17E-07
717.8333333,0.001276265,-3.36E-07,-3.17E-07
717.8666667,0.001275594,-3.36E-07,-3.16E-07
717.9,0.001274923,-3.35E-07,-3.16E-07
717.9333333,0.001274252,-3.35E-07,-3.16E-07
717.9666667,0.001273582,-3.35E-07,-3.16E-07
718,0.001272912,-3.35E-07,-3.16E-07
718.0333333,0.001272242,-3.35E-07,-3.16E-07
718.0666667,0.001271573,-3.35E-07,-3.15E-07
718.1,0.001270904,-3.34E-07,-3.15E-07
718.1333333,0.001270236,-3.34E-07,-3.15E-07
718.1666667,0.001269567,-3.34E-07,-3.15E-07
718.2,0.0012689,-3.34E-07,-3.15E-07
718.2333333,0.001268232,-3.34E-07,-3.15E-07
718.2666667,0.001267565,-3.34E-07,-3.15E-07
718.3,0.001266898,-3.33E-07,-3.14E-07
718.3333333,0.001266231,-3.33E-07,-3.14E-07
718.3666667,0.001265565,-3.33E-07,-3.14E-07
718.4,0.001264899,-3.33E-07,-3.14E-07
718.4333333,0.001264233,-3.33E-07,-3.14E-07
718.4666667,0.001263568,-3.33E-07,-3.14E-07
718.5,0.001262903,-3.32E-07,-3.13E-07
718.5333333,0.001262239,-3.32E-07,-3.13E-07
718.5666667,0.001261574,-3.32E-07,-3.13E-07
718.6,0.00126091,-3.32E-07,-3.13E-07
718.6333333,0.001260247,-3.32E-07,-3.13E-07
718.6666667,0.001259583,-3.32E-07,-3.13E-07
718.7,0.00125892,-3.31E-07,-3.13E-07
718.7333333,0.001258258,-3.31E-07,-3.12E-07
718.7666667,0.001257595,-3.31E-07,-3.12E-07
718.8,0.001256933,-3.31E-07,-3.12E-07
718.8333333,0.001256272,-3.31E-07,-3.12E-07
718.8666667,0.00125561,-3.31E-07,-3.12E-07
718.9,0.001254949,-3.31E-07,-3.12E-07
718.9333333,0.001254289,-3.30E-07,-3.11E-07
718.9666667,0.001253628,-3.30E-07,-3.11E-07
719,0.001252968,-3.30E-07,-3.11E-07
719.0333333,0.001252309,-3.30E-07,-3.11E-07
719.0666667,0.001251649,-3.30E-07,-3.11E-07
719.1,0.00125099,-3.30E-07,-3.11E-07
719.1333333,0.001250331,-3.29E-07,-3.11E-07
719.1666667,0.001249673,-3.29E-07,-3.10E-07
719.2,0.001249015,-3.29E-07,-3.10E-07
719.2333333,0.001248357,-3.29E-07,-3.10E-07
719.2666667,0.0012477,-3.29E-07,-3.10E-07
719.3,0.001247043,-3.29E-07,-3.10E-07
719.3333333,0.001246386,-3.28E-07,-3.10E-07
719.3666667,0.001245729,-3.28E-07,-3.09E-07
719.4,0.001245073,-3.28E-07,-3.09E-07
719.4333333,0.001244417,-3.28E-07,-3.09E-07
719.4666667,0.001243762,-3.28E-07,-3.09E-07
719.5,0.001243107,-3.28E-07,-3.09E-07
719.5333333,0.001242452,-3.27E-07,-3.09E-07
719.5666667,0.001241797,-3.27E-07,-3.09E-07
719.6,0.001241143,-3.27E-07,-3.08E-07
719.6333333,0.001240489,-3.27E-07,-3.08E-07
719.6666667,0.001239836,-3.27E-07,-3.08E-07
719.7,0.001239183,-3.27E-07,-3.08E-07
719.7333333,0.00123853,-3.26E-07,-3.08E-07
719.7666667,0.001237877,-3.26E-07,-3.08E-07
719.8,0.001237225,-3.26E-07,-3.07E-07
719.8333333,0.001236573,-3.26E-07,-3.07E-07
719.8666667,0.001235921,-3.26E-07,-3.07E-07
719.9,0.00123527,-3.26E-07,-3.07E-07
719.9333333,0.001234619,-3.25E-07,-3.07E-07
719.9666667,0.001233969,-3.25E-07,-3.07E-07
720,0.001233318,-3.25E-07,-3.07E-07
720.0333333,0.001232668,-3.25E-07,-3.06E-07
720.0666667,0.001232019,-3.25E-07,-3.06E-07
720.1,0.001231369,-3.25E-07,-3.06E-07
720.1333333,0.00123072,-3.25E-07,-3.06E-07
720.1666667,0.001230071,-3.24E-07,-3.06E-07
720.2,0.001229423,-3.24E-07,-3.06E-07
720.2333333,0.001228775,-3.24E-07,-3.05E-07
720.2666667,0.001228127,-3.24E-07,-3.05E-07
720.3,0.00122748,-3.24E-07,-3.05E-07
720.3333333,0.001226833,-3.24E-07,-3.05E-07
720.3666667,0.001226186,-3.23E-07,-3.05E-07
720.4,0.001225539,-3.23E-07,-3.05E-07
720.4333333,0.001224893,-3.23E-07,-3.05E-07
720.4666667,0.001224247,-3.23E-07,-3.04E-07
720.5,0.001223602,-3.23E-07,-3.04E-07
720.5333333,0.001222957,-3.23E-07,-3.04E-07
720.5666667,0.001222312,-3.22E-07,-3.04E-07
720.6,0.001221667,-3.22E-07,-3.04E-07
720.6333333,0.001221023,-3.22E-07,-3.04E-07
720.6666667,0.001220379,-3.22E-07,-3.04E-07
720.7,0.001219736,-3.22E-07,-3.03E-07
720.7333333,0.001219092,-3.22E-07,-3.03E-07
720.7666667,0.001218449,-3.21E-07,-3.03E-07
720.8,0.001217807,-3.21E-07,-3.03E-07
720.8333333,0.001217164,-3.21E-07,-3.03E-07
720.8666667,0.001216522,-3.21E-07,-3.03E-07
720.9,0.001215881,-3.21E-07,-3.02E-07
720.9333333,0.001215239,-3.21E-07,-3.02E-07
720.9666667,0.001214598,-3.21E-07,-3.02E-07
721,0.001213958,-3.20E-07,-3.02E-07
721.0333333,0.001213317,-3.20E-07,-3.02E-07
721.0666667,0.001212677,-3.20E-07,-3.02E-07
721.1,0.001212037,-3.20E-07,-3.02E-07
721.1333333,0.001211398,-3.20E-07,-3.01E-07
721.1666667,0.001210759,-3.20E-07,-3.01E-07
721.2,0.00121012,-3.19E-07,-3.01E-07
721.2333333,0.001209481,-3.19E-07,-3.01E-07
721.2666667,0.001208843,-3.19E-07,-3.01E-07
721.3,0.001208205,-3.19E-07,-3.01E-07
721.3333333,0.001207568,-3.19E-07,-3.01E-07
721.3666667,0.00120693,-3.19E-07,-3.00E-07
721.4,0.001206293,-3.18E-07,-3.00E-07
721.4333333,0.001205657,-3.18E-07,-3.00E-07
721.4666667,0.001205021,-3.18E-07,-3.00E-07
721.5,0.001204385,-3.18E-07,-3.00E-07
721.5333333,0.001203749,-3.18E-07,-3.00E-07
721.5666667,0.001203114,-3.18E-07,-2.99E-07
721.6,0.001202478,-3.18E-07,-2.99E-07
721.6333333,0.001201844,-3.17E-07,-2.99E-07
721.6666667,0.001201209,-3.17E-07,-2.99E-07
721.7,0.001200575,-3.17E-07,-2.99E-07
721.7333333,0.001199941,-3.17E-07,-2.99E-07
721.7666667,0.001199308,-3.17E-07,-2.99E-07
721.8,0.001198675,-3.17E-07,-2.98E-07
721.8333333,0.001198042,-3.16E-07,-2.98E-07
721.8666667,0.001197409,-3.16E-07,-2.98E-07
721.9,0.001196777,-3.16E-07,-2.98E-07
721.9333333,0.001196145,-3.16E-07,-2.98E-07
721.9666667,0.001195514,-3.16E-07,-2.98E-07
722,0.001194882,-3.16E-07,-2.98E-07
722.0333333,0.001194252,-3.15E-07,-2.97E-07
722.0666667,0.001193621,-3.15E-07,-2.97E-07
722.1,0.001192991,-3.15E-07,-2.97E-07
722.1333333,0.001192361,-3.15E-07,-2.97E-07
722.1666667,0.001191731,-3.15E-07,-2.97E-07
722.2,0.001191101,-3.15E-07,-2.97E-07
722.2333333,0.001190472,-3.15E-07,-2.97E-07
722.2666667,0.001189844,-3.14E-07,-2.96E-07
722.3,0.001189215,-3.14E-07,-2.96E-07
722.3333333,0.001188587,-3.14E-07,-2.96E-07
722.3666667,0.001187959,-3.14E-07,-2.96E-07
722.4,0.001187332,-3.14E-07,-2.96E-07
722.4333333,0.001186704,-3.14E-07,-2.96E-07
722.4666667,0.001186077,-3.13E-07,-2.95E-07
722.5,0.001185451,-3.13E-07,-2.95E-07
722.5333333,0.001184825,-3.13E-07,-2.95E-07
722.5666667,0.001184199,-3.13E-07,-2.95E-07
722.6,0.001183573,-3.13E-07,-2.95E-07
722.6333333,0.001182948,-3.13E-07,-2.95E-07
722.6666667,0.001182322,-3.13E-07,-2.95E-07
722.7,0.001181698,-3.12E-07,-2.94E-07
722.7333333,0.001181073,-3.12E-07,-2.94E-07
722.7666667,0.001180449,-3.12E-07,-2.94E-07
722.8,0.001179825,-3.12E-07,-2.94E-07
722.8333333,0.001179202,-3.12E-07,-2.94E-07
722.8666667,0.001178579,-3.12E-07,-2.94E-07
722.9,0.001177956,-3.11E-07,-2.94E-07
722.9333333,0.001177333,-3.11E-07,-2.93E-07
722.9666667,0.001176711,-3.11E-07,-2.93E-07
723,0.001176089,-3.11E-07,-2.93E-07
723.0333333,0.001175467,-3.11E-07,-2.93E-07
723.0666667,0.001174846,-3.11E-07,-2.93E-07
723.1,0.001174225,-3.11E-07,-2.93E-07
723.1333333,0.001173604,-3.10E-07,-2.93E-07
723.1666667,0.001172984,-3.10E-07,-2.92E-07
723.2,0.001172364,-3.10E-07,-2.92E-07
723.2333333,0.001171744,-3.10E-07,-2.92E-07
723.2666667,0.001171125,-3.10E-07,-2.92E-07
723.3,0.001170505,-3.10E-07,-2.92E-07
723.3333333,0.001169887,-3.09E-07,-2.92E-07
723.3666667,0.001169268,-3.09E-07,-2.92E-07
723.4,0.00116865,-3.09E-07,-2.91E-07
723.4333333,0.001168032,-3.09E-07,-2.91E-07
723.4666667,0.001167414,-3.09E-07,-2.91E-07
723.5,0.001166797,-3.09E-07,-2.91E-07
723.5333333,0.00116618,-3.09E-07,-2.91E-07
723.5666667,0.001165563,-3.08E-07,-2.91E-07
723.6,0.001164947,-3.08E-07,-2.91E-07
723.6333333,0.001164331,-3.08E-07,-2.90E-07
723.6666667,0.001163715,-3.08E-07,-2.90E-07
723.7,0.001163099,-3.08E-07,-2.90E-07
723.7333333,0.001162484,-3.08E-07,-2.90E-07
723.7666667,0.001161869,-3.07E-07,-2.90E-07
723.8,0.001161255,-3.07E-07,-2.90E-07
723.8333333,0.00116064,-3.07E-07,-2.90E-07
723.8666667,0.001160026,-3.07E-07,-2.89E-07
723.9,0.001159413,-3.07E-07,-2.89E-07
723.9333333,0.001158799,-3.07E-07,-2.89E-07
723.9666667,0.001158186,-3.07E-07,-2.89E-07
724,0.001157573,-3.06E-07,-2.89E-07
724.0333333,0.001156961,-3.06E-07,-2.89E-07
724.0666667,0.001156349,-3.06E-07,-2.89E-07
724.1,0.001155737,-3.06E-07,-2.88E-07
724.1333333,0.001155126,-3.06E-07,-2.88E-07
724.1666667,0.001154514,-3.06E-07,-2.88E-07
724.2,0.001153903,-3.05E-07,-2.88E-07
724.2333333,0.001153293,-3.05E-07,-2.88E-07
724.2666667,0.001152682,-3.05E-07,-2.88E-07
724.3,0.001152072,-3.05E-07,-2.88E-07
724.3333333,0.001151463,-3.05E-07,-2.87E-07
724.3666667,0.001150853,-3.05E-07,-2.87E-07
724.4,0.001150244,-3.05E-07,-2.87E-07
724.4333333,0.001149635,-3.04E-07,-2.87E-07
724.4666667,0.001149027,-3.04E-07,-2.87E-07
724.5,0.001148419,-3.04E-07,-2.87E-07
724.5333333,0.001147811,-3.04E-07,-2.87E-07
724.5666667,0.001147203,-3.04E-07,-2.86E-07
724.6,0.001146596,-3.04E-07,-2.86E-07
724.6333333,0.001145989,-3.03E-07,-2.86E-07
724.6666667,0.001145382,-3.03E-07,-2.86E-07
724.7,0.001144776,-3.03E-07,-2.86E-07
724.7333333,0.00114417,-3.03E-07,-2.86E-07
724.7666667,0.001143564,-3.03E-07,-2.86E-07
724.8,0.001142958,-3.03E-07,-2.85E-07
724.8333333,0.001142353,-3.03E-07,-2.85E-07
724.8666667,0.001141748,-3.02E-07,-2.85E-07
724.9,0.001141144,-3.02E-07,-2.85E-07
724.9333333,0.00114054,-3.02E-07,-2.85E-07
724.9666667,0.001139936,-3.02E-07,-2.85E-07
725,0.001139332,-3.02E-07,-2.85E-07
725.0333333,0.001138729,-3.02E-07,-2.84E-07
725.0666667,0.001138125,-3.02E-07,-2.84E-07
725.1,0.001137523,-3.01E-07,-2.84E-07
725.1333333,0.00113692,-3.01E-07,-2.84E-07
725.1666667,0.001136318,-3.01E-07,-2.84E-07
725.2,0.001135716,-3.01E-07,-2.84E-07
725.2333333,0.001135115,-3.01E-07,-2.84E-07
725.2666667,0.001134513,-3.01E-07,-2.83E-07
725.3,0.001133912,-3.00E-07,-2.83E-07
725.3333333,0.001133312,-3.00E-07,-2.83E-07
725.3666667,0.001132711,-3.00E-07,-2.83E-07
725.4,0.001132111,-3.00E-07,-2.83E-07
725.4333333,0.001131511,-3.00E-07,-2.83E-07
725.4666667,0.001130912,-3.00E-07,-2.83E-07
725.5,0.001130313,-3.00E-07,-2.82E-07
725.5333333,0.001129714,-2.99E-07,-2.82E-07
725.5666667,0.001129115,-2.99E-07,-2.82E-07
725.6,0.001128517,-2.99E-07,-2.82E-07
725.6333333,0.001127919,-2.99E-07,-2.82E-07
725.6666667,0.001127321,-2.99E-07,-2.82E-07
725.7,0.001126724,-2.99E-07,-2.82E-07
725.7333333,0.001126127,-2.99E-07,-2.81E-07
725.7666667,0.00112553,-2.98E-07,-2.81E-07
725.8,0.001124933,-2.98E-07,-2.81E-07
725.8333333,0.001124337,-2.98E-07,-2.81E-07
725.8666667,0.001123741,-2.98E-07,-2.81E-07
725.9,0.001123146,-2.98E-07,-2.81E-07
725.9333333,0.00112255,-2.98E-07,-2.81E-07
725.9666667,0.001121955,-2.98E-07,-2.80E-07
726,0.001121361,-2.97E-07,-2.80E-07
726.0333333,0.001120766,-2.97E-07,-2.80E-07
726.0666667,0.001120172,-2.97E-07,-2.80E-07
726.1,0.001119578,-2.97E-07,-2.80E-07
726.1333333,0.001118985,-2.97E-07,-2.80E-07
726.1666667,0.001118391,-2.97E-07,-2.80E-07
726.2,0.001117798,-2.96E-07,-2.79E-07
726.2333333,0.001117206,-2.96E-07,-2.79E-07
726.2666667,0.001116613,-2.96E-07,-2.79E-07
726.3,0.001116021,-2.96E-07,-2.79E-07
726.3333333,0.00111543,-2.96E-07,-2.79E-07
726.3666667,0.001114838,-2.96E-07,-2.79E-07
726.4,0.001114247,-2.96E-07,-2.79E-07
726.4333333,0.001113656,-2.95E-07,-2.78E-07
726.4666667,0.001113065,-2.95E-07,-2.78E-07
726.5,0.001112475,-2.95E-07,-2.78E-07
726.5333333,0.001111885,-2.95E-07,-2.78E-07
726.5666667,0.001111295,-2.95E-07,-2.78E-07
726.6,0.001110706,-2.95E-07,-2.78E-07
726.6333333,0.001110117,-2.95E-07,-2.78E-07
726.6666667,0.001109528,-2.94E-07,-2.77E-07
726.7,0.001108939,-2.94E-07,-2.77E-07
726.7333333,0.001108351,-2.94E-07,-2.77E-07
726.7666667,0.001107763,-2.94E-07,-2.77E-07
726.8,0.001107176,-2.94E-07,-2.77E-07
726.8333333,0.001106588,-2.94E-07,-2.77E-07
726.8666667,0.001106001,-2.94E-07,-2.77E-07
726.9,0.001105414,-2.93E-07,-2.77E-07
726.9333333,0.001104828,-2.93E-07,-2.76E-07
726.9666667,0.001104242,-2.93E-07,-2.76E-07
727,0.001103656,-2.93E-07,-2.76E-07
727.0333333,0.00110307,-2.93E-07,-2.76E-07
727.0666667,0.001102485,-2.93E-07,-2.76E-07
727.1,0.0011019,-2.93E-07,-2.76E-07
727.1333333,0.001101315,-2.92E-07,-2.76E-07
727.1666667,0.001100731,-2.92E-07,-2.75E-07
727.2,0.001100146,-2.92E-07,-2.75E-07
727.2333333,0.001099563,-2.92E-07,-2.75E-07
727.2666667,0.001098979,-2.92E-07,-2.75E-07
727.3,0.001098396,-2.92E-07,-2.75E-07
727.3333333,0.001097813,-2.91E-07,-2.75E-07
727.3666667,0.00109723,-2.91E-07,-2.75E-07
727.4,0.001096648,-2.91E-07,-2.74E-07
727.4333333,0.001096066,-2.91E-07,-2.74E-07
727.4666667,0.001095484,-2.91E-07,-2.74E-07
727.5,0.001094902,-2.91E-07,-2.74E-07
727.5333333,0.001094321,-2.91E-07,-2.74E-07
727.5666667,0.00109374,-2.90E-07,-2.74E-07
727.6,0.001093159,-2.90E-07,-2.74E-07
727.6333333,0.001092579,-2.90E-07,-2.73E-07
727.6666667,0.001091999,-2.90E-07,-2.73E-07
727.7,0.001091419,-2.90E-07,-2.73E-07
727.7333333,0.00109084,-2.90E-07,-2.73E-07
727.7666667,0.00109026,-2.90E-07,-2.73E-07
727.8,0.001089681,-2.89E-07,-2.73E-07
727.8333333,0.001089103,-2.89E-07,-2.73E-07
727.8666667,0.001088524,-2.89E-07,-2.73E-07
727.9,0.001087946,-2.89E-07,-2.72E-07
727.9333333,0.001087369,-2.89E-07,-2.72E-07
727.9666667,0.001086791,-2.89E-07,-2.72E-07
728,0.001086214,-2.89E-07,-2.72E-07
728.0333333,0.001085637,-2.88E-07,-2.72E-07
728.0666667,0.00108506,-2.88E-07,-2.72E-07
728.1,0.001084484,-2.88E-07,-2.72E-07
728.1333333,0.001083908,-2.88E-07,-2.71E-07
728.1666667,0.001083332,-2.88E-07,-2.71E-07
728.2,0.001082757,-2.88E-07,-2.71E-07
728.2333333,0.001082182,-2.88E-07,-2.71E-07
728.2666667,0.001081607,-2.87E-07,-2.71E-07
728.3,0.001081032,-2.87E-07,-2.71E-07
728.3333333,0.001080458,-2.87E-07,-2.71E-07
728.3666667,0.001079884,-2.87E-07,-2.71E-07
728.4,0.00107931,-2.87E-07,-2.70E-07
728.4333333,0.001078736,-2.87E-07,-2.70E-07
728.4666667,0.001078163,-2.87E-07,-2.70E-07
728.5,0.00107759,-2.86E-07,-2.70E-07
728.5333333,0.001077018,-2.86E-07,-2.70E-07
728.5666667,0.001076445,-2.86E-07,-2.70E-07
728.6,0.001075873,-2.86E-07,-2.70E-07
728.6333333,0.001075302,-2.86E-07,-2.69E-07
728.6666667,0.00107473,-2.86E-07,-2.69E-07
728.7,0.001074159,-2.86E-07,-2.69E-07
728.7333333,0.001073588,-2.85E-07,-2.69E-07
728.7666667,0.001073017,-2.85E-07,-2.69E-07
728.8,0.001072447,-2.85E-07,-2.69E-07
728.8333333,0.001071877,-2.85E-07,-2.69E-07
728.8666667,0.001071307,-2.85E-07,-2.68E-07
728.9,0.001070738,-2.85E-07,-2.68E-07
728.9333333,0.001070169,-2.85E-07,-2.68E-07
728.9666667,0.0010696,-2.84E-07,-2.68E-07
729,0.001069031,-2.84E-07,-2.68E-07
729.0333333,0.001068463,-2.84E-07,-2.68E-07
729.0666667,0.001067895,-2.84E-07,-2.68E-07
729.1,0.001067327,-2.84E-07,-2.68E-07
729.1333333,0.00106676,-2.84E-07,-2.67E-07
729.1666667,0.001066192,-2.84E-07,-2.67E-07
729.2,0.001065625,-2.83E-07,-2.67E-07
729.2333333,0.001065059,-2.83E-07,-2.67E-07
729.2666667,0.001064492,-2.83E-07,-2.67E-07
729.3,0.001063926,-2.83E-07,-2.67E-07
729.3333333,0.001063361,-2.83E-07,-2.67E-07
729.3666667,0.001062795,-2.83E-07,-2.66E-07
729.4,0.00106223,-2.83E-07,-2.66E-07
729.4333333,0.001061665,-2.82E-07,-2.66E-07
729.4666667,0.0010611,-2.82E-07,-2.66E-07
729.5,0.001060536,-2.82E-07,-2.66E-07
729.5333333,0.001059972,-2.82E-07,-2.66E-07
729.5666667,0.001059408,-2.82E-07,-2.66E-07
729.6,0.001058845,-2.82E-07,-2.66E-07
729.6333333,0.001058281,-2.82E-07,-2.65E-07
729.6666667,0.001057718,-2.81E-07,-2.65E-07
729.7,0.001057156,-2.81E-07,-2.65E-07
729.7333333,0.001056593,-2.81E-07,-2.65E-07
729.7666667,0.001056031,-2.81E-07,-2.65E-07
729.8,0.001055469,-2.81E-07,-2.65E-07
729.8333333,0.001054908,-2.81E-07,-2.65E-07
729.8666667,0.001054347,-2.81E-07,-2.64E-07
729.9,0.001053786,-2.80E-07,-2.64E-07
729.9333333,0.001053225,-2.80E-07,-2.64E-07
729.9666667,0.001052664,-2.80E-07,-2.64E-07
730,0.001052104,-2.80E-07,-2.64E-07
730.0333333,0.001051544,-2.80E-07,-2.64E-07
730.0666667,0.001050985,-2.80E-07,-2.64E-07
730.1,0.001050425,-2.80E-07,-2.64E-07
730.1333333,0.001049866,-2.80E-07,-2.63E-07
730.1666667,0.001049308,-2.79E-07,-2.63E-07
730.2,0.001048749,-2.79E-07,-2.63E-07
730.2333333,0.001048191,-2.79E-07,-2.63E-07
730.2666667,0.001047633,-2.79E-07,-2.63E-07
730.3,0.001047075,-2.79E-07,-2.63E-07
730.3333333,0.001046518,-2.79E-07,-2.63E-07
730.3666667,0.001045961,-2.79E-07,-2.62E-07
730.4,0.001045404,-2.78E-07,-2.62E-07
730.4333333,0.001044848,-2.78E-07,-2.62E-07
730.4666667,0.001044292,-2.78E-07,-2.62E-07
730.5,0.001043736,-2.78E-07,-2.62E-07
730.5333333,0.00104318,-2.78E-07,-2.62E-07
730.5666667,0.001042624,-2.78E-07,-2.62E-07
730.6,0.001042069,-2.78E-07,-2.62E-07
730.6333333,0.001041514,-2.77E-07,-2.61E-07
730.6666667,0.00104096,-2.77E-07,-2.61E-07
730.7,0.001040406,-2.77E-07,-2.61E-07
730.7333333,0.001039852,-2.77E-07,-2.61E-07
730.7666667,0.001039298,-2.77E-07,-2.61E-07
730.8,0.001038744,-2.77E-07,-2.61E-07
730.8333333,0.001038191,-2.77E-07,-2.61E-07
730.8666667,0.001037638,-2.76E-07,-2.61E-07
730.9,0.001037086,-2.76E-07,-2.60E-07
730.9333333,0.001036533,-2.76E-07,-2.60E-07
730.9666667,0.001035981,-2.76E-07,-2.60E-07
731,0.001035429,-2.76E-07,-2.60E-07
731.0333333,0.001034878,-2.76E-07,-2.60E-07
731.0666667,0.001034327,-2.76E-07,-2.60E-07
731.1,0.001033776,-2.75E-07,-2.60E-07
731.1333333,0.001033225,-2.75E-07,-2.59E-07
731.1666667,0.001032675,-2.75E-07,-2.59E-07
731.2,0.001032124,-2.75E-07,-2.59E-07
731.2333333,0.001031575,-2.75E-07,-2.59E-07
731.2666667,0.001031025,-2.75E-07,-2.59E-07
731.3,0.001030476,-2.75E-07,-2.59E-07
731.3333333,0.001029927,-2.75E-07,-2.59E-07
731.3666667,0.001029378,-2.74E-07,-2.59E-07
731.4,0.001028829,-2.74E-07,-2.58E-07
731.4333333,0.001028281,-2.74E-07,-2.58E-07
731.4666667,0.001027733,-2.74E-07,-2.58E-07
731.5,0.001027186,-2.74E-07,-2.58E-07
731.5333333,0.001026638,-2.74E-07,-2.58E-07
731.5666667,0.001026091,-2.74E-07,-2.58E-07
731.6,0.001025544,-2.73E-07,-2.58E-07
731.6333333,0.001024998,-2.73E-07,-2.58E-07
731.6666667,0.001024451,-2.73E-07,-2.57E-07
731.7,0.001023905,-2.73E-07,-2.57E-07
731.7333333,0.00102336,-2.73E-07,-2.57E-07
731.7666667,0.001022814,-2.73E-07,-2.57E-07
731.8,0.001022269,-2.73E-07,-2.57E-07
731.8333333,0.001021724,-2.72E-07,-2.57E-07
731.8666667,0.001021179,-2.72E-07,-2.57E-07
731.9,0.001020635,-2.72E-07,-2.56E-07
731.9333333,0.001020091,-2.72E-07,-2.56E-07
731.9666667,0.001019547,-2.72E-07,-2.56E-07
732,0.001019003,-2.72E-07,-2.56E-07
732.0333333,0.00101846,-2.72E-07,-2.56E-07
732.0666667,0.001017917,-2.72E-07,-2.56E-07
732.1,0.001017374,-2.71E-07,-2.56E-07
732.1333333,0.001016832,-2.71E-07,-2.56E-07
732.1666667,0.00101629,-2.71E-07,-2.55E-07
732.2,0.001015748,-2.71E-07,-2.55E-07
732.2333333,0.001015206,-2.71E-07,-2.55E-07
732.2666667,0.001014665,-2.71E-07,-2.55E-07
732.3,0.001014124,-2.71E-07,-2.55E-07
732.3333333,0.001013583,-2.70E-07,-2.55E-07
732.3666667,0.001013042,-2.70E-07,-2.55E-07
732.4,0.001012502,-2.70E-07,-2.55E-07
732.4333333,0.001011962,-2.70E-07,-2.54E-07
732.4666667,0.001011422,-2.70E-07,-2.54E-07
732.5,0.001010882,-2.70E-07,-2.54E-07
732.5333333,0.001010343,-2.70E-07,-2.54E-07
732.5666667,0.001009804,-2.69E-07,-2.54E-07
732.6,0.001009266,-2.69E-07,-2.54E-07
732.6333333,0.001008727,-2.69E-07,-2.54E-07
732.6666667,0.001008189,-2.69E-07,-2.54E-07
732.7,0.001007651,-2.69E-07,-2.53E-07
732.7333333,0.001007114,-2.69E-07,-2.53E-07
732.7666667,0.001006576,-2.69E-07,-2.53E-07
732.8,0.001006039,-2.69E-07,-2.53E-07
732.8333333,0.001005502,-2.68E-07,-2.53E-07
732.8666667,0.001004966,-2.68E-07,-2.53E-07
732.9,0.00100443,-2.68E-07,-2.53E-07
732.9333333,0.001003894,-2.68E-07,-2.53E-07
732.9666667,0.001003358,-2.68E-07,-2.52E-07
733,0.001002822,-2.68E-07,-2.52E-07
733.0333333,0.001002287,-2.68E-07,-2.52E-07
733.0666667,0.001001752,-2.67E-07,-2.52E-07
733.1,0.001001218,-2.67E-07,-2.52E-07
733.1333333,0.001000683,-2.67E-07,-2.52E-07
733.1666667,0.001000149,-2.67E-07,-2.52E-07
733.2,0.000999615,-2.67E-07,-2.52E-07
733.2333333,0.000999082,-2.67E-07,-2.51E-07
733.2666667,0.000998549,-2.67E-07,-2.51E-07
733.3,0.000998016,-2.67E-07,-2.51E-07
733.3333333,0.000997483,-2.66E-07,-2.51E-07
733.3666667,0.00099695,-2.66E-07,-2.51E-07
733.4,0.000996418,-2.66E-07,-2.51E-07
733.4333333,0.000995886,-2.66E-07,-2.51E-07
733.4666667,0.000995354,-2.66E-07,-2.50E-07
733.5,0.000994823,-2.66E-07,-2.50E-07
733.5333333,0.000994292,-2.66E-07,-2.50E-07
733.5666667,0.000993761,-2.65E-07,-2.50E-07
733.6,0.00099323,-2.65E-07,-2.50E-07
733.6333333,0.0009927,-2.65E-07,-2.50E-07
733.6666667,0.00099217,-2.65E-07,-2.50E-07
733.7,0.00099164,-2.65E-07,-2.50E-07
733.7333333,0.00099111,-2.65E-07,-2.49E-07
733.7666667,0.000990581,-2.65E-07,-2.49E-07
733.8,0.000990052,-2.65E-07,-2.49E-07
733.8333333,0.000989523,-2.64E-07,-2.49E-07
733.8666667,0.000988995,-2.64E-07,-2.49E-07
733.9,0.000988467,-2.64E-07,-2.49E-07
733.9333333,0.000987939,-2.64E-07,-2.49E-07
733.9666667,0.000987411,-2.64E-07,-2.49E-07
734,0.000986883,-2.64E-07,-2.48E-07
734.0333333,0.000986356,-2.64E-07,-2.48E-07
734.0666667,0.000985829,-2.63E-07,-2.48E-07
734.1,0.000985303,-2.63E-07,-2.48E-07
734.1333333,0.000984776,-2.63E-07,-2.48E-07
734.1666667,0.00098425,-2.63E-07,-2.48E-07
734.2,0.000983724,-2.63E-07,-2.48E-07
734.2333333,0.000983199,-2.63E-07,-2.48E-07
734.2666667,0.000982673,-2.63E-07,-2.47E-07
734.3,0.000982148,-2.63E-07,-2.47E-07
734.3333333,0.000981624,-2.62E-07,-2.47E-07
734.3666667,0.000981099,-2.62E-07,-2.47E-07
734.4,0.000980575,-2.62E-07,-2.47E-07
734.4333333,0.000980051,-2.62E-07,-2.47E-07
734.4666667,0.000979527,-2.62E-07,-2.47E-07
734.5,0.000979004,-2.62E-07,-2.47E-07
734.5333333,0.00097848,-2.62E-07,-2.46E-07
734.5666667,0.000977957,-2.61E-07,-2.46E-07
734.6,0.000977435,-2.61E-07,-2.46E-07
734.6333333,0.000976912,-2.61E-07,-2.46E-07
734.6666667,0.00097639,-2.61E-07,-2.46E-07
734.7,0.000975868,-2.61E-07,-2.46E-07
734.7333333,0.000975347,-2.61E-07,-2.46E-07
734.7666667,0.000974825,-2.61E-07,-2.46E-07
734.8,0.000974304,-2.61E-07,-2.45E-07
734.8333333,0.000973783,-2.60E-07,-2.45E-07
734.8666667,0.000973263,-2.60E-07,-2.45E-07
734.9,0.000972742,-2.60E-07,-2.45E-07
734.9333333,0.000972222,-2.60E-07,-2.45E-07
734.9666667,0.000971702,-2.60E-07,-2.45E-07
735,0.000971183,-2.60E-07,-2.45E-07
735.0333333,0.000970664,-2.60E-07,-2.45E-07
735.0666667,0.000970145,-2.60E-07,-2.45E-07
735.1,0.000969626,-2.59E-07,-2.44E-07
735.1333333,0.000969107,-2.59E-07,-2.44E-07
735.1666667,0.000968589,-2.59E-07,-2.44E-07
735.2,0.000968071,-2.59E-07,-2.44E-07
735.2333333,0.000967553,-2.59E-07,-2.44E-07
735.2666667,0.000967036,-2.59E-07,-2.44E-07
735.3,0.000966519,-2.59E-07,-2.44E-07
735.3333333,0.000966002,-2.58E-07,-2.44E-07
735.3666667,0.000965485,-2.58E-07,-2.43E-07
735.4,0.000964969,-2.58E-07,-2.43E-07
735.4333333,0.000964453,-2.58E-07,-2.43E-07
735.4666667,0.000963937,-2.58E-07,-2.43E-07
735.5,0.000963421,-2.58E-07,-2.43E-07
735.5333333,0.000962906,-2.58E-07,-2.43E-07
735.5666667,0.000962391,-2.58E-07,-2.43E-07
735.6,0.000961876,-2.57E-07,-2.43E-07
735.6333333,0.000961361,-2.57E-07,-2.42E-07
735.6666667,0.000960847,-2.57E-07,-2.42E-07
735.7,0.000960333,-2.57E-07,-2.42E-07
735.7333333,0.000959819,-2.57E-07,-2.42E-07
735.7666667,0.000959305,-2.57E-07,-2.42E-07
735.8,0.000958792,-2.57E-07,-2.42E-07
735.8333333,0.000958279,-2.57E-07,-2.42E-07
735.8666667,0.000957766,-2.56E-07,-2.42E-07
735.9,0.000957254,-2.56E-07,-2.41E-07
735.9333333,0.000956741,-2.56E-07,-2.41E-07
735.9666667,0.000956229,-2.56E-07,-2.41E-07
736,0.000955718,-2.56E-07,-2.41E-07
736.0333333,0.000955206,-2.56E-07,-2.41E-07
736.0666667,0.000954695,-2.56E-07,-2.41E-07
736.1,0.000954184,-2.55E-07,-2.41E-07
736.1333333,0.000953673,-2.55E-07,-2.41E-07
736.1666667,0.000953163,-2.55E-07,-2.40E-07
736.2,0.000952652,-2.55E-07,-2.40E-07
736.2333333,0.000952143,-2.55E-07,-2.40E-07
736.2666667,0.000951633,-2.55E-07,-2.40E-07
736.3,0.000951123,-2.55E-07,-2.40E-07
736.3333333,0.000950614,-2.55E-07,-2.40E-07
736.3666667,0.000950105,-2.54E-07,-2.40E-07
736.4,0.000949597,-2.54E-07,-2.40E-07
736.4333333,0.000949088,-2.54E-07,-2.40E-07
736.4666667,0.00094858,-2.54E-07,-2.39E-07
736.5,0.000948072,-2.54E-07,-2.39E-07
736.5333333,0.000947564,-2.54E-07,-2.39E-07
736.5666667,0.000947057,-2.54E-07,-2.39E-07
736.6,0.00094655,-2.54E-07,-2.39E-07
736.6333333,0.000946043,-2.53E-07,-2.39E-07
736.6666667,0.000945536,-2.53E-07,-2.39E-07
736.7,0.00094503,-2.53E-07,-2.39E-07
736.7333333,0.000944524,-2.53E-07,-2.38E-07
736.7666667,0.000944018,-2.53E-07,-2.38E-07
736.8,0.000943512,-2.53E-07,-2.38E-07
736.8333333,0.000943007,-2.53E-07,-2.38E-07
736.8666667,0.000942502,-2.53E-07,-2.38E-07
736.9,0.000941997,-2.52E-07,-2.38E-07
736.9333333,0.000941493,-2.52E-07,-2.38E-07
736.9666667,0.000940988,-2.52E-07,-2.38E-07
737,0.000940484,-2.52E-07,-2.37E-07
737.0333333,0.00093998,-2.52E-07,-2.37E-07
737.0666667,0.000939477,-2.52E-07,-2.37E-07
737.1,0.000938973,-2.52E-07,-2.37E-07
737.1333333,0.00093847,-2.52E-07,-2.37E-07
737.1666667,0.000937968,-2.51E-07,-2.37E-07
737.2,0.000937465,-2.51E-07,-2.37E-07
737.2333333,0.000936963,-2.51E-07,-2.37E-07
737.2666667,0.000936461,-2.51E-07,-2.36E-07
737.3,0.000935959,-2.51E-07,-2.36E-07
737.3333333,0.000935457,-2.51E-07,-2.36E-07
737.3666667,0.000934956,-2.51E-07,-2.36E-07
737.4,0.000934455,-2.51E-07,-2.36E-07
737.4333333,0.000933954,-2.50E-07,-2.36E-07
737.4666667,0.000933454,-2.50E-07,-2.36E-07
737.5,0.000932953,-2.50E-07,-2.36E-07
737.5333333,0.000932453,-2.50E-07,-2.36E-07
737.5666667,0.000931954,-2.50E-07,-2.35E-07
737.6,0.000931454,-2.50E-07,-2.35E-07
737.6333333,0.000930955,-2.50E-07,-2.35E-07
737.6666667,0.000930456,-2.50E-07,-2.35E-07
737.7,0.000929957,-2.49E-07,-2.35E-07
737.7333333,0.000929458,-2.49E-07,-2.35E-07
737.7666667,0.00092896,-2.49E-07,-2.35E-07
737.8,0.000928462,-2.49E-07,-2.35E-07
737.8333333,0.000927964,-2.49E-07,-2.34E-07
737.8666667,0.000927467,-2.49E-07,-2.34E-07
737.9,0.00092697,-2.49E-07,-2.34E-07
737.9333333,0.000926473,-2.49E-07,-2.34E-07
737.9666667,0.000925976,-2.48E-07,-2.34E-07
738,0.000925479,-2.48E-07,-2.34E-07
738.0333333,0.000924983,-2.48E-07,-2.34E-07
738.0666667,0.000924487,-2.48E-07,-2.34E-07
738.1,0.000923991,-2.48E-07,-2.34E-07
738.1333333,0.000923496,-2.48E-07,-2.33E-07
738.1666667,0.000923001,-2.48E-07,-2.33E-07
738.2,0.000922506,-2.48E-07,-2.33E-07
738.2333333,0.000922011,-2.47E-07,-2.33E-07
738.2666667,0.000921516,-2.47E-07,-2.33E-07
738.3,0.000921022,-2.47E-07,-2.33E-07
738.3333333,0.000920528,-2.47E-07,-2.33E-07
738.3666667,0.000920034,-2.47E-07,-2.33E-07
738.4,0.000919541,-2.47E-07,-2.32E-07
738.4333333,0.000919048,-2.47E-07,-2.32E-07
738.4666667,0.000918555,-2.47E-07,-2.32E-07
738.5,0.000918062,-2.46E-07,-2.32E-07
738.5333333,0.000917569,-2.46E-07,-2.32E-07
738.5666667,0.000917077,-2.46E-07,-2.32E-07
738.6,0.000916585,-2.46E-07,-2.32E-07
738.6333333,0.000916093,-2.46E-07,-2.32E-07
738.6666667,0.000915602,-2.46E-07,-2.32E-07
738.7,0.00091511,-2.46E-07,-2.31E-07
738.7333333,0.000914619,-2.46E-07,-2.31E-07
738.7666667,0.000914129,-2.45E-07,-2.31E-07
738.8,0.000913638,-2.45E-07,-2.31E-07
738.8333333,0.000913148,-2.45E-07,-2.31E-07
738.8666667,0.000912658,-2.45E-07,-2.31E-07
738.9,0.000912168,-2.45E-07,-2.31E-07
738.9333333,0.000911678,-2.45E-07,-2.31E-07
738.9666667,0.000911189,-2.45E-07,-2.30E-07
739,0.0009107,-2.45E-07,-2.30E-07
739.0333333,0.000910211,-2.44E-07,-2.30E-07
739.0666667,0.000909723,-2.44E-07,-2.30E-07
739.1,0.000909234,-2.44E-07,-2.30E-07
739.1333333,0.000908746,-2.44E-07,-2.30E-07
739.1666667,0.000908259,-2.44E-07,-2.30E-07
739.2,0.000907771,-2.44E-07,-2.30E-07
739.2333333,0.000907284,-2.44E-07,-2.30E-07
739.2666667,0.000906797,-2.44E-07,-2.29E-07
739.3,0.00090631,-2.43E-07,-2.29E-07
739.3333333,0.000905823,-2.43E-07,-2.29E-07
739.3666667,0.000905337,-2.43E-07,-2.29E-07
739.4,0.000904851,-2.43E-07,-2.29E-07
739.4333333,0.000904365,-2.43E-07,-2.29E-07
739.4666667,0.000903879,-2.43E-07,-2.29E-07
739.5,0.000903394,-2.43E-07,-2.29E-07
739.5333333,0.000902909,-2.43E-07,-2.28E-07
739.5666667,0.000902424,-2.42E-07,-2.28E-07
739.6,0.000901939,-2.42E-07,-2.28E-07
739.6333333,0.000901455,-2.42E-07,-2.28E-07
739.6666667,0.000900971,-2.42E-07,-2.28E-07
739.7,0.000900487,-2.42E-07,-2.28E-07
739.7333333,0.000900003,-2.42E-07,-2.28E-07
739.7666667,0.00089952,-2.42E-07,-2.28E-07
739.8,0.000899037,-2.42E-07,-2.28E-07
739.8333333,0.000898554,-2.41E-07,-2.27E-07
739.8666667,0.000898071,-2.41E-07,-2.27E-07
739.9,0.000897589,-2.41E-07,-2.27E-07
739.9333333,0.000897107,-2.41E-07,-2.27E-07
739.9666667,0.000896625,-2.41E-07,-2.27E-07
740,0.000896143,-2.41E-07,-2.27E-07
740.0333333,0.000895662,-2.41E-07,-2.27E-07
740.0666667,0.000895181,-2.41E-07,-2.27E-07
740.1,0.0008947,-2.40E-07,-2.27E-07
740.1333333,0.000894219,-2.40E-07,-2.26E-07
740.1666667,0.000893738,-2.40E-07,-2.26E-07
740.2,0.000893258,-2.40E-07,-2.26E-07
740.2333333,0.000892778,-2.40E-07,-2.26E-07
740.2666667,0.000892299,-2.40E-07,-2.26E-07
740.3,0.000891819,-2.40E-07,-2.26E-07
740.3333333,0.00089134,-2.40E-07,-2.26E-07
740.3666667,0.000890861,-2.40E-07,-2.26E-07
740.4,0.000890382,-2.39E-07,-2.25E-07
740.4333333,0.000889903,-2.39E-07,-2.25E-07
740.4666667,0.000889425,-2.39E-07,-2.25E-07
740.5,0.000888947,-2.39E-07,-2.25E-07
740.5333333,0.000888469,-2.39E-07,-2.25E-07
740.5666667,0.000887992,-2.39E-07,-2.25E-07
740.6,0.000887514,-2.39E-07,-2.25E-07
740.6333333,0.000887037,-2.39E-07,-2.25E-07
740.6666667,0.000886561,-2.38E-07,-2.25E-07
740.7,0.000886084,-2.38E-07,-2.24E-07
740.7333333,0.000885608,-2.38E-07,-2.24E-07
740.7666667,0.000885132,-2.38E-07,-2.24E-07
740.8,0.000884656,-2.38E-07,-2.24E-07
740.8333333,0.00088418,-2.38E-07,-2.24E-07
740.8666667,0.000883705,-2.38E-07,-2.24E-07
740.9,0.00088323,-2.38E-07,-2.24E-07
740.9333333,0.000882755,-2.37E-07,-2.24E-07
740.9666667,0.00088228,-2.37E-07,-2.24E-07
741,0.000881806,-2.37E-07,-2.23E-07
741.0333333,0.000881331,-2.37E-07,-2.23E-07
741.0666667,0.000880857,-2.37E-07,-2.23E-07
741.1,0.000880384,-2.37E-07,-2.23E-07
741.1333333,0.00087991,-2.37E-07,-2.23E-07
741.1666667,0.000879437,-2.37E-07,-2.23E-07
741.2,0.000878964,-2.36E-07,-2.23E-07
741.2333333,0.000878491,-2.36E-07,-2.23E-07
741.2666667,0.000878019,-2.36E-07,-2.23E-07
741.3,0.000877546,-2.36E-07,-2.22E-07
741.3333333,0.000877074,-2.36E-07,-2.22E-07
741.3666667,0.000876603,-2.36E-07,-2.22E-07
741.4,0.000876131,-2.36E-07,-2.22E-07
741.4333333,0.00087566,-2.36E-07,-2.22E-07
741.4666667,0.000875189,-2.36E-07,-2.22E-07
741.5,0.000874718,-2.35E-07,-2.22E-07
741.5333333,0.000874247,-2.35E-07,-2.22E-07
741.5666667,0.000873777,-2.35E-07,-2.22E-07
741.6,0.000873307,-2.35E-07,-2.21E-07
741.6333333,0.000872837,-2.35E-07,-2.21E-07
741.6666667,0.000872367,-2.35E-07,-2.21E-07
741.7,0.000871898,-2.35E-07,-2.21E-07
741.7333333,0.000871429,-2.35E-07,-2.21E-07
741.7666667,0.00087096,-2.34E-07,-2.21E-07
741.8,0.000870491,-2.34E-07,-2.21E-07
741.8333333,0.000870023,-2.34E-07,-2.21E-07
741.8666667,0.000869554,-2.34E-07,-2.21E-07
741.9,0.000869086,-2.34E-07,-2.20E-07
741.9333333,0.000868619,-2.34E-07,-2.20E-07
741.9666667,0.000868151,-2.34E-07,-2.20E-07
742,0.000867684,-2.34E-07,-2.20E-07
742.0333333,0.000867217,-2.34E-07,-2.20E-07
742.0666667,0.00086675,-2.33E-07,-2.20E-07
742.1,0.000866284,-2.33E-07,-2.20E-07
742.1333333,0.000865817,-2.33E-07,-2.20E-07
742.1666667,0.000865351,-2.33E-07,-2.20E-07
742.2,0.000864885,-2.33E-07,-2.19E-07
742.2333333,0.00086442,-2.33E-07,-2.19E-07
742.2666667,0.000863954,-2.33E-07,-2.19E-07
742.3,0.000863489,-2.33E-07,-2.19E-07
742.3333333,0.000863024,-2.32E-07,-2.19E-07
742.3666667,0.00086256,-2.32E-07,-2.19E-07
742.4,0.000862095,-2.32E-07,-2.19E-07
742.4333333,0.000861631,-2.32E-07,-2.19E-07
742.4666667,0.000861167,-2.32E-07,-2.19E-07
742.5,0.000860703,-2.32E-07,-2.18E-07
742.5333333,0.00086024,-2.32E-07,-2.18E-07
742.5666667,0.000859777,-2.32E-07,-2.18E-07
742.6,0.000859314,-2.32E-07,-2.18E-07
742.6333333,0.000858851,-2.31E-07,-2.18E-07
742.6666667,0.000858388,-2.31E-07,-2.18E-07
742.7,0.000857926,-2.31E-07,-2.18E-07
742.7333333,0.000857464,-2.31E-07,-2.18E-07
742.7666667,0.000857002,-2.31E-07,-2.18E-07
742.8,0.00085654,-2.31E-07,-2.17E-07
742.8333333,0.000856079,-2.31E-07,-2.17E-07
742.8666667,0.000855618,-2.31E-07,-2.17E-07
742.9,0.000855157,-2.30E-07,-2.17E-07
742.9333333,0.000854696,-2.30E-07,-2.17E-07
742.9666667,0.000854236,-2.30E-07,-2.17E-07
743,0.000853776,-2.30E-07,-2.17E-07
743.0333333,0.000853316,-2.30E-07,-2.17E-07
743.0666667,0.000852856,-2.30E-07,-2.17E-07
743.1,0.000852396,-2.30E-07,-2.16E-07
743.1333333,0.000851937,-2.30E-07,-2.16E-07
743.1666667,0.000851478,-2.30E-07,-2.16E-07
743.2,0.000851019,-2.29E-07,-2.16E-07
743.2333333,0.000850561,-2.29E-07,-2.16E-07
743.2666667,0.000850102,-2.29E-07,-2.16E-07
743.3,0.000849644,-2.29E-07,-2.16E-07
743.3333333,0.000849186,-2.29E-07,-2.16E-07
743.3666667,0.000848729,-2.29E-07,-2.16E-07
743.4,0.000848271,-2.29E-07,-2.15E-07
743.4333333,0.000847814,-2.29E-07,-2.15E-07
743.4666667,0.000847357,-2.28E-07,-2.15E-07
743.5,0.0008469,-2.28E-07,-2.15E-07
743.5333333,0.000846444,-2.28E-07,-2.15E-07
743.5666667,0.000845988,-2.28E-07,-2.15E-07
743.6,0.000845532,-2.28E-07,-2.15E-07
743.6333333,0.000845076,-2.28E-07,-2.15E-07
743.6666667,0.00084462,-2.28E-07,-2.15E-07
743.7,0.000844165,-2.28E-07,-2.14E-07
743.7333333,0.00084371,-2.28E-07,-2.14E-07
743.7666667,0.000843255,-2.27E-07,-2.14E-07
743.8,0.0008428,-2.27E-07,-2.14E-07
743.8333333,0.000842346,-2.27E-07,-2.14E-07
743.8666667,0.000841892,-2.27E-07,-2.14E-07
743.9,0.000841438,-2.27E-07,-2.14E-07
743.9333333,0.000840984,-2.27E-07,-2.14E-07
743.9666667,0.000840531,-2.27E-07,-2.14E-07
744,0.000840077,-2.27E-07,-2.13E-07
744.0333333,0.000839624,-2.27E-07,-2.13E-07
744.0666667,0.000839172,-2.26E-07,-2.13E-07
744.1,0.000838719,-2.26E-07,-2.13E-07
744.1333333,0.000838267,-2.26E-07,-2.13E-07
744.1666667,0.000837815,-2.26E-07,-2.13E-07
744.2,0.000837363,-2.26E-07,-2.13E-07
744.2333333,0.000836911,-2.26E-07,-2.13E-07
744.2666667,0.00083646,-2.26E-07,-2.13E-07
744.3,0.000836008,-2.26E-07,-2.12E-07
744.3333333,0.000835557,-2.25E-07,-2.12E-07
744.3666667,0.000835107,-2.25E-07,-2.12E-07
744.4,0.000834656,-2.25E-07,-2.12E-07
744.4333333,0.000834206,-2.25E-07,-2.12E-07
744.4666667,0.000833756,-2.25E-07,-2.12E-07
744.5,0.000833306,-2.25E-07,-2.12E-07
744.5333333,0.000832857,-2.25E-07,-2.12E-07
744.5666667,0.000832407,-2.25E-07,-2.12E-07
744.6,0.000831958,-2.25E-07,-2.12E-07
744.6333333,0.000831509,-2.24E-07,-2.11E-07
744.6666667,0.00083106,-2.24E-07,-2.11E-07
744.7,0.000830612,-2.24E-07,-2.11E-07
744.7333333,0.000830164,-2.24E-07,-2.11E-07
744.7666667,0.000829716,-2.24E-07,-2.11E-07
744.8,0.000829268,-2.24E-07,-2.11E-07
744.8333333,0.000828821,-2.24E-07,-2.11E-07
744.8666667,0.000828373,-2.24E-07,-2.11E-07
744.9,0.000827926,-2.24E-07,-2.11E-07
744.9333333,0.000827479,-2.23E-07,-2.10E-07
744.9666667,0.000827033,-2.23E-07,-2.10E-07
745,0.000826586,-2.23E-07,-2.10E-07
745.0333333,0.00082614,-2.23E-07,-2.10E-07
745.0666667,0.000825694,-2.23E-07,-2.10E-07
745.1,0.000825248,-2.23E-07,-2.10E-07
745.1333333,0.000824803,-2.23E-07,-2.10E-07
745.1666667,0.000824358,-2.23E-07,-2.10E-07
745.2,0.000823913,-2.23E-07,-2.10E-07
745.2333333,0.000823468,-2.22E-07,-2.09E-07
745.2666667,0.000823023,-2.22E-07,-2.09E-07
745.3,0.000822579,-2.22E-07,-2.09E-07
745.3333333,0.000822135,-2.22E-07,-2.09E-07
745.3666667,0.000821691,-2.22E-07,-2.09E-07
745.4,0.000821247,-2.22E-07,-2.09E-07
745.4333333,0.000820804,-2.22E-07,-2.09E-07
745.4666667,0.000820361,-2.22E-07,-2.09E-07
745.5,0.000819918,-2.22E-07,-2.09E-07
745.5333333,0.000819475,-2.21E-07,-2.09E-07
745.5666667,0.000819032,-2.21E-07,-2.08E-07
745.6,0.00081859,-2.21E-07,-2.08E-07
745.6333333,0.000818148,-2.21E-07,-2.08E-07
745.6666667,0.000817706,-2.21E-07,-2.08E-07
745.7,0.000817264,-2.21E-07,-2.08E-07
745.7333333,0.000816823,-2.21E-07,-2.08E-07
745.7666667,0.000816382,-2.21E-07,-2.08E-07
745.8,0.000815941,-2.20E-07,-2.08E-07
745.8333333,0.0008155,-2.20E-07,-2.08E-07
745.8666667,0.000815059,-2.20E-07,-2.07E-07
745.9,0.000814619,-2.20E-07,-2.07E-07
745.9333333,0.000814179,-2.20E-07,-2.07E-07
745.9666667,0.000813739,-2.20E-07,-2.07E-07
746,0.0008133,-2.20E-07,-2.07E-07
746.0333333,0.00081286,-2.20E-07,-2.07E-07
746.0666667,0.000812421,-2.20E-07,-2.07E-07
746.1,0.000811982,-2.19E-07,-2.07E-07
746.1333333,0.000811543,-2.19E-07,-2.07E-07
746.1666667,0.000811105,-2.19E-07,-2.06E-07
746.2,0.000810666,-2.19E-07,-2.06E-07
746.2333333,0.000810228,-2.19E-07,-2.06E-07
746.2666667,0.000809791,-2.19E-07,-2.06E-07
746.3,0.000809353,-2.19E-07,-2.06E-07
746.3333333,0.000808916,-2.19E-07,-2.06E-07
746.3666667,0.000808478,-2.19E-07,-2.06E-07
746.4,0.000808041,-2.18E-07,-2.06E-07
746.4333333,0.000807605,-2.18E-07,-2.06E-07
746.4666667,0.000807168,-2.18E-07,-2.06E-07
746.5,0.000806732,-2.18E-07,-2.05E-07
746.5333333,0.000806296,-2.18E-07,-2.05E-07
746.5666667,0.00080586,-2.18E-07,-2.05E-07
746.6,0.000805424,-2.18E-07,-2.05E-07
746.6333333,0.000804989,-2.18E-07,-2.05E-07
746.6666667,0.000804554,-2.18E-07,-2.05E-07
746.7,0.000804119,-2.17E-07,-2.05E-07
746.7333333,0.000803684,-2.17E-07,-2.05E-07
746.7666667,0.00080325,-2.17E-07,-2.05E-07
746.8,0.000802815,-2.17E-07,-2.04E-07
746.8333333,0.000802381,-2.17E-07,-2.04E-07
746.8666667,0.000801947,-2.17E-07,-2.04E-07
746.9,0.000801514,-2.17E-07,-2.04E-07
746.9333333,0.00080108,-2.17E-07,-2.04E-07
746.9666667,0.000800647,-2.17E-07,-2.04E-07
747,0.000800214,-2.16E-07,-2.04E-07
747.0333333,0.000799781,-2.16E-07,-2.04E-07
747.0666667,0.000799349,-2.16E-07,-2.04E-07
747.1,0.000798917,-2.16E-07,-2.04E-07
747.1333333,0.000798485,-2.16E-07,-2.03E-07
747.1666667,0.000798053,-2.16E-07,-2.03E-07
747.2,0.000797621,-2.16E-07,-2.03E-07
747.2333333,0.00079719,-2.16E-07,-2.03E-07
747.2666667,0.000796758,-2.16E-07,-2.03E-07
747.3,0.000796327,-2.15E-07,-2.03E-07
747.3333333,0.000795897,-2.15E-07,-2.03E-07
747.3666667,0.000795466,-2.15E-07,-2.03E-07
747.4,0.000795036,-2.15E-07,-2.03E-07
747.4333333,0.000794606,-2.15E-07,-2.03E-07
747.4666667,0.000794176,-2.15E-07,-2.02E-07
747.5,0.000793746,-2.15E-07,-2.02E-07
747.5333333,0.000793317,-2.15E-07,-2.02E-07
747.5666667,0.000792887,-2.15E-07,-2.02E-07
747.6,0.000792458,-2.15E-07,-2.02E-07
747.6333333,0.00079203,-2.14E-07,-2.02E-07
747.6666667,0.000791601,-2.14E-07,-2.02E-07
747.7,0.000791173,-2.14E-07,-2.02E-07
747.7333333,0.000790745,-2.14E-07,-2.02E-07
747.7666667,0.000790317,-2.14E-07,-2.01E-07
747.8,0.000789889,-2.14E-07,-2.01E-07
747.8333333,0.000789462,-2.14E-07,-2.01E-07
747.8666667,0.000789034,-2.14E-07,-2.01E-07
747.9,0.000788607,-2.14E-07,-2.01E-07
747.9333333,0.00078818,-2.13E-07,-2.01E-07
747.9666667,0.000787754,-2.13E-07,-2.01E-07
748,0.000787327,-2.13E-07,-2.01E-07
748.0333333,0.000786901,-2.13E-07,-2.01E-07
748.0666667,0.000786475,-2.13E-07,-2.01E-07
748.1,0.00078605,-2.13E-07,-2.00E-07
748.1333333,0.000785624,-2.13E-07,-2.00E-07
748.1666667,0.000785199,-2.13E-07,-2.00E-07
748.2,0.000784774,-2.13E-07,-2.00E-07
748.2333333,0.000784349,-2.12E-07,-2.00E-07
748.2666667,0.000783924,-2.12E-07,-2.00E-07
748.3,0.0007835,-2.12E-07,-2.00E-07
748.3333333,0.000783075,-2.12E-07,-2.00E-07
748.3666667,0.000782651,-2.12E-07,-2.00E-07
748.4,0.000782228,-2.12E-07,-2.00E-07
748.4333333,0.000781804,-2.12E-07,-1.99E-07
748.4666667,0.000781381,-2.12E-07,-1.99E-07
748.5,0.000780958,-2.12E-07,-1.99E-07
748.5333333,0.000780535,-2.11E-07,-1.99E-07
748.5666667,0.000780112,-2.11E-07,-1.99E-07
748.6,0.000779689,-2.11E-07,-1.99E-07
748.6333333,0.000779267,-2.11E-07,-1.99E-07
748.6666667,0.000778845,-2.11E-07,-1.99E-07
748.7,0.000778423,-2.11E-07,-1.99E-07
748.7333333,0.000778002,-2.11E-07,-1.99E-07
748.7666667,0.00077758,-2.11E-07,-1.98E-07
748.8,0.000777159,-2.11E-07,-1.98E-07
748.8333333,0.000776738,-2.10E-07,-1.98E-07
748.8666667,0.000776317,-2.10E-07,-1.98E-07
748.9,0.000775897,-2.10E-07,-1.98E-07
748.9333333,0.000775476,-2.10E-07,-1.98E-07
748.9666667,0.000775056,-2.10E-07,-1.98E-07
749,0.000774636,-2.10E-07,-1.98E-07
749.0333333,0.000774217,-2.10E-07,-1.98E-07
749.0666667,0.000773797,-2.10E-07,-1.98E-07
749.1,0.000773378,-2.10E-07,-1.97E-07
749.1333333,0.000772959,-2.10E-07,-1.97E-07
749.1666667,0.00077254,-2.09E-07,-1.97E-07
749.2,0.000772121,-2.09E-07,-1.97E-07
749.2333333,0.000771703,-2.09E-07,-1.97E-07
749.2666667,0.000771285,-2.09E-07,-1.97E-07
749.3,0.000770867,-2.09E-07,-1.97E-07
749.3333333,0.000770449,-2.09E-07,-1.97E-07
749.3666667,0.000770031,-2.09E-07,-1.97E-07
749.4,0.000769614,-2.09E-07,-1.96E-07
749.4333333,0.000769197,-2.09E-07,-1.96E-07
749.4666667,0.00076878,-2.08E-07,-1.96E-07
749.5,0.000768363,-2.08E-07,-1.96E-07
749.5333333,0.000767947,-2.08E-07,-1.96E-07
749.5666667,0.000767531,-2.08E-07,-1.96E-07
749.6,0.000767115,-2.08E-07,-1.96E-07
749.6333333,0.000766699,-2.08E-07,-1.96E-07
749.6666667,0.000766283,-2.08E-07,-1.96E-07
749.7,0.000765868,-2.08E-07,-1.96E-07
749.7333333,0.000765452,-2.08E-07,-1.95E-07
749.7666667,0.000765037,-2.08E-07,-1.95E-07
749.8,0.000764623,-2.07E-07,-1.95E-07
749.8333333,0.000764208,-2.07E-07,-1.95E-07
749.8666667,0.000763794,-2.07E-07,-1.95E-07
749.9,0.000763379,-2.07E-07,-1.95E-07
749.9333333,0.000762966,-2.07E-07,-1.95E-07
749.9666667,0.000762552,-2.07E-07,-1.95E-07
750,0.000762138,-2.07E-07,-1.95E-07